seq,robot_id,timestamp_ns,publish_time_ns,publish_dt_ms,x,y,yaw_rad,yaw_deg,v_linear,v_angular
0,go2_001,1435785000000,1776178058166635362,,0.112199,-0.167234,1.040149,59.596149,-0.000003,-0.021117
1,go2_001,1435845000000,1776178058216564230,49.929,0.112199,-0.167234,1.040725,59.629178,-0.000003,-0.002206
2,go2_001,1435885000000,1776178058266564820,50.001,0.112199,-0.167234,1.040913,59.639925,-0.000003,0.001345
3,go2_001,1435945000000,1776178058316578752,50.014,0.112199,-0.167234,1.040623,59.623294,-0.000002,-0.019657
4,go2_001,1436005000000,1776178058366537334,49.959,0.112199,-0.167234,1.040616,59.622904,-0.000002,-0.007830
5,go2_001,1436045000000,1776178058416557092,50.020,0.112199,-0.167234,1.040483,59.615281,-0.000002,-0.003237
6,go2_001,1436085000000,1776178058466571636,50.015,0.112199,-0.167234,1.040469,59.614497,-0.000002,-0.007176
7,go2_001,1436145000000,1776178058516595014,50.023,0.112200,-0.167234,1.040776,59.632066,-0.000001,-0.006720
8,go2_001,1436185000000,1776178058566568439,49.973,0.112200,-0.167234,1.040768,59.631598,-0.000001,-0.009880
9,go2_001,1436245000000,1776178058616690505,50.122,0.112200,-0.167234,1.040503,59.616421,-0.000001,-0.013388
10,go2_001,1436305000000,1776178058666543651,49.853,0.112200,-0.167234,1.040365,59.608505,-0.000001,-0.017186
11,go2_001,1436345000000,1776178058716566112,50.022,0.112200,-0.167234,1.041017,59.645872,-0.000001,0.003594
12,go2_001,1436385000000,1776178058766583292,50.017,0.112200,-0.167234,1.041583,59.678331,-0.000001,0.011659
13,go2_001,1436445000000,1776178058816594793,50.012,0.112200,-0.167234,1.041528,59.675146,-0.000001,0.000606
14,go2_001,1436485000000,1776178058866581675,49.987,0.112200,-0.167234,1.041023,59.646225,-0.000000,-0.011008
15,go2_001,1436545000000,1776178058916501901,49.920,0.112200,-0.167234,1.040367,59.608651,-0.000000,-0.015267
16,go2_001,1436605000000,1776178058966534799,50.033,0.112200,-0.167234,1.040506,59.616627,-0.000000,-0.004692
17,go2_001,1436645000000,1776178059016574237,50.039,0.112200,-0.167234,1.040486,59.615480,-0.000000,0.000751
18,go2_001,1436685000000,1776178059066650781,50.077,0.112200,-0.167234,1.040633,59.623850,-0.000000,-0.003782
19,go2_001,1436745000000,1776178059116576507,49.926,0.112200,-0.167234,1.041520,59.674679,-0.000000,0.015901
20,go2_001,1436785000000,1776178059166564225,49.988,0.112200,-0.167234,1.041642,59.681713,-0.000000,0.006525
21,go2_001,1436845000000,1776178059216579186,50.015,0.112200,-0.167234,1.040652,59.624983,0.000000,-0.013211
22,go2_001,1436885000000,1776178059266567226,49.988,0.112200,-0.167234,1.040369,59.608778,0.000000,-0.009982
23,go2_001,1436945000000,1776178059316575133,50.008,0.112200,-0.167234,1.040527,59.617790,0.000000,0.008276
24,go2_001,1437005000000,1776178059366447177,49.872,0.112200,-0.167234,1.040602,59.622116,0.000000,0.003664
25,go2_001,1437045000000,1776178059416591093,50.144,0.112200,-0.167234,1.040895,59.638871,0.000000,-0.003448
26,go2_001,1437085000000,1776178059466587962,49.997,0.112200,-0.167234,1.040978,59.643647,0.000000,-0.010653
27,go2_001,1437145000000,1776178059516579697,49.992,0.112200,-0.167234,1.041209,59.656889,0.000000,0.012597
28,go2_001,1437185000000,1776178059566574753,49.995,0.112200,-0.167234,1.041042,59.647314,0.000000,-0.000719
29,go2_001,1437245000000,1776178059616547870,49.973,0.112200,-0.167234,1.041154,59.653749,0.000000,-0.002615
30,go2_001,1437305000000,1776178059666567341,50.019,0.112200,-0.167234,1.039738,59.572591,0.000000,-0.045486
31,go2_001,1437345000000,1776178059716572738,50.005,0.112200,-0.167234,1.039545,59.561537,0.000000,-0.017793
32,go2_001,1437385000000,1776178059766583114,50.010,0.112200,-0.167234,1.039887,59.581113,0.000000,-0.004428
33,go2_001,1437445000000,1776178059816597006,50.014,0.112200,-0.167234,1.040056,59.590827,0.000000,-0.011608
34,go2_001,1437485000000,1776178059866556401,49.959,0.112200,-0.167234,1.040478,59.614977,0.000000,-0.007465
35,go2_001,1437545000000,1776178059916504007,49.948,0.112200,-0.167234,1.040864,59.637138,0.000000,0.006981
36,go2_001,1437585000000,1776178059966571634,50.068,0.112200,-0.167234,1.040871,59.637527,0.000000,0.005904
37,go2_001,1437645000000,1776178060016590594,50.019,0.112200,-0.167234,1.040786,59.632634,0.000000,-0.010556
38,go2_001,1437685000000,1776178060066570074,49.979,0.112200,-0.167234,1.040762,59.631250,0.000000,-0.011463
39,go2_001,1437745000000,1776178060116579265,50.009,0.112200,-0.167234,1.040570,59.620259,0.000000,-0.004149
40,go2_001,1437785000000,1776178060166547841,49.969,0.112200,-0.167234,1.040488,59.615582,0.000000,-0.005148
41,go2_001,1437845000000,1776178060216561377,50.014,0.112200,-0.167234,1.040588,59.621275,0.000000,-0.010037
42,go2_001,1437885000000,1776178060266548891,49.988,0.112200,-0.167234,1.040499,59.616209,0.000000,-0.006810
43,go2_001,1437945000000,1776178060316561408,50.013,0.112200,-0.167234,1.040114,59.594135,0.000000,-0.017314
44,go2_001,1438005000000,1776178060366821128,50.260,0.112200,-0.167234,1.040446,59.613161,0.000000,-0.000823
45,go2_001,1438040000000,1776178060416585692,49.765,0.112200,-0.167234,1.040499,59.616197,0.000000,-0.005419
46,go2_001,1438080000000,1776178060466577544,49.992,0.112200,-0.167234,1.040363,59.608408,0.000000,-0.011936
47,go2_001,1438140000000,1776178060516541583,49.964,0.112200,-0.167234,1.040166,59.597106,0.000000,-0.015746
48,go2_001,1438180000000,1776178060566577868,50.036,0.112200,-0.167234,1.040711,59.628322,0.000000,0.002144
49,go2_001,1438240000000,1776178060616547059,49.969,0.112200,-0.167234,1.040729,59.629392,0.000000,-0.002181
50,go2_001,1438300000000,1776178060666455540,49.908,0.112200,-0.167234,1.040647,59.624681,0.000000,-0.016244
51,go2_001,1438340000000,1776178060716577901,50.122,0.112200,-0.167234,1.040506,59.616625,0.000000,-0.014122
52,go2_001,1438380000000,1776178060766594522,50.017,0.112200,-0.167234,1.040342,59.607211,0.000000,-0.008340
53,go2_001,1438440000000,1776178060816560958,49.966,0.112200,-0.167234,1.039991,59.587098,0.000000,-0.018975
54,go2_001,1438480000000,1776178060866558059,49.997,0.112200,-0.167234,1.040864,59.637125,0.000000,0.015366
55,go2_001,1438540000000,1776178060916504284,49.946,0.112200,-0.167234,1.040657,59.625276,0.000000,-0.003628
56,go2_001,1438580000000,1776178060966549900,50.046,0.112200,-0.167234,1.040395,59.610223,0.000000,-0.015342
57,go2_001,1438640000000,1776178061016554432,50.005,0.112200,-0.167234,1.040119,59.594420,0.000000,-0.029410
58,go2_001,1438680000000,1776178061066576656,50.022,0.112200,-0.167234,1.040387,59.609773,0.000000,-0.006964
59,go2_001,1438740000000,1776178061116559686,49.983,0.112200,-0.167234,1.040015,59.588482,0.000000,-0.007381
60,go2_001,1438780000000,1776178061166603775,50.044,0.112200,-0.167234,1.039886,59.581068,0.000000,-0.014202
61,go2_001,1438840000000,1776178061216562378,49.959,0.112200,-0.167234,1.040265,59.602786,0.000000,-0.014031
62,go2_001,1438880000000,1776178061266587139,50.025,0.112200,-0.167234,1.040537,59.618354,0.000000,0.001118
63,go2_001,1438940000000,1776178061316502676,49.916,0.112199,-0.167233,1.040035,59.589593,0.000001,-0.007911
64,go2_001,1439000000000,1776178061366752999,50.250,0.112199,-0.167233,1.040579,59.620775,0.000001,0.018736
65,go2_001,1439040000000,1776178061416554963,49.802,0.112199,-0.167233,1.040149,59.596144,0.000001,-0.012107
66,go2_001,1439080000000,1776178061466581181,50.026,0.112199,-0.167233,1.040782,59.632422,0.000001,0.007844
67,go2_001,1439140000000,1776178061516561760,49.981,0.112199,-0.167233,1.040216,59.599980,0.000001,-0.023081
68,go2_001,1439180000000,1776178061566550524,49.989,0.112199,-0.167233,1.040738,59.629883,0.000001,-0.002670
69,go2_001,1439240000000,1776178061616573871,50.023,0.112199,-0.167233,1.040618,59.623015,0.000001,-0.008916
70,go2_001,1439280000000,1776178061666602348,50.028,0.112199,-0.167233,1.040394,59.610208,0.000001,-0.011724
71,go2_001,1439320000000,1776178061716578289,49.976,0.112199,-0.167233,1.040389,59.609886,0.000001,-0.007342
72,go2_001,1439380000000,1776178061766551586,49.973,0.112199,-0.167233,1.039998,59.587513,0.000001,-0.012132
73,go2_001,1439440000000,1776178061816566823,50.015,0.112199,-0.167233,1.040340,59.607093,0.000000,0.003296
74,go2_001,1439480000000,1776178061866559607,49.993,0.112199,-0.167233,1.040241,59.601431,0.000000,-0.006790
75,go2_001,1439540000000,1776178061916544554,49.985,0.112199,-0.167233,1.039938,59.584069,0.000000,-0.009001
76,go2_001,1439580000000,1776178061966558525,50.014,0.112199,-0.167233,1.039500,59.558953,0.000000,-0.017591
77,go2_001,1439640000000,1776178062016522546,49.964,0.112199,-0.167233,1.040095,59.593036,0.000000,-0.001232
78,go2_001,1439680000000,1776178062066598696,50.076,0.112199,-0.167233,1.040358,59.608127,0.000000,-0.004695
79,go2_001,1439740000000,1776178062116565330,49.967,0.112199,-0.167233,1.041081,59.649572,0.000000,0.007471
80,go2_001,1439780000000,1776178062166586715,50.021,0.112199,-0.167233,1.040875,59.637740,0.000000,-0.008434
81,go2_001,1439840000000,1776178062216575850,49.989,0.112199,-0.167233,1.040868,59.637340,0.000000,-0.012069
82,go2_001,1439880000000,1776178062266578844,50.003,0.112199,-0.167233,1.040430,59.612255,0.000000,-0.011401
83,go2_001,1439940000000,1776178062316481995,49.903,0.112199,-0.167233,1.039833,59.578064,0.000000,-0.002105
84,go2_001,1439980000000,1776178062366600900,50.119,0.112199,-0.167233,1.039797,59.575973,0.000000,-0.003326
85,go2_001,1440040000000,1776178062416743783,50.143,0.112199,-0.167233,1.040180,59.597939,0.000000,-0.012236
86,go2_001,1440080000000,1776178062466761342,50.018,0.112199,-0.167233,1.040645,59.624540,0.000000,0.000499
87,go2_001,1440140000000,1776178062516562217,49.801,0.112199,-0.167233,1.040775,59.632036,0.000000,0.002742
88,go2_001,1440180000000,1776178062566558561,49.996,0.112199,-0.167233,1.040323,59.606144,0.000000,-0.019204
89,go2_001,1440220000000,1776178062616652867,50.094,0.112199,-0.167233,1.040863,59.637051,0.000000,-0.003688
90,go2_001,1440280000000,1776178062666557646,49.905,0.112199,-0.167233,1.040688,59.627008,0.000000,-0.005029
91,go2_001,1440340000000,1776178062716597645,50.040,0.112199,-0.167233,1.039961,59.585396,0.000000,-0.017670
92,go2_001,1440380000000,1776178062766568475,49.971,0.112199,-0.167233,1.039673,59.568893,0.000000,-0.008405
93,go2_001,1440440000000,1776178062816574338,50.006,0.112199,-0.167233,1.039553,59.561971,0.000000,-0.002103
94,go2_001,1440480000000,1776178062866556561,49.982,0.112199,-0.167233,1.039692,59.569935,0.000000,-0.009243
95,go2_001,1440540000000,1776178062916601998,50.045,0.112199,-0.167233,1.040688,59.627012,0.000000,0.002787
96,go2_001,1440580000000,1776178062966586727,49.985,0.112199,-0.167233,1.040598,59.621856,0.000000,-0.010940
97,go2_001,1440640000000,1776178063016588231,50.002,0.112199,-0.167233,1.040122,59.594604,0.000000,-0.027673
98,go2_001,1440675000000,1776178063066688745,50.101,0.112199,-0.167233,1.040605,59.622259,0.000000,-0.005959
99,go2_001,1440735000000,1776178063116520645,49.832,0.112199,-0.167233,1.040230,59.600794,0.000000,-0.016025
100,go2_001,1440775000000,1776178063166637438,50.117,0.112199,-0.167233,1.040211,59.599696,0.000000,-0.015070
101,go2_001,1440815000000,1776178063216511828,49.874,0.112199,-0.167233,1.040334,59.606730,0.000000,-0.010891
102,go2_001,1440875000000,1776178063266580264,50.068,0.112199,-0.167233,1.039603,59.564866,0.000000,-0.021382
103,go2_001,1440935000000,1776178063316585442,50.005,0.112199,-0.167233,1.039687,59.569688,0.000000,0.002576
104,go2_001,1440975000000,1776178063366583429,49.998,0.112199,-0.167233,1.040031,59.589391,0.000000,0.005079
105,go2_001,1441035000000,1776178063416516277,49.933,0.112199,-0.167233,1.040611,59.622606,0.000000,0.006071
106,go2_001,1441075000000,1776178063466568291,50.052,0.112199,-0.167233,1.040695,59.627455,0.000000,-0.002076
107,go2_001,1441115000000,1776178063516548736,49.980,0.112199,-0.167233,1.040470,59.614528,0.000000,-0.011800
108,go2_001,1441175000000,1776178063566559884,50.011,0.112199,-0.167233,1.040081,59.592230,0.000000,-0.008667
109,go2_001,1441215000000,1776178063616589036,50.029,0.112199,-0.167233,1.039885,59.581000,0.000000,-0.011354
110,go2_001,1441295000000,1776178063666570023,49.981,0.112199,-0.167233,1.040012,59.588270,0.000000,-0.003913
111,go2_001,1441335000000,1776178063716484588,49.915,0.112199,-0.167233,1.040188,59.598380,0.000000,-0.001079
112,go2_001,1441375000000,1776178063766590075,50.105,0.112199,-0.167233,1.040466,59.614330,0.000000,0.009221
113,go2_001,1441435000000,1776178063816473069,49.883,0.112199,-0.167233,1.040332,59.606610,0.000000,-0.001826
114,go2_001,1441475000000,1776178063866578280,50.105,0.112199,-0.167233,1.040375,59.609111,0.000000,-0.002710
115,go2_001,1441515000000,1776178063916582263,50.004,0.112199,-0.167233,1.039920,59.582999,0.000000,-0.020340
116,go2_001,1441575000000,1776178063966604579,50.022,0.112199,-0.167233,1.039482,59.557947,0.000000,-0.013279
117,go2_001,1441630000000,1776178064016689192,50.085,0.112199,-0.167233,1.039501,59.559013,0.000000,-0.006357
118,go2_001,1441695000000,1776178064066542048,49.853,0.112199,-0.167233,1.040223,59.600399,0.000000,-0.009363
119,go2_001,1441735000000,1776178064116510627,49.969,0.112199,-0.167233,1.040555,59.619389,0.000000,-0.006832
120,go2_001,1441775000000,1776178064166572013,50.061,0.112199,-0.167233,1.040362,59.608330,0.000000,-0.009028
121,go2_001,1441815000000,1776178064216689523,50.118,0.112199,-0.167233,1.040184,59.598132,0.000000,-0.007061
122,go2_001,1441875000000,1776178064266545201,49.856,0.112199,-0.167233,1.039556,59.562174,0.000000,-0.019361
123,go2_001,1441935000000,1776178064316569041,50.024,0.112199,-0.167233,1.039920,59.583046,0.000000,0.003371
124,go2_001,1441995000000,1776178064366573566,50.005,0.112199,-0.167233,1.039423,59.554538,0.000000,-0.015075
125,go2_001,1442035000000,1776178064416475421,49.902,0.112199,-0.167233,1.039804,59.576391,0.000000,-0.005815
126,go2_001,1442075000000,1776178064466577152,50.102,0.112199,-0.167233,1.040048,59.590347,0.000000,-0.006254
127,go2_001,1442115000000,1776178064516572334,49.995,0.112199,-0.167233,1.040332,59.606616,0.000000,-0.004822
128,go2_001,1442175000000,1776178064566553511,49.981,0.112199,-0.167233,1.040356,59.607981,0.000000,-0.011255
129,go2_001,1442215000000,1776178064616585863,50.032,0.112199,-0.167233,1.039686,59.569646,0.000000,-0.031821
130,go2_001,1442295000000,1776178064666576969,49.991,0.112199,-0.167233,1.039515,59.559837,0.000000,-0.022140
131,go2_001,1442335000000,1776178064716613010,50.036,0.112199,-0.167233,1.039769,59.574388,0.000000,-0.004065
132,go2_001,1442375000000,1776178064766585792,49.973,0.112199,-0.167233,1.039818,59.577210,0.000000,-0.004135
133,go2_001,1442435000000,1776178064816686204,50.100,0.112199,-0.167233,1.039688,59.569706,0.000000,-0.015553
134,go2_001,1442475000000,1776178064866551004,49.865,0.112199,-0.167233,1.039970,59.585884,0.000000,-0.007628
135,go2_001,1442515000000,1776178064916698194,50.147,0.112199,-0.167233,1.039957,59.585167,0.000000,-0.006553
136,go2_001,1442595000000,1776178064966518855,49.821,0.112199,-0.167233,1.040065,59.591334,0.000000,-0.003728
137,go2_001,1442630000000,1776178065016593684,50.075,0.112199,-0.167232,1.040408,59.610987,0.000001,0.005646
138,go2_001,1442690000000,1776178065066526900,49.933,0.112199,-0.167232,1.040388,59.609865,0.000001,-0.008602
139,go2_001,1442730000000,1776178065116587401,50.061,0.112199,-0.167232,1.039704,59.570660,0.000001,-0.028247
140,go2_001,1442770000000,1776178065166601810,50.014,0.112199,-0.167232,1.039888,59.581221,0.000001,-0.005263
141,go2_001,1442810000000,1776178065216579611,49.978,0.112199,-0.167232,1.039583,59.563738,0.000001,-0.018001
142,go2_001,1442870000000,1776178065266571292,49.992,0.112199,-0.167232,1.039469,59.557206,0.000001,-0.013941
143,go2_001,1442930000000,1776178065316573617,50.002,0.112199,-0.167232,1.039258,59.545109,0.000001,-0.004466
144,go2_001,1442990000000,1776178065366546272,49.973,0.112199,-0.167232,1.040176,59.597676,0.000001,0.015146
145,go2_001,1443030000000,1776178065416548512,50.002,0.112199,-0.167232,1.040777,59.632111,0.000001,0.012518
146,go2_001,1443090000000,1776178065466734725,50.186,0.112199,-0.167232,1.041270,59.660373,0.000001,0.016594
147,go2_001,1443110000000,1776178065516589778,49.855,0.112199,-0.167232,1.040501,59.616322,0.000000,-0.013983
148,go2_001,1443170000000,1776178065566570422,49.981,0.112199,-0.167232,1.039433,59.555118,0.000000,-0.020697
149,go2_001,1443210000000,1776178065616552616,49.982,0.112199,-0.167232,1.039426,59.554735,0.000000,-0.001940
150,go2_001,1443290000000,1776178065666529236,49.977,0.112199,-0.167232,1.039530,59.560684,0.000000,-0.007325
151,go2_001,1443330000000,1776178065716550672,50.021,0.112199,-0.167232,1.040266,59.602869,0.000000,0.011521
152,go2_001,1443390000000,1776178065766560796,50.010,0.112199,-0.167232,1.040334,59.606755,0.000000,-0.001146
153,go2_001,1443430000000,1776178065816679818,50.119,0.112199,-0.167232,1.040157,59.596630,0.000000,-0.013522
154,go2_001,1443470000000,1776178065866557215,49.877,0.112199,-0.167232,1.039946,59.584530,0.000000,-0.001161
155,go2_001,1443510000000,1776178065916584150,50.027,0.112199,-0.167232,1.039714,59.571196,0.000000,-0.005934
156,go2_001,1443590000000,1776178065966607352,50.023,0.112199,-0.167232,1.039401,59.553284,0.000000,-0.016613
157,go2_001,1443630000000,1776178066016547992,49.941,0.112199,-0.167232,1.039610,59.565247,0.000000,-0.005401
158,go2_001,1443690000000,1776178066066457616,49.910,0.112199,-0.167232,1.039622,59.565971,0.000000,-0.005245
159,go2_001,1443730000000,1776178066116583106,50.125,0.112199,-0.167232,1.039488,59.558294,0.000000,-0.009306
160,go2_001,1443770000000,1776178066166582065,49.999,0.112199,-0.167232,1.039498,59.558861,0.000000,-0.006280
161,go2_001,1443810000000,1776178066216611447,50.029,0.112199,-0.167232,1.039635,59.566681,0.000000,-0.002495
162,go2_001,1443890000000,1776178066266656972,50.046,0.112199,-0.167232,1.039930,59.583577,0.000000,-0.000935
163,go2_001,1443930000000,1776178066316578237,49.921,0.112199,-0.167232,1.040281,59.603723,0.000000,-0.004577
164,go2_001,1443990000000,1776178066366535612,49.957,0.112199,-0.167232,1.040320,59.605972,0.000000,-0.010137
165,go2_001,1444030000000,1776178066416571513,50.036,0.112199,-0.167232,1.040385,59.609687,0.000000,-0.009708
166,go2_001,1444070000000,1776178066466571589,50.000,0.112199,-0.167232,1.039614,59.565519,0.000000,-0.024907
167,go2_001,1444130000000,1776178066516586332,50.015,0.112199,-0.167232,1.039216,59.542714,0.000000,-0.015486
168,go2_001,1444190000000,1776178066566554600,49.968,0.112199,-0.167232,1.039327,59.549031,0.000000,-0.013920
169,go2_001,1444230000000,1776178066616594669,50.040,0.112199,-0.167232,1.039779,59.574953,0.000000,0.000951
170,go2_001,1444265000000,1776178066666574437,49.980,0.112199,-0.167232,1.039818,59.577163,0.000000,-0.001641
171,go2_001,1444325000000,1776178066716593735,50.019,0.112199,-0.167232,1.039854,59.579241,-0.000000,-0.006417
172,go2_001,1444385000000,1776178066766578320,49.985,0.112199,-0.167232,1.040068,59.591519,-0.000000,0.000019
173,go2_001,1444425000000,1776178066816586176,50.008,0.112199,-0.167232,1.039621,59.565886,-0.000000,-0.013864
174,go2_001,1444485000000,1776178066866549325,49.963,0.112199,-0.167232,1.039619,59.565767,-0.000000,-0.009927
175,go2_001,1444525000000,1776178066916571501,50.022,0.112199,-0.167232,1.039973,59.586052,-0.000000,0.001177
176,go2_001,1444565000000,1776178066966566098,49.995,0.112199,-0.167232,1.040147,59.596025,-0.000000,0.000990
177,go2_001,1444625000000,1776178067016551058,49.985,0.112199,-0.167232,1.039658,59.568010,-0.000000,-0.024949
178,go2_001,1444685000000,1776178067066574724,50.024,0.112199,-0.167232,1.039622,59.565947,-0.000000,-0.008723
179,go2_001,1444725000000,1776178067116583550,50.009,0.112199,-0.167232,1.039702,59.570550,-0.000000,-0.005491
180,go2_001,1444785000000,1776178067166585111,50.002,0.112199,-0.167232,1.039667,59.568503,-0.000000,-0.003389
181,go2_001,1444825000000,1776178067216584031,49.999,0.112199,-0.167232,1.039627,59.566243,-0.000000,-0.006516
182,go2_001,1444865000000,1776178067266589567,50.006,0.112199,-0.167232,1.039515,59.559847,-0.000000,-0.008619
183,go2_001,1444925000000,1776178067316581291,49.992,0.112199,-0.167232,1.039241,59.544140,-0.000000,-0.017420
184,go2_001,1444985000000,1776178067366562361,49.981,0.112199,-0.167232,1.039923,59.583221,-0.000000,0.007484
185,go2_001,1445025000000,1776178067416633803,50.071,0.112199,-0.167232,1.040002,59.587717,-0.000000,0.003511
186,go2_001,1445085000000,1776178067466542034,49.908,0.112199,-0.167232,1.039740,59.572736,-0.000000,-0.009728
187,go2_001,1445125000000,1776178067516580057,50.038,0.112199,-0.167232,1.039555,59.562099,-0.000000,-0.011271
188,go2_001,1445165000000,1776178067566574529,49.994,0.112199,-0.167232,1.039686,59.569647,-0.000000,-0.001425
189,go2_001,1445225000000,1776178067616555250,49.981,0.112199,-0.167232,1.039757,59.573681,-0.000000,-0.010265
190,go2_001,1445285000000,1776178067666551366,49.996,0.112199,-0.167232,1.039651,59.567627,-0.000000,-0.006137
191,go2_001,1445325000000,1776178067716547236,49.996,0.112199,-0.167232,1.039441,59.555603,-0.000000,-0.015823
192,go2_001,1445385000000,1776178067766506677,49.959,0.112199,-0.167232,1.039704,59.570636,-0.000000,0.001691
193,go2_001,1445425000000,1776178067816552693,50.046,0.112199,-0.167232,1.039899,59.581810,-0.000000,0.001825
194,go2_001,1445485000000,1776178067866803606,50.251,0.112199,-0.167232,1.039562,59.562515,-0.000000,-0.009354
195,go2_001,1445525000000,1776178067916556908,49.753,0.112199,-0.167232,1.038842,59.521236,-0.000000,-0.027227
196,go2_001,1445565000000,1776178067966567467,50.011,0.112199,-0.167232,1.038904,59.524788,-0.000000,-0.004660
197,go2_001,1445625000000,1776178068016573213,50.006,0.112199,-0.167232,1.039020,59.531470,-0.000000,-0.011872
198,go2_001,1445685000000,1776178068066523171,49.950,0.112199,-0.167232,1.039848,59.578887,-0.000000,0.002701
199,go2_001,1445725000000,1776178068116557832,50.035,0.112199,-0.167232,1.039978,59.586332,-0.000000,-0.002373
200,go2_001,1445765000000,1776178068166581837,50.024,0.112199,-0.167232,1.040098,59.593224,-0.000000,0.000407
201,go2_001,1445825000000,1776178068216627547,50.046,0.112199,-0.167232,1.039789,59.575524,-0.000000,-0.004395
202,go2_001,1445865000000,1776178068266607304,49.980,0.112199,-0.167232,1.039481,59.557863,-0.000000,-0.012295
203,go2_001,1445925000000,1776178068316556902,49.950,0.112199,-0.167232,1.039916,59.582784,-0.000000,0.012400
204,go2_001,1445985000000,1776178068366537750,49.981,0.112199,-0.167232,1.039179,59.540593,-0.000000,-0.023143
205,go2_001,1446025000000,1776178068416564826,50.027,0.112195,-0.167250,1.039105,59.536334,-0.000044,-0.020226
206,go2_001,1446065000000,1776178068466575068,50.010,0.112195,-0.167250,1.039294,59.547139,-0.000041,-0.007853
207,go2_001,1446125000000,1776178068516585562,50.010,0.112195,-0.167250,1.039332,59.549330,-0.000036,-0.001300
208,go2_001,1446165000000,1776178068566595157,50.010,0.112195,-0.167251,1.038907,59.524966,-0.000033,-0.010707
209,go2_001,1446225000000,1776178068616519368,49.924,0.112195,-0.167251,1.038937,59.526716,-0.000029,-0.014154
210,go2_001,1446285000000,1776178068666552179,50.033,0.112195,-0.167251,1.039252,59.544765,-0.000025,-0.010783
211,go2_001,1446325000000,1776178068716567471,50.015,0.112195,-0.167251,1.039448,59.555980,-0.000023,-0.003226
212,go2_001,1446385000000,1776178068766577112,50.010,0.112195,-0.167251,1.039197,59.541575,-0.000020,-0.014892
213,go2_001,1446425000000,1776178068816545184,49.968,0.112195,-0.167251,1.039176,59.540405,-0.000019,-0.007623
214,go2_001,1446465000000,1776178068866547148,50.002,0.112195,-0.167251,1.039323,59.548812,-0.000017,-0.002250
215,go2_001,1446525000000,1776178068916529566,49.982,0.112195,-0.167251,1.039522,59.560228,-0.000015,-0.011996
216,go2_001,1446565000000,1776178068966572164,50.043,0.112195,-0.167251,1.039827,59.577724,-0.000013,-0.000196
217,go2_001,1446625000000,1776178069016591215,50.019,0.112195,-0.167251,1.039211,59.542379,-0.000012,-0.019180
218,go2_001,1446685000000,1776178069066488086,49.897,0.112195,-0.167251,1.039066,59.534091,-0.000010,-0.016386
219,go2_001,1446725000000,1776178069116551825,50.064,0.112195,-0.167251,1.039268,59.545682,-0.000009,-0.006003
220,go2_001,1446765000000,1776178069166574772,50.023,0.112195,-0.167251,1.038955,59.527719,-0.000008,-0.017381
221,go2_001,1446825000000,1776178069216552537,49.978,0.112195,-0.167251,1.039002,59.530419,-0.000007,-0.004551
222,go2_001,1446865000000,1776178069266545629,49.993,0.112195,-0.167251,1.039244,59.544309,-0.000006,-0.000945
223,go2_001,1446925000000,1776178069316546880,50.001,0.112195,-0.167251,1.039139,59.538300,-0.000005,-0.011056
224,go2_001,1446985000000,1776178069366465106,49.918,0.112195,-0.167251,1.039175,59.540362,-0.000005,-0.008099
225,go2_001,1447025000000,1776178069416575720,50.111,0.112195,-0.167251,1.039081,59.534972,-0.000004,-0.005368
226,go2_001,1447065000000,1776178069466847068,50.271,0.112195,-0.167251,1.039162,59.539587,-0.000004,-0.001773
227,go2_001,1447125000000,1776178069516561107,49.714,0.112195,-0.167251,1.038926,59.526066,-0.000003,-0.015197
228,go2_001,1447165000000,1776178069566617933,50.057,0.112195,-0.167251,1.039286,59.546680,-0.000003,0.000078
229,go2_001,1447225000000,1776178069616561480,49.944,0.112195,-0.167251,1.039066,59.534108,-0.000002,-0.020544
230,go2_001,1447265000000,1776178069666578007,50.017,0.112195,-0.167251,1.039340,59.549807,-0.000002,-0.003729
231,go2_001,1447325000000,1776178069716564169,49.986,0.112195,-0.167251,1.039071,59.534388,-0.000002,0.000450
232,go2_001,1447385000000,1776178069766620208,50.056,0.112195,-0.167251,1.039396,59.552992,-0.000001,0.007583
233,go2_001,1447425000000,1776178069816590168,49.970,0.112195,-0.167251,1.039639,59.566926,-0.000001,0.007940
234,go2_001,1447465000000,1776178069866544380,49.954,0.112195,-0.167251,1.039268,59.545679,-0.000001,-0.011143
235,go2_001,1447525000000,1776178069916543183,49.999,0.112195,-0.167251,1.038992,59.529859,-0.000001,-0.003755
236,go2_001,1447585000000,1776178069966567549,50.024,0.112195,-0.167251,1.038782,59.517832,-0.000000,-0.006555
237,go2_001,1447625000000,1776178070016576553,50.009,0.112195,-0.167251,1.038987,59.529579,-0.000000,-0.005846
238,go2_001,1447665000000,1776178070066554256,49.978,0.112195,-0.167251,1.039723,59.571737,-0.000000,0.006570
239,go2_001,1447725000000,1776178070116569323,50.015,0.112195,-0.167251,1.039388,59.552526,0.000000,-0.010421
240,go2_001,1447765000000,1776178070166582725,50.013,0.112195,-0.167251,1.038726,59.514610,0.000000,-0.022460
241,go2_001,1447825000000,1776178070216526026,49.943,0.112195,-0.167251,1.038561,59.505170,0.000000,-0.017556
242,go2_001,1447865000000,1776178070266622464,50.096,0.112195,-0.167251,1.038776,59.517485,0.000000,-0.011000
243,go2_001,1447925000000,1776178070316527337,49.905,0.112195,-0.167251,1.038942,59.527000,0.000000,-0.011888
244,go2_001,1447985000000,1776178070366463268,49.936,0.112195,-0.167251,1.039448,59.555983,0.000001,-0.003096
245,go2_001,1448025000000,1776178070416807765,50.344,0.112195,-0.167251,1.039490,59.558364,0.000001,-0.005768
246,go2_001,1448065000000,1776178070466556595,49.749,0.112195,-0.167251,1.039418,59.554245,0.000001,-0.008890
247,go2_001,1448125000000,1776178070516582224,50.026,0.112195,-0.167251,1.039643,59.567176,0.000001,-0.000926
248,go2_001,1448165000000,1776178070566548660,49.966,0.112195,-0.167251,1.039231,59.543526,0.000001,-0.010181
249,go2_001,1448225000000,1776178070616524113,49.975,0.112195,-0.167251,1.039058,59.533667,0.000001,-0.006809
250,go2_001,1448285000000,1776178070666483279,49.959,0.112195,-0.167251,1.039594,59.564340,0.000001,0.018087
251,go2_001,1448325000000,1776178070716582830,50.100,0.112195,-0.167251,1.039041,59.532663,0.000001,-0.015448
252,go2_001,1448360000000,1776178070766633764,50.051,0.112195,-0.167251,1.039025,59.531773,0.000001,-0.009663
253,go2_001,1448420000000,1776178070816568332,49.935,0.112195,-0.167251,1.038942,59.526971,0.000001,-0.003589
254,go2_001,1448460000000,1776178070866551575,49.983,0.112195,-0.167251,1.038967,59.528433,0.000001,-0.004649
255,go2_001,1448520000000,1776178070916542261,49.991,0.112195,-0.167251,1.039672,59.568841,0.000001,0.016579
256,go2_001,1448560000000,1776178070966581645,50.039,0.112195,-0.167251,1.039369,59.551432,0.000001,-0.002833
257,go2_001,1448620000000,1776178071016484567,49.903,0.112195,-0.167251,1.039342,59.549931,0.000001,-0.004039
258,go2_001,1448660000000,1776178071066639606,50.155,0.112195,-0.167251,1.039175,59.540330,0.000001,-0.006396
259,go2_001,1448720000000,1776178071116530480,49.891,0.112195,-0.167251,1.039307,59.547909,0.000001,0.000200
260,go2_001,1448760000000,1776178071166584612,50.054,0.112195,-0.167251,1.039013,59.531050,0.000001,-0.015862
261,go2_001,1448820000000,1776178071216585704,50.001,0.112195,-0.167251,1.038837,59.520980,0.000001,-0.008156
262,go2_001,1448860000000,1776178071266584136,49.998,0.112195,-0.167251,1.038933,59.526497,0.000001,-0.006895
263,go2_001,1448920000000,1776178071316509026,49.925,0.112195,-0.167251,1.038733,59.514998,0.000001,-0.006836
264,go2_001,1448960000000,1776178071366553394,50.044,0.112195,-0.167251,1.039041,59.532652,0.000001,0.007754
265,go2_001,1449020000000,1776178071416638665,50.085,0.112195,-0.167251,1.038931,59.526354,0.000001,-0.005561
266,go2_001,1449060000000,1776178071466529120,49.890,0.112195,-0.167251,1.038886,59.523777,0.000001,-0.014808
267,go2_001,1449120000000,1776178071516542845,50.014,0.112195,-0.167251,1.039228,59.543382,0.000001,-0.011768
268,go2_001,1449160000000,1776178071566630733,50.088,0.112195,-0.167251,1.039539,59.561169,0.000001,0.004383
269,go2_001,1449220000000,1776178071616687951,50.057,0.112195,-0.167251,1.039157,59.539325,0.000001,0.001928
270,go2_001,1449260000000,1776178071666565960,49.878,0.112195,-0.167251,1.038438,59.498094,0.000001,-0.025677
271,go2_001,1449320000000,1776178071716561846,49.996,0.112195,-0.167251,1.038973,59.528773,0.000001,-0.001786
272,go2_001,1449360000000,1776178071766760971,50.199,0.112195,-0.167251,1.039056,59.533509,0.000001,-0.003789
273,go2_001,1449420000000,1776178071816531395,49.770,0.112195,-0.167251,1.039031,59.532082,0.000001,-0.004279
274,go2_001,1449460000000,1776178071866567807,50.036,0.112195,-0.167251,1.038882,59.523555,0.000001,-0.013495
275,go2_001,1449520000000,1776178071916486251,49.918,0.112195,-0.167251,1.039102,59.536144,0.000001,-0.008670
276,go2_001,1449560000000,1776178071966569546,50.083,0.112195,-0.167251,1.039002,59.530412,0.000001,-0.003865
277,go2_001,1449620000000,1776178072016560471,49.991,0.112195,-0.167251,1.038691,59.512617,0.000001,-0.011920
278,go2_001,1449660000000,1776178072066620209,50.060,0.112195,-0.167251,1.038160,59.482210,0.000001,-0.031107
279,go2_001,1449720000000,1776178072116689507,50.069,0.112196,-0.167250,1.038693,59.512745,0.000004,-0.013948
280,go2_001,1449760000000,1776178072166608406,49.919,0.112196,-0.167250,1.039326,59.548995,0.000003,0.009884
281,go2_001,1449800000000,1776178072216644144,50.036,0.112196,-0.167250,1.038918,59.525609,0.000003,-0.020586
282,go2_001,1449860000000,1776178072266593700,49.950,0.112151,-0.167239,1.039274,59.545990,-0.000032,-0.001921
283,go2_001,1449900000000,1776178072316556639,49.963,0.112150,-0.167239,1.039350,59.550357,-0.000030,0.001693
284,go2_001,1449960000000,1776178072366550324,49.994,0.112222,-0.167278,1.038766,59.516901,-0.000020,-0.016571
285,go2_001,1450020000000,1776178072416601258,50.051,0.112222,-0.167278,1.038248,59.487257,-0.000017,-0.022539
286,go2_001,1450060000000,1776178072466589115,49.988,0.112222,-0.167278,1.038635,59.509393,-0.000016,-0.000099
287,go2_001,1450120000000,1776178072516549447,49.960,0.112222,-0.167278,1.038876,59.523211,-0.000014,0.001227
288,go2_001,1450160000000,1776178072566591823,50.042,0.112201,-0.167273,1.039063,59.533909,-0.000029,0.005949
289,go2_001,1450220000000,1776178072616473064,49.881,0.112201,-0.167273,1.038858,59.522153,-0.000026,-0.001579
290,go2_001,1450260000000,1776178072666545518,50.072,0.112201,-0.167273,1.038921,59.525783,-0.000024,-0.000705
291,go2_001,1450320000000,1776178072716624615,50.079,0.112201,-0.167273,1.038859,59.522231,-0.000021,-0.014789
292,go2_001,1450360000000,1776178072766700339,50.076,0.112201,-0.167273,1.039283,59.546535,-0.000019,0.007699
293,go2_001,1450420000000,1776178072816797219,50.097,0.112201,-0.167273,1.039046,59.532927,-0.000016,0.000729
294,go2_001,1450460000000,1776178072866670568,49.873,0.112201,-0.167273,1.038783,59.517864,-0.000015,-0.005677
295,go2_001,1450520000000,1776178072916471387,49.801,0.112201,-0.167273,1.038732,59.514968,-0.000013,0.002893
296,go2_001,1450560000000,1776178072966587470,50.116,0.112201,-0.167273,1.038913,59.525350,-0.000012,0.006494
297,go2_001,1450600000000,1776178073016587369,50.000,0.112201,-0.167273,1.039164,59.539718,-0.000011,0.008120
298,go2_001,1450660000000,1776178073067139051,50.552,0.112201,-0.167273,1.038880,59.523460,-0.000009,-0.014625
299,go2_001,1450720000000,1776178073116656456,49.517,0.112201,-0.167273,1.038740,59.515397,-0.000008,-0.012214
300,go2_001,1450760000000,1776178073166566399,49.910,0.112201,-0.167273,1.038487,59.500942,-0.000007,-0.013144
301,go2_001,1450820000000,1776178073216507013,49.941,0.112201,-0.167273,1.039146,59.538698,-0.000006,0.011568
302,go2_001,1450860000000,1776178073266616185,50.109,0.112201,-0.167273,1.039285,59.546651,-0.000006,-0.001183
303,go2_001,1450900000000,1776178073316753651,50.137,0.112201,-0.167273,1.039660,59.568124,-0.000005,0.002107
304,go2_001,1450960000000,1776178073366582234,49.829,0.112201,-0.167273,1.039503,59.559126,-0.000004,-0.017549
305,go2_001,1451020000000,1776178073416565329,49.983,0.112201,-0.167273,1.039634,59.566633,-0.000004,-0.008731
306,go2_001,1451060000000,1776178073466601363,50.036,0.112201,-0.167273,1.038540,59.503983,-0.000003,-0.037050
307,go2_001,1451120000000,1776178073516474421,49.873,0.112201,-0.167273,1.037761,59.459340,-0.000003,-0.022150
308,go2_001,1451160000000,1776178073566575933,50.102,0.112201,-0.167273,1.037603,59.450264,-0.000002,-0.010763
309,go2_001,1451200000000,1776178073616595818,50.020,0.112205,-0.167277,1.037683,59.454867,-0.000004,-0.017327
310,go2_001,1451260000000,1776178073666572202,49.976,0.112205,-0.167277,1.039402,59.553374,-0.000004,0.018745
311,go2_001,1451315000000,1776178073716522098,49.950,0.112205,-0.167277,1.039187,59.541031,-0.000003,-0.008389
312,go2_001,1451355000000,1776178073766565991,50.044,0.112205,-0.167277,1.039586,59.563918,-0.000003,0.008538
313,go2_001,1451415000000,1776178073816562469,49.996,0.112205,-0.167277,1.039800,59.576141,-0.000002,0.006556
314,go2_001,1451455000000,1776178073866568617,50.006,0.112205,-0.167277,1.039262,59.545307,-0.000002,-0.014944
315,go2_001,1451495000000,1776178073916617076,50.048,0.112205,-0.167277,1.039300,59.547522,-0.000002,-0.006541
316,go2_001,1451555000000,1776178073966713434,50.096,0.112205,-0.167277,1.038756,59.516318,-0.000001,-0.018697
317,go2_001,1451595000000,1776178074017674451,50.961,0.112205,-0.167277,1.038419,59.497026,-0.000001,-0.024514
318,go2_001,1451655000000,1776178074066583640,48.909,0.112193,-0.167282,1.038193,59.484073,-0.000027,-0.016254
319,go2_001,1451695000000,1776178074116903673,50.320,0.112193,-0.167282,1.038188,59.483771,-0.000025,-0.020309
320,go2_001,1451735000000,1776178074166601901,49.698,0.112193,-0.167282,1.038809,59.519359,-0.000023,-0.004618
321,go2_001,1451780000000,1776178074216970785,50.369,0.112193,-0.167282,1.038797,59.518679,-0.000021,-0.002639
322,go2_001,1451840000000,1776178074266806257,49.835,0.112193,-0.167282,1.038755,59.516255,-0.000018,-0.008085
323,go2_001,1451900000000,1776178074316534932,49.729,0.112193,-0.167282,1.038768,59.517036,-0.000016,0.003589
324,go2_001,1451940000000,1776178074366617953,50.083,0.112193,-0.167282,1.038817,59.519838,-0.000015,-0.004011
325,go2_001,1452000000000,1776178074416533991,49.916,0.112193,-0.167282,1.039605,59.564979,-0.000013,-0.007322
326,go2_001,1452040000000,1776178074466583289,50.049,0.112193,-0.167282,1.038620,59.508565,-0.000011,-0.038563
327,go2_001,1452080000000,1776178074516562004,49.979,0.112193,-0.167282,1.038575,59.505978,-0.000010,-0.006084
328,go2_001,1452140000000,1776178074566582004,50.020,0.112192,-0.167282,1.037815,59.462420,-0.000009,-0.017998
329,go2_001,1452200000000,1776178074616614061,50.032,0.112192,-0.167282,1.038607,59.507785,-0.000008,0.005704
330,go2_001,1452240000000,1776178074666582195,49.968,0.112192,-0.167282,1.039042,59.532740,-0.000007,-0.002452
331,go2_001,1452300000000,1776178074716540038,49.958,0.112192,-0.167282,1.039258,59.545079,-0.000006,-0.001925
332,go2_001,1452340000000,1776178074766596736,50.057,0.112192,-0.167282,1.038951,59.527491,-0.000005,-0.013549
333,go2_001,1452400000000,1776178074816474278,49.878,0.112192,-0.167282,1.038487,59.500940,-0.000004,-0.010465
334,go2_001,1452440000000,1776178074866566436,50.092,0.112192,-0.167282,1.038816,59.519792,-0.000004,0.011435
335,go2_001,1452500000000,1776178074916544270,49.978,0.112192,-0.167282,1.038795,59.518576,-0.000003,-0.000078
336,go2_001,1452540000000,1776178074966550630,50.006,0.112192,-0.167282,1.039056,59.533513,-0.000003,0.000774
337,go2_001,1452600000000,1776178075016527496,49.977,0.112192,-0.167282,1.038928,59.526165,-0.000002,-0.005219
338,go2_001,1452640000000,1776178075067351572,50.824,0.112192,-0.167282,1.038719,59.514231,-0.000002,-0.014383
339,go2_001,1452680000000,1776178075116631136,49.280,0.112192,-0.167282,1.038712,59.513815,-0.000002,-0.013040
340,go2_001,1452735000000,1776178075166623734,49.993,0.112192,-0.167282,1.038582,59.506358,-0.000001,-0.003411
341,go2_001,1452775000000,1776178075216593798,49.970,0.112192,-0.167282,1.038808,59.519327,-0.000001,0.007066
342,go2_001,1452855000000,1776178075266554247,49.960,0.112192,-0.167282,1.039025,59.531723,-0.000001,0.004151
343,go2_001,1452895000000,1776178075316610904,50.057,0.112192,-0.167282,1.038923,59.525900,-0.000000,0.001425
344,go2_001,1452935000000,1776178075366653402,50.042,0.112192,-0.167282,1.038539,59.503920,-0.000000,-0.012665
345,go2_001,1452995000000,1776178075416520592,49.867,0.112192,-0.167282,1.038678,59.511842,-0.000000,-0.002532
346,go2_001,1453035000000,1776178075466590670,50.070,0.112192,-0.167282,1.038748,59.515868,0.000000,-0.008447
347,go2_001,1453075000000,1776178075516575063,49.984,0.112192,-0.167282,1.038824,59.520242,0.000000,-0.013234
348,go2_001,1453155000000,1776178075566556908,49.982,0.112192,-0.167282,1.038688,59.512451,0.000000,-0.011840
349,go2_001,1453195000000,1776178075616591832,50.035,0.112192,-0.167282,1.038335,59.492208,0.000000,-0.009963
350,go2_001,1453235000000,1776178075666558553,49.967,0.112192,-0.167282,1.038060,59.476460,0.000000,-0.014884
351,go2_001,1453275000000,1776178075716564619,50.006,0.112192,-0.167282,1.038412,59.496617,0.000001,-0.000428
352,go2_001,1453335000000,1776178075766543908,49.979,0.112192,-0.167282,1.038851,59.521763,0.000001,0.002031
353,go2_001,1453375000000,1776178075816578830,50.035,0.112192,-0.167282,1.038621,59.508618,0.000001,-0.009473
354,go2_001,1453455000000,1776178075866579494,50.001,0.112192,-0.167282,1.037987,59.472271,0.000001,-0.026719
355,go2_001,1453495000000,1776178075916521680,49.942,0.112192,-0.167282,1.038328,59.491792,0.000001,-0.009956
356,go2_001,1453535000000,1776178075966570867,50.049,0.112192,-0.167282,1.038935,59.526611,0.000001,0.005125
357,go2_001,1453595000000,1776178076016443888,49.873,0.112192,-0.167282,1.039000,59.530328,0.000001,-0.002065
358,go2_001,1453635000000,1776178076066586524,50.143,0.112192,-0.167282,1.038557,59.504919,0.000001,-0.018295
359,go2_001,1453675000000,1776178076116574002,49.987,0.112192,-0.167282,1.038486,59.500867,0.000001,-0.008563
360,go2_001,1453735000000,1776178076166563688,49.990,0.112192,-0.167282,1.038269,59.488407,0.000001,-0.017242
361,go2_001,1453795000000,1776178076216637310,50.074,0.112192,-0.167282,1.038013,59.473746,0.000001,-0.022733
362,go2_001,1453835000000,1776178076266581731,49.944,0.112192,-0.167282,1.037836,59.463612,0.000001,-0.018573
363,go2_001,1453895000000,1776178076316465437,49.884,0.112192,-0.167282,1.038035,59.475018,0.000001,-0.004844
364,go2_001,1453935000000,1776178076366568922,50.103,0.112192,-0.167282,1.038223,59.485796,0.000001,-0.000825
365,go2_001,1453975000000,1776178076416638670,50.070,0.112192,-0.167282,1.038279,59.489004,0.000001,-0.005020
366,go2_001,1454035000000,1776178076466593942,49.955,0.112192,-0.167282,1.038734,59.515062,0.000001,0.001339
367,go2_001,1454095000000,1776178076516577389,49.983,0.112192,-0.167282,1.038859,59.522219,0.000001,-0.001061
368,go2_001,1454155000000,1776178076566498302,49.921,0.112192,-0.167282,1.038449,59.498759,0.000001,-0.020202
369,go2_001,1454195000000,1776178076616517363,50.019,0.112192,-0.167282,1.038462,59.499489,0.000001,-0.008309
370,go2_001,1454235000000,1776178076666622947,50.106,0.112192,-0.167282,1.038446,59.498588,0.000001,-0.004930
371,go2_001,1454275000000,1776178076716631523,50.009,0.112192,-0.167282,1.038029,59.474697,0.000001,-0.019411
372,go2_001,1454335000000,1776178076766582370,49.951,0.112192,-0.167282,1.037816,59.462486,0.000001,-0.011224
373,go2_001,1454375000000,1776178076816584339,50.002,0.112192,-0.167282,1.037982,59.471967,0.000001,-0.006285
374,go2_001,1454455000000,1776178076866585974,50.002,0.112192,-0.167282,1.038041,59.475396,0.000001,-0.011726
375,go2_001,1454495000000,1776178076916599217,50.013,0.112192,-0.167282,1.038013,59.473769,0.000001,-0.020210
376,go2_001,1454535000000,1776178076966548540,49.949,0.112192,-0.167282,1.038369,59.494155,0.000001,-0.002258
377,go2_001,1454575000000,1776178077016649669,50.101,0.112192,-0.167282,1.038354,59.493296,0.000001,-0.006828
378,go2_001,1454635000000,1776178077066736474,50.087,0.112192,-0.167282,1.038525,59.503104,0.000001,0.004488
379,go2_001,1454675000000,1776178077116592922,49.856,0.112192,-0.167282,1.038292,59.489743,0.000001,-0.003589
380,go2_001,1454755000000,1776178077166574964,49.982,0.112192,-0.167282,1.038120,59.479888,0.000001,-0.008799
381,go2_001,1454795000000,1776178077216593668,50.019,0.112192,-0.167282,1.038374,59.494475,0.000001,0.008269
382,go2_001,1454835000000,1776178077266565778,49.972,0.112192,-0.167282,1.038108,59.479218,0.000001,-0.007213
383,go2_001,1454875000000,1776178077316604267,50.038,0.112192,-0.167282,1.038469,59.499884,0.000001,0.008805
384,go2_001,1454935000000,1776178077366566819,49.963,0.112192,-0.167282,1.038448,59.498701,0.000001,0.002376
385,go2_001,1454975000000,1776178077416573993,50.007,0.112192,-0.167282,1.038608,59.507881,0.000001,0.003343
386,go2_001,1455055000000,1776178077466603012,50.029,0.112192,-0.167282,1.038453,59.498975,0.000001,-0.005405
387,go2_001,1455095000000,1776178077516566588,49.964,0.112192,-0.167282,1.038103,59.478939,0.000001,-0.020106
388,go2_001,1455135000000,1776178077566585671,50.019,0.112192,-0.167282,1.038527,59.503204,0.000001,0.006786
389,go2_001,1455195000000,1776178077616492153,49.906,0.112192,-0.167282,1.038176,59.483088,0.000001,-0.004590
390,go2_001,1455235000000,1776178077666561409,50.069,0.112192,-0.167282,1.038069,59.476988,0.000001,-0.013773
391,go2_001,1455275000000,1776178077716570812,50.009,0.112192,-0.167282,1.038145,59.481329,0.000001,-0.013878
392,go2_001,1455335000000,1776178077766565049,49.994,0.112192,-0.167282,1.038285,59.489361,0.000000,-0.004831
393,go2_001,1455395000000,1776178077816607793,50.043,0.112192,-0.167282,1.037549,59.447161,0.000000,-0.017859
394,go2_001,1455455000000,1776178077866506592,49.899,0.112192,-0.167282,1.037533,59.446235,0.000000,-0.016974
395,go2_001,1455495000000,1776178077916551202,50.045,0.112192,-0.167282,1.037990,59.472433,0.000000,0.009445
396,go2_001,1455535000000,1776178077966581144,50.030,0.112192,-0.167282,1.037890,59.466743,0.000000,-0.003087
397,go2_001,1455595000000,1776178078016844878,50.264,0.112192,-0.167282,1.038715,59.513979,0.000000,0.002147
398,go2_001,1455635000000,1776178078066584851,49.740,0.112192,-0.167282,1.038442,59.498362,0.000000,-0.015657
399,go2_001,1455675000000,1776178078116571862,49.987,0.112192,-0.167282,1.038210,59.485065,0.000000,-0.013942
400,go2_001,1455755000000,1776178078166502414,49.931,0.112192,-0.167282,1.037886,59.466481,0.000000,-0.011523
401,go2_001,1455795000000,1776178078216570349,50.068,0.112192,-0.167282,1.037712,59.456521,0.000002,-0.019562
402,go2_001,1455835000000,1776178078266580355,50.010,0.112192,-0.167282,1.038084,59.477837,0.000002,-0.012371
403,go2_001,1455895000000,1776178078316713720,50.133,0.112192,-0.167282,1.038399,59.495869,0.000001,-0.003210
404,go2_001,1455935000000,1776178078366581075,49.867,0.112192,-0.167282,1.037848,59.464334,0.000001,-0.020880
405,go2_001,1455970000000,1776178078416581569,50.000,0.112192,-0.167282,1.038017,59.473988,0.000001,-0.009519
406,go2_001,1456055000000,1776178078466581031,49.999,0.112192,-0.167282,1.038102,59.478842,0.000001,-0.000953
407,go2_001,1456090000000,1776178078516589766,50.009,0.112192,-0.167282,1.038221,59.485698,0.000001,0.004687
408,go2_001,1456155000000,1776178078566546158,49.956,0.112192,-0.167282,1.038456,59.499128,0.000001,0.002671
409,go2_001,1456195000000,1776178078616579248,50.033,0.112192,-0.167282,1.037988,59.472334,0.000001,-0.015028
410,go2_001,1456235000000,1776178078666546376,49.967,0.112192,-0.167282,1.038246,59.487128,0.000001,-0.004399
411,go2_001,1456270000000,1776178078716567336,50.021,0.112192,-0.167282,1.038157,59.482006,0.000001,-0.002856
412,go2_001,1456330000000,1776178078766547290,49.980,0.112192,-0.167282,1.038190,59.483885,0.000001,0.002177
413,go2_001,1456390000000,1776178078816594001,50.047,0.112192,-0.167282,1.037707,59.456259,0.000001,-0.008598
414,go2_001,1456450000000,1776178078866520370,49.926,0.112192,-0.167282,1.037555,59.447546,0.000001,-0.018583
415,go2_001,1456490000000,1776178078916578446,50.058,0.112192,-0.167282,1.037871,59.465650,0.000001,-0.009694
416,go2_001,1456550000000,1776178078966479525,49.901,0.112192,-0.167282,1.038046,59.475628,0.000000,-0.018404
417,go2_001,1456570000000,1776178079016576222,50.097,0.112192,-0.167282,1.038508,59.502108,0.000000,0.004041
418,go2_001,1456630000000,1776178079067032271,50.456,0.112192,-0.167282,1.037782,59.460538,0.000000,-0.021997
419,go2_001,1456670000000,1776178079116570356,49.538,0.112192,-0.167282,1.037951,59.470217,0.000000,-0.006739
420,go2_001,1456750000000,1776178079166548263,49.978,0.112192,-0.167282,1.038111,59.479381,0.000000,-0.001067
421,go2_001,1456790000000,1776178079216542723,49.994,0.112192,-0.167282,1.037799,59.461521,0.000000,-0.018428
422,go2_001,1456850000000,1776178079266456444,49.914,0.112192,-0.167282,1.037930,59.469021,0.000000,-0.003719
423,go2_001,1456870000000,1776178079316589398,50.133,0.112192,-0.167282,1.037768,59.459744,0.000000,-0.008146
424,go2_001,1456930000000,1776178079366550768,49.961,0.112192,-0.167282,1.038190,59.483915,0.000000,0.001559
425,go2_001,1456970000000,1776178079416640351,50.090,0.112192,-0.167282,1.038072,59.477138,0.000000,-0.009795
426,go2_001,1457050000000,1776178079466504302,49.864,0.112192,-0.167282,1.037647,59.452814,0.000000,-0.016685
427,go2_001,1457090000000,1776178079516584932,50.081,0.112192,-0.167282,1.037947,59.470008,0.000000,0.001438
428,go2_001,1457150000000,1776178079566534239,49.949,0.112192,-0.167282,1.037861,59.465034,0.000000,-0.001981
429,go2_001,1457190000000,1776178079616568880,50.035,0.112192,-0.167282,1.037444,59.441179,0.000000,-0.027912
430,go2_001,1457230000000,1776178079666545445,49.977,0.112192,-0.167282,1.037997,59.472839,0.000000,-0.004284
431,go2_001,1457270000000,1776178079716575285,50.030,0.112192,-0.167282,1.038123,59.480080,0.000000,0.001709
432,go2_001,1457330000000,1776178079766545723,49.970,0.112192,-0.167282,1.038531,59.503435,0.000000,0.008090
433,go2_001,1457390000000,1776178079816555026,50.009,0.112192,-0.167282,1.037706,59.456175,0.000000,-0.025621
434,go2_001,1457450000000,1776178079866573697,50.019,0.112192,-0.167282,1.037456,59.441834,0.000000,-0.019239
435,go2_001,1457490000000,1776178079916543879,49.970,0.112192,-0.167282,1.037680,59.454708,0.000000,-0.005531
436,go2_001,1457530000000,1776178079966576400,50.033,0.112192,-0.167282,1.037958,59.470623,0.000000,0.004210
437,go2_001,1457570000000,1776178080016629840,50.053,0.112192,-0.167282,1.037806,59.461886,0.000000,-0.006808
438,go2_001,1457630000000,1776178080066600197,49.970,0.112192,-0.167282,1.037733,59.457722,0.000000,-0.011611
439,go2_001,1457690000000,1776178080116549715,49.950,0.112192,-0.167282,1.037788,59.460862,0.000000,-0.004741
440,go2_001,1457730000000,1776178080166555677,50.006,0.112192,-0.167282,1.037845,59.464146,0.000000,-0.003769
441,go2_001,1457790000000,1776178080216573893,50.018,0.112192,-0.167282,1.038043,59.475498,0.000000,-0.002811
442,go2_001,1457850000000,1776178080266486774,49.913,0.112192,-0.167282,1.037902,59.467409,0.000000,-0.017658
443,go2_001,1457890000000,1776178080316571305,50.085,0.112192,-0.167282,1.038100,59.478759,0.000000,-0.009356
444,go2_001,1457930000000,1776178080366542767,49.971,0.112192,-0.167282,1.038321,59.491415,0.000000,-0.001282
445,go2_001,1457970000000,1776178080416613489,50.071,0.112192,-0.167282,1.037765,59.459566,0.000000,-0.013460
446,go2_001,1458050000000,1776178080466594432,49.981,0.112192,-0.167282,1.037626,59.451590,0.000000,-0.007078
447,go2_001,1458090000000,1776178080516579277,49.985,0.112192,-0.167282,1.037642,59.452479,0.000000,-0.004033
448,go2_001,1458150000000,1776178080566508904,49.930,0.112192,-0.167282,1.038102,59.478858,0.000000,0.004011
449,go2_001,1458190000000,1776178080616572971,50.064,0.112192,-0.167282,1.038220,59.485596,0.000000,0.007348
450,go2_001,1458230000000,1776178080666575118,50.002,0.112192,-0.167282,1.037969,59.471266,0.000000,-0.004041
451,go2_001,1458270000000,1776178080716553980,49.979,0.112192,-0.167282,1.038009,59.473539,0.000000,0.002082
452,go2_001,1458350000000,1776178080766563873,50.010,0.112192,-0.167282,1.037722,59.457072,0.000000,-0.005216
453,go2_001,1458390000000,1776178080816655155,50.091,0.112192,-0.167281,1.037820,59.462677,0.000001,-0.007648
454,go2_001,1458450000000,1776178080866505752,49.851,0.112192,-0.167281,1.037786,59.460746,0.000001,-0.010213
455,go2_001,1458490000000,1776178080916561217,50.055,0.112192,-0.167281,1.037837,59.463670,0.000001,-0.003003
456,go2_001,1458550000000,1776178080966766334,50.205,0.112192,-0.167281,1.037926,59.468776,0.000001,-0.001272
457,go2_001,1458590000000,1776178081016592725,49.826,0.112192,-0.167281,1.037736,59.457902,0.000001,-0.005178
458,go2_001,1458630000000,1776178081066566063,49.973,0.112192,-0.167281,1.037593,59.449672,0.000001,-0.006446
459,go2_001,1458670000000,1776178081116555423,49.989,0.112192,-0.167281,1.037577,59.448778,0.000001,-0.006479
460,go2_001,1458750000000,1776178081166526021,49.971,0.112192,-0.167281,1.038010,59.473611,0.000001,0.007824
461,go2_001,1458790000000,1776178081216577206,50.051,0.112192,-0.167281,1.038400,59.495965,0.000001,0.013239
462,go2_001,1458850000000,1776178081266526064,49.949,0.112192,-0.167281,1.038566,59.505438,0.000001,0.012450
463,go2_001,1458890000000,1776178081316556797,50.031,0.112192,-0.167281,1.037783,59.460577,0.000000,-0.020042
464,go2_001,1458930000000,1776178081366550181,49.993,0.112192,-0.167281,1.038039,59.475269,0.000000,0.002429
465,go2_001,1458970000000,1776178081416916657,50.366,0.112192,-0.167281,1.038156,59.481945,0.000000,0.006857
466,go2_001,1459050000000,1776178081466555601,49.639,0.112195,-0.167280,1.038130,59.480479,0.000006,0.006229
467,go2_001,1459090000000,1776178081516584808,50.029,0.112195,-0.167280,1.037663,59.453710,0.000006,-0.015512
468,go2_001,1459150000000,1776178081566513773,49.929,0.112195,-0.167280,1.037782,59.460528,0.000005,-0.002798
469,go2_001,1459190000000,1776178081616647214,50.133,0.112195,-0.167280,1.037802,59.461692,0.000005,-0.007030
470,go2_001,1459230000000,1776178081666592112,49.945,0.112198,-0.167270,1.037557,59.447635,0.000030,-0.012442
471,go2_001,1459270000000,1776178081716653032,50.061,0.112198,-0.167270,1.037411,59.439292,0.000027,-0.009922
472,go2_001,1459350000000,1776178081766533726,49.881,0.112198,-0.167270,1.037367,59.436738,0.000023,-0.005897
473,go2_001,1459390000000,1776178081816749725,50.216,0.112198,-0.167270,1.037426,59.440121,0.000021,-0.012089
474,go2_001,1459450000000,1776178081866543786,49.794,0.112198,-0.167270,1.038000,59.473030,0.000019,0.002825
475,go2_001,1459490000000,1776178081916621831,50.078,0.112198,-0.167270,1.037814,59.462386,0.000017,-0.013121
476,go2_001,1459530000000,1776178081966572558,49.951,0.112198,-0.167270,1.037790,59.461005,0.000016,-0.010377
477,go2_001,1459590000000,1776178082016865017,50.292,0.112198,-0.167270,1.037786,59.460777,0.000014,-0.004098
478,go2_001,1459630000000,1776178082066696485,49.831,0.112198,-0.167270,1.037393,59.438250,0.000012,-0.021724
479,go2_001,1459690000000,1776178082116551140,49.855,0.112198,-0.167270,1.037337,59.435042,0.000011,-0.014117
480,go2_001,1459745000000,1776178082166890552,50.339,0.112198,-0.167270,1.037551,59.447277,0.000009,-0.010205
481,go2_001,1459785000000,1776178082216635133,49.745,0.112198,-0.167270,1.037600,59.450112,0.000009,-0.002776
482,go2_001,1459825000000,1776178082266600686,49.966,0.112198,-0.167270,1.037678,59.454548,0.000008,0.000261
483,go2_001,1459885000000,1776178082316590873,49.990,0.112198,-0.167270,1.037883,59.466332,0.000007,-0.012072
484,go2_001,1459925000000,1776178082366566894,49.976,0.112198,-0.167270,1.038151,59.481698,0.000006,-0.003653
485,go2_001,1459985000000,1776178082416584457,50.018,0.112198,-0.167270,1.038041,59.475390,0.000005,-0.004652
486,go2_001,1460050000000,1776178082466537805,49.953,0.112198,-0.167270,1.037371,59.436983,0.000005,-0.013384
487,go2_001,1460085000000,1776178082516533041,49.995,0.112198,-0.167270,1.037440,59.440934,0.000004,-0.007621
488,go2_001,1460150000000,1776178082566458462,49.925,0.112198,-0.167270,1.037718,59.456887,0.000003,-0.008236
489,go2_001,1460185000000,1776178082616624919,50.166,0.112198,-0.167270,1.038084,59.477834,0.000003,0.002617
490,go2_001,1460225000000,1776178082666603056,49.978,0.112190,-0.167276,1.038076,59.477363,-0.000021,-0.005990
491,go2_001,1460285000000,1776178082716612416,50.009,0.112190,-0.167276,1.038174,59.482991,-0.000019,0.001174
492,go2_001,1460345000000,1776178082766769656,50.157,0.112190,-0.167276,1.037994,59.472655,-0.000017,-0.005631
493,go2_001,1460385000000,1776178082816578281,49.809,0.112190,-0.167276,1.037616,59.451000,-0.000015,-0.020502
494,go2_001,1460445000000,1776178082866511971,49.934,0.112190,-0.167276,1.037463,59.442255,-0.000014,-0.010253
495,go2_001,1460485000000,1776178082916579880,50.068,0.112190,-0.167276,1.037261,59.430670,-0.000012,-0.009802
496,go2_001,1460525000000,1776178082966614905,50.035,0.112190,-0.167276,1.037682,59.454790,-0.000012,0.000360
497,go2_001,1460585000000,1776178083016581389,49.966,0.112190,-0.167276,1.037780,59.460407,-0.000010,-0.007616
498,go2_001,1460625000000,1776178083066599627,50.018,0.112190,-0.167276,1.037397,59.438476,-0.000009,-0.020599
499,go2_001,1460685000000,1776178083116525722,49.926,0.112190,-0.167276,1.037477,59.443065,-0.000008,-0.005194
500,go2_001,1460745000000,1776178083166567142,50.041,0.112190,-0.167276,1.038023,59.474316,-0.000007,0.007523
501,go2_001,1460785000000,1776178083216616902,50.050,0.112190,-0.167276,1.038522,59.502911,-0.000007,0.008541
502,go2_001,1460825000000,1776178083266628453,50.012,0.112190,-0.167276,1.038481,59.500598,-0.000006,-0.001494
503,go2_001,1460885000000,1776178083316579417,49.951,0.112190,-0.167276,1.037811,59.462216,-0.000006,-0.023017
504,go2_001,1460925000000,1776178083366589801,50.010,0.112190,-0.167276,1.037754,59.458926,-0.000005,-0.008179
505,go2_001,1460985000000,1776178083416682378,50.093,0.112190,-0.167276,1.037294,59.432557,-0.000004,-0.018957
506,go2_001,1461045000000,1776178083466629838,49.947,0.112190,-0.167276,1.036951,59.412907,-0.000004,-0.025854
507,go2_001,1461085000000,1776178083516555190,49.925,0.112190,-0.167276,1.037122,59.422690,-0.000004,-0.015241
508,go2_001,1461145000000,1776178083566638986,50.084,0.112190,-0.167276,1.037934,59.469243,-0.000003,0.014932
509,go2_001,1461185000000,1776178083616621198,49.982,0.112190,-0.167276,1.037893,59.466888,-0.000003,0.004817
510,go2_001,1461225000000,1776178083666625783,50.005,0.112190,-0.167276,1.038058,59.476324,-0.000003,-0.001131
511,go2_001,1461285000000,1776178083716558854,49.933,0.112190,-0.167276,1.037930,59.469010,-0.000002,-0.010343
512,go2_001,1461325000000,1776178083766549338,49.990,0.112190,-0.167276,1.037561,59.447872,-0.000002,-0.012377
513,go2_001,1461385000000,1776178083816572377,50.023,0.112190,-0.167276,1.037127,59.422989,-0.000002,-0.016790
514,go2_001,1461445000000,1776178083866518429,49.946,0.112190,-0.167276,1.037388,59.437945,-0.000002,-0.007570
515,go2_001,1461485000000,1776178083916553869,50.035,0.112190,-0.167276,1.037820,59.462734,-0.000002,-0.000681
516,go2_001,1461525000000,1776178083966606449,50.053,0.112190,-0.167276,1.037409,59.439152,-0.000001,-0.020873
517,go2_001,1461585000000,1776178084016829925,50.223,0.112190,-0.167276,1.037427,59.440215,-0.000001,-0.009500
518,go2_001,1461625000000,1776178084066562462,49.733,0.112190,-0.167276,1.037798,59.461433,-0.000001,-0.001794
519,go2_001,1461685000000,1776178084116560797,49.998,0.112190,-0.167276,1.037912,59.467981,-0.000001,-0.000437
520,go2_001,1461745000000,1776178084166554895,49.994,0.112190,-0.167276,1.037613,59.450835,-0.000001,-0.007273
521,go2_001,1461785000000,1776178084216598688,50.044,0.112190,-0.167276,1.037414,59.439454,-0.000001,-0.011420
522,go2_001,1461845000000,1776178084266583758,49.985,0.112190,-0.167276,1.037196,59.426939,-0.000001,-0.009490
523,go2_001,1461885000000,1776178084316758309,50.175,0.112190,-0.167276,1.037203,59.427375,-0.000001,-0.004306
524,go2_001,1461925000000,1776178084366647479,49.889,0.112190,-0.167276,1.037261,59.430688,-0.000001,-0.002557
525,go2_001,1461985000000,1776178084416725147,50.078,0.112190,-0.167276,1.037646,59.452765,-0.000000,0.008581
526,go2_001,1462025000000,1776178084466547890,49.823,0.112190,-0.167276,1.037450,59.441524,-0.000000,-0.009801
527,go2_001,1462085000000,1776178084516492526,49.945,0.112190,-0.167276,1.037966,59.471059,-0.000000,0.001520
528,go2_001,1462145000000,1776178084566499604,50.007,0.112190,-0.167276,1.037895,59.467028,-0.000000,0.001602
529,go2_001,1462185000000,1776178084616566072,50.066,0.112190,-0.167276,1.037766,59.459636,-0.000000,0.000847
530,go2_001,1462225000000,1776178084666608666,50.043,0.112190,-0.167276,1.037498,59.444249,-0.000000,-0.008277
531,go2_001,1462285000000,1776178084716541948,49.933,0.112190,-0.167276,1.037696,59.455607,-0.000000,0.000195
532,go2_001,1462325000000,1776178084766547393,50.005,0.112190,-0.167276,1.037955,59.470452,-0.000000,0.012149
533,go2_001,1462385000000,1776178084816540482,49.993,0.112190,-0.167276,1.037767,59.459695,-0.000000,0.004419
534,go2_001,1462445000000,1776178084866602635,50.062,0.112190,-0.167276,1.037836,59.463594,-0.000000,0.019896
535,go2_001,1462485000000,1776178084916551986,49.949,0.112190,-0.167276,1.037460,59.442096,-0.000000,0.001009
536,go2_001,1462525000000,1776178084966557757,50.006,0.112190,-0.167276,1.037179,59.425967,-0.000000,0.000284
537,go2_001,1462585000000,1776178085016602236,50.044,0.112190,-0.167276,1.037219,59.428280,-0.000000,-0.012397
538,go2_001,1462625000000,1776178085066597876,49.996,0.112190,-0.167276,1.037956,59.470473,-0.000000,0.004199
539,go2_001,1462685000000,1776178085116702759,50.105,0.112190,-0.167276,1.038080,59.477631,0.000000,0.004758
540,go2_001,1462725000000,1776178085166622027,49.919,0.112190,-0.167276,1.037940,59.469574,0.000000,0.010481
541,go2_001,1462785000000,1776178085216499709,49.878,0.112190,-0.167276,1.037233,59.429058,0.000000,-0.009964
542,go2_001,1462845000000,1776178085266477413,49.978,0.112190,-0.167276,1.037324,59.434289,0.000000,-0.004358
543,go2_001,1462885000000,1776178085316745370,50.268,0.112190,-0.167276,1.037373,59.437097,0.000000,-0.009927
544,go2_001,1462925000000,1776178085366768489,50.023,0.112190,-0.167276,1.037762,59.459355,0.000000,0.007033
545,go2_001,1462985000000,1776178085416552350,49.784,0.112190,-0.167276,1.037784,59.460658,0.000000,0.005116
546,go2_001,1463025000000,1776178085466997112,50.445,0.112190,-0.167276,1.037509,59.444862,0.000000,0.000822
547,go2_001,1463085000000,1776178085516536433,49.539,0.112190,-0.167276,1.037528,59.445967,0.000000,0.003473
548,go2_001,1463145000000,1776178085566513154,49.977,0.112190,-0.167276,1.036928,59.411601,0.000000,-0.021467
549,go2_001,1463185000000,1776178085616582888,50.070,0.112190,-0.167276,1.036933,59.411860,0.000000,-0.012991
550,go2_001,1463225000000,1776178085666682919,50.100,0.112190,-0.167276,1.036453,59.384374,0.000000,-0.023851
551,go2_001,1463285000000,1776178085716567510,49.885,0.112190,-0.167276,1.037107,59.421877,0.000000,-0.004931
552,go2_001,1463325000000,1776178085766554954,49.987,0.112190,-0.167276,1.037314,59.433712,0.000000,-0.002065
553,go2_001,1463385000000,1776178085816542635,49.988,0.112190,-0.167276,1.037319,59.433982,0.000000,-0.017656
554,go2_001,1463425000000,1776178085866506469,49.964,0.112190,-0.167276,1.037496,59.444149,0.000000,-0.017294
555,go2_001,1463485000000,1776178085916658390,50.152,0.112190,-0.167276,1.037688,59.455131,0.000000,0.003478
556,go2_001,1463525000000,1776178085966651552,49.993,0.112190,-0.167276,1.037051,59.418625,0.000000,-0.017089
557,go2_001,1463585000000,1776178086016642722,49.991,0.112190,-0.167276,1.037260,59.430628,0.000000,-0.006014
558,go2_001,1463625000000,1776178086066562873,49.920,0.112190,-0.167276,1.037662,59.453663,0.000000,0.003764
559,go2_001,1463685000000,1776178086116639289,50.076,0.112190,-0.167276,1.037136,59.423518,0.000000,-0.010833
560,go2_001,1463720000000,1776178086166554649,49.915,0.112190,-0.167276,1.037117,59.422427,0.000000,-0.005797
561,go2_001,1463785000000,1776178086216519558,49.965,0.112190,-0.167276,1.036870,59.408293,0.000000,-0.011904
562,go2_001,1463845000000,1776178086266546175,50.027,0.112190,-0.167276,1.037053,59.418764,0.000000,-0.000623
563,go2_001,1463885000000,1776178086316557184,50.011,0.112190,-0.167276,1.037217,59.428170,0.000000,0.004778
564,go2_001,1463920000000,1776178086366578018,50.021,0.112190,-0.167276,1.037403,59.438794,0.000000,0.002337
565,go2_001,1463985000000,1776178086416598587,50.021,0.112190,-0.167276,1.037212,59.427857,0.000000,-0.009600
566,go2_001,1464020000000,1776178086466580384,49.982,0.112190,-0.167276,1.036986,59.414909,0.000000,-0.018347
567,go2_001,1464080000000,1776178086516513782,49.933,0.112190,-0.167276,1.037029,59.417373,0.000000,-0.005788
568,go2_001,1464125000000,1776178086566580420,50.067,0.112190,-0.167276,1.037351,59.435855,0.000000,0.010146
569,go2_001,1464185000000,1776178086616619293,50.039,0.112190,-0.167276,1.037430,59.440344,0.000000,0.002038
570,go2_001,1464225000000,1776178086666550846,49.932,0.112190,-0.167276,1.037116,59.422342,0.000000,-0.012055
571,go2_001,1464280000000,1776178086716628203,50.077,0.112190,-0.167276,1.037188,59.426509,0.000000,-0.008109
572,go2_001,1464320000000,1776178086766626487,49.998,0.112190,-0.167276,1.037340,59.435184,0.000000,0.000242
573,go2_001,1464380000000,1776178086816608562,49.982,0.112190,-0.167276,1.037386,59.437830,0.000000,-0.002416
574,go2_001,1464420000000,1776178086866544757,49.936,0.112190,-0.167276,1.037283,59.431925,0.000000,-0.002626
575,go2_001,1464480000000,1776178086916495710,49.951,0.112190,-0.167276,1.038031,59.474799,0.000000,0.021170
576,go2_001,1464520000000,1776178086966671718,50.176,0.112192,-0.167277,1.037907,59.467701,0.000001,0.015421
577,go2_001,1464580000000,1776178087016557543,49.886,0.112192,-0.167277,1.036692,59.398081,0.000001,-0.024287
578,go2_001,1464620000000,1776178087066690232,50.133,0.112192,-0.167277,1.036290,59.375034,0.000001,-0.019518
579,go2_001,1464680000000,1776178087116522213,49.832,0.112192,-0.167277,1.036679,59.397315,0.000001,0.009622
580,go2_001,1464720000000,1776178087166776371,50.254,0.112192,-0.167277,1.036588,59.392134,0.000001,-0.015850
581,go2_001,1464780000000,1776178087216555038,49.779,0.112192,-0.167277,1.037400,59.438619,0.000000,-0.009084
582,go2_001,1464820000000,1776178087266582776,50.028,0.112192,-0.167277,1.037972,59.471399,0.000000,-0.004977
583,go2_001,1464860000000,1776178087316581074,49.998,0.112192,-0.167277,1.037583,59.449106,0.000000,-0.012948
584,go2_001,1464920000000,1776178087366542371,49.961,0.112192,-0.167277,1.037306,59.433249,0.000000,-0.000871
585,go2_001,1464980000000,1776178087416584364,50.042,0.112192,-0.167277,1.036689,59.397903,0.000000,-0.013910
586,go2_001,1465020000000,1776178087466579105,49.995,0.112192,-0.167277,1.036492,59.386643,0.000000,-0.013769
587,go2_001,1465080000000,1776178087516504520,49.925,0.112192,-0.167277,1.036365,59.379363,0.000000,-0.019156
588,go2_001,1465120000000,1776178087566588467,50.084,0.112192,-0.167277,1.036425,59.382789,0.000000,-0.006389
589,go2_001,1465160000000,1776178087616579164,49.991,0.112192,-0.167277,1.036928,59.411580,0.000000,0.016081
590,go2_001,1465220000000,1776178087666613245,50.034,0.112192,-0.167277,1.037125,59.422863,0.000000,0.002473
591,go2_001,1465280000000,1776178087716599750,49.987,0.112192,-0.167277,1.037547,59.447060,0.000000,0.004369
592,go2_001,1465320000000,1776178087766573463,49.974,0.112192,-0.167277,1.037985,59.472158,0.000000,0.012589
593,go2_001,1465380000000,1776178087816558262,49.985,0.112192,-0.167277,1.037693,59.455425,0.000000,-0.004744
594,go2_001,1465420000000,1776178087866566223,50.008,0.112192,-0.167277,1.037598,59.450000,0.000000,-0.006116
595,go2_001,1465460000000,1776178087916585007,50.019,0.112192,-0.167277,1.037366,59.436718,0.000000,-0.006216
596,go2_001,1465520000000,1776178087966557297,49.972,0.112192,-0.167277,1.036651,59.395712,0.000000,-0.014332
597,go2_001,1465580000000,1776178088016627417,50.070,0.112192,-0.167277,1.036047,59.361121,0.000000,-0.023363
598,go2_001,1465620000000,1776178088066567463,49.940,0.112192,-0.167277,1.036667,59.396666,0.000000,0.002905
599,go2_001,1465680000000,1776178088116543470,49.976,0.112192,-0.167277,1.036866,59.408032,0.000000,0.008818
600,go2_001,1465720000000,1776178088166543443,50.000,0.112192,-0.167277,1.036439,59.383570,0.000000,-0.017883
601,go2_001,1465760000000,1776178088216604448,50.061,0.112192,-0.167277,1.037152,59.424410,0.000000,0.001143
602,go2_001,1465820000000,1776178088266577223,49.973,0.112192,-0.167277,1.037189,59.426558,0.000000,-0.013857
603,go2_001,1465880000000,1776178088316600733,50.024,0.112192,-0.167277,1.037581,59.449001,0.000000,-0.000851
604,go2_001,1465920000000,1776178088366999165,50.398,0.112192,-0.167277,1.037744,59.458370,0.000000,0.008406
605,go2_001,1465980000000,1776178088416599544,49.600,0.112192,-0.167277,1.036562,59.390606,0.000000,-0.032376
606,go2_001,1466020000000,1776178088466554413,49.955,0.112192,-0.167277,1.036631,59.394594,0.000000,-0.011098
607,go2_001,1466060000000,1776178088516577464,50.023,0.112192,-0.167277,1.036523,59.388414,0.000000,-0.004466
608,go2_001,1466120000000,1776178088566537555,49.960,0.112192,-0.167277,1.036755,59.401659,0.000000,0.005408
609,go2_001,1466180000000,1776178088616527359,49.990,0.112192,-0.167277,1.036199,59.369825,0.000000,-0.009367
610,go2_001,1466220000000,1776178088666580319,50.053,0.112189,-0.167274,1.036358,59.378932,0.000002,-0.012724
611,go2_001,1466280000000,1776178088716515440,49.935,0.112189,-0.167274,1.036923,59.411298,0.000001,0.002832
612,go2_001,1466320000000,1776178088766618825,50.103,0.112189,-0.167274,1.036929,59.411683,0.000001,-0.003260
613,go2_001,1466360000000,1776178088816719932,50.101,0.112189,-0.167274,1.036852,59.407271,0.000001,-0.010731
614,go2_001,1466420000000,1776178088866576156,49.856,0.112189,-0.167274,1.037218,59.428190,0.000001,0.010471
615,go2_001,1466480000000,1776178088916608265,50.032,0.112189,-0.167274,1.036869,59.408202,0.000001,-0.010503
616,go2_001,1466520000000,1776178088966603401,49.995,0.112189,-0.167274,1.036807,59.404651,0.000001,-0.004416
617,go2_001,1466580000000,1776178089016564293,49.961,0.112189,-0.167274,1.036468,59.385231,0.000001,-0.010767
618,go2_001,1466620000000,1776178089066560297,49.996,0.112189,-0.167274,1.036599,59.392763,0.000001,-0.000790
619,go2_001,1466660000000,1776178089116971393,50.411,0.112189,-0.167274,1.036584,59.391884,0.000001,-0.001482
620,go2_001,1466715000000,1776178089166581317,49.610,0.112189,-0.167274,1.036882,59.408960,0.000001,0.001530
621,go2_001,1466755000000,1776178089216959641,50.378,0.112189,-0.167274,1.036841,59.406586,0.000000,-0.004809
622,go2_001,1466815000000,1776178089266580096,49.620,0.112189,-0.167274,1.035905,59.353008,0.000000,-0.018077
623,go2_001,1466875000000,1776178089316527974,49.948,0.112189,-0.167274,1.036320,59.376765,0.000000,-0.013105
624,go2_001,1466915000000,1776178089366651748,50.124,0.112189,-0.167274,1.037114,59.422248,0.000000,0.007756
625,go2_001,1466975000000,1776178089416572123,49.920,0.112189,-0.167274,1.037891,59.466757,0.000000,0.019095
626,go2_001,1467015000000,1776178089466564474,49.992,0.112189,-0.167274,1.036899,59.409950,0.000000,-0.021178
627,go2_001,1467055000000,1776178089516572708,50.008,0.112189,-0.167274,1.037060,59.419153,0.000000,0.000509
628,go2_001,1467115000000,1776178089566535009,49.962,0.112189,-0.167274,1.036559,59.390427,0.000000,-0.004755
629,go2_001,1467175000000,1776178089616563231,50.028,0.112189,-0.167274,1.036328,59.377211,0.000000,-0.011429
630,go2_001,1467215000000,1776178089666575033,50.012,0.112189,-0.167274,1.036423,59.382689,0.000000,-0.007668
631,go2_001,1467275000000,1776178089716521541,49.947,0.112189,-0.167274,1.036501,59.387154,0.000000,-0.000259
632,go2_001,1467315000000,1776178089766568682,50.047,0.112189,-0.167274,1.036723,59.399848,0.000000,0.001524
633,go2_001,1467355000000,1776178089816688152,50.119,0.112189,-0.167274,1.036902,59.410102,0.000000,-0.000230
634,go2_001,1467415000000,1776178089866557334,49.869,0.112189,-0.167274,1.037171,59.425547,0.000000,0.007238
635,go2_001,1467455000000,1776178089916656007,50.099,0.112189,-0.167274,1.036587,59.392050,0.000000,-0.018122
636,go2_001,1467515000000,1776178089966682781,50.027,0.112189,-0.167274,1.036581,59.391702,0.000000,-0.012537
637,go2_001,1467575000000,1776178090016644308,49.962,0.112189,-0.167274,1.036467,59.385211,0.000000,-0.010459
638,go2_001,1467615000000,1776178090066737781,50.093,0.112189,-0.167274,1.036444,59.383884,0.000000,-0.011298
639,go2_001,1467655000000,1776178090116575934,49.838,0.112189,-0.167274,1.036454,59.384426,0.000000,-0.015798
640,go2_001,1467715000000,1776178090166568788,49.993,0.112189,-0.167274,1.036743,59.400998,0.000000,-0.012687
641,go2_001,1467755000000,1776178090216562630,49.994,0.112189,-0.167274,1.036529,59.388750,0.000000,-0.020174
642,go2_001,1467835000000,1776178090266564918,50.002,0.112189,-0.167274,1.036258,59.373197,0.000000,-0.014703
643,go2_001,1467875000000,1776178090316541037,49.976,0.112189,-0.167274,1.036256,59.373121,-0.000000,-0.003061
644,go2_001,1467915000000,1776178090366593757,50.053,0.112189,-0.167274,1.036473,59.385514,-0.000000,0.010015
645,go2_001,1467955000000,1776178090416619660,50.026,0.112189,-0.167274,1.036787,59.403521,-0.000000,0.013165
646,go2_001,1468015000000,1776178090466545656,49.926,0.112189,-0.167274,1.036939,59.412211,-0.000000,0.002261
647,go2_001,1468055000000,1776178090516741099,50.195,0.112189,-0.167274,1.037161,59.424975,-0.000000,0.006513
648,go2_001,1468135000000,1776178090566573398,49.832,0.112189,-0.167274,1.036899,59.409940,-0.000000,-0.003355
649,go2_001,1468175000000,1776178090616821160,50.248,0.112189,-0.167274,1.036699,59.398449,-0.000000,-0.012181
650,go2_001,1468215000000,1776178090666577304,49.756,0.112189,-0.167274,1.037443,59.441121,-0.000000,0.016510
651,go2_001,1468275000000,1776178090716601927,50.025,0.112189,-0.167274,1.036831,59.406059,-0.000000,-0.006784
652,go2_001,1468315000000,1776178090766633328,50.031,0.112189,-0.167274,1.035915,59.353572,-0.000000,-0.034935
653,go2_001,1468355000000,1776178090816618009,49.985,0.112189,-0.167274,1.036325,59.377072,-0.000000,-0.001548
654,go2_001,1468415000000,1776178090866589730,49.972,0.112189,-0.167274,1.036443,59.383792,-0.000000,0.003550
655,go2_001,1468475000000,1776178090916592267,50.003,0.112189,-0.167274,1.036427,59.382885,-0.000000,0.000650
656,go2_001,1468535000000,1776178090966536161,49.944,0.112189,-0.167274,1.036157,59.367399,-0.000000,-0.014307
657,go2_001,1468575000000,1776178091016512874,49.977,0.112189,-0.167274,1.036738,59.400721,-0.000000,0.010143
658,go2_001,1468615000000,1776178091066588367,50.075,0.112189,-0.167274,1.036350,59.378471,-0.000000,-0.016560
659,go2_001,1468655000000,1776178091116548468,49.960,0.112189,-0.167274,1.036872,59.408418,-0.000000,0.001141
660,go2_001,1468715000000,1776178091166555227,50.007,0.112189,-0.167274,1.036673,59.396995,-0.000000,-0.003495
661,go2_001,1468755000000,1776178091216622725,50.067,0.112189,-0.167274,1.036904,59.410199,-0.000000,0.014382
662,go2_001,1468835000000,1776178091266559886,49.937,0.112189,-0.167274,1.035862,59.350521,-0.000000,-0.016135
663,go2_001,1468875000000,1776178091316570773,50.011,0.112189,-0.167274,1.036288,59.374933,-0.000000,-0.011204
664,go2_001,1468915000000,1776178091366547342,49.977,0.112189,-0.167274,1.036234,59.371837,-0.000000,-0.007043
665,go2_001,1468975000000,1776178091416495517,49.948,0.112189,-0.167274,1.037122,59.422711,-0.000000,0.019364
666,go2_001,1469015000000,1776178091466543930,50.048,0.112189,-0.167274,1.036779,59.403036,-0.000000,-0.004057
667,go2_001,1469055000000,1776178091516561380,50.017,0.112189,-0.167274,1.036951,59.412907,-0.000000,0.005127
668,go2_001,1469115000000,1776178091566551225,49.990,0.112189,-0.167274,1.037002,59.415850,-0.000000,0.012311
669,go2_001,1469175000000,1776178091616578524,50.027,0.112189,-0.167274,1.036573,59.391278,-0.000000,-0.004664
670,go2_001,1469235000000,1776178091666530528,49.952,0.112189,-0.167274,1.036054,59.361544,-0.000000,-0.017056
671,go2_001,1469275000000,1776178091716495071,49.965,0.112189,-0.167274,1.035947,59.355398,-0.000000,-0.009292
672,go2_001,1469315000000,1776178091766578571,50.084,0.112189,-0.167274,1.036156,59.367378,-0.000000,0.001413
673,go2_001,1469355000000,1776178091816565711,49.987,0.112189,-0.167274,1.036027,59.359973,-0.000000,-0.009875
674,go2_001,1469415000000,1776178091866600860,50.035,0.112189,-0.167274,1.036666,59.396577,-0.000000,0.005588
675,go2_001,1469455000000,1776178091916600300,49.999,0.112189,-0.167274,1.036513,59.387813,-0.000000,-0.010590
676,go2_001,1469535000000,1776178091966561438,49.961,0.112189,-0.167274,1.036502,59.387194,-0.000000,-0.025785
677,go2_001,1469575000000,1776178092016573491,50.012,0.112189,-0.167274,1.036485,59.386238,-0.000000,-0.021907
678,go2_001,1469615000000,1776178092066572855,49.999,0.112189,-0.167274,1.036516,59.387972,-0.000000,-0.010763
679,go2_001,1469655000000,1776178092116598210,50.025,0.112189,-0.167274,1.036032,59.360233,-0.000000,-0.019276
680,go2_001,1469715000000,1776178092166580969,49.983,0.112189,-0.167274,1.036194,59.369515,-0.000000,-0.001428
681,go2_001,1469755000000,1776178092216606513,50.026,0.112189,-0.167274,1.035900,59.352700,-0.000000,-0.010881
682,go2_001,1469835000000,1776178092266520183,49.914,0.112189,-0.167274,1.035957,59.355960,-0.000000,-0.010703
683,go2_001,1469875000000,1776178092316572736,50.053,0.112189,-0.167274,1.036382,59.380296,-0.000000,-0.003375
684,go2_001,1469935000000,1776178092366573514,50.001,0.112189,-0.167274,1.036695,59.398269,-0.000000,0.008014
685,go2_001,1469975000000,1776178092416445401,49.872,0.112189,-0.167274,1.036089,59.363530,-0.000000,-0.019079
686,go2_001,1470015000000,1776178092466570593,50.125,0.112189,-0.167274,1.036344,59.378156,-0.000000,-0.010489
687,go2_001,1470055000000,1776178092516574359,50.004,0.112189,-0.167274,1.036837,59.406392,-0.000000,0.003407
688,go2_001,1470115000000,1776178092566587636,50.013,0.112189,-0.167274,1.036484,59.386142,-0.000000,-0.010910
689,go2_001,1470170000000,1776178092616583030,49.995,0.112189,-0.167274,1.036095,59.363845,-0.000000,-0.008015
690,go2_001,1470235000000,1776178092666622427,50.039,0.112189,-0.167274,1.035931,59.354491,-0.000000,-0.007149
691,go2_001,1470275000000,1776178092716580155,49.958,0.112189,-0.167274,1.035676,59.339865,-0.000000,-0.019445
692,go2_001,1470315000000,1776178092766591868,50.012,0.112189,-0.167274,1.036331,59.377365,-0.000000,-0.001342
693,go2_001,1470355000000,1776178092816588961,49.997,0.112189,-0.167274,1.036198,59.369756,-0.000000,-0.007376
694,go2_001,1470415000000,1776178092866572719,49.984,0.112189,-0.167274,1.036302,59.375756,-0.000000,-0.005566
695,go2_001,1470455000000,1776178092916590268,50.018,0.112189,-0.167274,1.036497,59.386879,-0.000000,0.000783
696,go2_001,1470535000000,1776178092966505589,49.915,0.112189,-0.167274,1.036595,59.392497,-0.000000,0.006671
697,go2_001,1470570000000,1776178093016790982,50.285,0.112189,-0.167274,1.036145,59.366752,-0.000000,-0.020702
698,go2_001,1470635000000,1776178093066454105,49.663,0.112189,-0.167274,1.036231,59.371668,-0.000000,-0.000448
699,go2_001,1470655000000,1776178093116571286,50.117,0.112189,-0.167274,1.035741,59.343560,-0.000000,-0.017548
700,go2_001,1470715000000,1776178093166579512,50.008,0.112189,-0.167274,1.035986,59.357631,-0.000000,-0.002439
701,go2_001,1470755000000,1776178093216622872,50.043,0.112189,-0.167274,1.036247,59.372576,-0.000000,0.003479
702,go2_001,1470835000000,1776178093266554543,49.932,0.112189,-0.167274,1.036485,59.386217,-0.000000,0.000400
703,go2_001,1470875000000,1776178093316589659,50.035,0.112189,-0.167274,1.036347,59.378284,-0.000000,-0.006483
704,go2_001,1470930000000,1776178093366507458,49.918,0.112189,-0.167274,1.035819,59.348029,-0.000000,-0.019340
705,go2_001,1470970000000,1776178093416554720,50.047,0.112189,-0.167274,1.036038,59.360628,-0.000000,-0.007676
706,go2_001,1471010000000,1776178093466578647,50.024,0.112189,-0.167274,1.036140,59.366474,-0.000000,-0.003450
707,go2_001,1471050000000,1776178093516585995,50.007,0.112189,-0.167274,1.035512,59.330463,-0.000000,-0.027437
708,go2_001,1471110000000,1776178093566545034,49.959,0.112189,-0.167274,1.035644,59.338007,-0.000000,-0.019664
709,go2_001,1471170000000,1776178093616569787,50.025,0.112189,-0.167274,1.035996,59.358224,-0.000000,-0.005549
710,go2_001,1471230000000,1776178093666547787,49.978,0.112189,-0.167274,1.036016,59.359323,-0.000000,-0.004550
711,go2_001,1471270000000,1776178093716577361,50.030,0.112189,-0.167274,1.036220,59.371036,-0.000000,-0.005775
712,go2_001,1471330000000,1776178093766448352,49.871,0.112189,-0.167274,1.035724,59.342606,-0.000000,-0.022231
713,go2_001,1471370000000,1776178093816583777,50.135,0.112189,-0.167274,1.035947,59.355372,-0.000000,-0.012437
714,go2_001,1471410000000,1776178093866596744,50.013,0.112189,-0.167274,1.036316,59.376533,-0.000000,-0.002096
715,go2_001,1471450000000,1776178093916576050,49.979,0.112189,-0.167274,1.035731,59.342997,-0.000000,-0.021941
716,go2_001,1471530000000,1776178093966619107,50.043,0.112189,-0.167274,1.035123,59.308202,-0.000000,-0.011367
717,go2_001,1471570000000,1776178094016668074,50.049,0.112189,-0.167274,1.035292,59.317857,-0.000000,-0.004147
718,go2_001,1471630000000,1776178094066492077,49.824,0.112189,-0.167274,1.035898,59.352558,-0.000000,0.005399
719,go2_001,1471670000000,1776178094116578096,50.086,0.112189,-0.167274,1.036534,59.389021,-0.000000,0.015917
720,go2_001,1471710000000,1776178094166545329,49.967,0.112189,-0.167274,1.036050,59.361282,-0.000000,-0.017761
721,go2_001,1471770000000,1776178094216559111,50.014,0.112189,-0.167274,1.036345,59.378188,-0.000000,-0.004926
722,go2_001,1471810000000,1776178094266581187,50.022,0.112189,-0.167274,1.035837,59.349067,0.000000,-0.017291
723,go2_001,1471870000000,1776178094316578103,49.997,0.112189,-0.167274,1.035728,59.342822,0.000000,-0.016558
724,go2_001,1471930000000,1776178094366540078,49.962,0.112189,-0.167274,1.035741,59.343591,0.000000,-0.009159
725,go2_001,1471970000000,1776178094416572551,50.032,0.112189,-0.167274,1.035921,59.353893,0.000000,-0.003297
726,go2_001,1472010000000,1776178094466601573,50.029,0.112189,-0.167274,1.035665,59.339234,0.000000,-0.015144
727,go2_001,1472070000000,1776178094516541705,49.940,0.112189,-0.167274,1.035592,59.335058,0.000000,-0.008542
728,go2_001,1472110000000,1776178094566564576,50.023,0.112189,-0.167274,1.034928,59.296992,0.000000,-0.029751
729,go2_001,1472150000000,1776178094616624248,50.060,0.112189,-0.167274,1.035575,59.334105,0.000000,0.000337
730,go2_001,1472230000000,1776178094666545268,49.921,0.112189,-0.167274,1.036019,59.359541,0.000000,0.011240
731,go2_001,1472270000000,1776178094716593143,50.048,0.112189,-0.167274,1.035928,59.354321,0.000000,-0.007523
732,go2_001,1472330000000,1776178094766570579,49.977,0.112189,-0.167274,1.036306,59.375988,0.000000,-0.009585
733,go2_001,1472370000000,1776178094816569453,49.999,0.112189,-0.167274,1.036479,59.385860,0.000000,-0.002964
734,go2_001,1472410000000,1776178094866550921,49.981,0.112189,-0.167274,1.035813,59.347691,0.000000,-0.031620
735,go2_001,1472470000000,1776178094916571829,50.021,0.112189,-0.167274,1.035500,59.329757,0.000000,-0.020807
736,go2_001,1472530000000,1776178094966568805,49.997,0.112189,-0.167274,1.035308,59.318751,0.000000,-0.010207
737,go2_001,1472570000000,1776178095016574520,50.006,0.112189,-0.167274,1.035458,59.327400,0.000000,-0.008487
738,go2_001,1472630000000,1776178095066593703,50.019,0.112189,-0.167274,1.035276,59.316948,0.000000,-0.016098
739,go2_001,1472670000000,1776178095116570772,49.977,0.112189,-0.167274,1.035568,59.333659,0.000000,-0.004024
740,go2_001,1472710000000,1776178095166587190,50.016,0.112189,-0.167274,1.035857,59.350211,0.000000,-0.003752
741,go2_001,1472770000000,1776178095216574223,49.987,0.112189,-0.167274,1.035961,59.356214,0.000000,-0.002221
742,go2_001,1472810000000,1776178095266586915,50.013,0.112189,-0.167274,1.036465,59.385052,0.000000,0.009827
743,go2_001,1472870000000,1776178095316580860,49.994,0.112189,-0.167274,1.035414,59.324875,0.000000,-0.019156
744,go2_001,1472930000000,1776178095366535181,49.954,0.112189,-0.167274,1.035609,59.336033,0.000000,-0.021602
745,go2_001,1472970000000,1776178095416580244,50.045,0.112189,-0.167274,1.035701,59.341291,0.000000,-0.007142
746,go2_001,1473030000000,1776178095466475581,49.895,0.112189,-0.167274,1.035833,59.348841,0.000000,-0.000383
747,go2_001,1473070000000,1776178095516565611,50.090,0.112189,-0.167274,1.035816,59.347907,0.000000,0.000057
748,go2_001,1473110000000,1776178095566575685,50.010,0.112189,-0.167274,1.035812,59.347662,0.000000,-0.004294
749,go2_001,1473170000000,1776178095616555192,49.980,0.112189,-0.167274,1.035631,59.337275,0.000000,-0.016259
750,go2_001,1473230000000,1776178095666524675,49.969,0.112189,-0.167274,1.035872,59.351070,0.000000,-0.004092
751,go2_001,1473270000000,1776178095716576196,50.052,0.112189,-0.167274,1.035379,59.322866,0.000000,-0.021805
752,go2_001,1473330000000,1776178095766539075,49.963,0.112189,-0.167274,1.035441,59.326380,0.000000,-0.015303
753,go2_001,1473370000000,1776178095816573023,50.034,0.112189,-0.167274,1.035905,59.353010,-0.000000,0.001512
754,go2_001,1473410000000,1776178095866578703,50.006,0.112189,-0.167274,1.036072,59.362553,-0.000000,0.000666
755,go2_001,1473470000000,1776178095916536669,49.958,0.112189,-0.167274,1.036231,59.371678,-0.000000,0.004462
756,go2_001,1473510000000,1776178095966559518,50.023,0.112189,-0.167274,1.036058,59.361745,-0.000000,0.005032
757,go2_001,1473565000000,1776178096016588710,50.029,0.112189,-0.167274,1.035521,59.330999,-0.000000,-0.008356
758,go2_001,1473630000000,1776178096066517274,49.929,0.112189,-0.167274,1.035499,59.329723,-0.000000,-0.006271
759,go2_001,1473670000000,1776178096116576955,50.060,0.112189,-0.167274,1.035556,59.333005,-0.000000,-0.004588
760,go2_001,1473730000000,1776178096166456495,49.880,0.112189,-0.167274,1.035471,59.328113,-0.000000,-0.002775
761,go2_001,1473770000000,1776178096216601287,50.145,0.112189,-0.167274,1.035450,59.326899,-0.000000,-0.004118
762,go2_001,1473810000000,1776178096266579484,49.978,0.112189,-0.167274,1.036757,59.401822,-0.000000,0.034171
763,go2_001,1473870000000,1776178096316561277,49.982,0.112189,-0.167274,1.036993,59.415305,-0.000000,0.005759
764,go2_001,1473930000000,1776178096366563585,50.002,0.112189,-0.167274,1.036152,59.367117,-0.000000,-0.017178
765,go2_001,1473970000000,1776178096416641690,50.078,0.112189,-0.167274,1.035873,59.351175,-0.000000,-0.016926
766,go2_001,1474030000000,1776178096466509931,49.868,0.112189,-0.167274,1.035307,59.318697,-0.000000,-0.019382
767,go2_001,1474070000000,1776178096516587667,50.078,0.112189,-0.167274,1.035660,59.338934,-0.000000,-0.004299
768,go2_001,1474105000000,1776178096566576660,49.989,0.112189,-0.167274,1.036117,59.365107,-0.000000,0.003416
769,go2_001,1474165000000,1776178096616574809,49.998,0.112189,-0.167274,1.036292,59.375176,-0.000000,0.003325
770,go2_001,1474205000000,1776178096666562293,49.987,0.112189,-0.167274,1.036562,59.390644,-0.000000,0.013785
771,go2_001,1474265000000,1776178096716557207,49.995,0.112189,-0.167274,1.035931,59.354502,-0.000000,-0.007907
772,go2_001,1474325000000,1776178096766546344,49.989,0.112189,-0.167274,1.036062,59.361989,-0.000000,-0.003939
773,go2_001,1474365000000,1776178096816550976,50.005,0.112189,-0.167274,1.035867,59.350828,-0.000000,-0.008921
774,go2_001,1474425000000,1776178096866439020,49.888,0.112189,-0.167274,1.035880,59.351559,-0.000000,-0.005189
775,go2_001,1474465000000,1776178096916641792,50.203,0.112189,-0.167274,1.036249,59.372702,-0.000000,0.008757
776,go2_001,1474505000000,1776178096966546550,49.905,0.112189,-0.167274,1.036134,59.366089,-0.000000,-0.003599
777,go2_001,1474565000000,1776178097016548588,50.002,0.112189,-0.167274,1.036503,59.387256,-0.000000,0.012564
778,go2_001,1474625000000,1776178097066521046,49.972,0.112189,-0.167274,1.035677,59.339904,-0.000000,-0.014204
779,go2_001,1474665000000,1776178097116603868,50.083,0.112189,-0.167274,1.035929,59.354387,-0.000000,0.004903
780,go2_001,1474725000000,1776178097166548605,49.945,0.112189,-0.167274,1.036327,59.377164,-0.000000,0.013912
781,go2_001,1474765000000,1776178097216686779,50.138,0.112189,-0.167274,1.035879,59.351497,-0.000000,-0.015138
782,go2_001,1474800000000,1776178097266615267,49.928,0.112189,-0.167274,1.036282,59.374603,-0.000000,0.004433
783,go2_001,1474860000000,1776178097316587577,49.972,0.112189,-0.167274,1.036223,59.371202,-0.000000,-0.005877
784,go2_001,1474900000000,1776178097366579087,49.992,0.112189,-0.167274,1.036370,59.379644,-0.000000,0.005289
785,go2_001,1474960000000,1776178097416524606,49.946,0.112189,-0.167274,1.036429,59.382984,-0.000000,-0.002960
786,go2_001,1475000000000,1776178097466639926,50.115,0.112189,-0.167274,1.035570,59.333801,-0.000000,-0.030884
787,go2_001,1475060000000,1776178097516520129,49.880,0.112189,-0.167274,1.035332,59.320161,-0.000000,-0.005694
788,go2_001,1475100000000,1776178097566582196,50.062,0.112189,-0.167274,1.035653,59.338573,-0.000000,-0.000090
789,go2_001,1475160000000,1776178097616600660,50.018,0.112189,-0.167274,1.036338,59.377799,-0.000000,0.010350
790,go2_001,1475200000000,1776178097666622874,50.022,0.112189,-0.167274,1.036038,59.360598,-0.000000,-0.013202
791,go2_001,1475260000000,1776178097716590092,49.967,0.112189,-0.167274,1.035307,59.318747,-0.000000,-0.016317
792,go2_001,1475300000000,1776178097766580106,49.990,0.112189,-0.167274,1.035258,59.315939,-0.000000,-0.007511
793,go2_001,1475360000000,1776178097816549606,49.969,0.112189,-0.167274,1.035802,59.347063,-0.000000,-0.000003
794,go2_001,1475400000000,1776178097866567014,50.017,0.112189,-0.167274,1.036064,59.362122,-0.000000,-0.008356
795,go2_001,1475460000000,1776178097916576534,50.010,0.112189,-0.167274,1.036453,59.384369,-0.000000,-0.001851
796,go2_001,1475500000000,1776178097966589366,50.013,0.112189,-0.167274,1.036069,59.362356,-0.000000,-0.008953
797,go2_001,1475560000000,1776178098016572274,49.983,0.112189,-0.167274,1.035914,59.353509,-0.000000,-0.012188
798,go2_001,1475600000000,1776178098066618439,50.046,0.112189,-0.167274,1.035860,59.350406,-0.000000,-0.006629
799,go2_001,1475660000000,1776178098116488830,49.870,0.112189,-0.167274,1.035379,59.322862,-0.000000,-0.020774
800,go2_001,1475700000000,1776178098166574607,50.086,0.112189,-0.167274,1.035426,59.325513,-0.000000,-0.007574
801,go2_001,1475740000000,1776178098216590245,50.016,0.112189,-0.167274,1.035910,59.353277,-0.000000,0.014542
802,go2_001,1475800000000,1776178098266591217,50.001,0.112189,-0.167274,1.035889,59.352075,-0.000000,0.001039
803,go2_001,1475860000000,1776178098316538168,49.947,0.112189,-0.167274,1.035928,59.354319,-0.000000,-0.006754
804,go2_001,1475900000000,1776178098366571552,50.033,0.112189,-0.167274,1.035453,59.327098,-0.000000,-0.019458
805,go2_001,1475960000000,1776178098416575753,50.004,0.112189,-0.167274,1.035628,59.337112,-0.000000,-0.007994
806,go2_001,1476000000000,1776178098466581974,50.006,0.112189,-0.167274,1.035970,59.356692,-0.000000,0.000682
807,go2_001,1476060000000,1776178098516480956,49.899,0.112189,-0.167274,1.036288,59.374950,-0.000000,-0.001715
808,go2_001,1476100000000,1776178098566565362,50.084,0.112189,-0.167274,1.036520,59.388224,-0.000000,0.010155
809,go2_001,1476160000000,1776178098616574422,50.009,0.112189,-0.167274,1.036037,59.360560,-0.000000,-0.002589
810,go2_001,1476200000000,1776178098666575273,50.001,0.112189,-0.167274,1.035614,59.336332,-0.000000,-0.014941
811,go2_001,1476260000000,1776178098716577409,50.002,0.112189,-0.167274,1.035451,59.326985,-0.000000,-0.015797
812,go2_001,1476300000000,1776178098766696748,50.119,0.112189,-0.167274,1.035544,59.332286,-0.000000,-0.010183
813,go2_001,1476360000000,1776178098816490438,49.794,0.112189,-0.167274,1.035788,59.346256,-0.000000,0.001921
814,go2_001,1476400000000,1776178098866574524,50.084,0.112189,-0.167274,1.036308,59.376061,-0.000000,0.015377
815,go2_001,1476460000000,1776178098916637673,50.063,0.112189,-0.167274,1.035766,59.345028,-0.000000,-0.008484
816,go2_001,1476500000000,1776178098966571653,49.934,0.112189,-0.167274,1.035247,59.315278,-0.000000,-0.019995
817,go2_001,1476560000000,1776178099016549387,49.978,0.112189,-0.167274,1.035203,59.312767,-0.000000,-0.011050
818,go2_001,1476600000000,1776178099066543825,49.994,0.112189,-0.167274,1.035057,59.304399,-0.000000,-0.016255
819,go2_001,1476660000000,1776178099116514138,49.970,0.112189,-0.167274,1.035589,59.334864,-0.000000,-0.011173
820,go2_001,1476700000000,1776178099166577208,50.063,0.112189,-0.167274,1.036195,59.369620,-0.000000,-0.001877
821,go2_001,1476760000000,1776178099216714712,50.138,0.112189,-0.167274,1.036129,59.365802,-0.000000,-0.005043
822,go2_001,1476800000000,1776178099266572104,49.857,0.112189,-0.167274,1.036271,59.373959,-0.000000,0.003315
823,go2_001,1476860000000,1776178099316555731,49.984,0.112189,-0.167274,1.035906,59.353034,-0.000000,-0.009659
824,go2_001,1476900000000,1776178099366580323,50.025,0.112189,-0.167274,1.035493,59.329384,-0.000000,-0.020427
825,go2_001,1476960000000,1776178099416525627,49.945,0.112189,-0.167274,1.035891,59.352168,-0.000000,0.007237
826,go2_001,1477000000000,1776178099466595668,50.070,0.112189,-0.167274,1.035398,59.323939,-0.000000,-0.005403
827,go2_001,1477060000000,1776178099516517280,49.922,0.112189,-0.167274,1.035372,59.322438,-0.000000,0.005769
828,go2_001,1477100000000,1776178099566578302,50.061,0.112189,-0.167274,1.035125,59.308287,-0.000000,-0.006387
829,go2_001,1477160000000,1776178099616571017,49.993,0.112189,-0.167274,1.035618,59.336567,-0.000000,-0.002985
830,go2_001,1477200000000,1776178099666577964,50.007,0.112189,-0.167274,1.035961,59.356185,-0.000000,0.002564
831,go2_001,1477260000000,1776178099716579633,50.002,0.112189,-0.167274,1.036196,59.369642,-0.000000,-0.002109
832,go2_001,1477300000000,1776178099766552249,49.973,0.112189,-0.167274,1.036403,59.381503,-0.000000,0.006094
833,go2_001,1477360000000,1776178099816517602,49.965,0.112189,-0.167274,1.036574,59.391309,-0.000000,0.016903
834,go2_001,1477400000000,1776178099866567822,50.050,0.112189,-0.167274,1.036146,59.366786,-0.000000,-0.001614
835,go2_001,1477440000000,1776178099916576668,50.009,0.112189,-0.167274,1.035958,59.356027,0.000000,-0.007058
836,go2_001,1477500000000,1776178099966593848,50.017,0.112189,-0.167274,1.035383,59.323074,0.000000,-0.017134
837,go2_001,1477560000000,1776178100016556812,49.963,0.112189,-0.167274,1.034808,59.290128,0.000000,-0.019475
838,go2_001,1477600000000,1776178100066571074,50.014,0.112189,-0.167274,1.034850,59.292529,0.000000,-0.005633
839,go2_001,1477655000000,1776178100116539173,49.968,0.112189,-0.167274,1.035435,59.326044,0.000000,-0.001275
840,go2_001,1477700000000,1776178100166551226,50.012,0.112189,-0.167274,1.036224,59.371276,0.000000,0.007599
841,go2_001,1477760000000,1776178100216494489,49.943,0.112189,-0.167274,1.036416,59.382259,0.000000,-0.005676
842,go2_001,1477800000000,1776178100266557149,50.063,0.112189,-0.167274,1.036487,59.386336,0.000000,0.004005
843,go2_001,1477840000000,1776178100316552069,49.995,0.112189,-0.167274,1.036172,59.368293,0.000000,-0.007403
844,go2_001,1477900000000,1776178100366599451,50.047,0.112189,-0.167274,1.035444,59.326574,0.000000,-0.023182
845,go2_001,1477960000000,1776178100416584154,49.985,0.112189,-0.167274,1.035386,59.323242,0.000000,-0.007412
846,go2_001,1478000000000,1776178100466618579,50.034,0.112189,-0.167274,1.034915,59.296283,0.000000,-0.014748
847,go2_001,1478060000000,1776178100516511691,49.893,0.112189,-0.167274,1.034725,59.285379,0.000000,-0.012681
848,go2_001,1478100000000,1776178100566570475,50.059,0.112189,-0.167274,1.035358,59.321654,0.000000,0.008236
849,go2_001,1478140000000,1776178100616607160,50.037,0.112189,-0.167274,1.035596,59.335281,0.000000,0.001076
850,go2_001,1478200000000,1776178100666545884,49.939,0.112189,-0.167274,1.036525,59.388500,0.000000,0.009412
851,go2_001,1478255000000,1776178100716520633,49.975,0.112189,-0.167274,1.036496,59.386866,0.000000,0.003395
852,go2_001,1478300000000,1776178100766571732,50.051,0.112189,-0.167274,1.036177,59.368592,0.000000,-0.006747
853,go2_001,1478360000000,1776178100816505084,49.933,0.112189,-0.167274,1.035707,59.341655,0.000000,-0.010226
854,go2_001,1478400000000,1776178100866552362,50.047,0.112189,-0.167274,1.035574,59.334030,0.000000,-0.004444
855,go2_001,1478440000000,1776178100916602087,50.050,0.112189,-0.167274,1.035048,59.303901,0.000000,-0.025204
856,go2_001,1478500000000,1776178100966745312,50.143,0.112189,-0.167274,1.035598,59.335382,0.000000,-0.002271
857,go2_001,1478535000000,1776178101016630362,49.885,0.112189,-0.167274,1.035467,59.327908,0.000000,-0.004352
858,go2_001,1478615000000,1776178101066936165,50.306,0.112189,-0.167274,1.035301,59.318390,0.000000,-0.002320
859,go2_001,1478655000000,1776178101116813842,49.878,0.112189,-0.167274,1.035066,59.304899,0.000000,-0.007582
860,go2_001,1478695000000,1776178101166779556,49.966,0.112189,-0.167274,1.035528,59.331394,0.000000,-0.000319
861,go2_001,1478735000000,1776178101217240757,50.461,0.112189,-0.167274,1.035573,59.333958,0.000000,-0.006586
862,go2_001,1478795000000,1776178101266597326,49.357,0.112189,-0.167274,1.035917,59.353683,0.000000,0.002704
863,go2_001,1478855000000,1776178101316571282,49.974,0.112189,-0.167274,1.035658,59.338860,0.000000,-0.006072
864,go2_001,1478910000000,1776178101366531422,49.960,0.112189,-0.167274,1.035447,59.326740,0.000000,-0.011807
865,go2_001,1478950000000,1776178101416580892,50.049,0.112189,-0.167274,1.035385,59.323202,0.000000,-0.004052
866,go2_001,1479010000000,1776178101466450958,49.870,0.112189,-0.167274,1.035064,59.304784,0.000000,-0.020153
867,go2_001,1479050000000,1776178101516557156,50.106,0.112189,-0.167274,1.035439,59.326263,0.000000,0.002987
868,go2_001,1479090000000,1776178101566580265,50.023,0.112189,-0.167274,1.035268,59.316507,-0.000000,-0.002617
869,go2_001,1479130000000,1776178101616610736,50.030,0.112189,-0.167274,1.035599,59.335465,-0.000000,0.006905
870,go2_001,1479210000000,1776178101666568360,49.958,0.112189,-0.167274,1.036034,59.360385,-0.000000,0.002097
871,go2_001,1479250000000,1776178101716619289,50.051,0.112189,-0.167274,1.035597,59.335357,-0.000000,-0.020323
872,go2_001,1479310000000,1776178101766640626,50.021,0.112189,-0.167274,1.034695,59.283670,-0.000000,-0.027608
873,go2_001,1479350000000,1776178101816692211,50.052,0.112189,-0.167274,1.034732,59.285753,-0.000000,-0.006344
874,go2_001,1479405000000,1776178101866527395,49.835,0.112189,-0.167274,1.035297,59.318145,-0.000000,0.007669
875,go2_001,1479445000000,1776178101916574813,50.047,0.112189,-0.167274,1.035551,59.332719,-0.000000,0.002285
876,go2_001,1479505000000,1776178101966855879,50.281,0.112189,-0.167274,1.036067,59.362240,-0.000000,0.011846
877,go2_001,1479545000000,1776178102016619514,49.764,0.112189,-0.167274,1.035425,59.325501,-0.000000,-0.015955
878,go2_001,1479585000000,1776178102066576688,49.957,0.112189,-0.167274,1.035038,59.303290,-0.000000,-0.017073
879,go2_001,1479645000000,1776178102116611026,50.034,0.112189,-0.167274,1.035118,59.307872,-0.000000,0.000721
880,go2_001,1479705000000,1776178102166565159,49.954,0.112189,-0.167274,1.035112,59.307577,-0.000000,-0.006751
881,go2_001,1479745000000,1776178102216578771,50.014,0.112189,-0.167274,1.035356,59.321514,-0.000000,0.007641
882,go2_001,1479805000000,1776178102266678297,50.100,0.112189,-0.167274,1.035276,59.316938,-0.000000,-0.007053
883,go2_001,1479845000000,1776178102316609932,49.932,0.112189,-0.167274,1.035143,59.309336,-0.000000,-0.006279
884,go2_001,1479885000000,1776178102366591312,49.981,0.112189,-0.167274,1.035271,59.316643,-0.000000,-0.000927
885,go2_001,1479945000000,1776178102416584538,49.993,0.112189,-0.167274,1.035781,59.345886,-0.000000,0.014926
886,go2_001,1480005000000,1776178102466565731,49.981,0.112189,-0.167274,1.035404,59.324306,-0.000000,-0.007544
887,go2_001,1480045000000,1776178102516568372,50.003,0.112189,-0.167274,1.035366,59.322124,-0.000000,-0.002141
888,go2_001,1480105000000,1776178102566488781,49.920,0.112189,-0.167274,1.035135,59.308878,-0.000000,-0.006425
889,go2_001,1480145000000,1776178102616570729,50.082,0.112189,-0.167274,1.035135,59.308841,-0.000000,-0.005084
890,go2_001,1480185000000,1776178102666542161,49.971,0.112189,-0.167274,1.035220,59.313713,-0.000000,-0.006914
891,go2_001,1480245000000,1776178102716804909,50.263,0.112189,-0.167274,1.035480,59.328645,-0.000000,0.004453
892,go2_001,1480285000000,1776178102766568154,49.763,0.112189,-0.167274,1.035484,59.328844,-0.000000,0.015051
893,go2_001,1480345000000,1776178102816562453,49.994,0.112189,-0.167274,1.034470,59.270742,-0.000000,-0.027270
894,go2_001,1480405000000,1776178102866558657,49.996,0.112189,-0.167274,1.035189,59.311980,-0.000000,-0.000022
895,go2_001,1480445000000,1776178102916574446,50.016,0.112189,-0.167274,1.035822,59.348243,-0.000000,0.017966
896,go2_001,1480505000000,1776178102966447475,49.873,0.112189,-0.167274,1.035445,59.326643,-0.000000,-0.007020
897,go2_001,1480545000000,1776178103016758914,50.311,0.112189,-0.167274,1.035120,59.308009,-0.000000,-0.012199
898,go2_001,1480585000000,1776178103066676159,49.917,0.112189,-0.167274,1.034956,59.298585,-0.000000,-0.012427
899,go2_001,1480645000000,1776178103116506385,49.830,0.112189,-0.167274,1.035048,59.303857,-0.000000,-0.011590
900,go2_001,1480685000000,1776178103166561658,50.055,0.112189,-0.167274,1.035243,59.315034,-0.000000,0.006866
901,go2_001,1480745000000,1776178103216551672,49.990,0.112189,-0.167274,1.034983,59.300134,-0.000000,-0.004855
902,go2_001,1480805000000,1776178103266536233,49.985,0.112189,-0.167274,1.035350,59.321181,-0.000000,0.005152
903,go2_001,1480845000000,1776178103316567271,50.031,0.112189,-0.167274,1.035277,59.316994,-0.000000,-0.007146
904,go2_001,1480885000000,1776178103366585651,50.018,0.112189,-0.167274,1.035334,59.320260,-0.000000,-0.003042
905,go2_001,1480945000000,1776178103416616078,50.030,0.112189,-0.167274,1.035230,59.314304,-0.000000,-0.007577
906,go2_001,1480985000000,1776178103466548104,49.932,0.112189,-0.167274,1.035000,59.301104,-0.000000,-0.014532
907,go2_001,1481045000000,1776178103516577818,50.030,0.112189,-0.167274,1.035071,59.305193,-0.000000,-0.007328
908,go2_001,1481105000000,1776178103566523145,49.945,0.112189,-0.167274,1.035152,59.309834,-0.000000,-0.007981
909,go2_001,1481145000000,1776178103616594531,50.071,0.112189,-0.167274,1.034927,59.296950,-0.000000,-0.013191
910,go2_001,1481205000000,1776178103666502425,49.908,0.112189,-0.167274,1.034940,59.297679,-0.000000,-0.003516
911,go2_001,1481245000000,1776178103716541827,50.039,0.112189,-0.167274,1.034940,59.297685,-0.000000,-0.005404
912,go2_001,1481285000000,1776178103766568555,50.027,0.112189,-0.167274,1.035459,59.327454,-0.000000,0.007499
913,go2_001,1481345000000,1776178103816550535,49.982,0.112189,-0.167274,1.035447,59.326730,-0.000000,-0.005052
914,go2_001,1481385000000,1776178103866577512,50.027,0.112189,-0.167274,1.034957,59.298668,-0.000000,-0.021671
915,go2_001,1481445000000,1776178103916552783,49.975,0.112189,-0.167274,1.034892,59.294960,-0.000000,-0.012588
916,go2_001,1481505000000,1776178103966536538,49.984,0.112189,-0.167274,1.035061,59.304653,-0.000000,-0.000153
917,go2_001,1481545000000,1776178104016547064,50.011,0.112189,-0.167274,1.034718,59.284948,-0.000000,-0.011188
918,go2_001,1481605000000,1776178104066755382,50.208,0.112189,-0.167274,1.035140,59.309154,-0.000000,-0.005585
919,go2_001,1481645000000,1776178104116561752,49.806,0.112189,-0.167274,1.035424,59.325447,-0.000000,0.000318
920,go2_001,1481685000000,1776178104166571670,50.010,0.112189,-0.167274,1.035434,59.325985,-0.000000,-0.001948
921,go2_001,1481745000000,1776178104216553251,49.982,0.112189,-0.167274,1.034935,59.297394,-0.000000,-0.014855
922,go2_001,1481785000000,1776178104266548724,49.995,0.112189,-0.167274,1.035022,59.302398,-0.000000,-0.006132
923,go2_001,1481845000000,1776178104316549408,50.001,0.112189,-0.167274,1.034493,59.272063,-0.000000,-0.024935
924,go2_001,1481905000000,1776178104366555388,50.006,0.112189,-0.167274,1.034256,59.258517,-0.000000,-0.025294
925,go2_001,1481945000000,1776178104416565514,50.010,0.112189,-0.167274,1.034878,59.294161,-0.000000,0.006109
926,go2_001,1481985000000,1776178104466565943,50.000,0.112189,-0.167274,1.035027,59.302696,-0.000000,-0.000358
927,go2_001,1482045000000,1776178104516608568,50.043,0.112189,-0.167274,1.035853,59.350001,-0.000000,0.016095
928,go2_001,1482085000000,1776178104566613995,50.005,0.112189,-0.167274,1.035750,59.344121,-0.000000,0.008359
929,go2_001,1482145000000,1776178104616574862,49.961,0.112189,-0.167274,1.035206,59.312911,-0.000000,-0.009706
930,go2_001,1482185000000,1776178104666693957,50.119,0.112189,-0.167274,1.035034,59.303055,-0.000000,-0.010026
931,go2_001,1482245000000,1776178104716596856,49.903,0.112189,-0.167274,1.035184,59.311689,-0.000000,0.005331
932,go2_001,1482285000000,1776178104766569686,49.973,0.112189,-0.167274,1.035028,59.302726,-0.000000,0.000167
933,go2_001,1482345000000,1776178104816582871,50.013,0.112189,-0.167274,1.034665,59.281935,-0.000000,-0.019466
934,go2_001,1482385000000,1776178104866554164,49.971,0.112189,-0.167274,1.034796,59.289421,-0.000000,-0.003057
935,go2_001,1482445000000,1776178104916532889,49.979,0.112189,-0.167274,1.034890,59.294841,-0.000000,-0.000343
936,go2_001,1482485000000,1776178104966519105,49.986,0.112189,-0.167274,1.035344,59.320858,-0.000000,0.004705
937,go2_001,1482545000000,1776178105016651861,50.133,0.112189,-0.167274,1.035652,59.338480,-0.000000,0.010863
938,go2_001,1482605000000,1776178105066448525,49.797,0.112189,-0.167274,1.034841,59.292013,-0.000000,-0.018209
939,go2_001,1482645000000,1776178105116600038,50.152,0.112189,-0.167274,1.034792,59.289241,-0.000000,-0.010737
940,go2_001,1482685000000,1776178105166588534,49.988,0.112189,-0.167274,1.034823,59.290984,-0.000000,-0.002838
941,go2_001,1482725000000,1776178105216547556,49.959,0.112189,-0.167274,1.034713,59.284695,-0.000000,-0.012075
942,go2_001,1482785000000,1776178105266544961,49.997,0.112189,-0.167274,1.034916,59.296328,-0.000000,-0.007508
943,go2_001,1482845000000,1776178105316546760,50.002,0.112189,-0.167274,1.034811,59.290286,-0.000000,-0.019496
944,go2_001,1482885000000,1776178105366585742,50.039,0.112189,-0.167274,1.034587,59.277472,-0.000000,-0.013221
945,go2_001,1482945000000,1776178105416604888,50.019,0.112189,-0.167275,1.034737,59.286084,-0.000002,-0.001311
946,go2_001,1482985000000,1776178105466601361,49.996,0.112189,-0.167275,1.035082,59.305851,-0.000002,0.004438
947,go2_001,1483045000000,1776178105516561295,49.960,0.112189,-0.167275,1.035717,59.342204,-0.000002,0.007649
948,go2_001,1483085000000,1776178105566645966,50.085,0.112189,-0.167275,1.035323,59.319617,-0.000002,-0.017237
949,go2_001,1483145000000,1776178105616565184,49.919,0.112189,-0.167275,1.035153,59.309880,-0.000002,-0.012637
950,go2_001,1483185000000,1776178105666559140,49.994,0.112189,-0.167275,1.034764,59.287607,-0.000001,-0.017532
951,go2_001,1483245000000,1776178105716458148,49.899,0.112189,-0.167275,1.035369,59.322247,-0.000001,0.004274
952,go2_001,1483305000000,1776178105766488057,50.030,0.112189,-0.167275,1.034125,59.251007,-0.000001,-0.040230
953,go2_001,1483345000000,1776178105816598178,50.110,0.112189,-0.167275,1.033998,59.243733,-0.000001,-0.030061
954,go2_001,1483385000000,1776178105866572484,49.974,0.112189,-0.167275,1.034255,59.258419,-0.000001,-0.008808
955,go2_001,1483445000000,1776178105916587856,50.015,0.112189,-0.167275,1.034798,59.289565,-0.000001,-0.002261
956,go2_001,1483485000000,1776178105966570048,49.982,0.112189,-0.167275,1.035414,59.324837,-0.000001,0.004434
957,go2_001,1483545000000,1776178106016642969,50.073,0.112189,-0.167275,1.036000,59.358422,-0.000001,-0.000089
958,go2_001,1483585000000,1776178106066595664,49.953,0.112189,-0.167275,1.035627,59.337061,-0.000001,-0.010140
959,go2_001,1483645000000,1776178106116504209,49.909,0.112189,-0.167275,1.035455,59.327206,-0.000001,0.005089
960,go2_001,1483705000000,1776178106166441177,49.937,0.112189,-0.167275,1.034501,59.272549,-0.000000,-0.017596
961,go2_001,1483745000000,1776178106216577038,50.136,0.112189,-0.167275,1.034801,59.289722,-0.000000,-0.004083
962,go2_001,1483785000000,1776178106266596758,50.020,0.112189,-0.167275,1.034408,59.267239,-0.000000,-0.019708
963,go2_001,1483845000000,1776178106316540910,49.944,0.112189,-0.167275,1.034635,59.280192,-0.000000,-0.003285
964,go2_001,1483885000000,1776178106366600113,50.059,0.112189,-0.167275,1.034907,59.295815,-0.000000,0.005484
965,go2_001,1483945000000,1776178106416564360,49.964,0.112189,-0.167275,1.035360,59.321759,-0.000000,0.005897
966,go2_001,1483985000000,1776178106466571875,50.008,0.112189,-0.167275,1.035240,59.314895,-0.000000,-0.008105
967,go2_001,1484045000000,1776178106516574003,50.002,0.112189,-0.167275,1.035379,59.322841,-0.000000,-0.006312
968,go2_001,1484085000000,1776178106566577744,50.004,0.112189,-0.167275,1.035291,59.317809,-0.000000,-0.004256
969,go2_001,1484145000000,1776178106616602292,50.025,0.112189,-0.167275,1.034735,59.285920,-0.000000,-0.013710
970,go2_001,1484185000000,1776178106666547343,49.945,0.112189,-0.167275,1.034553,59.275516,-0.000000,-0.008978
971,go2_001,1484245000000,1776178106716622467,50.075,0.112189,-0.167275,1.034415,59.267642,-0.000000,-0.005717
972,go2_001,1484285000000,1776178106766562675,49.940,0.112189,-0.167275,1.034743,59.286395,-0.000000,0.000124
973,go2_001,1484345000000,1776178106816626316,50.064,0.112189,-0.167275,1.034552,59.275471,-0.000000,-0.018767
974,go2_001,1484405000000,1776178106866456256,49.830,0.112189,-0.167275,1.034715,59.284780,-0.000000,-0.013632
975,go2_001,1484445000000,1776178106916559111,50.103,0.112189,-0.167275,1.035304,59.318558,-0.000000,0.003287
976,go2_001,1484485000000,1776178106966592496,50.033,0.112189,-0.167275,1.035416,59.324975,-0.000000,0.000205
977,go2_001,1484540000000,1776178107016525935,49.933,0.112189,-0.167275,1.035222,59.313830,-0.000000,-0.006253
978,go2_001,1484580000000,1776178107066584413,50.058,0.112189,-0.167275,1.035594,59.335147,-0.000000,0.010857
979,go2_001,1484640000000,1776178107116450496,49.866,0.112189,-0.167275,1.034676,59.282591,0.000000,-0.018585
980,go2_001,1484675000000,1776178107166880075,50.430,0.112189,-0.167275,1.034522,59.273723,0.000000,-0.014807
981,go2_001,1484715000000,1776178107216612126,49.732,0.112189,-0.167275,1.034610,59.278786,0.000000,-0.004558
982,go2_001,1484795000000,1776178107266587196,49.975,0.112189,-0.167275,1.033992,59.243368,0.000000,-0.012682
983,go2_001,1484835000000,1776178107316635076,50.048,0.112189,-0.167275,1.034145,59.252142,0.000000,-0.010940
984,go2_001,1484875000000,1776178107366584004,49.949,0.112189,-0.167275,1.034515,59.273342,0.000000,-0.002414
985,go2_001,1484915000000,1776178107416613179,50.029,0.112189,-0.167275,1.035197,59.312436,0.000000,0.011667
986,go2_001,1484975000000,1776178107466584999,49.972,0.112190,-0.167272,1.035130,59.308572,0.000008,-0.009444
987,go2_001,1485015000000,1776178107516556440,49.971,0.112190,-0.167272,1.034997,59.300952,0.000007,-0.005234
988,go2_001,1485095000000,1776178107566595153,50.039,0.112190,-0.167272,1.034626,59.279726,0.000006,-0.014645
989,go2_001,1485135000000,1776178107616561323,49.966,0.112190,-0.167272,1.034682,59.282903,0.000005,-0.010486
990,go2_001,1485175000000,1776178107666587755,50.026,0.112190,-0.167272,1.034309,59.261547,0.000005,-0.016568
991,go2_001,1485215000000,1776178107716579634,49.992,0.112190,-0.167272,1.034370,59.265048,0.000005,0.007495
992,go2_001,1485275000000,1776178107766632236,50.053,0.112190,-0.167272,1.034577,59.276899,0.000004,0.001026
993,go2_001,1485315000000,1776178107816561150,49.929,0.112190,-0.167272,1.035510,59.330358,0.000004,0.016848
994,go2_001,1485375000000,1776178107866574034,50.013,0.112190,-0.167272,1.035305,59.318603,0.000003,-0.020753
995,go2_001,1485435000000,1776178107916543435,49.969,0.112190,-0.167272,1.035501,59.329830,0.000003,-0.010008
996,go2_001,1485495000000,1776178107966540546,49.997,0.112190,-0.167272,1.034594,59.277858,0.000002,-0.022342
997,go2_001,1485535000000,1776178108016628090,50.088,0.112190,-0.167272,1.034656,59.281425,0.000002,-0.002333
998,go2_001,1485575000000,1776178108066570784,49.943,0.112190,-0.167272,1.034654,59.281295,0.000002,-0.004308
999,go2_001,1485615000000,1776178108116577390,50.007,0.112190,-0.167272,1.034330,59.262760,0.000002,-0.023208
1000,go2_001,1485675000000,1776178108166578355,50.001,0.112190,-0.167272,1.033932,59.239951,0.000002,-0.028558
1001,go2_001,1485715000000,1776178108216699724,50.121,0.112190,-0.167272,1.034870,59.293680,0.000001,0.011929
1002,go2_001,1485795000000,1776178108266501070,49.801,0.112190,-0.167272,1.034751,59.286842,0.000001,-0.007418
1003,go2_001,1485835000000,1776178108316579707,50.079,0.112190,-0.167272,1.034784,59.288734,0.000001,-0.007697
1004,go2_001,1485875000000,1776178108366538144,49.958,0.112190,-0.167272,1.034541,59.274827,0.000001,-0.015812
1005,go2_001,1485915000000,1776178108416619637,50.081,0.112190,-0.167272,1.035214,59.313365,0.000001,0.011172
1006,go2_001,1485975000000,1776178108466572584,49.953,0.112190,-0.167272,1.035344,59.320831,0.000001,-0.008884
1007,go2_001,1486015000000,1776178108516579324,50.007,0.112190,-0.167272,1.035473,59.328240,0.000001,0.001621
1008,go2_001,1486095000000,1776178108566573808,49.994,0.112190,-0.167272,1.033931,59.239877,0.000001,-0.018752
1009,go2_001,1486135000000,1776178108616554142,49.980,0.112190,-0.167272,1.034051,59.246763,0.000000,-0.012850
1010,go2_001,1486195000000,1776178108666624804,50.071,0.112190,-0.167272,1.034439,59.269010,0.000000,0.005517
1011,go2_001,1486235000000,1776178108716491697,49.867,0.112190,-0.167272,1.034472,59.270880,0.000000,-0.013192
1012,go2_001,1486275000000,1776178108766613317,50.122,0.112190,-0.167272,1.035052,59.304114,0.000000,0.011007
1013,go2_001,1486310000000,1776178108816638772,50.025,0.112190,-0.167272,1.034457,59.270002,0.000000,-0.016362
1014,go2_001,1486375000000,1776178108866574198,49.935,0.112190,-0.167272,1.034862,59.293197,0.000000,-0.000812
1015,go2_001,1486415000000,1776178108916581157,50.007,0.112190,-0.167272,1.035644,59.338033,0.000000,0.017122
1016,go2_001,1486495000000,1776178108966545738,49.965,0.112190,-0.167272,1.035215,59.313469,0.000000,-0.010574
1017,go2_001,1486535000000,1776178109016611010,50.065,0.112190,-0.167272,1.034973,59.299580,0.000000,-0.018641
1018,go2_001,1486595000000,1776178109066506570,49.896,0.112190,-0.167272,1.033859,59.235745,0.000000,-0.030297
1019,go2_001,1486615000000,1776178109116539902,50.033,0.112190,-0.167272,1.033862,59.235910,0.000000,-0.016928
1020,go2_001,1486675000000,1776178109166487381,49.947,0.112190,-0.167272,1.034078,59.248309,0.000000,-0.002849
1021,go2_001,1486715000000,1776178109216564598,50.077,0.112190,-0.167272,1.034507,59.272902,-0.000000,0.003131
1022,go2_001,1486775000000,1776178109266573638,50.009,0.112190,-0.167272,1.034728,59.285575,-0.000000,-0.003019
1023,go2_001,1486835000000,1776178109316580698,50.007,0.112190,-0.167272,1.034706,59.284298,-0.000000,-0.005379
1024,go2_001,1486895000000,1776178109366573203,49.993,0.112190,-0.167272,1.034871,59.293749,-0.000000,-0.004503
1025,go2_001,1486935000000,1776178109416615082,50.042,0.112190,-0.167272,1.035231,59.314363,-0.000000,0.001097
1026,go2_001,1486970000000,1776178109467086267,50.471,0.112190,-0.167272,1.035347,59.321035,-0.000000,-0.001161
1027,go2_001,1487010000000,1776178109516571726,49.485,0.112190,-0.167272,1.034751,59.286857,-0.000000,-0.014906
1028,go2_001,1487070000000,1776178109566566986,49.995,0.112190,-0.167272,1.033883,59.237143,-0.000000,-0.024869
1029,go2_001,1487130000000,1776178109616744946,50.178,0.112190,-0.167272,1.033922,59.239365,-0.000000,-0.009689
1030,go2_001,1487190000000,1776178109666500378,49.755,0.112190,-0.167272,1.034077,59.248257,-0.000000,-0.001632
1031,go2_001,1487230000000,1776178109716539967,50.040,0.112190,-0.167272,1.034092,59.249094,-0.000000,-0.004166
1032,go2_001,1487270000000,1776178109766546840,50.007,0.112190,-0.167272,1.034602,59.278331,-0.000000,0.006864
1033,go2_001,1487310000000,1776178109816559222,50.012,0.112190,-0.167272,1.035259,59.315944,-0.000000,0.014977
1034,go2_001,1487370000000,1776178109866557268,49.998,0.112190,-0.167272,1.035258,59.315908,-0.000000,-0.009846
1035,go2_001,1487430000000,1776178109916728708,50.171,0.112190,-0.167272,1.034905,59.295714,-0.000000,-0.011688
1036,go2_001,1487490000000,1776178109966537029,49.808,0.112190,-0.167272,1.034078,59.248331,-0.000000,-0.016628
1037,go2_001,1487530000000,1776178110016615320,50.078,0.112190,-0.167272,1.034584,59.277300,-0.000000,0.014129
1038,go2_001,1487590000000,1776178110066863055,50.248,0.112190,-0.167272,1.034415,59.267630,-0.000000,0.005008
1039,go2_001,1487610000000,1776178110116549848,49.687,0.112190,-0.167272,1.034271,59.259383,-0.000000,-0.003898
1040,go2_001,1487670000000,1776178110166538238,49.988,0.112190,-0.167272,1.034560,59.275916,-0.000000,0.009362
1041,go2_001,1487710000000,1776178110216543578,50.005,0.112190,-0.167272,1.034802,59.289770,-0.000000,0.008087
1042,go2_001,1487790000000,1776178110266622259,50.079,0.112190,-0.167272,1.035033,59.303031,-0.000000,0.001587
1043,go2_001,1487830000000,1776178110316550785,49.929,0.112190,-0.167272,1.035082,59.305834,-0.000000,-0.002487
1044,go2_001,1487890000000,1776178110366458420,49.908,0.112190,-0.167272,1.034564,59.276156,-0.000000,-0.022555
1045,go2_001,1487930000000,1776178110416818263,50.360,0.112190,-0.167272,1.034714,59.284728,-0.000000,-0.010233
1046,go2_001,1487970000000,1776178110466588467,49.770,0.112190,-0.167272,1.034318,59.262068,-0.000000,-0.015997
1047,go2_001,1488010000000,1776178110516560449,49.972,0.112190,-0.167272,1.033518,59.216225,-0.000000,-0.030572
1048,go2_001,1488070000000,1776178110566560399,50.000,0.112190,-0.167272,1.033307,59.204130,-0.000000,-0.023688
1049,go2_001,1488130000000,1776178110616624943,50.065,0.112190,-0.167272,1.033825,59.233819,-0.000000,-0.009602
1050,go2_001,1488170000000,1776178110666574605,49.950,0.112190,-0.167272,1.034491,59.271964,-0.000000,0.003548
1051,go2_001,1488230000000,1776178110716711113,50.137,0.112190,-0.167272,1.034757,59.287196,-0.000000,-0.004684
1052,go2_001,1488270000000,1776178110766601438,49.890,0.112190,-0.167272,1.034468,59.270665,-0.000000,-0.012185
1053,go2_001,1488330000000,1776178110816695798,50.094,0.112190,-0.167272,1.033881,59.237035,-0.000000,-0.015547
1054,go2_001,1488370000000,1776178110866584275,49.888,0.112190,-0.167272,1.034042,59.246252,-0.000000,-0.007613
1055,go2_001,1488410000000,1776178110916547109,49.963,0.112190,-0.167272,1.034587,59.277454,-0.000000,0.004240
1056,go2_001,1488490000000,1776178110966518512,49.971,0.112190,-0.167272,1.034297,59.260865,-0.000000,-0.009580
1057,go2_001,1488530000000,1776178111016541191,50.023,0.112190,-0.167272,1.033935,59.240112,-0.000000,-0.014541
1058,go2_001,1488590000000,1776178111066496211,49.955,0.112190,-0.167272,1.033485,59.214349,-0.000000,-0.011631
1059,go2_001,1488630000000,1776178111116603588,50.107,0.112190,-0.167272,1.034140,59.251860,-0.000000,0.009179
1060,go2_001,1488690000000,1776178111166539520,49.936,0.112190,-0.167272,1.034040,59.246105,-0.000000,-0.016960
1061,go2_001,1488710000000,1776178111216580740,50.041,0.112190,-0.167272,1.034637,59.280355,-0.000000,0.006474
1062,go2_001,1488750000000,1776178111266597565,50.017,0.112190,-0.167272,1.034043,59.246283,-0.000000,-0.007406
1063,go2_001,1488830000000,1776178111316648475,50.051,0.112190,-0.167272,1.033971,59.242191,-0.000000,0.001170
1064,go2_001,1488870000000,1776178111366588650,49.940,0.112190,-0.167272,1.034494,59.272159,-0.000000,0.014433
1065,go2_001,1488910000000,1776178111416702164,50.114,0.112190,-0.167272,1.034600,59.278212,-0.000000,0.010325
1066,go2_001,1488990000000,1776178111466573021,49.871,0.112190,-0.167272,1.033876,59.236708,-0.000000,-0.007512
1067,go2_001,1489030000000,1776178111516563802,49.991,0.112190,-0.167272,1.034160,59.253023,-0.000000,0.004525
1068,go2_001,1489070000000,1776178111567116650,50.553,0.112190,-0.167272,1.034032,59.245690,-0.000000,-0.004406
1069,go2_001,1489125000000,1776178111616561036,49.444,0.112190,-0.167272,1.033995,59.243569,-0.000000,-0.004028
1070,go2_001,1489165000000,1776178111666572637,50.012,0.112190,-0.167272,1.033741,59.228978,-0.000000,-0.013525
1071,go2_001,1489225000000,1776178111716558914,49.986,0.112190,-0.167272,1.033902,59.238248,-0.000000,-0.015207
1072,go2_001,1489285000000,1776178111766892274,50.333,0.112190,-0.167272,1.034275,59.259612,-0.000000,0.002242
1073,go2_001,1489325000000,1776178111816563989,49.672,0.112190,-0.167272,1.033959,59.241467,-0.000000,-0.009569
1074,go2_001,1489385000000,1776178111866576476,50.012,0.112190,-0.167272,1.034358,59.264358,-0.000000,0.006446
1075,go2_001,1489425000000,1776178111916617816,50.041,0.112190,-0.167272,1.034208,59.255727,-0.000000,-0.005273
1076,go2_001,1489465000000,1776178111966571718,49.954,0.112190,-0.167272,1.034173,59.253761,-0.000000,-0.003501
1077,go2_001,1489525000000,1776178112016561947,49.990,0.112190,-0.167272,1.034100,59.249570,-0.000000,-0.006653
1078,go2_001,1489565000000,1776178112066558712,49.997,0.112190,-0.167272,1.033978,59.242573,-0.000000,-0.006781
1079,go2_001,1489625000000,1776178112116547840,49.989,0.112190,-0.167272,1.034134,59.251540,-0.000000,-0.002188
1080,go2_001,1489685000000,1776178112166561368,50.014,0.112190,-0.167272,1.033612,59.221595,-0.000000,-0.020013
1081,go2_001,1489725000000,1776178112216666950,50.106,0.112190,-0.167272,1.033896,59.237855,-0.000000,-0.006666
1082,go2_001,1489785000000,1776178112266477255,49.810,0.112190,-0.167272,1.034129,59.251247,-0.000000,0.001737
1083,go2_001,1489805000000,1776178112316618019,50.141,0.112190,-0.167272,1.034263,59.258914,-0.000000,-0.000430
1084,go2_001,1489865000000,1776178112366646568,50.029,0.112190,-0.167272,1.034255,59.258464,-0.000000,-0.009107
1085,go2_001,1489925000000,1776178112416558572,49.912,0.112190,-0.167272,1.033791,59.231833,-0.000000,-0.014698
1086,go2_001,1489965000000,1776178112467461494,50.903,0.112190,-0.167272,1.033701,59.226718,-0.000000,-0.003459
1087,go2_001,1490025000000,1776178112516575530,49.114,0.112190,-0.167272,1.034145,59.252147,-0.000000,0.015877
1088,go2_001,1490085000000,1776178112566495715,49.920,0.112190,-0.167272,1.033966,59.241864,-0.000000,0.002683
1089,go2_001,1490125000000,1776178112616695567,50.200,0.112190,-0.167272,1.033235,59.199991,-0.000000,-0.022791
1090,go2_001,1490165000000,1776178112666625284,49.930,0.112190,-0.167272,1.033166,59.196073,-0.000000,-0.016921
1091,go2_001,1490225000000,1776178112716542172,49.917,0.112190,-0.167272,1.033984,59.242924,-0.000000,0.008984
1092,go2_001,1490265000000,1776178112766598343,50.056,0.112190,-0.167272,1.034422,59.268035,-0.000000,0.008527
1093,go2_001,1490325000000,1776178112816567986,49.970,0.112190,-0.167272,1.034595,59.277955,-0.000000,0.008301
1094,go2_001,1490385000000,1776178112866528409,49.960,0.112190,-0.167272,1.033796,59.232167,-0.000000,-0.002041
1095,go2_001,1490425000000,1776178112916596652,50.068,0.112190,-0.167272,1.033540,59.217504,-0.000000,-0.004488
1096,go2_001,1490465000000,1776178112966571924,49.975,0.112190,-0.167272,1.033936,59.240189,-0.000000,0.009651
1097,go2_001,1490525000000,1776178113016579487,50.008,0.112190,-0.167272,1.034343,59.263489,-0.000000,0.008845
1098,go2_001,1490565000000,1776178113066558614,49.979,0.112190,-0.167272,1.034023,59.245154,-0.000000,-0.012186
1099,go2_001,1490625000000,1776178113116552921,49.994,0.112190,-0.167272,1.033941,59.240471,-0.000000,-0.001043
1100,go2_001,1490685000000,1776178113166529088,49.976,0.112190,-0.167272,1.034399,59.266693,-0.000000,0.009058
1101,go2_001,1490725000000,1776178113216557854,50.029,0.112190,-0.167272,1.035175,59.311138,-0.000000,0.026945
1102,go2_001,1490785000000,1776178113266447017,49.889,0.112190,-0.167272,1.033769,59.230602,-0.000000,-0.018173
1103,go2_001,1490825000000,1776178113316636037,50.189,0.112190,-0.167272,1.033189,59.197346,-0.000000,-0.018056
1104,go2_001,1490845000000,1776178113366560123,49.924,0.112190,-0.167272,1.033103,59.192453,-0.000000,-0.013725
1105,go2_001,1490925000000,1776178113416717373,50.157,0.112190,-0.167272,1.033363,59.207330,-0.000000,-0.005045
1106,go2_001,1490965000000,1776178113466718844,50.001,0.112190,-0.167272,1.033763,59.230233,-0.000000,0.002834
1107,go2_001,1491025000000,1776178113516558036,49.839,0.112190,-0.167272,1.034322,59.262287,-0.000000,0.014228
1108,go2_001,1491085000000,1776178113566911682,50.354,0.112190,-0.167272,1.034174,59.253818,-0.000000,-0.004177
1109,go2_001,1491125000000,1776178113616590114,49.678,0.112190,-0.167272,1.034251,59.258220,-0.000000,-0.003573
1110,go2_001,1491165000000,1776178113666587713,49.998,0.112190,-0.167272,1.034460,59.270188,-0.000000,0.004036
1111,go2_001,1491225000000,1776178113716599643,50.012,0.112190,-0.167272,1.034703,59.284126,-0.000000,0.004493
1112,go2_001,1491265000000,1776178113766676387,50.077,0.112190,-0.167272,1.034095,59.249274,-0.000000,-0.014066
1113,go2_001,1491325000000,1776178113816573934,49.898,0.112190,-0.167272,1.033611,59.221550,-0.000000,-0.002861
1114,go2_001,1491385000000,1776178113866520206,49.946,0.112190,-0.167272,1.033019,59.187622,-0.000000,-0.008371
1115,go2_001,1491425000000,1776178113916604386,50.084,0.112190,-0.167272,1.033721,59.227875,-0.000000,0.013239
1116,go2_001,1491465000000,1776178113966640885,50.036,0.112190,-0.167272,1.034154,59.252684,-0.000000,0.009522
1117,go2_001,1491525000000,1776178114016612494,49.972,0.112190,-0.167272,1.034794,59.289315,-0.000000,0.011774
1118,go2_001,1491565000000,1776178114066634235,50.022,0.112190,-0.167272,1.034965,59.299154,-0.000000,0.005620
1119,go2_001,1491625000000,1776178114116489594,49.855,0.112190,-0.167272,1.034335,59.263014,-0.000000,-0.018651
1120,go2_001,1491685000000,1776178114166523520,50.034,0.112190,-0.167272,1.033463,59.213058,-0.000000,-0.020569
1121,go2_001,1491725000000,1776178114216633877,50.110,0.112190,-0.167272,1.032932,59.182667,-0.000000,-0.018391
1122,go2_001,1491765000000,1776178114266630356,49.996,0.112190,-0.167272,1.033055,59.189706,-0.000000,-0.005565
1123,go2_001,1491825000000,1776178114316509481,49.879,0.112190,-0.167272,1.033595,59.220617,-0.000000,0.003189
1124,go2_001,1491865000000,1776178114366599883,50.090,0.112190,-0.167272,1.033884,59.237213,-0.000000,0.004395
1125,go2_001,1491925000000,1776178114416564994,49.965,0.112190,-0.167272,1.033771,59.230697,-0.000000,-0.004546
1126,go2_001,1491965000000,1776178114466579241,50.014,0.112190,-0.167272,1.033501,59.215263,-0.000000,-0.012002
1127,go2_001,1492025000000,1776178114516499194,49.920,0.112190,-0.167272,1.033929,59.239778,-0.000000,0.003712
