seq,robot_id,source_timestamp_ns,adapter_receive_time_ns,adapter_publish_time_ns,adapter_publish_monotonic_ns,source_to_receive_ms,receive_to_publish_ms,publish_period_ms,x,y,z,yaw_rad,v_linear_x,v_linear_y,v_linear_z,v_angular_x,v_angular_y,v_angular_z
0,go2_001,36710000000,1776853825354402306,1776853825384415584,31039055998229,1776853788644.402,30.013,,-0.085745,-0.016806,0.000000,-0.157082,0.076299,-0.011007,0.000000,0.000000,0.000000,0.256004
1,go2_001,36790000000,1776853825431115040,1776853825434350415,31039105932884,1776853788641.115,3.235,49.935,-0.072173,-0.017063,0.000000,-0.172307,0.091842,-0.003085,0.000000,0.000000,0.000000,-0.187919
2,go2_001,36845000000,1776853825483158592,1776853825484516893,31039156099953,1776853788638.159,1.358,50.166,-0.069792,-0.019164,0.000000,-0.172486,0.086245,-0.007091,0.000000,0.000000,0.000000,0.085600
3,go2_001,36890000000,1776853825524448099,1776853825534758646,31039206341602,1776853788634.448,10.311,50.242,-0.069503,-0.019012,0.000000,-0.146460,0.077682,-0.006635,0.000000,0.000000,0.000000,0.534763
4,go2_001,36925000000,1776853825566154560,1776853825584558643,31039256141530,1776853788641.155,18.404,49.800,-0.069960,-0.018666,0.000000,-0.110633,0.069886,-0.006161,0.000000,0.000000,0.000000,0.883644
5,go2_001,36985000000,1776853825628361766,1776853825634508187,31039306090789,1776853788643.362,6.146,49.950,-0.066432,-0.017518,0.000000,-0.050631,0.067424,-0.002338,0.000000,0.000000,0.000000,1.053502
6,go2_001,37025000000,1776853825670764370,1776853825684654691,31039356237663,1776853788645.764,13.890,50.147,-0.058143,-0.020561,0.000000,-0.002710,0.080983,-0.006989,0.000000,0.000000,0.000000,1.014808
7,go2_001,37085000000,1776853825733073438,1776853825734379644,31039405962338,1776853788648.073,1.306,49.725,-0.047558,-0.022189,0.000000,0.033850,0.093784,-0.008434,0.000000,0.000000,0.000000,0.570721
8,go2_001,37120000000,1776853825775334190,1776853825784643952,31039456226440,1776853788655.334,9.310,50.264,-0.048112,-0.021603,0.000000,0.048951,0.084684,-0.007797,0.000000,0.000000,0.000000,0.387990
9,go2_001,37185000000,1776853825826754221,1776853825834442111,31039506024719,1776853788641.754,7.688,49.798,-0.047883,-0.020921,0.000000,0.079043,0.072346,-0.006991,0.000000,0.000000,0.000000,0.535865
10,go2_001,37225000000,1776853825867938823,1776853825884402030,31039555984582,1776853788642.939,16.463,49.960,-0.041396,-0.020674,0.000000,0.095400,0.080365,-0.006132,0.000000,0.000000,0.000000,0.430277
11,go2_001,37265000000,1776853825909398210,1776853825934686977,31039606269424,1776853788644.398,25.289,50.285,-0.038875,-0.018980,0.000000,0.092701,0.078750,-0.002553,0.000000,0.000000,0.000000,-0.043431
12,go2_001,37320000000,1776853825970878320,1776853825984886805,31039656469284,1776853788650.878,14.008,50.200,-0.030357,-0.014092,0.000000,0.078898,0.087900,0.008289,0.000000,0.000000,0.000000,0.007208
13,go2_001,37380000000,1776853826032788037,1776853826034570805,31039706153366,1776853788652.788,1.783,49.684,-0.031257,-0.012843,0.000000,0.101547,0.073936,0.009370,0.000000,0.000000,0.000000,0.450849
14,go2_001,37420000000,1776853826076933401,1776853826084434039,31039756016583,1776853788656.933,7.501,49.863,-0.031443,-0.012666,0.000000,0.135400,0.066423,0.008573,0.000000,0.000000,0.000000,0.812149
15,go2_001,37480000000,1776853826128937738,1776853826134514867,31039806097531,1776853788648.938,5.577,50.081,-0.027874,-0.010294,0.000000,0.218566,0.065805,0.011613,0.000000,0.000000,0.000000,1.332175
16,go2_001,37520000000,1776853826170485983,1776853826184604191,31039856186770,1776853788650.486,14.118,50.089,-0.028543,-0.014756,0.000000,0.257812,0.056898,-0.000429,0.000000,0.000000,0.000000,0.947082
17,go2_001,37575000000,1776853826232856113,1776853826234412133,31039905994506,1776853788657.856,1.556,49.808,-0.009752,-0.010862,0.000000,0.285023,0.093566,0.002093,0.000000,0.000000,0.000000,0.527135
18,go2_001,37615000000,1776853826274533180,1776853826284401001,31039955983563,1776853788659.533,9.868,49.989,-0.010036,-0.010379,0.000000,0.299672,0.084574,0.001872,0.000000,0.000000,0.000000,0.310701
19,go2_001,37655000000,1776853826315196732,1776853826334515385,31040006098047,1776853788660.197,19.319,50.114,-0.010294,-0.009985,0.000000,0.305937,0.076274,0.001669,0.000000,0.000000,0.000000,0.148460
20,go2_001,37715000000,1776853826380155923,1776853826384388546,31040055970929,1776853788665.156,4.233,49.873,-0.007497,-0.008768,0.000000,0.335162,0.072748,0.001638,0.000000,0.000000,0.000000,0.483233
21,go2_001,37775000000,1776853826422009701,1776853826434385116,31040105967542,1776853788647.010,12.375,49.997,-0.002046,-0.003791,0.000000,0.344709,0.077812,0.008513,0.000000,0.000000,0.000000,0.148981
22,go2_001,37815000000,1776853826474315408,1776853826484362177,31040155944561,1776853788659.315,10.047,49.977,0.007253,-0.001016,0.000000,0.342984,0.093256,0.007971,0.000000,0.000000,0.000000,0.018030
23,go2_001,37855000000,1776853826505109138,1776853826534452715,31040206035216,1776853788650.109,29.344,50.091,0.009214,0.001851,0.000000,0.349248,0.091054,0.011898,0.000000,0.000000,0.000000,0.207861
24,go2_001,37890000000,1776853826546458265,1776853826584437904,31040256020348,1776853788656.458,37.980,49.985,0.008554,0.001809,0.000000,0.362594,0.082272,0.010878,0.000000,0.000000,0.000000,0.290910
25,go2_001,37950000000,1776853826607955207,1776853826634407867,31040305990462,1776853788657.955,26.453,49.970,0.008188,0.002053,0.000000,0.414603,0.070372,0.009516,0.000000,0.000000,0.000000,0.909008
26,go2_001,38010000000,1776853826681004349,1776853826684350174,31040355932707,1776853788671.004,3.346,49.942,0.012132,0.001416,0.000000,0.493514,0.067980,0.002724,0.000000,0.000000,0.000000,1.028670
27,go2_001,38070000000,1776853826721757614,1776853826734571856,31040406154338,1776853788651.758,12.814,50.222,0.014922,-0.004356,0.000000,0.524296,0.059422,-0.013558,0.000000,0.000000,0.000000,0.759473
28,go2_001,38125000000,1776853826784371699,1776853826784649141,31040456231526,1776853788659.372,0.277,50.077,0.015643,-0.003567,0.000000,0.547219,0.053218,-0.012202,0.000000,0.000000,0.000000,0.308052
29,go2_001,38165000000,1776853826826140389,1776853826834602486,31040506185137,1776853788661.140,8.462,49.953,0.015494,-0.003322,0.000000,0.558387,0.047476,-0.011291,0.000000,0.000000,0.000000,0.310289
30,go2_001,38205000000,1776853826866706720,1776853826884426573,31040556009176,1776853788661.707,17.720,49.824,0.015357,-0.003107,0.000000,0.584948,0.042189,-0.010444,0.000000,0.000000,0.000000,0.471295
31,go2_001,38265000000,1776853826928921919,1776853826934460922,31040606043298,1776853788663.922,5.539,50.034,0.023855,0.002311,0.000000,0.598930,0.058171,-0.007910,0.000000,0.000000,0.000000,0.241428
32,go2_001,38305000000,1776853826970290872,1776853826984363154,31040655945443,1776853788665.291,14.072,49.902,0.030849,0.006818,0.000000,0.600108,0.071759,-0.006507,0.000000,0.000000,0.000000,0.099106
33,go2_001,38365000000,1776853827021759974,1776853827034607546,31040706190151,1776853788656.760,12.848,50.244,0.034409,0.008196,0.000000,0.626247,0.069916,-0.007917,0.000000,0.000000,0.000000,0.480766
34,go2_001,38425000000,1776853827083643381,1776853827084281566,31040755863964,1776853788658.644,0.638,49.674,0.034054,0.008432,0.000000,0.664526,0.059511,-0.007027,0.000000,0.000000,0.000000,0.666138
35,go2_001,38445000000,1776853827104235622,1776853827134548080,31040806130834,1776853788659.236,30.312,50.267,0.033939,0.008512,0.000000,0.684907,0.056322,-0.006752,0.000000,0.000000,0.000000,0.861822
36,go2_001,38505000000,1776853827176247940,1776853827184402965,31040855985469,1776853788671.248,8.155,49.855,0.041201,0.012534,0.000000,0.740603,0.067213,-0.008838,0.000000,0.000000,0.000000,0.891911
37,go2_001,38565000000,1776853827227571556,1776853827234376538,31040905958901,1776853788662.572,6.805,49.974,0.053464,0.022656,0.000000,0.791207,0.093627,-0.006408,0.000000,0.000000,0.000000,0.726587
38,go2_001,38605000000,1776853827270458879,1776853827284363888,31040955946343,1776853788665.459,13.905,49.987,0.055785,0.027695,0.000000,0.806465,0.096392,-0.001144,0.000000,0.000000,0.000000,0.481759
39,go2_001,38665000000,1776853827333312926,1776853827334296829,31041005879041,1776853788668.313,0.984,49.933,0.053191,0.027496,0.000000,0.842942,0.078747,0.000618,0.000000,0.000000,0.000000,0.524148
40,go2_001,38705000000,1776853827364525921,1776853827384379663,31041055962082,1776853788659.526,19.854,50.083,0.052754,0.027679,0.000000,0.861762,0.070928,0.000558,0.000000,0.000000,0.000000,0.509921
41,go2_001,38760000000,1776853827426437196,1776853827434361807,31041105944214,1776853788666.437,7.925,49.982,0.057755,0.034265,0.000000,0.874254,0.080958,0.002874,0.000000,0.000000,0.000000,0.206244
42,go2_001,38800000000,1776853827467747244,1776853827484464436,31041156047028,1776853788667.747,16.717,50.103,0.063676,0.039065,0.000000,0.875647,0.091367,0.000349,0.000000,0.000000,0.000000,0.155776
43,go2_001,38860000000,1776853827531113313,1776853827534415091,31041205997617,1776853788671.113,3.302,49.951,0.063105,0.039223,0.000000,0.897705,0.078494,0.000292,0.000000,0.000000,0.000000,0.425569
44,go2_001,38900000000,1776853827573568774,1776853827584415626,31041255998117,1776853788673.569,10.847,50.001,0.062766,0.039304,0.000000,0.925260,0.070746,0.000258,0.000000,0.000000,0.000000,0.638977
45,go2_001,38940000000,1776853827616708389,1776853827634472415,31041306055442,1776853788676.708,17.764,50.057,0.062437,0.039385,0.000000,0.957940,0.063613,0.000226,0.000000,0.000000,0.000000,0.761146
46,go2_001,39000000000,1776853827678488806,1776853827684757646,31041356340110,1776853788678.489,6.269,50.285,0.065366,0.047509,0.000000,1.040837,0.073158,0.005968,0.000000,0.000000,0.000000,1.149904
47,go2_001,39055000000,1776853827730203314,1776853827734494912,31041406077206,1776853788675.203,4.292,49.737,0.075022,0.060843,0.000000,1.089885,0.101904,0.005920,0.000000,0.000000,0.000000,0.958185
48,go2_001,39095000000,1776853827771529250,1776853827784408237,31041455990775,1776853788676.529,12.879,49.913,0.077600,0.061017,0.000000,1.107307,0.097034,-0.000732,0.000000,0.000000,0.000000,0.624519
49,go2_001,39160000000,1776853827833243684,1776853827834288814,31041505871616,1776853788673.244,1.045,49.881,0.076854,0.061651,0.000000,1.129559,0.083482,-0.000672,0.000000,0.000000,0.000000,0.291653
50,go2_001,39200000000,1776853827874516506,1776853827884588259,31041556170878,1776853788674.517,10.072,50.299,0.076326,0.061728,0.000000,1.147345,0.075256,-0.000633,0.000000,0.000000,0.000000,0.494369
51,go2_001,39240000000,1776853827915658399,1776853827934657434,31041606240343,1776853788675.658,18.999,50.069,0.080494,0.068505,0.000000,1.156238,0.086687,-0.001456,0.000000,0.000000,0.000000,0.218035
52,go2_001,39295000000,1776853827978122089,1776853827984543847,31041656126704,1776853788683.122,6.422,49.886,0.083152,0.081967,0.000000,1.151068,0.106168,0.007966,0.000000,0.000000,0.000000,-0.101866
53,go2_001,39335000000,1776853828018797185,1776853828034401968,31041705984488,1776853788683.797,15.605,49.858,0.084380,0.086893,0.000000,1.156631,0.108108,0.009672,0.000000,0.000000,0.000000,0.269502
54,go2_001,39415000000,1776853828081916943,1776853828084314057,31041755896470,1776853788666.917,2.397,49.912,0.083527,0.086738,0.000000,1.206627,0.088636,0.008152,0.000000,0.000000,0.000000,0.622360
55,go2_001,39455000000,1776853828134043262,1776853828134268103,31041805850418,1776853788679.043,0.225,49.954,0.086874,0.091700,0.000000,1.243109,0.094728,0.004739,0.000000,0.000000,0.000000,1.055530
56,go2_001,39495000000,1776853828177811348,1776853828184394736,31041855977529,1776853788682.811,6.583,50.127,0.089792,0.099987,0.000000,1.296286,0.106687,0.005254,0.000000,0.000000,0.000000,1.292649
57,go2_001,39550000000,1776853828227440681,1776853828234623543,31041906206176,1776853788677.441,7.183,50.229,0.094864,0.113701,0.000000,1.348560,0.127726,0.004342,0.000000,0.000000,0.000000,0.950131
58,go2_001,39590000000,1776853828280062013,1776853828284685318,31041956267837,1776853788690.062,4.623,50.062,0.091936,0.116321,0.000000,1.375657,0.119847,0.010829,0.000000,0.000000,0.000000,0.513345
59,go2_001,39630000000,1776853828320489933,1776853828334422261,31042006005169,1776853788690.490,13.932,49.737,0.091126,0.116233,0.000000,1.391346,0.108756,0.009937,0.000000,0.000000,0.000000,0.377869
60,go2_001,39710000000,1776853828382879010,1776853828384314358,31042055896967,1776853788672.879,1.435,49.892,0.091219,0.120854,0.000000,1.406682,0.101088,0.008726,0.000000,0.000000,0.000000,0.182753
61,go2_001,39755000000,1776853828423520080,1776853828434503977,31042106086603,1776853788668.520,10.984,50.190,0.090531,0.130067,0.000000,1.404682,0.111371,0.014308,0.000000,0.000000,0.000000,-0.011664
62,go2_001,39790000000,1776853828466936927,1776853828484493576,31042156076191,1776853788676.937,17.557,49.990,0.091589,0.142033,0.000000,1.401232,0.130423,0.017265,0.000000,0.000000,0.000000,-0.028253
63,go2_001,39830000000,1776853828518640839,1776853828534677235,31042206259653,1776853788688.641,16.036,50.184,0.092895,0.146848,0.000000,1.420680,0.130713,0.014822,0.000000,0.000000,0.000000,0.448083
64,go2_001,39890000000,1776853828561515856,1776853828585733672,31042257316058,1776853788671.516,24.218,51.056,0.091546,0.149363,0.000000,1.454482,0.118873,0.015866,0.000000,0.000000,0.000000,0.561859
65,go2_001,39920000000,1776853828616278122,1776853828634369799,31042305952120,1776853788696.278,18.092,48.636,0.091169,0.148009,0.000000,1.467204,0.107719,0.014496,0.000000,0.000000,0.000000,0.847862
66,go2_001,39995000000,1776853828681620147,1776853828684370303,31042355952685,1776853788686.620,2.750,50.001,0.092999,0.150761,0.000000,1.575703,0.097400,0.006844,0.000000,0.000000,0.000000,1.207789
67,go2_001,40040000000,1776853828733667902,1776853828734352268,31042405934458,1776853788693.668,0.684,49.982,0.094128,0.161821,0.000000,1.616448,0.113571,0.005749,0.000000,0.000000,0.000000,0.993051
68,go2_001,40080000000,1776853828775983981,1776853828784508415,31042456090947,1776853788695.984,8.524,50.156,0.091777,0.173575,0.000000,1.644204,0.130256,0.012090,0.000000,0.000000,0.000000,0.724712
69,go2_001,40115000000,1776853828819249225,1776853828834403935,31042505986417,1776853788704.249,15.155,49.896,0.087029,0.172318,0.000000,1.654347,0.116584,0.020189,0.000000,0.000000,0.000000,0.367338
70,go2_001,40175000000,1776853828880540404,1776853828884356745,31042555939130,1776853788705.540,3.816,49.953,0.086058,0.171867,0.000000,1.670781,0.100520,0.017719,0.000000,0.000000,0.000000,0.260705
71,go2_001,40220000000,1776853828913340019,1776853828934522937,31042606105353,1776853788693.340,21.183,50.166,0.085442,0.172039,0.000000,1.673969,0.090815,0.016249,0.000000,0.000000,0.000000,0.085911
72,go2_001,40275000000,1776853828977216419,1776853828984464850,31042656047425,1776853788702.217,7.248,49.942,0.089655,0.167302,0.000000,1.670198,0.067911,0.003437,0.000000,0.000000,0.000000,-0.128264
73,go2_001,40315000000,1776853829019583348,1776853829034368915,31042705951283,1776853788704.583,14.786,49.904,0.090728,0.176443,0.000000,1.674026,0.082659,-0.000382,0.000000,0.000000,0.000000,0.125524
74,go2_001,40390000000,1776853829084212044,1776853829084451558,31042756034129,1776853788694.212,0.240,50.083,0.090556,0.186311,0.000000,1.701375,0.089572,-0.001779,0.000000,0.000000,0.000000,0.539121
75,go2_001,40430000000,1776853829125686680,1776853829134699959,31042806283123,1776853788695.687,9.013,50.248,0.090296,0.186139,0.000000,1.738645,0.080787,-0.001725,0.000000,0.000000,0.000000,0.897361
76,go2_001,40465000000,1776853829177814641,1776853829184851568,31042856434826,1776853788712.815,7.037,50.152,0.087387,0.190588,0.000000,1.780610,0.085191,0.003634,0.000000,0.000000,0.000000,0.971090
77,go2_001,40500000000,1776853829220221747,1776853829234417476,31042906008379,1776853788720.222,14.196,49.566,0.093733,0.188235,0.000000,1.821773,0.070989,-0.011856,0.000000,0.000000,0.000000,1.186703
78,go2_001,40560000000,1776853829274142579,1776853829284720256,31042956303015,1776853788714.143,10.578,50.303,0.099813,0.187250,0.000000,1.887317,0.056721,-0.025491,0.000000,0.000000,0.000000,0.972329
79,go2_001,40595000000,1776853829317802106,1776853829335081944,31043006664874,1776853788722.802,17.280,50.362,0.100337,0.190099,0.000000,1.909798,0.057570,-0.026900,0.000000,0.000000,0.000000,0.505144
80,go2_001,40640000000,1776853829369829106,1776853829386579322,31043058162050,1776853788729.829,16.750,51.497,0.099672,0.189312,0.000000,1.917840,0.048914,-0.023757,0.000000,0.000000,0.000000,0.242903
81,go2_001,40700000000,1776853829432220915,1776853829434466697,31043106049204,1776853788732.221,2.246,47.887,0.099253,0.189410,0.000000,1.934896,0.041059,-0.021175,0.000000,0.000000,0.000000,0.386082
82,go2_001,40735000000,1776853829484361981,1776853829484799415,31043156381964,1776853788749.362,0.437,50.333,0.097730,0.195928,0.000000,1.947962,0.052508,-0.020482,0.000000,0.000000,0.000000,0.350263
83,go2_001,40790000000,1776853829526522613,1776853829534429541,31043206012795,1776853788736.522,7.907,49.630,0.093247,0.205099,0.000000,1.944355,0.068062,-0.014722,0.000000,0.000000,0.000000,-0.023855
84,go2_001,40830000000,1776853829569613001,1776853829584679291,31043256262009,1776853788739.613,15.066,50.250,0.091734,0.211758,0.000000,1.948996,0.077405,-0.015260,0.000000,0.000000,0.000000,0.162190
85,go2_001,40885000000,1776853829632321703,1776853829635961413,31043307543958,1776853788747.322,3.640,51.282,0.091447,0.211352,0.000000,1.978901,0.066405,-0.013522,0.000000,0.000000,0.000000,0.478792
86,go2_001,40925000000,1776853829665880542,1776853829684591025,31043356173752,1776853788740.881,18.710,48.630,0.091223,0.211314,0.000000,2.009026,0.059750,-0.012492,0.000000,0.000000,0.000000,0.690829
87,go2_001,40960000000,1776853829710326290,1776853829736670711,31043408253348,1776853788750.326,26.344,52.080,0.090647,0.211632,0.000000,2.037019,0.055466,-0.011061,0.000000,0.000000,0.000000,0.924712
88,go2_001,41015000000,1776853829764186537,1776853829784489994,31043456072551,1776853788749.187,20.303,47.819,0.087999,0.221039,0.000000,2.110071,0.070391,-0.013221,0.000000,0.000000,0.000000,1.075917
89,go2_001,41070000000,1776853829826417637,1776853829834553510,31043506136123,1776853788756.417,8.136,50.064,0.089412,0.226698,0.000000,2.140399,0.071175,-0.021401,0.000000,0.000000,0.000000,0.760365
90,go2_001,41090000000,1776853829868850215,1776853829884403460,31043555985998,1776853788778.850,15.553,49.850,0.088802,0.226661,0.000000,2.154473,0.068006,-0.019678,0.000000,0.000000,0.000000,0.522011
91,go2_001,41125000000,1776853829889610142,1776853829935187748,31043606770346,1776853788764.610,45.578,50.784,0.088502,0.226270,0.000000,2.174053,0.061283,-0.018098,0.000000,0.000000,0.000000,0.378463
92,go2_001,41195000000,1776853829965534159,1776853829984594261,31043656177029,1776853788770.534,19.060,49.407,0.088019,0.225638,0.000000,2.218567,0.049551,-0.015341,0.000000,0.000000,0.000000,0.686206
93,go2_001,41250000000,1776853830028619198,1776853830034485708,31043706068381,1776853788778.619,5.867,49.891,0.083632,0.233592,0.000000,2.247453,0.063247,-0.014877,0.000000,0.000000,0.000000,0.462965
94,go2_001,41310000000,1776853830081245202,1776853830086743078,31043758325800,1776853788771.245,5.498,52.257,0.074362,0.242846,0.000000,2.254286,0.083536,-0.007311,0.000000,0.000000,0.000000,0.255092
95,go2_001,41330000000,1776853830113352347,1776853830134409480,31043805992029,1776853788783.352,21.057,47.666,0.073624,0.241995,0.000000,2.254124,0.078668,-0.004788,0.000000,0.000000,0.000000,0.255532
96,go2_001,41385000000,1776853830168006679,1776853830185309342,31043856891891,1776853788783.007,17.303,50.900,0.073411,0.241458,0.000000,2.286926,0.067598,-0.004168,0.000000,0.000000,0.000000,0.414286
97,go2_001,41440000000,1776853830230503449,1776853830234630949,31043906214314,1776853788790.503,4.128,49.322,0.073255,0.241012,0.000000,2.317993,0.057847,-0.003620,0.000000,0.000000,0.000000,0.719199
98,go2_001,41480000000,1776853830271951891,1776853830284376716,31043955959619,1776853788791.952,12.425,49.746,0.066953,0.247288,0.000000,2.358944,0.072945,-0.000732,0.000000,0.000000,0.000000,0.988064
99,go2_001,41545000000,1776853830334397252,1776853830334630406,31044006212852,1776853788789.397,0.233,50.254,0.059869,0.260276,0.000000,2.417069,0.095731,-0.008082,0.000000,0.000000,0.000000,0.847653
100,go2_001,41575000000,1776853830379064541,1776853830385466824,31044057049550,1776853788804.064,6.402,50.836,0.049429,0.264062,0.000000,2.431086,0.112190,0.004780,0.000000,0.000000,0.000000,0.515729
101,go2_001,41615000000,1776853830429702073,1776853830434503799,31044106086309,1776853788814.702,4.802,49.037,0.048107,0.259419,0.000000,2.449513,0.096086,0.012549,0.000000,0.000000,0.000000,0.405974
102,go2_001,41670000000,1776853830471389664,1776853830484394837,31044155977213,1776853788801.390,13.005,49.891,0.048069,0.258545,0.000000,2.474518,0.082915,0.011160,0.000000,0.000000,0.000000,0.433636
103,go2_001,41725000000,1776853830524041680,1776853830534556164,31044206138805,1776853788799.042,10.514,50.161,0.044471,0.261276,0.000000,2.489181,0.083484,0.010153,0.000000,0.000000,0.000000,0.248032
104,go2_001,41760000000,1776853830577531268,1776853830584536403,31044256119406,1776853788817.531,7.005,49.980,0.038799,0.263324,0.000000,2.497097,0.089925,0.014593,0.000000,0.000000,0.000000,0.167542
105,go2_001,41805000000,1776853830608876381,1776853830634592058,31044306174834,1776853788803.876,25.716,50.056,0.031818,0.267832,0.000000,2.502547,0.100143,0.015680,0.000000,0.000000,0.000000,0.151277
106,go2_001,41840000000,1776853830653423599,1776853830685161592,31044356744435,1776853788813.424,31.738,50.570,0.025461,0.273012,0.000000,2.517413,0.111632,0.014846,0.000000,0.000000,0.000000,0.420401
107,go2_001,41895000000,1776853830713568601,1776853830734370660,31044405953199,1776853788818.569,20.802,49.209,0.025665,0.272216,0.000000,2.558866,0.096600,0.013144,0.000000,0.000000,0.000000,0.792811
108,go2_001,41960000000,1776853830778403888,1776853830784453136,31044456035754,1776853788818.404,6.049,50.082,0.025050,0.271827,0.000000,2.615103,0.083196,0.011669,0.000000,0.000000,0.000000,0.897674
109,go2_001,42020000000,1776853830830663777,1776853830834332269,31044505914660,1776853788810.664,3.668,49.879,0.017439,0.277535,0.000000,2.669536,0.094341,0.008497,0.000000,0.000000,0.000000,0.947226
110,go2_001,42060000000,1776853830872021966,1776853830884366023,31044555948378,1776853788812.022,12.344,50.034,0.006551,0.285252,0.000000,2.704096,0.117454,0.006366,0.000000,0.000000,0.000000,0.875846
111,go2_001,42120000000,1776853830933636700,1776853830934309060,31044605891273,1776853788813.637,0.672,49.943,-0.001905,0.283741,0.000000,2.738302,0.116423,0.016736,0.000000,0.000000,0.000000,0.524430
112,go2_001,42160000000,1776853830975218288,1776853830984904292,31044656487194,1776853788815.218,9.686,50.595,-0.001951,0.283007,0.000000,2.758764,0.105555,0.015388,0.000000,0.000000,0.000000,0.452466
113,go2_001,42200000000,1776853831017120866,1776853831034526992,31044706109534,1776853788817.121,17.406,49.623,-0.001965,0.282347,0.000000,2.777366,0.095531,0.014139,0.000000,0.000000,0.000000,0.368516
114,go2_001,42260000000,1776853831069636901,1776853831084604109,31044756186829,1776853788809.637,14.967,50.077,0.002462,0.282837,0.000000,2.784401,0.073415,0.004945,0.000000,0.000000,0.000000,0.078314
115,go2_001,42320000000,1776853831132405375,1776853831134361806,31044805944297,1776853788812.405,1.956,49.758,-0.010840,0.290365,0.000000,2.785255,0.098425,0.001268,0.000000,0.000000,0.000000,0.033141
116,go2_001,42360000000,1776853831173334830,1776853831184493463,31044856076693,1776853788813.335,11.159,50.132,-0.010778,0.289957,0.000000,2.797657,0.088930,0.001137,0.000000,0.000000,0.000000,0.297144
117,go2_001,42400000000,1776853831214286132,1776853831234432539,31044906015060,1776853788814.286,20.146,49.939,-0.010709,0.289589,0.000000,2.825388,0.080192,0.001017,0.000000,0.000000,0.000000,0.640398
118,go2_001,42460000000,1776853831265978328,1776853831284412625,31044955995143,1776853788805.978,18.434,49.980,-0.013895,0.288235,0.000000,2.875747,0.074866,0.005624,0.000000,0.000000,0.000000,0.920702
119,go2_001,42520000000,1776853831327538702,1776853831334330517,31045005912694,1776853788807.539,6.792,49.918,-0.009992,0.294767,0.000000,2.958236,0.061355,-0.013592,0.000000,0.000000,0.000000,1.341986
120,go2_001,42560000000,1776853831368609674,1776853831384357804,31045055940110,1776853788808.610,15.748,50.027,-0.007129,0.297507,0.000000,3.006201,0.050887,-0.021744,0.000000,0.000000,0.000000,1.041505
121,go2_001,42620000000,1776853831430437611,1776853831434335974,31045105918413,1776853788810.438,3.898,49.978,-0.007792,0.297792,0.000000,3.031452,0.044130,-0.020725,0.000000,0.000000,0.000000,0.372067
122,go2_001,42660000000,1776853831471415681,1776853831484406375,31045155989079,1776853788811.416,12.991,50.070,-0.007899,0.297459,0.000000,3.038960,0.039034,-0.019061,0.000000,0.000000,0.000000,0.212059
123,go2_001,42720000000,1776853831533011181,1776853831534258371,31045205840745,1776853788813.011,1.247,49.852,-0.009539,0.297721,0.000000,3.048359,0.036074,-0.017470,0.000000,0.000000,0.000000,0.124269
124,go2_001,42760000000,1776853831574064668,1776853831584398663,31045255981045,1776853788814.065,10.334,50.140,-0.015858,0.297463,0.000000,3.041909,0.046000,-0.012771,0.000000,0.000000,0.000000,-0.144219
125,go2_001,42800000000,1776853831615217784,1776853831634376681,31045305959403,1776853788815.218,19.159,49.978,-0.026363,0.295948,0.000000,3.031567,0.064245,-0.004003,0.000000,0.000000,0.000000,-0.200025
126,go2_001,42860000000,1776853831666759567,1776853831684379696,31045355962040,1776853788806.760,17.620,50.003,-0.022872,0.297562,0.000000,3.047406,0.048083,-0.008980,0.000000,0.000000,0.000000,0.385179
127,go2_001,42920000000,1776853831728249836,1776853831734336351,31045405918544,1776853788808.250,6.087,49.957,-0.022767,0.297284,0.000000,3.103204,0.040244,-0.007881,0.000000,0.000000,0.000000,0.841439
128,go2_001,42960000000,1776853831769299030,1776853831784379006,31045455961406,1776853788809.299,15.080,50.043,-0.023287,0.297003,0.000000,3.136854,0.036875,-0.006837,0.000000,0.000000,0.000000,0.862385
129,go2_001,43020000000,1776853831830988726,1776853831834320349,31045505902550,1776853788810.989,3.332,49.941,-0.035118,0.298741,0.000000,-3.078213,0.058039,-0.008138,0.000000,0.000000,0.000000,1.076394
130,go2_001,43060000000,1776853831872633351,1776853831884390368,31045555972754,1776853788812.633,11.757,50.070,-0.034410,0.302785,0.000000,-3.043793,0.051293,-0.017713,0.000000,0.000000,0.000000,0.838564
131,go2_001,43120000000,1776853831933965732,1776853831934254932,31045605837152,1776853788813.966,0.289,49.865,-0.034354,0.302678,0.000000,-3.022643,0.043185,-0.016492,0.000000,0.000000,0.000000,0.366355
132,go2_001,43160000000,1776853831975005782,1776853831984389571,31045655972091,1776853788815.006,9.384,50.135,-0.034324,0.302384,0.000000,-3.006153,0.038316,-0.015117,0.000000,0.000000,0.000000,0.433789
133,go2_001,43220000000,1776853832026578362,1776853832034377286,31045705959571,1776853788806.578,7.799,49.988,-0.040287,0.302672,0.000000,-2.980918,0.045562,-0.015029,0.000000,0.000000,0.000000,0.400957
134,go2_001,43260000000,1776853832067604373,1776853832084377197,31045755959561,1776853788807.604,16.773,50.000,-0.042338,0.300152,0.000000,-2.979526,0.045964,-0.008738,0.000000,0.000000,0.000000,0.026487
135,go2_001,43320000000,1776853832129149423,1776853832134330058,31045805912343,1776853788809.149,5.181,49.953,-0.051690,0.293156,0.000000,-2.984880,0.060552,0.006256,0.000000,0.000000,0.000000,0.041583
136,go2_001,43360000000,1776853832170195383,1776853832184368486,31045855950860,1776853788810.196,14.173,50.038,-0.051325,0.292047,0.000000,-2.968860,0.054149,0.007994,0.000000,0.000000,0.000000,0.349859
137,go2_001,43420000000,1776853832231903245,1776853832234292156,31045905874355,1776853788811.903,2.389,49.924,-0.051038,0.291854,0.000000,-2.929064,0.045779,0.007123,0.000000,0.000000,0.000000,0.687513
138,go2_001,43460000000,1776853832273140534,1776853832284357552,31045955939897,1776853788813.140,11.217,50.065,-0.057319,0.291713,0.000000,-2.889344,0.055886,0.004670,0.000000,0.000000,0.000000,1.027506
139,go2_001,43500000000,1776853832314176140,1776853832334595297,31046006177901,1776853788814.176,20.419,50.238,-0.067136,0.292838,0.000000,-2.840330,0.072611,-0.002111,0.000000,0.000000,0.000000,1.190536
140,go2_001,43560000000,1776853832379964837,1776853832384439004,31046056021572,1776853788819.965,4.474,49.844,-0.082830,0.287493,0.000000,-2.796674,0.100204,0.002593,0.000000,0.000000,0.000000,0.676055
141,go2_001,43595000000,1776853832428999411,1776853832434381947,31046105964435,1776853788833.999,5.383,49.943,-0.080708,0.282677,0.000000,-2.778340,0.090123,0.013212,0.000000,0.000000,0.000000,0.377492
142,go2_001,43675000000,1776853832480663963,1776853832484318444,31046155900769,1776853788805.664,3.654,49.936,-0.084210,0.279742,0.000000,-2.751004,0.083680,0.013723,0.000000,0.000000,0.000000,0.349604
143,go2_001,43715000000,1776853832521454241,1776853832534367764,31046205950152,1776853788806.454,12.914,50.049,-0.083839,0.279475,0.000000,-2.745827,0.075654,0.012652,0.000000,0.000000,0.000000,0.292688
144,go2_001,43755000000,1776853832573054432,1776853832584351922,31046255934320,1776853788818.054,11.297,49.984,-0.083508,0.279258,0.000000,-2.736412,0.068259,0.011661,0.000000,0.000000,0.000000,0.176264
145,go2_001,43795000000,1776853832613997389,1776853832634349455,31046305931972,1776853788818.998,20.352,49.998,-0.091215,0.276468,0.000000,-2.727363,0.081087,0.010928,0.000000,0.000000,0.000000,0.197575
146,go2_001,43855000000,1776853832675612176,1776853832684409582,31046355992306,1776853788820.612,8.797,50.060,-0.101999,0.270526,0.000000,-2.709704,0.097934,0.013838,0.000000,0.000000,0.000000,0.373981
147,go2_001,43895000000,1776853832716729106,1776853832734350018,31046405932713,1776853788821.729,17.621,49.940,-0.101594,0.270340,0.000000,-2.681339,0.088716,0.012732,0.000000,0.000000,0.000000,0.650110
148,go2_001,43955000000,1776853832778204929,1776853832784396984,31046455979554,1776853788823.205,6.192,50.047,-0.101001,0.270038,0.000000,-2.614191,0.076239,0.011227,0.000000,0.000000,0.000000,1.130388
149,go2_001,43995000000,1776853832819214926,1776853832834375947,31046505958262,1776853788824.215,15.161,49.979,-0.104784,0.270114,0.000000,-2.569128,0.077111,0.005628,0.000000,0.000000,0.000000,1.102587
150,go2_001,44075000000,1776853832881137073,1776853832884321818,31046555904080,1776853788806.137,3.185,49.946,-0.107805,0.277594,0.000000,-2.515120,0.062976,-0.015107,0.000000,0.000000,0.000000,0.847073
151,go2_001,44115000000,1776853832922365236,1776853832934332387,31046605914820,1776853788807.365,11.967,50.011,-0.109365,0.275717,0.000000,-2.496451,0.061880,-0.012698,0.000000,0.000000,0.000000,0.475350
152,go2_001,44155000000,1776853832973522066,1776853832984366119,31046655948539,1776853788818.522,10.844,50.034,-0.109076,0.275398,0.000000,-2.471388,0.055538,-0.011674,0.000000,0.000000,0.000000,0.484834
153,go2_001,44195000000,1776853833014408935,1776853833034357905,31046705940343,1776853788819.409,19.949,49.992,-0.108811,0.275113,0.000000,-2.443810,0.049711,-0.010728,0.000000,0.000000,0.000000,0.641221
154,go2_001,44255000000,1776853833076054507,1776853833084370237,31046755952699,1776853788821.054,8.316,50.012,-0.113218,0.267406,0.000000,-2.426322,0.059736,-0.000782,0.000000,0.000000,0.000000,0.245930
155,go2_001,44295000000,1776853833117235399,1776853833134383140,31046805965632,1776853788822.235,17.148,50.013,-0.118910,0.261411,0.000000,-2.419949,0.072740,0.002877,0.000000,0.000000,0.000000,0.213270
156,go2_001,44355000000,1776853833178809031,1776853833184415137,31046855997544,1776853788823.809,5.606,50.032,-0.122725,0.259062,0.000000,-2.397639,0.072775,0.000964,0.000000,0.000000,0.000000,0.408051
157,go2_001,44395000000,1776853833219847148,1776853833234367624,31046905949973,1776853788824.847,14.520,49.952,-0.122361,0.258916,0.000000,-2.376307,0.065571,0.000896,0.000000,0.000000,0.000000,0.523136
158,go2_001,44475000000,1776853833281680099,1776853833284307464,31046955889797,1776853788806.680,2.627,49.940,-0.125971,0.255953,0.000000,-2.321239,0.064777,-0.000492,0.000000,0.000000,0.000000,0.960715
159,go2_001,44515000000,1776853833332903370,1776853833334277904,31047005860169,1776853788817.903,1.375,49.970,-0.136911,0.250268,0.000000,-2.278173,0.086709,-0.007464,0.000000,0.000000,0.000000,0.967504
160,go2_001,44555000000,1776853833373989265,1776853833384332732,31047055915477,1776853788818.989,10.343,50.055,-0.142907,0.241239,0.000000,-2.240202,0.103287,-0.001589,0.000000,0.000000,0.000000,0.623713
161,go2_001,44595000000,1776853833415024970,1776853833434370392,31047105952864,1776853788820.025,19.345,50.038,-0.136717,0.239194,0.000000,-2.221711,0.087090,0.010256,0.000000,0.000000,0.000000,0.409984
162,go2_001,44655000000,1776853833476581801,1776853833484353441,31047155935890,1776853788821.582,7.772,49.983,-0.135876,0.239015,0.000000,-2.195977,0.074791,0.009053,0.000000,0.000000,0.000000,0.446313
163,go2_001,44695000000,1776853833517810261,1776853833534359980,31047205942430,1776853788822.810,16.550,50.007,-0.135401,0.238937,0.000000,-2.182251,0.067409,0.008327,0.000000,0.000000,0.000000,0.300713
164,go2_001,44755000000,1776853833579281214,1776853833584357459,31047255939895,1776853788824.281,5.076,49.997,-0.140607,0.224488,0.000000,-2.172923,0.090821,0.019801,0.000000,0.000000,0.000000,0.136755
165,go2_001,44795000000,1776853833620426747,1776853833634363809,31047305946171,1776853788825.427,13.937,50.006,-0.148094,0.215679,0.000000,-2.161942,0.109886,0.017474,0.000000,0.000000,0.000000,0.296932
166,go2_001,44855000000,1776853833662059993,1776853833684379654,31047355962066,1776853788807.060,22.320,50.016,-0.154950,0.206369,0.000000,-2.145994,0.122380,0.015703,0.000000,0.000000,0.000000,0.462495
167,go2_001,44915000000,1776853833734217331,1776853833734382642,31047405965027,1776853788819.218,0.165,50.003,-0.154055,0.206455,0.000000,-2.098284,0.105831,0.013810,0.000000,0.000000,0.000000,0.730140
168,go2_001,44955000000,1776853833775446800,1776853833784365705,31047455948038,1776853788820.447,8.919,49.983,-0.153447,0.206485,0.000000,-2.045330,0.095887,0.012668,0.000000,0.000000,0.000000,1.011233
169,go2_001,44995000000,1776853833816515616,1776853833834369107,31047505951824,1776853788821.516,17.853,50.003,-0.156362,0.203223,0.000000,-1.998511,0.097467,0.009007,0.000000,0.000000,0.000000,1.136775
170,go2_001,45055000000,1776853833879880827,1776853833884365737,31047555948200,1776853788824.881,4.485,49.997,-0.162864,0.201201,0.000000,-1.941693,0.097589,-0.003848,0.000000,0.000000,0.000000,0.882791
171,go2_001,45115000000,1776853833921263193,1776853833934385108,31047605967467,1776853788806.263,13.122,50.019,-0.164426,0.187293,0.000000,-1.920614,0.113472,0.007259,0.000000,0.000000,0.000000,0.537602
172,go2_001,45155000000,1776853833972851183,1776853833984379753,31047655962127,1776853788817.851,11.529,49.995,-0.163626,0.187307,0.000000,-1.907863,0.102866,0.006638,0.000000,0.000000,0.000000,0.307042
173,go2_001,45215000000,1776853834034298186,1776853834034520925,31047706103212,1776853788819.298,0.223,50.141,-0.162647,0.187375,0.000000,-1.892037,0.088522,0.005797,0.000000,0.000000,0.000000,0.253246
174,go2_001,45255000000,1776853834075388111,1776853834084340520,31047755922897,1776853788820.388,8.952,49.820,-0.163635,0.187729,0.000000,-1.885695,0.080495,0.001825,0.000000,0.000000,0.000000,0.092326
175,go2_001,45295000000,1776853834116358176,1776853834134374889,31047805957259,1776853788821.358,18.017,50.034,-0.164424,0.193487,0.000000,-1.888939,0.061863,-0.006290,0.000000,0.000000,0.000000,-0.071208
176,go2_001,45355000000,1776853834178139662,1776853834184317124,31047855899371,1776853788823.140,6.177,49.942,-0.169792,0.184825,0.000000,-1.876477,0.075421,-0.009780,0.000000,0.000000,0.000000,0.318749
177,go2_001,45395000000,1776853834219787920,1776853834234358591,31047905941051,1776853788824.788,14.571,50.041,-0.169461,0.184882,0.000000,-1.849708,0.067870,-0.009022,0.000000,0.000000,0.000000,0.641950
178,go2_001,45475000000,1776853834281636309,1776853834284367316,31047955949937,1776853788806.636,2.731,50.009,-0.168349,0.181015,0.000000,-1.795482,0.062978,-0.003421,0.000000,0.000000,0.000000,0.926810
179,go2_001,45515000000,1776853834322938336,1776853834334390389,31048005972786,1776853788807.938,11.452,50.023,-0.172928,0.183673,0.000000,-1.740446,0.054359,-0.015954,0.000000,0.000000,0.000000,1.339988
180,go2_001,45555000000,1776853834374253177,1776853834384394771,31048055977495,1776853788819.253,10.142,50.004,-0.176398,0.186671,0.000000,-1.685895,0.044460,-0.025279,0.000000,0.000000,0.000000,1.155860
181,go2_001,45595000000,1776853834415296534,1776853834434376738,31048105959060,1776853788820.296,19.080,49.982,-0.178312,0.190998,0.000000,-1.655703,0.031151,-0.031092,0.000000,0.000000,0.000000,0.663082
182,go2_001,45655000000,1776853834477381852,1776853834484338717,31048155920992,1776853788822.382,6.957,49.962,-0.177923,0.190722,0.000000,-1.640571,0.025383,-0.027399,0.000000,0.000000,0.000000,0.219331
183,go2_001,45695000000,1776853834518152457,1776853834534374969,31048205957653,1776853788823.152,16.223,50.036,-0.177715,0.190579,0.000000,-1.631974,0.021945,-0.025170,0.000000,0.000000,0.000000,0.241426
184,go2_001,45755000000,1776853834579731839,1776853834584325009,31048255907329,1776853788824.732,4.593,49.950,-0.179430,0.178919,0.000000,-1.635372,0.043869,-0.021661,0.000000,0.000000,0.000000,-0.106125
185,go2_001,45815000000,1776853834620870297,1776853834634398252,31048305980877,1776853788805.870,13.528,50.073,-0.177483,0.162254,0.000000,-1.650494,0.073467,-0.009672,0.000000,0.000000,0.000000,-0.156020
186,go2_001,45875000000,1776853834682704915,1776853834684305542,31048355887858,1776853788807.705,1.601,49.907,-0.179665,0.163577,0.000000,-1.629746,0.061297,-0.014318,0.000000,0.000000,0.000000,0.371144
187,go2_001,45915000000,1776853834723671231,1776853834734373103,31048405955610,1776853788808.671,10.702,50.068,-0.179447,0.163684,0.000000,-1.597243,0.055012,-0.013111,0.000000,0.000000,0.000000,0.692948
188,go2_001,45955000000,1776853834774875957,1776853834784408294,31048455990787,1776853788819.876,9.532,50.035,-0.179216,0.163773,0.000000,-1.560475,0.049240,-0.011997,0.000000,0.000000,0.000000,0.756347
189,go2_001,45995000000,1776853834815917390,1776853834834365758,31048505948277,1776853788820.917,18.448,49.957,-0.180167,0.159444,0.000000,-1.517798,0.054238,-0.012973,0.000000,0.000000,0.000000,1.080808
190,go2_001,46055000000,1776853834877496687,1776853834884282147,31048555864423,1776853788822.497,6.785,49.916,-0.182513,0.143359,0.000000,-1.450291,0.083053,-0.015810,0.000000,0.000000,0.000000,0.826657
191,go2_001,46095000000,1776853834918717383,1776853834934434267,31048606016638,1776853788823.717,15.717,50.152,-0.179845,0.138384,0.000000,-1.434182,0.086610,-0.009327,0.000000,0.000000,0.000000,0.421197
192,go2_001,46155000000,1776853834980156228,1776853834984337719,31048655920033,1776853788825.156,4.181,49.903,-0.179111,0.138705,0.000000,-1.411909,0.074394,-0.008114,0.000000,0.000000,0.000000,0.373705
193,go2_001,46215000000,1776853835021524626,1776853835034377528,31048705960222,1776853788806.525,12.853,50.040,-0.178483,0.135929,0.000000,-1.393123,0.070877,-0.007244,0.000000,0.000000,0.000000,0.418172
194,go2_001,46275000000,1776853835083192016,1776853835084311563,31048755894291,1776853788808.192,1.120,49.934,-0.173168,0.120785,0.000000,-1.395039,0.096623,0.002353,0.000000,0.000000,0.000000,-0.121371
195,go2_001,46315000000,1776853835134296275,1776853835134476899,31048806059298,1776853788819.296,0.181,50.165,-0.172279,0.111252,0.000000,-1.397702,0.110397,0.001522,0.000000,0.000000,0.000000,0.044716
196,go2_001,46355000000,1776853835175301910,1776853835184373907,31048855956256,1776853788820.302,9.072,49.897,-0.170728,0.111080,0.000000,-1.387361,0.101641,0.004264,0.000000,0.000000,0.000000,0.201842
197,go2_001,46395000000,1776853835216304924,1776853835234375272,31048905957784,1776853788821.305,18.070,50.001,-0.170513,0.111412,0.000000,-1.366072,0.092082,0.003992,0.000000,0.000000,0.000000,0.490626
198,go2_001,46455000000,1776853835278387271,1776853835284334790,31048955917370,1776853788823.387,5.948,49.960,-0.171030,0.107073,0.000000,-1.301162,0.090085,-0.000162,0.000000,0.000000,0.000000,1.120162
199,go2_001,46495000000,1776853835319024404,1776853835334361702,31049005944024,1776853788824.024,15.337,50.027,-0.172022,0.101961,0.000000,-1.250201,0.093473,-0.005242,0.000000,0.000000,0.000000,1.219627
200,go2_001,46575000000,1776853835381207570,1776853835384316050,31049055898292,1776853788806.208,3.108,49.954,-0.164449,0.083027,0.000000,-1.187701,0.122758,0.001180,0.000000,0.000000,0.000000,0.747183
201,go2_001,46615000000,1776853835422246753,1776853835434399971,31049105982530,1776853788807.247,12.153,50.084,-0.161384,0.084630,0.000000,-1.184881,0.110405,0.007352,0.000000,0.000000,0.000000,0.431240
202,go2_001,46655000000,1776853835463400642,1776853835484386508,31049155968927,1776853788808.401,20.986,49.987,-0.160958,0.085129,0.000000,-1.175338,0.100080,0.006819,0.000000,0.000000,0.000000,0.268176
203,go2_001,46695000000,1776853835514835599,1776853835534401031,31049205983424,1776853788819.836,19.565,50.015,-0.160612,0.085571,0.000000,-1.161139,0.090577,0.006326,0.000000,0.000000,0.000000,0.332713
204,go2_001,46755000000,1776853835577682557,1776853835584411468,31049255993929,1776853788822.683,6.729,50.010,-0.155985,0.078725,0.000000,-1.149253,0.097170,0.009829,0.000000,0.000000,0.000000,0.137590
205,go2_001,46795000000,1776853835618684392,1776853835634695655,31049306278115,1776853788823.684,16.011,50.284,-0.149081,0.069394,0.000000,-1.146973,0.114346,0.016447,0.000000,0.000000,0.000000,0.053345
206,go2_001,46855000000,1776853835680240896,1776853835684715714,31049356298205,1776853788825.241,4.475,50.020,-0.147712,0.058792,0.000000,-1.127413,0.123233,0.008243,0.000000,0.000000,0.000000,0.378207
207,go2_001,46915000000,1776853835721191385,1776853835734356086,31049405939541,1776853788806.191,13.165,49.640,-0.145463,0.054510,0.000000,-1.100655,0.118206,0.007385,0.000000,0.000000,0.000000,0.651490
208,go2_001,46975000000,1776853835783356113,1776853835784274127,31049455856339,1776853788808.356,0.918,49.918,-0.141113,0.050084,0.000000,-1.041720,0.117023,0.010439,0.000000,0.000000,0.000000,1.020626
209,go2_001,47010000000,1776853835831822957,1776853835834428712,31049506011324,1776853788821.823,2.606,50.155,-0.147681,0.050335,0.000000,-1.002268,0.101278,-0.005093,0.000000,0.000000,0.000000,1.051747
210,go2_001,47045000000,1776853835871808790,1776853835885121677,31049556704418,1776853788826.809,13.313,50.693,-0.151121,0.052157,0.000000,-0.961168,0.086095,-0.011300,0.000000,0.000000,0.000000,1.009363
211,go2_001,47080000000,1776853835913871105,1776853835934427145,31049606009923,1776853788833.871,20.556,49.305,-0.154692,0.052844,0.000000,-0.931845,0.073917,-0.018357,0.000000,0.000000,0.000000,0.569816
212,go2_001,47145000000,1776853835965319853,1776853835984415184,31049655997712,1776853788820.320,19.095,49.988,-0.152134,0.051381,0.000000,-0.914581,0.067911,-0.014239,0.000000,0.000000,0.000000,0.360855
213,go2_001,47205000000,1776853836027478345,1776853836034369807,31049705952257,1776853788822.478,6.891,49.955,-0.148286,0.046082,0.000000,-0.884393,0.073550,-0.012507,0.000000,0.000000,0.000000,0.559673
214,go2_001,47245000000,1776853836068635147,1776853836084382165,31049755964665,1776853788823.635,15.747,50.012,-0.145048,0.041384,0.000000,-0.866430,0.079793,-0.011819,0.000000,0.000000,0.000000,0.337483
215,go2_001,47285000000,1776853836110475735,1776853836134413665,31049805996645,1776853788825.476,23.938,50.032,-0.138787,0.036391,0.000000,-0.862349,0.090019,-0.006019,0.000000,0.000000,0.000000,0.159334
216,go2_001,47370000000,1776853836181887490,1776853836184300811,31049855883023,1776853788811.888,2.413,49.887,-0.135034,0.035270,0.000000,-0.834798,0.079524,-0.001283,0.000000,0.000000,0.000000,0.396621
217,go2_001,47410000000,1776853836223045035,1776853836234412006,31049905995168,1776853788813.045,11.367,50.111,-0.134910,0.035634,0.000000,-0.814025,0.071547,-0.001128,0.000000,0.000000,0.000000,0.478861
218,go2_001,47450000000,1776853836264058576,1776853836284407916,31049955990421,1776853788814.059,20.349,49.996,-0.134798,0.035966,0.000000,-0.789185,0.064227,-0.000986,0.000000,0.000000,0.000000,0.611334
219,go2_001,47490000000,1776853836305225159,1776853836334377345,31050005959734,1776853788815.225,29.152,49.969,-0.130158,0.029472,0.000000,-0.749985,0.076482,-0.002631,0.000000,0.000000,0.000000,0.917758
220,go2_001,47545000000,1776853836366618423,1776853836384363064,31050055945526,1776853788821.618,17.745,49.986,-0.121520,0.015897,0.000000,-0.692195,0.103556,-0.008750,0.000000,0.000000,0.000000,0.819356
221,go2_001,47605000000,1776853836428208244,1776853836434359934,31050105942258,1776853788823.208,6.152,49.997,-0.114719,0.018852,0.000000,-0.658674,0.095191,0.006498,0.000000,0.000000,0.000000,0.484406
222,go2_001,47650000000,1776853836469277720,1776853836484361347,31050155943746,1776853788819.278,15.084,50.001,-0.114173,0.019188,0.000000,-0.635332,0.085984,0.006044,0.000000,0.000000,0.000000,0.524706
223,go2_001,47710000000,1776853836520576146,1776853836534348098,31050205930509,1776853788810.576,13.772,49.987,-0.109718,0.016104,0.000000,-0.603514,0.087265,0.005715,0.000000,0.000000,0.000000,0.444265
224,go2_001,47770000000,1776853836582246619,1776853836584268530,31050255851270,1776853788812.247,2.022,49.920,-0.099209,0.016903,0.000000,-0.592831,0.092542,0.021200,0.000000,0.000000,0.000000,0.356358
225,go2_001,47805000000,1776853836623306999,1776853836634342114,31050305924549,1776853788818.307,11.035,50.074,-0.088862,0.008652,0.000000,-0.581972,0.116218,0.020008,0.000000,0.000000,0.000000,0.282736
226,go2_001,47850000000,1776853836664393979,1776853836684374170,31050355956594,1776853788814.394,19.980,50.032,-0.086255,0.008380,0.000000,-0.566486,0.110149,0.020407,0.000000,0.000000,0.000000,0.470220
227,go2_001,47910000000,1776853836726137610,1776853836734386148,31050405968492,1776853788816.138,8.249,50.012,-0.086353,0.009219,0.000000,-0.532614,0.094815,0.018015,0.000000,0.000000,0.000000,0.555340
228,go2_001,47950000000,1776853836767226511,1776853836784433811,31050456016282,1776853788817.227,17.207,50.048,-0.086411,0.009755,0.000000,-0.489331,0.085579,0.016564,0.000000,0.000000,0.000000,0.869479
229,go2_001,48010000000,1776853836828887255,1776853836834365140,31050505947527,1776853788818.887,5.478,49.931,-0.084307,0.007095,0.000000,-0.421665,0.081677,0.010621,0.000000,0.000000,0.000000,1.152740
230,go2_001,48050000000,1776853836870052003,1776853836884383503,31050555965850,1776853788820.052,14.332,50.018,-0.074395,-0.000850,0.000000,-0.384572,0.103834,0.005648,0.000000,0.000000,0.000000,0.949172
231,go2_001,48110000000,1776853836921169893,1776853836934342122,31050605924441,1776853788811.170,13.172,49.959,-0.063172,0.004819,0.000000,-0.350314,0.105374,0.027393,0.000000,0.000000,0.000000,0.556948
232,go2_001,48170000000,1776853836983128955,1776853836984306778,31050655889064,1776853788813.129,1.178,49.965,-0.063399,0.005914,0.000000,-0.331038,0.090547,0.024112,0.000000,0.000000,0.000000,0.343361
233,go2_001,48205000000,1776853837024268227,1776853837034336531,31050705918933,1776853788819.268,10.068,50.030,-0.063976,0.006532,0.000000,-0.319925,0.081741,0.022110,0.000000,0.000000,0.000000,0.304915
234,go2_001,48250000000,1776853837065258045,1776853837084380881,31050755963264,1776853788815.258,19.123,50.044,-0.063715,0.006980,0.000000,-0.319327,0.073534,0.020328,0.000000,0.000000,0.000000,0.043561
235,go2_001,48310000000,1776853837126788290,1776853837134341673,31050805924034,1776853788816.788,7.553,49.961,-0.056397,0.003118,0.000000,-0.318482,0.082824,0.015638,0.000000,0.000000,0.000000,0.085478
236,go2_001,48345000000,1776853837167926230,1776853837184414501,31050855996938,1776853788822.926,16.488,50.073,-0.053502,0.003620,0.000000,-0.314315,0.081974,0.017767,0.000000,0.000000,0.000000,0.257217
237,go2_001,48410000000,1776853837229462267,1776853837234340420,31050905922847,1776853788819.462,4.878,49.926,-0.053357,0.004009,0.000000,-0.280737,0.069915,0.015598,0.000000,0.000000,0.000000,0.586638
238,go2_001,48470000000,1776853837280980568,1776853837284344993,31050955927579,1776853788810.981,3.364,50.005,-0.049010,0.005060,0.000000,-0.207156,0.069098,0.018683,0.000000,0.000000,0.000000,1.098768
239,go2_001,48510000000,1776853837322651907,1776853837334358705,31051005941408,1776853788812.652,11.707,50.014,-0.051027,-0.000307,0.000000,-0.169901,0.062158,0.003084,0.000000,0.000000,0.000000,1.348767
240,go2_001,48565000000,1776853837383552584,1776853837384263931,31051055846293,1776853788818.552,0.711,49.905,-0.038040,-0.005804,0.000000,-0.112660,0.086583,-0.001390,0.000000,0.000000,0.000000,0.868399
241,go2_001,48605000000,1776853837424608822,1776853837434349649,31051105932055,1776853788819.609,9.741,50.086,-0.027639,-0.002583,0.000000,-0.089921,0.099842,0.011085,0.000000,0.000000,0.000000,0.540103
242,go2_001,48645000000,1776853837465643137,1776853837484405198,31051155987709,1776853788820.643,18.762,50.056,-0.027830,-0.001926,0.000000,-0.074827,0.090301,0.010125,0.000000,0.000000,0.000000,0.378015
243,go2_001,48705000000,1776853837527474220,1776853837534363627,31051205945953,1776853788822.474,6.889,49.958,-0.028108,-0.001124,0.000000,-0.055838,0.077380,0.008822,0.000000,0.000000,0.000000,0.225603
244,go2_001,48745000000,1776853837568640088,1776853837584354220,31051255936596,1776853788823.640,15.714,49.991,-0.024784,-0.001583,0.000000,-0.053312,0.078178,0.007510,0.000000,0.000000,0.000000,0.100382
245,go2_001,48805000000,1776853837630245823,1776853837634334218,31051305916600,1776853788825.246,4.088,49.980,-0.019480,-0.004829,0.000000,-0.058724,0.081490,0.000176,0.000000,0.000000,0.000000,-0.034808
246,go2_001,48865000000,1776853837681634039,1776853837684329144,31051355911326,1776853788816.634,2.695,49.995,-0.011411,-0.005070,0.000000,-0.049536,0.088122,0.001190,0.000000,0.000000,0.000000,0.238654
247,go2_001,48905000000,1776853837722567347,1776853837734365935,31051405948321,1776853788817.567,11.799,50.037,-0.011613,-0.004800,0.000000,-0.023743,0.079484,0.001019,0.000000,0.000000,0.000000,0.644291
248,go2_001,48965000000,1776853837784009361,1776853837784275046,31051455857289,1776853788819.009,0.266,49.909,-0.006997,-0.002514,0.000000,0.040808,0.079011,0.006124,0.000000,0.000000,0.000000,1.058451
249,go2_001,49005000000,1776853837825488418,1776853837834329721,31051505912200,1776853788820.489,8.841,50.055,-0.009398,-0.007368,0.000000,0.084761,0.066756,-0.006915,0.000000,0.000000,0.000000,1.141088
250,go2_001,49045000000,1776853837866291939,1776853837884827763,31051556410235,1776853788821.292,18.536,50.498,-0.009774,-0.012759,0.000000,0.124684,0.059890,-0.019879,0.000000,0.000000,0.000000,1.000362
251,go2_001,49105000000,1776853837927900906,1776853837934378899,31051605961268,1776853788822.901,6.478,49.551,-0.006653,-0.014281,0.000000,0.172480,0.057793,-0.022353,0.000000,0.000000,0.000000,0.542830
252,go2_001,49145000000,1776853837969057725,1776853837984408447,31051655991201,1776853788824.058,15.351,50.030,-0.006689,-0.013856,0.000000,0.182510,0.051616,-0.020602,0.000000,0.000000,0.000000,0.295054
253,go2_001,49205000000,1776853838030676337,1776853838034328934,31051705911538,1776853788825.676,3.653,49.920,-0.001847,-0.012761,0.000000,0.202588,0.054998,-0.017495,0.000000,0.000000,0.000000,0.365715
254,go2_001,49265000000,1776853838081905225,1776853838084319714,31051755901969,1776853788816.905,2.414,49.991,0.003629,-0.012818,0.000000,0.206558,0.059284,-0.017613,0.000000,0.000000,0.000000,0.096552
255,go2_001,49305000000,1776853838122934747,1776853838134372232,31051805954480,1776853788817.935,11.437,50.053,0.012089,-0.009413,0.000000,0.197356,0.073621,-0.011105,0.000000,0.000000,0.000000,-0.168452
256,go2_001,49345000000,1776853838164009455,1776853838184343696,31051855926090,1776853788819.010,20.334,49.971,0.016321,-0.008911,0.000000,0.203324,0.076316,-0.010835,0.000000,0.000000,0.000000,0.149287
257,go2_001,49405000000,1776853838225559452,1776853838234348593,31051905931017,1776853788820.559,8.789,50.005,0.016014,-0.008581,0.000000,0.240040,0.065111,-0.009563,0.000000,0.000000,0.000000,0.649577
258,go2_001,49445000000,1776853838266537501,1776853838284350939,31051955933472,1776853788821.538,17.813,50.002,0.015828,-0.008357,0.000000,0.277116,0.058393,-0.008795,0.000000,0.000000,0.000000,0.848271
259,go2_001,49505000000,1776853838328285662,1776853838334386398,31052005968927,1776853788823.286,6.101,50.035,0.024483,-0.007727,0.000000,0.350249,0.069645,-0.011228,0.000000,0.000000,0.000000,1.123612
260,go2_001,49545000000,1776853838369256426,1776853838384338190,31052055920582,1776853788824.257,15.082,49.952,0.029708,-0.009352,0.000000,0.390959,0.073720,-0.017675,0.000000,0.000000,0.000000,0.903159
261,go2_001,49605000000,1776853838430974592,1776853838434285112,31052105867280,1776853788825.975,3.311,49.947,0.029546,-0.009979,0.000000,0.416628,0.062577,-0.018444,0.000000,0.000000,0.000000,0.350739
262,go2_001,49665000000,1776853838482279565,1776853838484319379,31052155901651,1776853788817.280,2.040,50.034,0.028193,-0.010367,0.000000,0.439308,0.050206,-0.017520,0.000000,0.000000,0.000000,0.468664
263,go2_001,49705000000,1776853838523363876,1776853838534386030,31052205968452,1776853788818.364,11.022,50.067,0.035332,-0.007502,0.000000,0.462344,0.063044,-0.015605,0.000000,0.000000,0.000000,0.638313
264,go2_001,49745000000,1776853838564339815,1776853838584374190,31052255956580,1776853788819.340,20.034,49.988,0.033255,-0.005541,0.000000,0.479650,0.053572,-0.009162,0.000000,0.000000,0.000000,0.432775
265,go2_001,49805000000,1776853838625973195,1776853838634339277,31052305921682,1776853788820.973,8.366,49.965,0.031243,0.002701,0.000000,0.486888,0.047937,0.010133,0.000000,0.000000,0.000000,0.189121
266,go2_001,49845000000,1776853838667021346,1776853838684345061,31052355927441,1776853788822.021,17.324,50.006,0.030174,0.007044,0.000000,0.498523,0.044702,0.019280,0.000000,0.000000,0.000000,0.342743
267,go2_001,49905000000,1776853838728501456,1776853838734404734,31052405987161,1776853788823.501,5.903,50.060,0.029842,0.007085,0.000000,0.532030,0.037367,0.017037,0.000000,0.000000,0.000000,0.541038
268,go2_001,49945000000,1776853838769616003,1776853838784372814,31052455955244,1776853788824.616,14.757,49.968,0.029641,0.007107,0.000000,0.567606,0.032982,0.015683,0.000000,0.000000,0.000000,0.862165
269,go2_001,50005000000,1776853838831119912,1776853838834333735,31052505916043,1776853788826.120,3.214,49.961,0.040012,0.011220,0.000000,0.632009,0.053151,0.011151,0.000000,0.000000,0.000000,1.063618
270,go2_001,50065000000,1776853838882413178,1776853838884329466,31052555911648,1776853788817.413,1.916,49.996,0.051800,0.019954,0.000000,0.668245,0.078900,0.013600,0.000000,0.000000,0.000000,0.659213
271,go2_001,50105000000,1776853838923531123,1776853838934357249,31052605939941,1776853788818.531,10.826,50.028,0.055918,0.024112,0.000000,0.685576,0.084818,0.015087,0.000000,0.000000,0.000000,0.482979
272,go2_001,50145000000,1776853838964393659,1776853838984365125,31052655947452,1776853788819.394,19.971,50.008,0.055406,0.024294,0.000000,0.699820,0.076634,0.013863,0.000000,0.000000,0.000000,0.353463
273,go2_001,50205000000,1776853839026342334,1776853839034326232,31052705908606,1776853788821.342,7.984,49.961,0.058840,0.027228,0.000000,0.725519,0.077237,0.012265,0.000000,0.000000,0.000000,0.444735
274,go2_001,50245000000,1776853839067322814,1776853839084382914,31052755965256,1776853788822.323,17.060,50.057,0.061322,0.031514,0.000000,0.736834,0.080795,0.015407,0.000000,0.000000,0.000000,0.274589
275,go2_001,50305000000,1776853839128856199,1776853839134391068,31052805973591,1776853788823.856,5.535,50.008,0.070366,0.041438,0.000000,0.745302,0.100235,0.018271,0.000000,0.000000,0.000000,0.158482
276,go2_001,50345000000,1776853839169911180,1776853839184405416,31052855987742,1776853788824.911,14.494,50.014,0.075449,0.044478,0.000000,0.761384,0.105204,0.014547,0.000000,0.000000,0.000000,0.435089
277,go2_001,50405000000,1776853839231344701,1776853839234337752,31052905920058,1776853788826.345,2.993,49.932,0.074712,0.044549,0.000000,0.794179,0.090720,0.012765,0.000000,0.000000,0.000000,0.578959
278,go2_001,50465000000,1776853839283032773,1776853839284296066,31052955878331,1776853788818.033,1.263,49.958,0.075898,0.046595,0.000000,0.843326,0.084329,0.011841,0.000000,0.000000,0.000000,1.010126
279,go2_001,50505000000,1776853839324287541,1776853839334330154,31053005912491,1776853788819.288,10.043,50.034,0.081251,0.051760,0.000000,0.882366,0.094162,0.010541,0.000000,0.000000,0.000000,1.000457
280,go2_001,50545000000,1776853839365172584,1776853839384369642,31053055952006,1776853788820.173,19.197,50.039,0.088887,0.059633,0.000000,0.919100,0.111519,0.009723,0.000000,0.000000,0.000000,0.899785
281,go2_001,50585000000,1776853839408180928,1776853839434440563,31053106023232,1776853788823.181,26.260,50.071,0.094493,0.069823,0.000000,0.946746,0.127979,0.015181,0.000000,0.000000,0.000000,0.690405
282,go2_001,50635000000,1776853839480259171,1776853839484384851,31053155967211,1776853788845.259,4.126,49.944,0.092714,0.069048,0.000000,0.966950,0.110845,0.013283,0.000000,0.000000,0.000000,0.283838
283,go2_001,50700000000,1776853839531607920,1776853839534474869,31053206057311,1776853788831.608,2.867,50.090,0.092001,0.069691,0.000000,0.995329,0.095861,0.011660,0.000000,0.000000,0.000000,0.517568
284,go2_001,50740000000,1776853839572644565,1776853839584474678,31053256057179,1776853788832.645,11.830,50.000,0.096141,0.075936,0.000000,1.010859,0.104781,0.011652,0.000000,0.000000,0.000000,0.430065
285,go2_001,50800000000,1776853839634268386,1776853839634432518,31053306015081,1776853788834.268,0.164,49.958,0.102265,0.090349,0.000000,1.016690,0.126078,0.018103,0.000000,0.000000,0.000000,0.096195
286,go2_001,50840000000,1776853839675436632,1776853839684342393,31053355924777,1776853788835.437,8.906,49.910,0.106166,0.094600,0.000000,1.029817,0.128662,0.014384,0.000000,0.000000,0.000000,0.355574
287,go2_001,50880000000,1776853839716608086,1776853839734374115,31053405956588,1776853788836.608,17.766,50.032,0.105553,0.094545,0.000000,1.050441,0.116811,0.013144,0.000000,0.000000,0.000000,0.489194
288,go2_001,50940000000,1776853839767968764,1776853839784340074,31053455922556,1776853788827.969,16.371,49.966,0.104738,0.094450,0.000000,1.083601,0.100766,0.011462,0.000000,0.000000,0.000000,0.708314
289,go2_001,51000000000,1776853839829519400,1776853839834376471,31053505958913,1776853788829.519,4.857,50.036,0.115415,0.106906,0.000000,1.149522,0.124852,0.003544,0.000000,0.000000,0.000000,1.187921
290,go2_001,51040000000,1776853839870745746,1776853839884448102,31053556031428,1776853788830.746,13.702,50.072,0.120140,0.116406,0.000000,1.195197,0.138791,0.003797,0.000000,0.000000,0.000000,1.111975
291,go2_001,51100000000,1776853839932890180,1776853839934284315,31053605866732,1776853788832.890,1.394,49.836,0.114114,0.122130,0.000000,1.237707,0.125674,0.018906,0.000000,0.000000,0.000000,0.623572
292,go2_001,51140000000,1776853839973980196,1776853839984405182,31053655987649,1776853788833.980,10.425,50.121,0.113203,0.122031,0.000000,1.261011,0.113952,0.017288,0.000000,0.000000,0.000000,0.464541
293,go2_001,51180000000,1776853840015323492,1776853840034373933,31053705956313,1776853788835.323,19.050,49.969,0.112420,0.121916,0.000000,1.272090,0.103162,0.015795,0.000000,0.000000,0.000000,0.307076
294,go2_001,51240000000,1776853840067411522,1776853840084376353,31053755958936,1776853788827.411,16.965,50.002,0.109956,0.127939,0.000000,1.269230,0.100031,0.023291,0.000000,0.000000,0.000000,-0.008553
295,go2_001,51300000000,1776853840130833122,1776853840134378223,31053805960565,1776853788830.833,3.545,50.002,0.116115,0.143570,0.000000,1.278092,0.125483,0.019935,0.000000,0.000000,0.000000,0.242715
296,go2_001,51340000000,1776853840172322157,1776853840184382448,31053855964845,1776853788832.322,12.060,50.004,0.117979,0.149332,0.000000,1.291195,0.128652,0.018341,0.000000,0.000000,0.000000,0.409069
297,go2_001,51400000000,1776853840233820620,1776853840234243387,31053905825614,1776853788833.821,0.423,49.861,0.116302,0.152587,0.000000,1.328192,0.117761,0.020646,0.000000,0.000000,0.000000,0.652069
298,go2_001,51440000000,1776853840275202279,1776853840284492027,31053956074946,1776853788835.202,9.290,50.249,0.115751,0.152323,0.000000,1.373164,0.106595,0.018849,0.000000,0.000000,0.000000,0.941089
299,go2_001,51480000000,1776853840316400294,1776853840334465436,31054006048119,1776853788836.400,18.065,49.973,0.114950,0.156957,0.000000,1.426900,0.107204,0.021149,0.000000,0.000000,0.000000,1.192767
300,go2_001,51540000000,1776853840378367494,1776853840384471162,31054056053856,1776853788838.367,6.104,50.006,0.121109,0.160883,0.000000,1.495147,0.106695,0.005355,0.000000,0.000000,0.000000,0.997883
301,go2_001,51600000000,1776853840429942108,1776853840434369645,31054105952186,1776853788829.942,4.428,49.898,0.115854,0.176069,0.000000,1.534313,0.123224,0.022135,0.000000,0.000000,0.000000,0.601902
302,go2_001,51640000000,1776853840471036845,1776853840484401984,31054155984631,1776853788831.037,13.365,50.032,0.113663,0.179475,0.000000,1.549503,0.119409,0.024968,0.000000,0.000000,0.000000,0.456545
303,go2_001,51700000000,1776853840532546162,1776853840534348151,31054205930480,1776853788832.546,1.802,49.946,0.114198,0.185530,0.000000,1.564859,0.118945,0.020555,0.000000,0.000000,0.000000,0.274242
304,go2_001,51740000000,1776853840573982510,1776853840584510822,31054256093716,1776853788833.982,10.528,50.163,0.113576,0.185288,0.000000,1.567399,0.107958,0.018690,0.000000,0.000000,0.000000,0.048255
305,go2_001,51780000000,1776853840614805611,1776853840634418099,31054306006625,1776853788834.805,19.612,49.907,0.116812,0.177816,0.000000,1.564860,0.082110,0.006250,0.000000,0.000000,0.000000,-0.085744
306,go2_001,51840000000,1776853840676407246,1776853840684358002,31054355940891,1776853788836.407,7.951,49.940,0.120010,0.194726,0.000000,1.582825,0.109917,0.000693,0.000000,0.000000,0.000000,0.357321
307,go2_001,51880000000,1776853840717775305,1776853840734560061,31054406143061,1776853788837.775,16.785,50.202,0.119568,0.194443,0.000000,1.605709,0.099316,0.000476,0.000000,0.000000,0.000000,0.532498
308,go2_001,51940000000,1776853840769537446,1776853840784380094,31054455962641,1776853788829.538,14.843,49.820,0.118939,0.194053,0.000000,1.658673,0.084990,0.000188,0.000000,0.000000,0.000000,0.992873
309,go2_001,52000000000,1776853840831024382,1776853840834353074,31054505935491,1776853788831.024,3.329,49.973,0.119237,0.195417,0.000000,1.717519,0.076126,-0.002288,0.000000,0.000000,0.000000,1.153506
310,go2_001,52040000000,1776853840872081199,1776853840884372915,31054555955325,1776853788832.081,12.292,50.020,0.124731,0.193563,0.000000,1.763076,0.064428,-0.016090,0.000000,0.000000,0.000000,1.129488
311,go2_001,52100000000,1776853840934122556,1776853840934304390,31054605886829,1776853788834.123,0.182,49.931,0.127251,0.197295,0.000000,1.811901,0.063031,-0.021999,0.000000,0.000000,0.000000,0.670793
312,go2_001,52140000000,1776853840975389522,1776853840984382136,31054655964590,1776853788835.389,8.993,50.078,0.126755,0.197213,0.000000,1.827602,0.056243,-0.020352,0.000000,0.000000,0.000000,0.372196
313,go2_001,52180000000,1776853841016540329,1776853841034350375,31054705932791,1776853788836.541,17.810,49.968,0.126331,0.197136,0.000000,1.844032,0.050014,-0.018827,0.000000,0.000000,0.000000,0.415315
314,go2_001,52240000000,1776853841078097369,1776853841084364451,31054755947003,1776853788838.097,6.267,50.014,0.124597,0.204427,0.000000,1.861106,0.058096,-0.016068,0.000000,0.000000,0.000000,0.236373
315,go2_001,52300000000,1776853841129680543,1776853841134345673,31054805928139,1776853788829.681,4.665,49.981,0.117206,0.216023,0.000000,1.859081,0.078025,-0.003229,0.000000,0.000000,0.000000,-0.014971
316,go2_001,52340000000,1776853841170751522,1776853841184340370,31054855923100,1776853788830.751,13.589,49.995,0.115438,0.220639,0.000000,1.866489,0.081678,-0.001725,0.000000,0.000000,0.000000,0.262531
317,go2_001,52400000000,1776853841232354133,1776853841234287965,31054905870274,1776853788832.354,1.934,49.948,0.115063,0.220221,0.000000,1.896383,0.069578,-0.001644,0.000000,0.000000,0.000000,0.552924
318,go2_001,52440000000,1776853841273499136,1776853841284367807,31054955950125,1776853788833.499,10.869,50.080,0.114834,0.219968,0.000000,1.930312,0.062326,-0.001592,0.000000,0.000000,0.000000,0.808554
319,go2_001,52480000000,1776853841314840731,1776853841334327196,31055005909538,1776853788834.841,19.486,49.959,0.113857,0.221546,0.000000,1.977266,0.060275,-0.000959,0.000000,0.000000,0.000000,1.141671
320,go2_001,52540000000,1776853841376309876,1776853841384320848,31055055903268,1776853788836.310,8.011,49.994,0.110511,0.234113,0.000000,2.036539,0.081183,-0.003068,0.000000,0.000000,0.000000,0.802833
321,go2_001,52580000000,1776853841417353169,1776853841434396426,31055105978957,1776853788837.353,17.043,50.076,0.104928,0.245381,0.000000,2.060429,0.102472,0.000142,0.000000,0.000000,0.000000,0.490846
322,go2_001,52640000000,1776853841479053613,1776853841484356381,31055155938891,1776853788839.053,5.303,49.960,0.104258,0.244632,0.000000,2.075522,0.087994,0.000020,0.000000,0.000000,0.000000,0.293942
323,go2_001,52700000000,1776853841530528848,1776853841534365724,31055205948264,1776853788830.529,3.837,50.009,0.103764,0.244007,0.000000,2.106343,0.075180,-0.000084,0.000000,0.000000,0.000000,0.566442
324,go2_001,52740000000,1776853841571583208,1776853841584354647,31055255937151,1776853788831.583,12.771,49.989,0.100682,0.249722,0.000000,2.120610,0.083023,0.000267,0.000000,0.000000,0.000000,0.414532
325,go2_001,52800000000,1776853841633409240,1776853841634268479,31055305850831,1776853788833.409,0.859,49.914,0.096511,0.256017,0.000000,2.126533,0.088510,0.001371,0.000000,0.000000,0.000000,0.108937
326,go2_001,52840000000,1776853841674726846,1776853841684365294,31055355947710,1776853788834.727,9.638,50.097,0.092980,0.259830,0.000000,2.133511,0.091773,0.003935,0.000000,0.000000,0.000000,0.241357
327,go2_001,52880000000,1776853841715966434,1776853841734340317,31055405922688,1776853788835.967,18.374,49.975,0.092825,0.259426,0.000000,2.152103,0.082748,0.003553,0.000000,0.000000,0.000000,0.412332
328,go2_001,52940000000,1776853841777716055,1776853841784338356,31055455920645,1776853788837.716,6.622,49.998,0.092590,0.258857,0.000000,2.209180,0.070562,0.003037,0.000000,0.000000,0.000000,0.887915
329,go2_001,52980000000,1776853841818488435,1776853841834364559,31055505946823,1776853788838.488,15.876,50.026,0.091036,0.260224,0.000000,2.256229,0.068478,0.003452,0.000000,0.000000,0.000000,1.010013
330,go2_001,53035000000,1776853841880089055,1776853841884540481,31055556123079,1776853788845.089,4.451,50.176,0.083925,0.272411,0.000000,2.297749,0.091991,0.000925,0.000000,0.000000,0.000000,0.828201
331,go2_001,53095000000,1776853841931891076,1776853841934331682,31055605914067,1776853788836.891,2.441,49.791,0.080666,0.276022,0.000000,2.324628,0.090259,0.000460,0.000000,0.000000,0.000000,0.466994
332,go2_001,53135000000,1776853841973091162,1776853841984405009,31055655987399,1776853788838.091,11.314,50.073,0.080407,0.275529,0.000000,2.337011,0.081442,0.000361,0.000000,0.000000,0.000000,0.298373
333,go2_001,53175000000,1776853842014643193,1776853842034359224,31055705941655,1776853788839.643,19.716,49.954,0.080021,0.276139,0.000000,2.358796,0.075476,-0.000815,0.000000,0.000000,0.000000,0.552166
334,go2_001,53235000000,1776853842076269595,1776853842084363630,31055755945999,1776853788841.270,8.094,50.004,0.068424,0.289242,0.000000,2.393197,0.104166,-0.000055,0.000000,0.000000,0.000000,0.468063
335,go2_001,53275000000,1776853842117494084,1776853842134382786,31055805965118,1776853788842.494,16.889,50.019,0.061209,0.292839,0.000000,2.400738,0.112088,0.006154,0.000000,0.000000,0.000000,0.231105
336,go2_001,53335000000,1776853842178989630,1776853842184327689,31055855910090,1776853788843.990,5.338,49.945,0.054316,0.298310,0.000000,2.421899,0.117076,0.007260,0.000000,0.000000,0.000000,0.407405
337,go2_001,53375000000,1776853842220342084,1776853842234370020,31055905952432,1776853788845.342,14.028,50.042,0.054207,0.297710,0.000000,2.441938,0.106033,0.006617,0.000000,0.000000,0.000000,0.480494
338,go2_001,53455000000,1776853842282379885,1776853842284343138,31055955926313,1776853788827.380,1.963,49.973,0.050281,0.301856,0.000000,2.486907,0.101485,0.003093,0.000000,0.000000,0.000000,0.833386
339,go2_001,53495000000,1776853842333622503,1776853842334259862,31056005842295,1776853788838.623,0.637,49.917,0.043368,0.307795,0.000000,2.523513,0.113544,0.002776,0.000000,0.000000,0.000000,0.941523
340,go2_001,53535000000,1776853842374768397,1776853842384395923,31056055978481,1776853788839.768,9.628,50.136,0.035195,0.317101,0.000000,2.569457,0.132271,-0.002140,0.000000,0.000000,0.000000,0.892104
341,go2_001,53575000000,1776853842415881730,1776853842434339431,31056105921825,1776853788840.882,18.458,49.944,0.029430,0.314642,0.000000,2.598191,0.126961,0.009326,0.000000,0.000000,0.000000,0.610158
342,go2_001,53635000000,1776853842477750583,1776853842484424714,31056156007082,1776853788842.750,6.674,50.085,0.025531,0.311505,0.000000,2.628705,0.113502,0.016543,0.000000,0.000000,0.000000,0.519102
343,go2_001,53675000000,1776853842518662378,1776853842534371955,31056205954404,1776853788843.662,15.710,49.947,0.025516,0.310746,0.000000,2.648296,0.102660,0.015141,0.000000,0.000000,0.000000,0.500257
344,go2_001,53735000000,1776853842580126525,1776853842584588335,31056256170564,1776853788845.126,4.462,50.216,0.025543,0.309795,0.000000,2.660024,0.088002,0.013240,0.000000,0.000000,0.000000,0.152035
345,go2_001,53795000000,1776853842621773029,1776853842634586234,31056306169055,1776853788826.773,12.813,49.998,0.018240,0.314449,0.000000,2.665376,0.096344,0.010701,0.000000,0.000000,0.000000,0.164553
346,go2_001,53835000000,1776853842663693286,1776853842684385285,31056355967801,1776853788828.693,20.692,49.799,0.011766,0.318570,0.000000,2.673426,0.105278,0.009150,0.000000,0.000000,0.000000,0.281517
347,go2_001,53875000000,1776853842715077162,1776853842734427195,31056406009859,1776853788840.077,19.350,50.042,0.007322,0.320000,0.000000,2.700305,0.106180,0.010063,0.000000,0.000000,0.000000,0.532609
348,go2_001,53930000000,1776853842778204500,1776853842784438950,31056456021367,1776853788848.205,6.234,50.012,0.007908,0.319079,0.000000,2.749485,0.091136,0.008739,0.000000,0.000000,0.000000,0.941627
349,go2_001,53970000000,1776853842822561632,1776853842834389049,31056505971716,1776853788852.562,11.827,49.950,0.002604,0.319306,0.000000,2.800666,0.094095,0.012462,0.000000,0.000000,0.000000,1.153973
350,go2_001,54025000000,1776853842866465790,1776853842884876785,31056556460039,1776853788841.466,18.411,50.488,0.006544,0.324740,0.000000,2.863405,0.080419,-0.005904,0.000000,0.000000,0.000000,1.117999
351,go2_001,54085000000,1776853842930836559,1776853842934349018,31056605931472,1776853788845.836,3.512,49.472,0.003025,0.326962,0.000000,2.905504,0.079605,-0.008016,0.000000,0.000000,0.000000,0.781702
352,go2_001,54145000000,1776853842982104504,1776853842984364133,31056655946486,1776853788837.104,2.260,50.015,0.002900,0.326126,0.000000,2.927585,0.067819,-0.007197,0.000000,0.000000,0.000000,0.376408
353,go2_001,54185000000,1776853843023137867,1776853843034407766,31056705990303,1776853788838.138,11.270,50.044,0.002855,0.325678,0.000000,2.936670,0.060728,-0.006697,0.000000,0.000000,0.000000,0.300546
354,go2_001,54230000000,1776853843064414765,1776853843084353107,31056755935687,1776853788834.415,19.938,49.945,-0.000987,0.326445,0.000000,2.945510,0.062891,-0.005798,0.000000,0.000000,0.000000,0.164114
355,go2_001,54290000000,1776853843125869617,1776853843134381047,31056805963723,1776853788835.870,8.511,50.028,-0.011447,0.326212,0.000000,2.934975,0.076200,0.001611,0.000000,0.000000,0.000000,-0.168214
356,go2_001,54330000000,1776853843167456193,1776853843185207482,31056856790038,1776853788837.456,17.751,50.826,-0.020872,0.329349,0.000000,2.930604,0.092059,0.000148,0.000000,0.000000,0.000000,-0.031119
357,go2_001,54385000000,1776853843229765225,1776853843234374615,31056905957138,1776853788844.765,4.609,49.167,-0.020226,0.328795,0.000000,2.961306,0.078838,0.000047,0.000000,0.000000,0.000000,0.609554
358,go2_001,54445000000,1776853843281323347,1776853843284316295,31056955898631,1776853788836.323,2.993,49.942,-0.020053,0.328338,0.000000,3.018902,0.067154,-0.000047,0.000000,0.000000,0.000000,1.020030
359,go2_001,54485000000,1776853843322575441,1776853843334307555,31057005889870,1776853788837.575,11.732,49.991,-0.023022,0.328504,0.000000,3.058174,0.067205,0.000226,0.000000,0.000000,0.000000,1.125148
360,go2_001,54550000000,1776853843384092646,1776853843384251675,31057055834030,1776853788834.093,0.159,49.944,-0.025118,0.334600,0.000000,3.127418,0.064660,-0.013686,0.000000,0.000000,0.000000,0.939316
361,go2_001,54590000000,1776853843425234463,1776853843434364786,31057105947340,1776853788835.235,9.130,50.113,-0.033088,0.334945,0.000000,-3.133109,0.076335,-0.011489,0.000000,0.000000,0.000000,0.699005
362,go2_001,54630000000,1776853843466417182,1776853843484370238,31057155952684,1776853788836.417,17.953,50.005,-0.032976,0.334432,0.000000,-3.120983,0.068524,-0.010601,0.000000,0.000000,0.000000,0.308966
363,go2_001,54690000000,1776853843527913358,1776853843534364802,31057205947274,1776853788837.913,6.451,49.995,-0.032813,0.333818,0.000000,-3.103760,0.058003,-0.009395,0.000000,0.000000,0.000000,0.369529
364,go2_001,54730000000,1776853843568946368,1776853843584369508,31057255951924,1776853788838.946,15.423,50.005,-0.036675,0.333716,0.000000,-3.093269,0.061107,-0.008441,0.000000,0.000000,0.000000,0.241320
365,go2_001,54770000000,1776853843610104127,1776853843634362431,31057305944777,1776853788840.104,24.258,49.993,-0.042861,0.333787,0.000000,-3.098508,0.069318,-0.007683,0.000000,0.000000,0.000000,-0.113176
366,go2_001,54845000000,1776853843682793028,1776853843684312589,31057355895242,1776853788837.793,1.520,49.950,-0.057517,0.331390,0.000000,-3.107388,0.088882,-0.001121,0.000000,0.000000,0.000000,0.032910
367,go2_001,54890000000,1776853843723754136,1776853843734354068,31057405936413,1776853788833.754,10.600,50.041,-0.057697,0.331162,0.000000,-3.083379,0.080139,-0.001060,0.000000,0.000000,0.000000,0.481977
368,go2_001,54930000000,1776853843765073789,1776853843784366563,31057455948970,1776853788835.074,19.293,50.012,-0.057454,0.330947,0.000000,-3.049033,0.072059,-0.000997,0.000000,0.000000,0.000000,0.872937
369,go2_001,54990000000,1776853843827018824,1776853843834388420,31057505971119,1776853788837.019,7.370,50.022,-0.060254,0.331008,0.000000,-2.973268,0.068253,-0.002352,0.000000,0.000000,0.000000,1.172880
370,go2_001,55025000000,1776853843868294213,1776853843884368304,31057555950928,1776853788843.294,16.074,49.980,-0.057913,0.337906,0.000000,-2.932374,0.056311,-0.018698,0.000000,0.000000,0.000000,0.965744
371,go2_001,55085000000,1776853843930040599,1776853843934337243,31057605919710,1776853788845.041,4.297,49.969,-0.057066,0.341066,0.000000,-2.895590,0.045164,-0.024749,0.000000,0.000000,0.000000,0.539834
372,go2_001,55145000000,1776853843981388526,1776853843984342579,31057655925139,1776853788836.389,2.954,50.005,-0.057043,0.340590,0.000000,-2.878432,0.037589,-0.021834,0.000000,0.000000,0.000000,0.364327
373,go2_001,55185000000,1776853844022358586,1776853844034466211,31057706048760,1776853788837.359,12.108,50.124,-0.057025,0.340335,0.000000,-2.860476,0.033058,-0.020072,0.000000,0.000000,0.000000,0.516852
374,go2_001,55245000000,1776853844084061603,1776853844084220084,31057755802457,1776853788839.062,0.158,49.754,-0.059859,0.340201,0.000000,-2.831812,0.032622,-0.019130,0.000000,0.000000,0.000000,0.470273
375,go2_001,55285000000,1776853844125222184,1776853844134355919,31057805938488,1776853788840.222,9.134,50.136,-0.055178,0.335008,0.000000,-2.831951,0.020109,-0.004105,0.000000,0.000000,0.000000,0.110906
376,go2_001,55325000000,1776853844167051226,1776853844184387291,31057855969591,1776853788842.051,17.336,50.031,-0.049952,0.331166,0.000000,-2.829542,0.007105,0.007303,0.000000,0.000000,0.000000,0.170497
377,go2_001,55385000000,1776853844229212290,1776853844234306159,31057905888431,1776853788844.212,5.094,49.919,-0.049575,0.328286,0.000000,-2.797460,0.004904,0.012821,0.000000,0.000000,0.000000,0.438944
378,go2_001,55425000000,1776853844270319090,1776853844284361176,31057955943568,1776853788845.319,14.042,50.055,-0.049535,0.328320,0.000000,-2.766863,0.003119,0.011809,0.000000,0.000000,0.000000,0.710754
379,go2_001,55485000000,1776853844322275259,1776853844334339447,31058005921852,1776853788837.275,12.064,49.978,-0.056842,0.327260,0.000000,-2.713504,0.017987,0.007988,0.000000,0.000000,0.000000,0.943702
380,go2_001,55545000000,1776853844383973626,1776853844384256534,31058055838718,1776853788838.974,0.283,49.917,-0.071343,0.322418,0.000000,-2.663559,0.049100,0.007355,0.000000,0.000000,0.000000,0.808917
381,go2_001,55585000000,1776853844424955332,1776853844434366037,31058105948450,1776853788839.956,9.411,50.110,-0.071947,0.317248,0.000000,-2.643448,0.049314,0.017096,0.000000,0.000000,0.000000,0.452310
382,go2_001,55625000000,1776853844466143899,1776853844484364316,31058155946630,1776853788841.144,18.220,49.998,-0.071650,0.317132,0.000000,-2.624552,0.044038,0.015719,0.000000,0.000000,0.000000,0.477368
383,go2_001,55685000000,1776853844527841307,1776853844534327452,31058205909851,1776853788842.841,6.486,49.963,-0.071265,0.316999,0.000000,-2.589235,0.036925,0.013849,0.000000,0.000000,0.000000,0.532518
384,go2_001,55725000000,1776853844568873151,1776853844584363083,31058255945514,1776853788843.873,15.490,50.036,-0.077074,0.313925,0.000000,-2.573640,0.048251,0.013395,0.000000,0.000000,0.000000,0.369678
385,go2_001,55785000000,1776853844630631596,1776853844634316641,31058305898986,1776853788845.632,3.685,49.954,-0.080786,0.304846,0.000000,-2.567592,0.058525,0.025914,0.000000,0.000000,0.000000,0.054603
386,go2_001,55845000000,1776853844682243026,1776853844684346098,31058355928518,1776853788837.243,2.103,50.029,-0.084057,0.300748,0.000000,-2.560378,0.061225,0.027320,0.000000,0.000000,0.000000,0.274974
387,go2_001,55885000000,1776853844723146594,1776853844734381918,31058405964476,1776853788838.146,11.235,50.036,-0.083761,0.300758,0.000000,-2.540701,0.055033,0.025075,0.000000,0.000000,0.000000,0.452414
388,go2_001,55925000000,1776853844764319789,1776853844784424731,31058456007852,1776853788839.320,20.105,50.043,-0.083487,0.300770,0.000000,-2.512708,0.049344,0.023003,0.000000,0.000000,0.000000,0.661908
389,go2_001,55985000000,1776853844826059705,1776853844834359401,31058505942148,1776853788841.060,8.300,49.935,-0.085154,0.299266,0.000000,-2.449962,0.047724,0.020665,0.000000,0.000000,0.000000,1.003758
390,go2_001,56025000000,1776853844867187273,1776853844884377808,31058555960482,1776853788842.187,17.191,50.018,-0.094643,0.294882,0.000000,-2.414557,0.067337,0.015214,0.000000,0.000000,0.000000,0.859391
391,go2_001,56085000000,1776853844928525217,1776853844934369278,31058605952080,1776853788843.525,5.844,49.991,-0.110332,0.281233,0.000000,-2.373541,0.105902,0.017518,0.000000,0.000000,0.000000,0.503521
392,go2_001,56125000000,1776853844969597630,1776853844984330505,31058655912862,1776853788844.597,14.733,49.961,-0.109666,0.281040,0.000000,-2.363389,0.096118,0.016025,0.000000,0.000000,0.000000,0.248009
393,go2_001,56185000000,1776853845031178339,1776853845034329612,31058705912106,1776853788846.178,3.151,49.999,-0.108847,0.280857,0.000000,-2.346818,0.082881,0.014001,0.000000,0.000000,0.000000,0.354394
394,go2_001,56245000000,1776853845082575298,1776853845084348250,31058755930615,1776853788837.575,1.773,50.019,-0.113065,0.274625,0.000000,-2.326681,0.089056,0.016039,0.000000,0.000000,0.000000,0.400053
395,go2_001,56285000000,1776853845123697318,1776853845134433273,31058806016132,1776853788838.697,10.736,50.085,-0.118739,0.265891,0.000000,-2.319480,0.104663,0.020637,0.000000,0.000000,0.000000,0.200404
396,go2_001,56325000000,1776853845164824316,1776853845184390684,31058855973212,1776853788839.824,19.566,49.957,-0.122751,0.261226,0.000000,-2.314851,0.109792,0.020060,0.000000,0.000000,0.000000,0.195904
397,go2_001,56385000000,1776853845226389453,1776853845234358662,31058905941463,1776853788841.390,7.969,49.968,-0.122769,0.260026,0.000000,-2.293058,0.097906,0.018461,0.000000,0.000000,0.000000,0.417751
398,go2_001,56425000000,1776853845267560475,1776853845284360240,31058955942998,1776853788842.561,16.800,50.002,-0.122322,0.260061,0.000000,-2.257286,0.088691,0.016859,0.000000,0.000000,0.000000,0.712121
399,go2_001,56485000000,1776853845329339799,1776853845334314759,31059005897064,1776853788844.340,4.975,49.955,-0.123223,0.256422,0.000000,-2.190641,0.085078,0.017941,0.000000,0.000000,0.000000,1.103518
400,go2_001,56525000000,1776853845370426295,1776853845384360574,31059055943025,1776853788845.426,13.934,50.046,-0.128207,0.254866,0.000000,-2.151031,0.088469,0.009404,0.000000,0.000000,0.000000,0.979038
401,go2_001,56585000000,1776853845421960480,1776853845434363658,31059105946077,1776853788836.960,12.403,50.003,-0.132944,0.243312,0.000000,-2.115865,0.103509,0.015944,0.000000,0.000000,0.000000,0.595678
402,go2_001,56645000000,1776853845483435346,1776853845484260584,31059155843085,1776853788838.435,0.825,49.897,-0.131959,0.243276,0.000000,-2.097859,0.089249,0.013867,0.000000,0.000000,0.000000,0.280080
403,go2_001,56685000000,1776853845524302576,1776853845534403644,31059205986180,1776853788839.303,10.101,50.143,-0.131420,0.243285,0.000000,-2.081960,0.080684,0.012618,0.000000,0.000000,0.000000,0.414854
404,go2_001,56725000000,1776853845568958135,1776853845584426650,31059256009805,1776853788843.958,15.469,50.023,-0.130956,0.243310,0.000000,-2.074013,0.072806,0.011467,0.000000,0.000000,0.000000,0.153473
405,go2_001,56785000000,1776853845627882189,1776853845634401916,31059305984583,1776853788842.882,6.520,49.975,-0.134153,0.241415,0.000000,-2.071560,0.070886,0.005386,0.000000,0.000000,0.000000,0.043458
406,go2_001,56825000000,1776853845669151450,1776853845684444700,31059356027279,1776853788844.152,15.293,50.043,-0.142296,0.233894,0.000000,-2.065505,0.089403,-0.001881,0.000000,0.000000,0.000000,0.182752
407,go2_001,56885000000,1776853845730650188,1776853845734303332,31059405885718,1776853788845.650,3.653,49.859,-0.142144,0.232902,0.000000,-2.035070,0.079226,-0.001323,0.000000,0.000000,0.000000,0.566786
408,go2_001,56925000000,1776853845772064370,1776853845784353607,31059455936023,1776853788847.064,12.289,50.050,-0.141793,0.232941,0.000000,-2.001998,0.071459,-0.001344,0.000000,0.000000,0.000000,0.779148
409,go2_001,56985000000,1776853845823465475,1776853845834356849,31059505939277,1776853788838.466,10.891,50.003,-0.144463,0.229378,0.000000,-1.944271,0.071704,-0.003989,0.000000,0.000000,0.000000,1.051002
410,go2_001,57025000000,1776853845864603243,1776853845884390661,31059555973158,1776853788839.603,19.787,50.034,-0.148897,0.232495,0.000000,-1.899782,0.063430,-0.017200,0.000000,0.000000,0.000000,1.209559
411,go2_001,57085000000,1776853845926436788,1776853845934383121,31059605965574,1776853788841.437,7.946,49.992,-0.152891,0.214349,0.000000,-1.845603,0.095531,-0.006572,0.000000,0.000000,0.000000,0.851045
412,go2_001,57125000000,1776853845967904802,1776853845984377488,31059655960233,1776853788842.905,16.473,49.994,-0.152215,0.214317,0.000000,-1.826003,0.086449,-0.006147,0.000000,0.000000,0.000000,0.514410
413,go2_001,57185000000,1776853846029322942,1776853846034367053,31059705949575,1776853788844.323,5.044,49.990,-0.151361,0.214306,0.000000,-1.807262,0.074172,-0.005565,0.000000,0.000000,0.000000,0.269195
414,go2_001,57225000000,1776853846070325082,1776853846084368427,31059755950761,1776853788845.325,14.043,50.001,-0.152129,0.210465,0.000000,-1.801017,0.076412,-0.004625,0.000000,0.000000,0.000000,0.129555
415,go2_001,57285000000,1776853846132076582,1776853846134295140,31059805877551,1776853788847.077,2.219,49.927,-0.153172,0.198047,0.000000,-1.807530,0.093749,0.001955,0.000000,0.000000,0.000000,-0.158215
416,go2_001,57345000000,1776853846183828128,1776853846184235603,31059855817911,1776853788838.828,0.407,49.940,-0.156916,0.188146,0.000000,-1.804505,0.105242,-0.000469,0.000000,0.000000,0.000000,0.146726
417,go2_001,57385000000,1776853846224783063,1776853846234359467,31059905942016,1776853788839.783,9.576,50.124,-0.156545,0.188331,0.000000,-1.781613,0.095348,-0.000516,0.000000,0.000000,0.000000,0.564637
418,go2_001,57425000000,1776853846265830845,1776853846284351875,31059955934217,1776853788840.831,18.521,49.992,-0.156174,0.188495,0.000000,-1.743504,0.086244,-0.000557,0.000000,0.000000,0.000000,0.897382
419,go2_001,57485000000,1776853846327231650,1776853846334376267,31060005958771,1776853788842.231,7.145,50.024,-0.157103,0.185754,0.000000,-1.682130,0.081288,-0.002538,0.000000,0.000000,0.000000,1.058771
420,go2_001,57525000000,1776853846368399112,1776853846384357992,31060055940423,1776853788843.399,15.959,49.982,-0.157938,0.177303,0.000000,-1.632075,0.093523,-0.000865,0.000000,0.000000,0.000000,1.187015
421,go2_001,57585000000,1776853846430085961,1776853846434325220,31060105907509,1776853788845.086,4.239,49.967,-0.160463,0.170827,0.000000,-1.579107,0.096480,-0.005725,0.000000,0.000000,0.000000,0.584945
422,go2_001,57625000000,1776853846471082947,1776853846484362750,31060155945116,1776853788846.083,13.280,50.038,-0.159800,0.170976,0.000000,-1.572631,0.087259,-0.005336,0.000000,0.000000,0.000000,0.207931
423,go2_001,57685000000,1776853846532819907,1776853846534269586,31060205851923,1776853788847.820,1.450,49.907,-0.159017,0.171196,0.000000,-1.553410,0.074796,-0.004805,0.000000,0.000000,0.000000,0.393323
424,go2_001,57745000000,1776853846584216639,1776853846584369584,31060255951957,1776853788839.217,0.153,50.100,-0.161337,0.161386,0.000000,-1.541221,0.087143,-0.008641,0.000000,0.000000,0.000000,0.252657
425,go2_001,57785000000,1776853846625430755,1776853846634330235,31060305912682,1776853788840.431,8.899,49.961,-0.157504,0.151411,0.000000,-1.547877,0.101627,0.001848,0.000000,0.000000,0.000000,-0.113603
426,go2_001,57825000000,1776853846666520423,1776853846684371581,31060355954128,1776853788841.520,17.851,50.041,-0.159016,0.149729,0.000000,-1.549434,0.096403,-0.002517,0.000000,0.000000,0.000000,-0.028801
427,go2_001,57885000000,1776853846728155314,1776853846734365868,31060405948194,1776853788843.155,6.211,49.994,-0.158578,0.150081,0.000000,-1.519715,0.082826,-0.002301,0.000000,0.000000,0.000000,0.532667
428,go2_001,57925000000,1776853846769216371,1776853846784371315,31060455953732,1776853788844.216,15.155,50.005,-0.158298,0.150292,0.000000,-1.485412,0.074677,-0.002168,0.000000,0.000000,0.000000,0.721652
429,go2_001,57985000000,1776853846830833122,1776853846834311833,31060505894131,1776853788845.833,3.479,49.941,-0.157416,0.146618,0.000000,-1.419439,0.072998,-0.001109,0.000000,0.000000,0.000000,1.162411
430,go2_001,58025000000,1776853846872150757,1776853846884377001,31060555959656,1776853788847.151,12.226,50.065,-0.159060,0.136973,0.000000,-1.380239,0.088514,-0.006509,0.000000,0.000000,0.000000,0.951970
431,go2_001,58085000000,1776853846924127553,1776853846934399241,31060605981856,1776853788839.127,10.272,50.022,-0.156700,0.126245,0.000000,-1.341045,0.101161,-0.003827,0.000000,0.000000,0.000000,0.613992
432,go2_001,58125000000,1776853846975914893,1776853846985637690,31060657220399,1776853788850.915,9.723,51.238,-0.156124,0.126579,0.000000,-1.321324,0.091527,-0.003562,0.000000,0.000000,0.000000,0.410987
433,go2_001,58160000000,1776853847018666382,1776853847035350329,31060706932629,1776853788858.667,16.684,49.713,-0.155730,0.127285,0.000000,-1.310533,0.082741,-0.003306,0.000000,0.000000,0.000000,0.362881
434,go2_001,58215000000,1776853847080703695,1776853847084435317,31060756017570,1776853788865.704,3.732,49.085,-0.154740,0.124306,0.000000,-1.284622,0.079783,-0.003126,0.000000,0.000000,0.000000,0.377480
435,go2_001,58250000000,1776853847122387150,1776853847134925753,31060806508248,1776853788872.387,12.539,50.490,-0.153011,0.118807,0.000000,-1.283487,0.086701,-0.001752,0.000000,0.000000,0.000000,0.177899
436,go2_001,58315000000,1776853847164029082,1776853847184412746,31060855995331,1776853788849.029,20.384,49.487,-0.145582,0.105003,0.000000,-1.281486,0.108105,0.007624,0.000000,0.000000,0.000000,0.072474
437,go2_001,58355000000,1776853847215454449,1776853847234333885,31060905916294,1776853788860.454,18.879,49.921,-0.144537,0.105030,0.000000,-1.262676,0.099048,0.008522,0.000000,0.000000,0.000000,0.376534
438,go2_001,58415000000,1776853847277414149,1776853847284344757,31060955927683,1776853788862.414,6.931,50.011,-0.144151,0.105499,0.000000,-1.220538,0.085190,0.007462,0.000000,0.000000,0.000000,0.672810
439,go2_001,58455000000,1776853847318713595,1776853847334343260,31061005925676,1776853788863.714,15.630,49.999,-0.143874,0.105811,0.000000,-1.176028,0.076853,0.006821,0.000000,0.000000,0.000000,0.966139
440,go2_001,58520000000,1776853847382153317,1776853847384384568,31061055967114,1776853788862.153,2.231,50.041,-0.141786,0.096796,0.000000,-1.121112,0.086932,0.003113,0.000000,0.000000,0.000000,0.923666
441,go2_001,58575000000,1776853847433036140,1776853847434373126,31061105955574,1776853788858.036,1.337,49.989,-0.132996,0.080558,0.000000,-1.087210,0.117949,0.008756,0.000000,0.000000,0.000000,0.659009
442,go2_001,58615000000,1776853847474707987,1776853847484416600,31061155999201,1776853788859.708,9.709,50.043,-0.132523,0.081108,0.000000,-1.070956,0.106969,0.008007,0.000000,0.000000,0.000000,0.377256
443,go2_001,58655000000,1776853847516096605,1776853847534558798,31061206141564,1776853788861.097,18.462,50.142,-0.132132,0.081601,0.000000,-1.054396,0.096850,0.007315,0.000000,0.000000,0.000000,0.432970
444,go2_001,58710000000,1776853847578240464,1776853847584400755,31061255983247,1776853788868.240,6.160,49.842,-0.130595,0.079208,0.000000,-1.022343,0.091859,0.006020,0.000000,0.000000,0.000000,0.507202
445,go2_001,58750000000,1776853847619821428,1776853847634346162,31061305928621,1776853788869.822,14.525,49.945,-0.127069,0.074779,0.000000,-1.013407,0.096430,0.007709,0.000000,0.000000,0.000000,0.163027
446,go2_001,58835000000,1776853847681684132,1776853847684309733,31061355892108,1776853788846.684,2.626,49.964,-0.117682,0.059188,0.000000,-1.007404,0.119656,0.007457,0.000000,0.000000,0.000000,0.168372
447,go2_001,58875000000,1776853847723577739,1776853847734427112,31061406010140,1776853788848.578,10.849,50.117,-0.117502,0.059668,0.000000,-0.990582,0.108427,0.006795,0.000000,0.000000,0.000000,0.396296
448,go2_001,58910000000,1776853847765890675,1776853847784404021,31061455986639,1776853788855.891,18.513,49.977,-0.117637,0.060500,0.000000,-0.966757,0.098118,0.006181,0.000000,0.000000,0.000000,0.627051
449,go2_001,58950000000,1776853847818798316,1776853847834397794,31061505980348,1776853788868.798,15.599,49.994,-0.117424,0.060906,0.000000,-0.918911,0.088674,0.005623,0.000000,0.000000,0.000000,0.964082
450,go2_001,59035000000,1776853847881166183,1776853847884545261,31061556128132,1776853788846.166,3.379,50.147,-0.110583,0.047259,0.000000,-0.823913,0.106725,-0.001002,0.000000,0.000000,0.000000,0.998214
451,go2_001,59075000000,1776853847922841867,1776853847935158258,31061606740742,1776853788847.842,12.316,50.613,-0.101860,0.040680,0.000000,-0.813440,0.121392,0.006006,0.000000,0.000000,0.000000,0.774826
452,go2_001,59110000000,1776853847964454316,1776853847984443220,31061656026123,1776853788854.454,19.989,49.285,-0.101613,0.039076,0.000000,-0.794119,0.115523,0.002475,0.000000,0.000000,0.000000,0.544004
453,go2_001,59160000000,1776853848029233081,1776853848034629491,31061706211861,1776853788869.233,5.396,50.186,-0.101839,0.040687,0.000000,-0.772819,0.099670,0.002102,0.000000,0.000000,0.000000,0.426255
454,go2_001,59205000000,1776853848072854690,1776853848084371686,31061755954247,1776853788867.854,11.517,49.742,-0.101175,0.040868,0.000000,-0.744857,0.090223,0.001871,0.000000,0.000000,0.000000,0.425630
455,go2_001,59240000000,1776853848114291536,1776853848134449465,31061806032181,1776853788874.292,20.158,50.078,-0.096196,0.036779,0.000000,-0.741507,0.097724,0.003634,0.000000,0.000000,0.000000,0.181705
456,go2_001,59300000000,1776853848176671015,1776853848184699008,31061856281912,1776853788876.671,8.028,50.250,-0.086558,0.030176,0.000000,-0.735932,0.110862,0.008164,0.000000,0.000000,0.000000,0.131164
457,go2_001,59340000000,1776853848228700650,1776853848234410659,31061905994117,1776853788888.701,5.710,49.712,-0.082941,0.025581,0.000000,-0.724594,0.114534,0.005591,0.000000,0.000000,0.000000,0.360489
458,go2_001,59390000000,1776853848281152492,1776853848284512661,31061956095390,1776853788891.152,3.360,50.102,-0.083500,0.026886,0.000000,-0.687416,0.098943,0.004850,0.000000,0.000000,0.000000,0.633657
459,go2_001,59430000000,1776853848302199619,1776853848334440340,31062006023056,1776853788872.200,32.241,49.928,-0.083304,0.027278,0.000000,-0.658069,0.089590,0.004408,0.000000,0.000000,0.000000,0.661301
460,go2_001,59485000000,1776853848369970009,1776853848384411169,31062055993938,1776853788884.970,14.441,49.971,-0.076308,0.020968,0.000000,-0.615318,0.100505,0.003180,0.000000,0.000000,0.000000,0.984266
461,go2_001,59525000000,1776853848424776515,1776853848434848786,31062106431356,1776853788899.777,10.072,50.438,-0.070284,0.013577,0.000000,-0.571190,0.113567,-0.001806,0.000000,0.000000,0.000000,1.063266
462,go2_001,59580000000,1776853848478731046,1776853848484426378,31062156009390,1776853788898.731,5.695,49.578,-0.053238,0.004732,0.000000,-0.522197,0.143215,0.006190,0.000000,0.000000,0.000000,0.750075
463,go2_001,59620000000,1776853848510733722,1776853848534369269,31062205951963,1776853788890.734,23.636,49.943,-0.051187,0.006942,0.000000,-0.500450,0.131411,0.010523,0.000000,0.000000,0.000000,0.435549
464,go2_001,59680000000,1776853848572381911,1776853848585020043,31062256602697,1776853788892.382,12.638,50.651,-0.050889,0.008387,0.000000,-0.480730,0.113102,0.009697,0.000000,0.000000,0.000000,0.354823
465,go2_001,59745000000,1776853848634484189,1776853848634722927,31062306305593,1776853788889.484,0.239,49.703,-0.046369,0.006234,0.000000,-0.467568,0.108917,0.008029,0.000000,0.000000,0.000000,0.212085
466,go2_001,59785000000,1776853848665571623,1776853848684357523,31062355939861,1776853788880.572,18.786,49.635,-0.049781,0.007219,0.000000,-0.459001,0.091569,0.003792,0.000000,0.000000,0.000000,0.210576
467,go2_001,59845000000,1776853848727251838,1776853848734343083,31062405925422,1776853788882.252,7.091,49.986,-0.040531,0.000758,0.000000,-0.447270,0.104566,0.000642,0.000000,0.000000,0.000000,0.224687
468,go2_001,59885000000,1776853848768393111,1776853848784396814,31062455979615,1776853788883.393,16.004,50.054,-0.040542,0.001196,0.000000,-0.424651,0.094422,0.000519,0.000000,0.000000,0.000000,0.550358
469,go2_001,59945000000,1776853848829830957,1776853848834358421,31062505940826,1776853788884.831,4.527,49.962,-0.040558,0.001824,0.000000,-0.375927,0.080706,0.000356,0.000000,0.000000,0.000000,0.761071
470,go2_001,59985000000,1776853848882996370,1776853848884407719,31062555990741,1776853788897.996,1.411,50.049,-0.037049,-0.000500,0.000000,-0.334962,0.082935,-0.001724,0.000000,0.000000,0.000000,1.062724
471,go2_001,60025000000,1776853848928026222,1776853848934688633,31062606271214,1776853788903.026,6.662,50.281,-0.025323,-0.006749,0.000000,-0.278847,0.105782,-0.003659,0.000000,0.000000,0.000000,1.287392
472,go2_001,60065000000,1776853848969197685,1776853848984381787,31062655964287,1776853788904.198,15.184,49.693,-0.015147,-0.007902,0.000000,-0.237159,0.119136,0.002513,0.000000,0.000000,0.000000,1.032592
473,go2_001,60105000000,1776853849010637489,1776853849034363756,31062705946134,1776853788905.637,23.726,49.982,-0.015280,-0.007949,0.000000,-0.207822,0.108338,0.000142,0.000000,0.000000,0.000000,0.689429
474,go2_001,60190000000,1776853849082447610,1776853849084355797,31062755938411,1776853788892.448,1.908,49.992,-0.014645,-0.006681,0.000000,-0.188487,0.088575,-0.000003,0.000000,0.000000,0.000000,0.210761
475,go2_001,60230000000,1776853849123363158,1776853849134411375,31062805994094,1776853788893.363,11.048,50.056,-0.009288,-0.007417,0.000000,-0.189872,0.092819,0.001222,0.000000,0.000000,0.000000,0.004881
476,go2_001,60270000000,1776853849164352331,1776853849184370602,31062855952937,1776853788894.352,20.018,49.959,0.001268,-0.007232,0.000000,-0.198002,0.107734,0.007943,0.000000,0.000000,0.000000,-0.147262
477,go2_001,60330000000,1776853849226157370,1776853849234367256,31062905949653,1776853788896.157,8.210,49.997,0.005799,-0.011117,0.000000,-0.191440,0.105149,-0.000079,0.000000,0.000000,0.000000,0.208699
478,go2_001,60370000000,1776853849277587206,1776853849284334369,31062955916767,1776853788907.587,6.747,49.967,0.005673,-0.010738,0.000000,-0.159907,0.094972,-0.000132,0.000000,0.000000,0.000000,0.611803
479,go2_001,60410000000,1776853849318552800,1776853849334361469,31063005943861,1776853788908.553,15.809,50.027,0.005555,-0.010339,0.000000,-0.119082,0.085599,-0.000180,0.000000,0.000000,0.000000,0.791488
480,go2_001,60470000000,1776853849380165159,1776853849384343526,31063055925770,1776853788910.165,4.178,49.982,0.006999,-0.009809,0.000000,-0.067030,0.076723,0.000375,0.000000,0.000000,0.000000,0.959000
481,go2_001,60530000000,1776853849421354622,1776853849434390418,31063105972961,1776853788891.355,13.036,50.047,0.019770,-0.013235,0.000000,-0.018213,0.096169,-0.003785,0.000000,0.000000,0.000000,1.147597
482,go2_001,60590000000,1776853849482797134,1776853849484291150,31063155873762,1776853788892.797,1.494,49.901,0.030231,-0.012412,0.000000,0.027088,0.106088,0.000015,0.000000,0.000000,0.000000,0.631337
483,go2_001,60630000000,1776853849523717879,1776853849534356005,31063205938430,1776853788893.718,10.638,50.065,0.030011,-0.011765,0.000000,0.043017,0.095800,-0.000037,0.000000,0.000000,0.000000,0.406895
484,go2_001,60670000000,1776853849564919948,1776853849584363705,31063255946067,1776853788894.920,19.444,50.008,0.029799,-0.011208,0.000000,0.061182,0.086335,-0.000084,0.000000,0.000000,0.000000,0.462575
485,go2_001,60710000000,1776853849605897313,1776853849634341455,31063305923794,1776853788895.897,28.444,49.978,0.032769,-0.010910,0.000000,0.078368,0.085199,-0.000055,0.000000,0.000000,0.000000,0.377348
486,go2_001,60770000000,1776853849677430364,1776853849684359580,31063355942065,1776853788907.430,6.929,50.018,0.048084,-0.007017,0.000000,0.067076,0.108188,0.008940,0.000000,0.000000,0.000000,-0.205836
487,go2_001,60810000000,1776853849718394369,1776853849734380528,31063405962864,1776853788908.395,15.986,50.021,0.057702,-0.008363,0.000000,0.068474,0.120946,0.004621,0.000000,0.000000,0.000000,0.138324
488,go2_001,60870000000,1776853849780094213,1776853849784333555,31063455915751,1776853788910.094,4.239,49.953,0.057539,-0.006915,0.000000,0.096022,0.104786,0.006040,0.000000,0.000000,0.000000,0.507182
489,go2_001,60930000000,1776853849821338991,1776853849834358769,31063505941105,1776853788891.339,13.020,50.025,0.057075,-0.006469,0.000000,0.131530,0.089781,0.005247,0.000000,0.000000,0.000000,0.846895
490,go2_001,60990000000,1776853849882748624,1776853849884332475,31063555914835,1776853788892.749,1.584,49.974,0.063938,-0.004095,0.000000,0.200426,0.093751,0.007847,0.000000,0.000000,0.000000,1.164799
491,go2_001,61030000000,1776853849923964965,1776853849934335142,31063605917839,1776853788893.965,10.370,50.003,0.073136,-0.002546,0.000000,0.240686,0.106810,0.007946,0.000000,0.000000,0.000000,0.953600
492,go2_001,61070000000,1776853849965093173,1776853849984343856,31063655926263,1776853788895.093,19.251,50.009,0.085287,0.000878,0.000000,0.271712,0.126250,0.010868,0.000000,0.000000,0.000000,0.782095
493,go2_001,61110000000,1776853850006109241,1776853850034340699,31063705923520,1776853788896.109,28.231,49.997,0.084206,0.004592,0.000000,0.291080,0.113979,0.017033,0.000000,0.000000,0.000000,0.460992
494,go2_001,61170000000,1776853850078047104,1776853850084359008,31063755941445,1776853788908.047,6.312,50.018,0.083424,0.005332,0.000000,0.310093,0.097856,0.014917,0.000000,0.000000,0.000000,0.305160
495,go2_001,61210000000,1776853850118949793,1776853850134355892,31063805938703,1776853788908.950,15.406,49.997,0.082970,0.005721,0.000000,0.324264,0.088180,0.013643,0.000000,0.000000,0.000000,0.216357
496,go2_001,61290000000,1776853850180593663,1776853850184313758,31063855896071,1776853788890.594,3.720,49.958,0.095326,0.011245,0.000000,0.332159,0.102971,0.015974,0.000000,0.000000,0.000000,0.136407
497,go2_001,61330000000,1776853850221637513,1776853850234342950,31063905925335,1776853788891.637,12.705,50.029,0.106218,0.012004,0.000000,0.331059,0.118667,0.009489,0.000000,0.000000,0.000000,0.096615
498,go2_001,61390000000,1776853850283324875,1776853850284263134,31063955845803,1776853788893.325,0.938,49.920,0.105564,0.012329,0.000000,0.358451,0.101979,0.008239,0.000000,0.000000,0.000000,0.512913
499,go2_001,61430000000,1776853850324247549,1776853850334365881,31064005948423,1776853788894.247,10.118,50.103,0.105163,0.012539,0.000000,0.393709,0.091963,0.007488,0.000000,0.000000,0.000000,0.819126
500,go2_001,61470000000,1776853850365527877,1776853850384382070,31064055964577,1776853788895.528,18.854,50.016,0.107827,0.015503,0.000000,0.435085,0.091583,0.010749,0.000000,0.000000,0.000000,0.995413
501,go2_001,61510000000,1776853850416684553,1776853850434374762,31064105957315,1776853788906.685,17.690,49.993,0.105104,0.009920,0.000000,0.487279,0.073009,-0.001433,0.000000,0.000000,0.000000,1.092708
502,go2_001,61570000000,1776853850478310308,1776853850484365306,31064155947644,1776853788908.310,6.055,49.991,0.107931,0.004202,0.000000,0.546973,0.064003,-0.017279,0.000000,0.000000,0.000000,0.752859
503,go2_001,61610000000,1776853850519213479,1776853850534336396,31064205918845,1776853788909.213,15.123,49.971,0.108968,0.005436,0.000000,0.561679,0.060515,-0.015327,0.000000,0.000000,0.000000,0.356239
504,go2_001,61690000000,1776853850580905681,1776853850584320500,31064255902815,1776853788890.906,3.415,49.984,0.108499,0.006089,0.000000,0.601083,0.047793,-0.013088,0.000000,0.000000,0.000000,0.525270
505,go2_001,61730000000,1776853850621924396,1776853850634349419,31064305931842,1776853788891.925,12.425,50.029,0.115735,0.009131,0.000000,0.613599,0.060422,-0.013905,0.000000,0.000000,0.000000,0.577521
506,go2_001,61790000000,1776853850683475408,1776853850684274473,31064355856829,1776853788893.475,0.799,49.925,0.123400,0.016447,0.000000,0.621164,0.074437,-0.007022,0.000000,0.000000,0.000000,0.146592
507,go2_001,61830000000,1776853850724463290,1776853850734371948,31064405954344,1776853788894.463,9.909,50.097,0.125792,0.014937,0.000000,0.630796,0.069964,-0.013184,0.000000,0.000000,0.000000,0.253518
508,go2_001,61870000000,1776853850765742961,1776853850784439755,31064456022189,1776853788895.743,18.697,50.068,0.125500,0.015154,0.000000,0.650620,0.062629,-0.012163,0.000000,0.000000,0.000000,0.476381
509,go2_001,61910000000,1776853850817195498,1776853850834336158,31064505918485,1776853788907.195,17.141,49.896,0.125232,0.015355,0.000000,0.680980,0.055895,-0.011220,0.000000,0.000000,0.000000,0.624193
510,go2_001,61970000000,1776853850878567758,1776853850884412270,31064555994623,1776853788908.568,5.845,50.076,0.126189,0.016873,0.000000,0.739454,0.051037,-0.009281,0.000000,0.000000,0.000000,0.776734
511,go2_001,62010000000,1776853850919603949,1776853850934360794,31064605943124,1776853788909.604,14.757,49.949,0.132813,0.021037,0.000000,0.774667,0.063696,-0.010163,0.000000,0.000000,0.000000,0.832332
512,go2_001,62090000000,1776853850981299734,1776853850984329201,31064655911513,1776853788891.300,3.029,49.968,0.143414,0.032216,0.000000,0.808920,0.084599,-0.004550,0.000000,0.000000,0.000000,0.494207
513,go2_001,62130000000,1776853851022617188,1776853851034322458,31064705904823,1776853788892.617,11.705,49.993,0.142940,0.032439,0.000000,0.823995,0.076143,-0.004199,0.000000,0.000000,0.000000,0.416785
514,go2_001,62190000000,1776853851084179185,1776853851084351456,31064755933751,1776853788894.179,0.172,50.029,0.142320,0.032712,0.000000,0.863815,0.064727,-0.003720,0.000000,0.000000,0.000000,0.684533
515,go2_001,62230000000,1776853851125102945,1776853851134326730,31064805909156,1776853788895.103,9.224,49.975,0.143777,0.035557,0.000000,0.885224,0.065083,-0.001555,0.000000,0.000000,0.000000,0.513627
516,go2_001,62270000000,1776853851176703417,1776853851184361101,31064855943501,1776853788906.703,7.658,50.034,0.146983,0.044127,0.000000,0.894996,0.077828,0.007205,0.000000,0.000000,0.000000,0.222206
517,go2_001,62310000000,1776853851217855272,1776853851234335374,31064905917730,1776853788907.855,16.480,49.974,0.153706,0.051802,0.000000,0.899118,0.094183,0.007514,0.000000,0.000000,0.000000,0.155396
518,go2_001,62370000000,1776853851279377092,1776853851284358216,31064955940648,1776853788909.377,4.981,50.023,0.152786,0.052778,0.000000,0.935992,0.081788,0.008262,0.000000,0.000000,0.000000,0.545327
519,go2_001,62410000000,1776853851320368410,1776853851334350009,31065005932415,1776853788910.368,13.982,49.992,0.152336,0.052813,0.000000,0.965022,0.073584,0.007578,0.000000,0.000000,0.000000,0.687647
520,go2_001,62490000000,1776853851382117411,1776853851384291840,31065055874098,1776853788892.117,2.174,49.942,0.155334,0.057669,0.000000,1.017709,0.073458,0.006818,0.000000,0.000000,0.000000,0.913249
521,go2_001,62530000000,1776853851423081754,1776853851434370329,31065105952797,1776853788893.082,11.289,50.078,0.164535,0.065772,0.000000,1.057932,0.094618,0.000559,0.000000,0.000000,0.000000,0.969730
522,go2_001,62570000000,1776853851464106226,1776853851484465875,31065156048629,1776853788894.106,20.360,50.096,0.167653,0.076004,0.000000,1.090206,0.109357,0.007963,0.000000,0.000000,0.000000,0.801224
523,go2_001,62630000000,1776853851525775800,1776853851534444772,31065206028923,1776853788895.776,8.669,49.979,0.164792,0.080815,0.000000,1.124198,0.100555,0.016238,0.000000,0.000000,0.000000,0.531689
524,go2_001,62670000000,1776853851578097542,1776853851584367987,31065255950709,1776853788908.098,6.270,49.923,0.164095,0.080784,0.000000,1.147096,0.090838,0.014894,0.000000,0.000000,0.000000,0.494196
525,go2_001,62710000000,1776853851619098800,1776853851634337728,31065305920161,1776853788909.099,15.239,49.970,0.163484,0.080737,0.000000,1.156094,0.081902,0.013655,0.000000,0.000000,0.000000,0.167987
526,go2_001,62790000000,1776853851680759326,1776853851684317673,31065355900479,1776853788890.760,3.558,49.980,0.167817,0.088526,0.000000,1.170127,0.088326,0.010062,0.000000,0.000000,0.000000,0.199409
527,go2_001,62830000000,1776853851721739523,1776853851734361354,31065405943730,1776853788891.740,12.622,50.044,0.167303,0.090416,0.000000,1.176400,0.083610,0.011650,0.000000,0.000000,0.000000,0.370005
528,go2_001,62890000000,1776853851783337894,1776853851784277725,31065455860049,1776853788893.338,0.940,49.916,0.167104,0.094652,0.000000,1.204955,0.080279,0.013992,0.000000,0.000000,0.000000,0.486984
529,go2_001,62930000000,1776853851824240624,1776853851834310498,31065505892947,1776853788894.240,10.070,50.033,0.166717,0.094519,0.000000,1.240998,0.072202,0.012804,0.000000,0.000000,0.000000,0.826560
530,go2_001,62970000000,1776853851865318192,1776853851884395787,31065555978193,1776853788895.318,19.078,50.085,0.166690,0.099564,0.000000,1.286257,0.076230,0.016071,0.000000,0.000000,0.000000,1.084673
531,go2_001,63030000000,1776853851927011143,1776853851934380383,31065605962806,1776853788897.011,7.369,49.985,0.174353,0.102530,0.000000,1.352816,0.079585,-0.000552,0.000000,0.000000,0.000000,1.022977
532,go2_001,63070000000,1776853851978536394,1776853851984380340,31065655962813,1776853788908.536,5.844,50.000,0.175393,0.116180,0.000000,1.392596,0.102595,0.007571,0.000000,0.000000,0.000000,0.816200
533,go2_001,63110000000,1776853852019645042,1776853852034339262,31065705921659,1776853788909.645,14.694,49.959,0.175500,0.123260,0.000000,1.420386,0.108890,0.010611,0.000000,0.000000,0.000000,0.502408
534,go2_001,63190000000,1776853852081349905,1776853852084303312,31065755885701,1776853788891.350,2.953,49.964,0.174011,0.122899,0.000000,1.438064,0.088961,0.008831,0.000000,0.000000,0.000000,0.280898
535,go2_001,63230000000,1776853852122675052,1776853852134358779,31065805941170,1776853788892.675,11.684,50.055,0.174414,0.126286,0.000000,1.443379,0.088928,0.008147,0.000000,0.000000,0.000000,0.148911
536,go2_001,63290000000,1776853852184109512,1776853852184269474,31065855851716,1776853788894.109,0.160,49.911,0.177617,0.131840,0.000000,1.444813,0.091931,0.001758,0.000000,0.000000,0.000000,0.035995
537,go2_001,63330000000,1776853852225081110,1776853852234345604,31065905927925,1776853788895.081,9.264,50.076,0.180937,0.142682,0.000000,1.444006,0.109847,-0.001208,0.000000,0.000000,0.000000,0.061594
538,go2_001,63370000000,1776853852266124090,1776853852284382738,31065955965273,1776853788896.124,18.259,50.037,0.180516,0.142451,0.000000,1.455943,0.099378,-0.001184,0.000000,0.000000,0.000000,0.307666
539,go2_001,63410000000,1776853852307109047,1776853852334343818,31066005926248,1776853788897.109,27.235,49.961,0.180139,0.142235,0.000000,1.485301,0.089747,-0.001161,0.000000,0.000000,0.000000,0.680882
540,go2_001,63470000000,1776853852378944456,1776853852384336980,31066055919340,1776853788908.944,5.393,49.993,0.178363,0.145684,0.000000,1.554495,0.085030,0.002950,0.000000,0.000000,0.000000,1.004141
541,go2_001,63510000000,1776853852419669883,1776853852434364907,31066105947294,1776853788909.670,14.695,50.028,0.182974,0.141943,0.000000,1.612177,0.070052,-0.010210,0.000000,0.000000,0.000000,1.146988
542,go2_001,63590000000,1776853852481197417,1776853852484345619,31066155927941,1776853788891.198,3.148,49.981,0.189765,0.146296,0.000000,1.665240,0.068106,-0.024592,0.000000,0.000000,0.000000,0.776459
543,go2_001,63630000000,1776853852522237759,1776853852534364348,31066205946673,1776853788892.238,12.127,50.019,0.189258,0.146270,0.000000,1.678236,0.061015,-0.022655,0.000000,0.000000,0.000000,0.389128
544,go2_001,63690000000,1776853852583825393,1776853852584239970,31066255822288,1776853788893.825,0.415,49.876,0.188640,0.146217,0.000000,1.697182,0.051453,-0.020021,0.000000,0.000000,0.000000,0.395462
545,go2_001,63730000000,1776853852625097773,1776853852634828996,31066306411551,1776853788895.098,9.731,50.589,0.188079,0.150547,0.000000,1.712197,0.056078,-0.017901,0.000000,0.000000,0.000000,0.334035
546,go2_001,63770000000,1776853852666032675,1776853852684385270,31066355968027,1776853788896.033,18.353,49.556,0.187204,0.157486,0.000000,1.707529,0.066368,-0.015456,0.000000,0.000000,0.000000,-0.074235
547,go2_001,63830000000,1776853852727758096,1776853852734371270,31066405953769,1776853788897.758,6.613,49.986,0.185470,0.171025,0.000000,1.696692,0.087618,-0.012113,0.000000,0.000000,0.000000,-0.010163
548,go2_001,63870000000,1776853852769258955,1776853852784378544,31066455960853,1776853788899.259,15.120,50.007,0.185203,0.170792,0.000000,1.713102,0.079001,-0.011139,0.000000,0.000000,0.000000,0.371343
549,go2_001,63930000000,1776853852830323618,1776853852834349769,31066505932159,1776853788900.323,4.026,49.971,0.184819,0.170478,0.000000,1.767609,0.067395,-0.009822,0.000000,0.000000,0.000000,0.846352
550,go2_001,63990000000,1776853852882086903,1776853852884281637,31066555863975,1776853788892.087,2.195,49.932,0.184839,0.174784,0.000000,1.815686,0.067693,-0.010938,0.000000,0.000000,0.000000,1.123167
551,go2_001,64025000000,1776853852933808651,1776853852934277528,31066605859959,1776853788908.809,0.469,49.996,0.191340,0.165028,0.000000,1.847343,0.037242,-0.022886,0.000000,0.000000,0.000000,0.996391
552,go2_001,64060000000,1776853852977159138,1776853852984307655,31066655890340,1776853788917.159,7.149,50.030,0.194703,0.161387,0.000000,1.885353,0.023585,-0.028268,0.000000,0.000000,0.000000,0.781538
553,go2_001,64125000000,1776853853028676919,1776853853034317896,31066705900249,1776853788903.677,5.641,50.010,0.196629,0.165556,0.000000,1.920297,0.026238,-0.031316,0.000000,0.000000,0.000000,0.379067
554,go2_001,64165000000,1776853853069692706,1776853853084451047,31066756033952,1776853788904.693,14.758,50.133,0.196377,0.165614,0.000000,1.933561,0.022660,-0.028761,0.000000,0.000000,0.000000,0.360592
555,go2_001,64225000000,1776853853131772887,1776853853134394639,31066805977606,1776853788906.773,2.622,49.944,0.194719,0.172561,0.000000,1.966448,0.033870,-0.026209,0.000000,0.000000,0.000000,0.495495
556,go2_001,64285000000,1776853853183276689,1776853853184356528,31066855939211,1776853788898.277,1.080,49.962,0.185709,0.170196,0.000000,1.971663,0.028665,-0.002600,0.000000,0.000000,0.000000,0.133897
557,go2_001,64325000000,1776853853224360839,1776853853234384533,31066905967019,1776853788899.361,10.024,50.028,0.183384,0.173453,0.000000,1.976476,0.033734,0.000393,0.000000,0.000000,0.000000,0.172495
558,go2_001,64365000000,1776853853265709557,1776853853284385084,31066955967865,1776853788900.710,18.676,50.001,0.181474,0.174061,0.000000,1.993237,0.032503,0.003869,0.000000,0.000000,0.000000,0.394605
559,go2_001,64425000000,1776853853327212548,1776853853334362720,31067005945080,1776853788902.213,7.150,49.978,0.181372,0.173879,0.000000,2.036430,0.026656,0.003509,0.000000,0.000000,0.000000,0.768144
560,go2_001,64465000000,1776853853369279668,1776853853384351891,31067055934387,1776853788904.280,15.072,49.989,0.179753,0.180277,0.000000,2.080399,0.038883,0.001150,0.000000,0.000000,0.000000,1.075342
561,go2_001,64525000000,1776853853429909334,1776853853434349208,31067105931609,1776853788904.909,4.440,49.997,0.175696,0.192797,0.000000,2.135401,0.062688,-0.002099,0.000000,0.000000,0.000000,0.813181
562,go2_001,64565000000,1776853853471031140,1776853853484532759,31067156115408,1776853788906.031,13.502,50.184,0.169107,0.202188,0.000000,2.160561,0.082981,0.002273,0.000000,0.000000,0.000000,0.642002
563,go2_001,64625000000,1776853853522299152,1776853853534472322,31067206054886,1776853788897.299,12.173,49.940,0.161745,0.211325,0.000000,2.184210,0.097582,0.006452,0.000000,0.000000,0.000000,0.399257
564,go2_001,64685000000,1776853853583784327,1776853853584304792,31067255887194,1776853788898.784,0.520,49.832,0.161338,0.210570,0.000000,2.199846,0.084065,0.005767,0.000000,0.000000,0.000000,0.291681
565,go2_001,64725000000,1776853853625821604,1776853853634388599,31067305971124,1776853788900.822,8.567,50.084,0.161128,0.210135,0.000000,2.221881,0.075946,0.005351,0.000000,0.000000,0.000000,0.358180
566,go2_001,64765000000,1776853853665825145,1776853853684341740,31067355924092,1776853788900.825,18.517,49.953,0.159865,0.212253,0.000000,2.233476,0.074911,0.004153,0.000000,0.000000,0.000000,0.283087
567,go2_001,64805000000,1776853853707239183,1776853853734470308,31067406052699,1776853788902.239,27.231,50.129,0.154441,0.219311,0.000000,2.238774,0.088724,0.005199,0.000000,0.000000,0.000000,0.185771
568,go2_001,64865000000,1776853853768521852,1776853853784377451,31067455960496,1776853788903.522,15.856,49.907,0.149182,0.225604,0.000000,2.252037,0.095209,0.005839,0.000000,0.000000,0.000000,0.264318
569,go2_001,64925000000,1776853853830185904,1776853853834328011,31067505910382,1776853788905.186,4.142,49.951,0.149041,0.224980,0.000000,2.292477,0.081926,0.005201,0.000000,0.000000,0.000000,0.711320
570,go2_001,64965000000,1776853853871585815,1776853853884398651,31067555981124,1776853788906.586,12.813,50.071,0.144372,0.227464,0.000000,2.335516,0.085841,0.009489,0.000000,0.000000,0.000000,1.044203
571,go2_001,65025000000,1776853853923391730,1776853853934444030,31067606026519,1776853788898.392,11.052,50.045,0.151645,0.230813,0.000000,2.389785,0.070426,-0.010716,0.000000,0.000000,0.000000,1.012866
572,go2_001,65065000000,1776853853964187480,1776853853984411987,31067655994670,1776853788899.188,20.225,49.968,0.143177,0.236557,0.000000,2.425286,0.086570,-0.004000,0.000000,0.000000,0.000000,0.870697
573,go2_001,65125000000,1776853854025829840,1776853854034388689,31067705971164,1776853788900.830,8.559,49.977,0.142046,0.237185,0.000000,2.456505,0.077752,-0.004236,0.000000,0.000000,0.000000,0.396639
574,go2_001,65165000000,1776853854066872225,1776853854084318563,31067755901147,1776853788901.872,17.446,49.930,0.141853,0.236719,0.000000,2.468099,0.070101,-0.003861,0.000000,0.000000,0.000000,0.307730
575,go2_001,65225000000,1776853854128941415,1776853854134325809,31067805908356,1776853788903.941,5.384,50.007,0.140128,0.237501,0.000000,2.498986,0.064600,-0.003114,0.000000,0.000000,0.000000,0.479320
576,go2_001,65265000000,1776853854170032711,1776853854184804181,31067856386611,1776853788905.033,14.771,50.478,0.134428,0.240698,0.000000,2.503630,0.073175,0.000315,0.000000,0.000000,0.000000,0.186044
577,go2_001,65325000000,1776853854231608409,1776853854234295810,31067905878162,1776853788906.608,2.687,49.492,0.132509,0.246600,0.000000,2.508718,0.074894,-0.007858,0.000000,0.000000,0.000000,0.168570
578,go2_001,65385000000,1776853854282974897,1776853854284477017,31067956060698,1776853788897.975,1.502,50.181,0.132415,0.246087,0.000000,2.536753,0.063998,-0.006874,0.000000,0.000000,0.000000,0.507461
579,go2_001,65425000000,1776853854323999253,1776853854334401981,31068005984432,1776853788898.999,10.403,49.925,0.132366,0.245788,0.000000,2.560999,0.057463,-0.006281,0.000000,0.000000,0.000000,0.629946
580,go2_001,65465000000,1776853854365329947,1776853854384354424,31068055936810,1776853788900.330,19.024,49.952,0.131395,0.245992,0.000000,2.593234,0.053883,-0.005283,0.000000,0.000000,0.000000,0.813678
581,go2_001,65525000000,1776853854426919941,1776853854434361924,31068105944298,1776853788901.920,7.442,50.008,0.122174,0.251053,0.000000,2.662175,0.069789,-0.002309,0.000000,0.000000,0.000000,0.978594
582,go2_001,65565000000,1776853854468370350,1776853854484400524,31068155983082,1776853788903.370,16.030,50.039,0.114250,0.257535,0.000000,2.689697,0.087010,-0.004569,0.000000,0.000000,0.000000,0.733837
583,go2_001,65625000000,1776853854529901697,1776853854534348177,31068205930509,1776853788904.902,4.446,49.948,0.114803,0.258412,0.000000,2.717946,0.075548,-0.007923,0.000000,0.000000,0.000000,0.456761
584,go2_001,65665000000,1776853854570948627,1776853854584372502,31068255955012,1776853788905.949,13.424,50.024,0.114719,0.257933,0.000000,2.737410,0.068094,-0.007238,0.000000,0.000000,0.000000,0.485192
585,go2_001,65725000000,1776853854632561698,1776853854634330017,31068305912491,1776853788907.562,1.768,49.958,0.107733,0.261349,0.000000,2.759242,0.076602,-0.006380,0.000000,0.000000,0.000000,0.214278
586,go2_001,65765000000,1776853854674036895,1776853854684446483,31068356029072,1776853788909.037,10.410,50.116,0.098521,0.262979,0.000000,2.750049,0.090159,0.000397,0.000000,0.000000,0.000000,-0.155370
587,go2_001,65825000000,1776853854725885408,1776853854734401832,31068405984313,1776853788900.885,8.516,49.955,0.091020,0.264902,0.000000,2.747930,0.095037,0.003452,0.000000,0.000000,0.000000,0.115670
588,go2_001,65865000000,1776853854766945600,1776853854784395673,31068455978196,1776853788901.946,17.450,49.994,0.091055,0.263260,0.000000,2.773182,0.084892,0.005900,0.000000,0.000000,0.000000,0.502332
589,go2_001,65925000000,1776853854828597135,1776853854834387608,31068505970240,1776853788903.597,5.790,49.992,0.091231,0.262727,0.000000,2.823976,0.072803,0.005264,0.000000,0.000000,0.000000,0.852166
590,go2_001,65965000000,1776853854869824066,1776853854884689814,31068556272463,1776853788904.824,14.866,50.302,0.091326,0.262361,0.000000,2.864735,0.065549,0.004879,0.000000,0.000000,0.000000,0.969368
591,go2_001,66025000000,1776853854931226192,1776853854934338227,31068605920486,1776853788906.226,3.112,49.648,0.080951,0.266647,0.000000,2.932835,0.082367,0.002915,0.000000,0.000000,0.000000,1.073995
592,go2_001,66065000000,1776853854972383004,1776853854984350488,31068655932865,1776853788907.383,11.967,50.012,0.070276,0.269145,0.000000,2.966527,0.100312,0.004805,0.000000,0.000000,0.000000,0.851079
593,go2_001,66125000000,1776853855034591119,1776853855034821166,31068706403518,1776853788909.591,0.230,50.471,0.063582,0.267089,0.000000,2.993173,0.100060,0.011425,0.000000,0.000000,0.000000,0.371133
594,go2_001,66165000000,1776853855064861911,1776853855084350205,31068755932549,1776853788899.862,19.488,49.529,0.063782,0.266457,0.000000,2.999890,0.090588,0.010529,0.000000,0.000000,0.000000,0.274272
595,go2_001,66225000000,1776853855126797797,1776853855134337190,31068805919621,1776853788901.798,7.539,49.987,0.064069,0.265705,0.000000,3.015797,0.077781,0.009309,0.000000,0.000000,0.000000,0.129669
596,go2_001,66265000000,1776853855167852325,1776853855184369273,31068855951598,1776853788902.852,16.517,50.032,0.054319,0.265635,0.000000,3.012910,0.092789,0.013495,0.000000,0.000000,0.000000,-0.035816
597,go2_001,66325000000,1776853855229392746,1776853855234364241,31068905946775,1776853788904.393,4.971,49.995,0.038223,0.270163,0.000000,3.019959,0.118839,0.008514,0.000000,0.000000,0.000000,0.216449
598,go2_001,66365000000,1776853855270724231,1776853855284383920,31068955966495,1776853788905.724,13.660,50.020,0.036806,0.269354,0.000000,3.036750,0.111461,0.009473,0.000000,0.000000,0.000000,0.410326
599,go2_001,66420000000,1776853855332311314,1776853855334325785,31069005908283,1776853788912.311,2.014,49.942,0.037706,0.268748,0.000000,3.084876,0.096131,0.008334,0.000000,0.000000,0.000000,0.902322
600,go2_001,66460000000,1776853855373650625,1776853855384334463,31069055916770,1776853788913.651,10.684,50.009,0.033227,0.266805,0.000000,3.129349,0.097482,0.012842,0.000000,0.000000,0.000000,0.954193
601,go2_001,66505000000,1776853855414373265,1776853855434393539,31069105976361,1776853788909.373,20.020,50.059,0.033319,0.270267,0.000000,-3.101224,0.088621,0.002430,0.000000,0.000000,0.000000,1.158912
602,go2_001,66565000000,1776853855466230431,1776853855484354507,31069155937236,1776853788901.230,18.124,49.961,0.040348,0.275420,0.000000,-3.048418,0.062454,-0.012790,0.000000,0.000000,0.000000,1.028388
603,go2_001,66625000000,1776853855527703959,1776853855534339692,31069205922038,1776853788902.704,6.636,49.985,0.036095,0.276784,0.000000,-3.015332,0.063044,-0.015201,0.000000,0.000000,0.000000,0.406974
604,go2_001,66665000000,1776853855568794251,1776853855584371306,31069255953720,1776853788903.794,15.577,50.032,0.036179,0.276338,0.000000,-3.004488,0.056515,-0.013979,0.000000,0.000000,0.000000,0.279618
605,go2_001,66725000000,1776853855630459112,1776853855634312558,31069305894788,1776853788905.459,3.853,49.941,0.028239,0.276192,0.000000,-2.986579,0.066264,-0.013334,0.000000,0.000000,0.000000,0.343533
606,go2_001,66760000000,1776853855671497309,1776853855684372334,31069355954670,1776853788911.497,12.875,50.060,0.025808,0.272529,0.000000,-2.979110,0.066665,-0.004780,0.000000,0.000000,0.000000,0.214248
607,go2_001,66820000000,1776853855732908197,1776853855734300935,31069405883312,1776853788912.908,1.393,49.929,0.012288,0.269427,0.000000,-2.982609,0.088433,0.000050,0.000000,0.000000,0.000000,0.080430
608,go2_001,66860000000,1776853855774178528,1776853855784332772,31069455915202,1776853788914.178,10.154,50.032,0.012526,0.269129,0.000000,-2.969109,0.079924,0.000062,0.000000,0.000000,0.000000,0.309339
609,go2_001,66900000000,1776853855815205599,1776853855834388037,31069505970566,1776853788915.206,19.182,50.055,0.012747,0.268869,0.000000,-2.942940,0.072085,0.000073,0.000000,0.000000,0.000000,0.627978
610,go2_001,66940000000,1776853855846110130,1776853855884385382,31069555968024,1776853788906.110,38.275,49.997,0.012957,0.268615,0.000000,-2.911975,0.064868,0.000082,0.000000,0.000000,0.000000,0.798383
611,go2_001,67020000000,1776853855928137429,1776853855934347107,31069605929504,1776853788908.137,6.210,49.962,-0.001907,0.265698,0.000000,-2.822007,0.087054,-0.000143,0.000000,0.000000,0.000000,0.976046
612,go2_001,67060000000,1776853855969379544,1776853855984351747,31069655934092,1776853788909.380,14.972,50.005,-0.011384,0.261470,0.000000,-2.791261,0.102703,0.004540,0.000000,0.000000,0.000000,0.763022
613,go2_001,67120000000,1776853856031272035,1776853856034312261,31069705894605,1776853788911.272,3.040,49.961,-0.011258,0.260606,0.000000,-2.766299,0.089617,0.004007,0.000000,0.000000,0.000000,0.392981
614,go2_001,67160000000,1776853856072080192,1776853856084365668,31069755948010,1776853788912.080,12.285,50.053,-0.010872,0.260191,0.000000,-2.748688,0.080956,0.003693,0.000000,0.000000,0.000000,0.452204
615,go2_001,67220000000,1776853856133679415,1776853856134256572,31069805838886,1776853788913.679,0.577,49.891,-0.014197,0.258560,0.000000,-2.717787,0.078758,0.003348,0.000000,0.000000,0.000000,0.458990
616,go2_001,67260000000,1776853856174750054,1776853856184316901,31069855899207,1776853788914.750,9.567,50.060,-0.019139,0.257038,0.000000,-2.716701,0.083650,0.002271,0.000000,0.000000,0.000000,0.087207
617,go2_001,67320000000,1776853856226147464,1776853856234323334,31069905905687,1776853788906.148,8.176,50.006,-0.031174,0.250662,0.000000,-2.715305,0.103155,0.005904,0.000000,0.000000,0.000000,0.120236
618,go2_001,67360000000,1776853856267231330,1776853856284528908,31069956112718,1776853788907.231,17.298,50.206,-0.030771,0.250435,0.000000,-2.700158,0.093383,0.005430,0.000000,0.000000,0.000000,0.362007
619,go2_001,67420000000,1776853856328850845,1776853856334355051,31070005937674,1776853788908.851,5.504,49.826,-0.030219,0.250129,0.000000,-2.653393,0.080166,0.004785,0.000000,0.000000,0.000000,0.679868
620,go2_001,67460000000,1776853856369890152,1776853856384370994,31070055953333,1776853788909.890,14.481,50.016,-0.030238,0.249428,0.000000,-2.616221,0.073495,0.005124,0.000000,0.000000,0.000000,0.882508
621,go2_001,67520000000,1776853856431652160,1776853856434280933,31070105863101,1776853788911.652,2.629,49.910,-0.041836,0.246421,0.000000,-2.564109,0.090618,-0.001390,0.000000,0.000000,0.000000,0.868247
622,go2_001,67560000000,1776853856472733250,1776853856484359955,31070155942345,1776853788912.733,11.627,50.079,-0.051390,0.240128,0.000000,-2.539416,0.108828,0.001294,0.000000,0.000000,0.000000,0.619136
623,go2_001,67620000000,1776853856534309066,1776853856534474719,31070206057069,1776853788914.309,0.166,50.115,-0.053596,0.235020,0.000000,-2.515913,0.104262,0.007050,0.000000,0.000000,0.000000,0.413158
624,go2_001,67660000000,1776853856575390023,1776853856584325764,31070255908162,1776853788915.390,8.936,49.851,-0.053040,0.234728,0.000000,-2.490465,0.094359,0.006472,0.000000,0.000000,0.000000,0.613932
625,go2_001,67720000000,1776853856626825510,1776853856634316593,31070305898959,1776853788906.825,7.491,49.991,-0.058454,0.231582,0.000000,-2.455152,0.096535,0.003897,0.000000,0.000000,0.000000,0.676603
626,go2_001,67760000000,1776853856667794082,1776853856684388246,31070355970674,1776853788907.794,16.594,50.072,-0.057351,0.227107,0.000000,-2.441037,0.091455,0.012548,0.000000,0.000000,0.000000,0.379655
627,go2_001,67820000000,1776853856729235122,1776853856734330854,31070405913322,1776853788909.235,5.096,49.943,-0.061704,0.218101,0.000000,-2.426528,0.098770,0.021349,0.000000,0.000000,0.000000,0.257760
628,go2_001,67860000000,1776853856770393976,1776853856784363123,31070455945675,1776853788910.394,13.969,50.032,-0.061192,0.216481,0.000000,-2.411528,0.091302,0.022476,0.000000,0.000000,0.000000,0.386224
629,go2_001,67920000000,1776853856831945943,1776853856834266994,31070505849263,1776853788911.946,2.321,49.904,-0.060486,0.216412,0.000000,-2.372814,0.078239,0.019759,0.000000,0.000000,0.000000,0.673435
630,go2_001,67960000000,1776853856873925189,1776853856884368506,31070555950812,1776853788913.925,10.443,50.102,-0.065555,0.212998,0.000000,-2.335409,0.085609,0.016369,0.000000,0.000000,0.000000,0.943916
631,go2_001,68000000000,1776853856914994601,1776853856934363350,31070605945689,1776853788914.995,19.369,49.995,-0.075507,0.207647,0.000000,-2.297010,0.103813,0.009071,0.000000,0.000000,0.000000,0.969712
632,go2_001,68060000000,1776853856976803433,1776853856984304577,31070655886934,1776853788916.803,7.501,49.941,-0.085082,0.196069,0.000000,-2.258803,0.124370,0.011707,0.000000,0.000000,0.000000,0.682099
633,go2_001,68120000000,1776853857028220070,1776853857034437554,31070706020047,1776853788908.220,6.217,50.133,-0.079657,0.193963,0.000000,-2.227324,0.103260,0.019683,0.000000,0.000000,0.000000,0.526662
634,go2_001,68140000000,1776853857048700400,1776853857084759763,31070756342492,1776853788908.700,36.059,50.322,-0.079313,0.193924,0.000000,-2.217858,0.098211,0.018840,0.000000,0.000000,0.000000,0.493380
635,go2_001,68195000000,1776853857105347559,1776853857134444124,31070806026595,1776853788910.347,29.097,49.684,-0.078208,0.194231,0.000000,-2.192213,0.084355,0.016492,0.000000,0.000000,0.000000,0.376830
636,go2_001,68255000000,1776853857178631744,1776853857184402817,31070855985414,1776853788923.632,5.771,49.959,-0.075749,0.183880,0.000000,-2.189172,0.086274,0.033837,0.000000,0.000000,0.000000,0.137311
637,go2_001,68295000000,1776853857221404023,1776853857234641138,31070906223633,1776853788926.404,13.237,50.238,-0.072839,0.180986,0.000000,-2.180647,0.079191,0.039839,0.000000,0.000000,0.000000,0.275402
638,go2_001,68370000000,1776853857283221062,1776853857284289903,31070955872734,1776853788913.221,1.069,49.649,-0.070878,0.178502,0.000000,-2.155891,0.068098,0.040034,0.000000,0.000000,0.000000,0.431264
639,go2_001,68415000000,1776853857324325985,1776853857334782821,31071006365307,1776853788909.326,10.457,50.493,-0.070593,0.178277,0.000000,-2.123510,0.061021,0.036767,0.000000,0.000000,0.000000,0.701143
640,go2_001,68455000000,1776853857376645582,1776853857384370615,31071055953091,1776853788921.646,7.725,49.588,-0.070248,0.178439,0.000000,-2.053961,0.054557,0.033672,0.000000,0.000000,0.000000,1.147712
641,go2_001,68495000000,1776853857417509795,1776853857434462218,31071106044649,1776853788922.510,16.952,50.092,-0.071226,0.174591,0.000000,-2.006380,0.058259,0.033698,0.000000,0.000000,0.000000,1.180555
642,go2_001,68555000000,1776853857479126409,1776853857484387796,31071155970234,1776853788924.126,5.261,49.926,-0.080927,0.165460,0.000000,-1.953285,0.080689,0.021822,0.000000,0.000000,0.000000,0.853125
643,go2_001,68595000000,1776853857520085834,1776853857534409897,31071205992287,1776853788925.086,14.324,50.022,-0.079631,0.155738,0.000000,-1.929724,0.091066,0.033348,0.000000,0.000000,0.000000,0.509760
644,go2_001,68655000000,1776853857561668237,1776853857584379853,31071255962270,1776853788906.668,22.712,49.970,-0.078630,0.156005,0.000000,-1.910666,0.078039,0.029146,0.000000,0.000000,0.000000,0.331411
645,go2_001,68715000000,1776853857633852375,1776853857634235365,31071305817633,1776853788918.852,0.383,49.856,-0.077909,0.156266,0.000000,-1.906639,0.066553,0.025425,0.000000,0.000000,0.000000,0.092656
646,go2_001,68755000000,1776853857675870157,1776853857684642006,31071356224880,1776853788920.870,8.772,50.407,-0.079257,0.158076,0.000000,-1.901084,0.057606,0.017848,0.000000,0.000000,0.000000,0.053371
647,go2_001,68795000000,1776853857717154857,1776853857734374931,31071405957531,1776853788922.155,17.220,49.733,-0.082168,0.161630,0.000000,-1.896006,0.047723,0.006179,0.000000,0.000000,0.000000,0.157581
648,go2_001,68855000000,1776853857779868493,1776853857784381505,31071455963992,1776853788924.869,4.513,50.007,-0.087245,0.152520,0.000000,-1.880839,0.063615,0.002435,0.000000,0.000000,0.000000,0.308343
649,go2_001,68895000000,1776853857820769541,1776853857834342263,31071505924701,1776853788925.770,13.573,49.961,-0.086973,0.152603,0.000000,-1.852068,0.056993,0.002047,0.000000,0.000000,0.000000,0.676574
650,go2_001,68970000000,1776853857883023613,1776853857884300389,31071555882769,1776853788913.023,1.277,49.958,-0.085769,0.149212,0.000000,-1.790005,0.053274,0.005901,0.000000,0.000000,0.000000,1.011557
651,go2_001,69010000000,1776853857925879475,1776853857934732439,31071606315010,1776853788915.879,8.853,50.432,-0.090082,0.152274,0.000000,-1.751170,0.044386,-0.007240,0.000000,0.000000,0.000000,1.128791
652,go2_001,69050000000,1776853857979088487,1776853857984582477,31071656165536,1776853788929.089,5.494,49.850,-0.094688,0.154955,0.000000,-1.694529,0.036888,-0.019604,0.000000,0.000000,0.000000,0.986510
653,go2_001,69090000000,1776853858021435905,1776853858034882621,31071706465343,1776853788931.436,13.447,50.300,-0.096449,0.146293,0.000000,-1.660038,0.052817,-0.017305,0.000000,0.000000,0.000000,0.626635
654,go2_001,69150000000,1776853858064324011,1776853858084638576,31071756221114,1776853788914.324,20.315,49.756,-0.095881,0.146186,0.000000,-1.647590,0.044508,-0.015503,0.000000,0.000000,0.000000,0.354780
655,go2_001,69210000000,1776853858126627284,1776853858134417441,31071806005413,1776853788916.627,7.790,49.779,-0.095450,0.146125,0.000000,-1.632381,0.037192,-0.013889,0.000000,0.000000,0.000000,0.274693
656,go2_001,69230000000,1776853858146856586,1776853858184568391,31071856151355,1776853788916.857,37.712,50.151,-0.095973,0.143851,0.000000,-1.630981,0.040524,-0.013845,0.000000,0.000000,0.000000,0.149560
657,go2_001,69305000000,1776853858229392600,1776853858234502973,31071906085631,1776853788924.393,5.110,49.935,-0.095113,0.135344,0.000000,-1.651213,0.050081,-0.008149,0.000000,0.000000,0.000000,-0.282576
658,go2_001,69345000000,1776853858281514545,1776853858284449037,31071956031843,1776853788936.515,2.934,49.946,-0.097507,0.139577,0.000000,-1.641010,0.036134,-0.014809,0.000000,0.000000,0.000000,0.268830
659,go2_001,69405000000,1776853858333189009,1776853858334314367,31072005896987,1776853788928.189,1.125,49.865,-0.097302,0.139595,0.000000,-1.596887,0.029907,-0.013238,0.000000,0.000000,0.000000,0.759675
660,go2_001,69445000000,1776853858374691048,1776853858384403114,31072055985914,1776853788929.691,9.712,50.089,-0.097171,0.139600,0.000000,-1.568240,0.026180,-0.012283,0.000000,0.000000,0.000000,0.877666
661,go2_001,69505000000,1776853858428200590,1776853858434448853,31072106031540,1776853788923.200,6.248,50.046,-0.097696,0.131772,0.000000,-1.510829,0.039380,-0.011390,0.000000,0.000000,0.000000,1.061218
662,go2_001,69540000000,1776853858471153734,1776853858484407310,31072155989874,1776853788931.154,13.254,49.958,-0.100166,0.120127,0.000000,-1.461600,0.062946,-0.015395,0.000000,0.000000,0.000000,0.947123
663,go2_001,69595000000,1776853858532869843,1776853858534328944,31072205911353,1776853788937.870,1.459,49.922,-0.098833,0.115798,0.000000,-1.434348,0.064085,-0.011849,0.000000,0.000000,0.000000,0.424127
664,go2_001,69640000000,1776853858574314943,1776853858584529216,31072256111737,1776853788934.315,10.214,50.200,-0.098467,0.115562,0.000000,-1.415204,0.057693,-0.011019,0.000000,0.000000,0.000000,0.403467
665,go2_001,69680000000,1776853858615626297,1776853858634550726,31072306133502,1776853788935.626,18.924,50.022,-0.098131,0.115651,0.000000,-1.391097,0.051789,-0.010203,0.000000,0.000000,0.000000,0.564197
666,go2_001,69740000000,1776853858679549289,1776853858684357755,31072355940327,1776853788939.549,4.808,49.807,-0.096958,0.111078,0.000000,-1.374495,0.054284,-0.007878,0.000000,0.000000,0.000000,0.251060
667,go2_001,69800000000,1776853858729891761,1776853858734388869,31072405971616,1776853788929.892,4.497,50.031,-0.088654,0.102920,0.000000,-1.379812,0.067244,0.009216,0.000000,0.000000,0.000000,-0.004690
668,go2_001,69840000000,1776853858771128511,1776853858784409514,31072455991970,1776853788931.129,13.281,50.021,-0.085951,0.103569,0.000000,-1.372979,0.060204,0.014334,0.000000,0.000000,0.000000,0.259375
669,go2_001,69900000000,1776853858832721938,1776853858834271076,31072505853559,1776853788932.722,1.549,49.862,-0.085765,0.103882,0.000000,-1.339444,0.051232,0.012555,0.000000,0.000000,0.000000,0.544984
670,go2_001,69940000000,1776853858873962346,1776853858884415796,31072555998181,1776853788933.962,10.453,50.145,-0.085646,0.104077,0.000000,-1.303518,0.045850,0.011482,0.000000,0.000000,0.000000,0.846018
671,go2_001,69980000000,1776853858915349561,1776853858934694073,31072606276915,1776853788935.350,19.345,50.278,-0.084844,0.102393,0.000000,-1.253475,0.045580,0.011280,0.000000,0.000000,0.000000,1.222884
672,go2_001,70040000000,1776853858979061225,1776853858984305261,31072655887581,1776853788939.061,5.244,49.611,-0.085739,0.094193,0.000000,-1.197163,0.057484,0.003494,0.000000,0.000000,0.000000,0.815820
673,go2_001,70100000000,1776853859030386257,1776853859034329313,31072705911775,1776853788930.386,3.943,50.024,-0.077906,0.082811,0.000000,-1.167840,0.078566,0.013350,0.000000,0.000000,0.000000,0.473357
674,go2_001,70140000000,1776853859071451354,1776853859084344998,31072755927459,1776853788931.451,12.894,50.016,-0.077591,0.083217,0.000000,-1.150663,0.070999,0.012202,0.000000,0.000000,0.000000,0.326047
675,go2_001,70200000000,1776853859133342562,1776853859134315669,31072805897881,1776853788933.343,0.973,49.971,-0.077227,0.083739,0.000000,-1.129853,0.060770,0.010646,0.000000,0.000000,0.000000,0.350856
676,go2_001,70240000000,1776853859174051583,1776853859184380191,31072855962526,1776853788934.052,10.329,50.065,-0.077046,0.084034,0.000000,-1.121614,0.054633,0.009709,0.000000,0.000000,0.000000,0.207708
677,go2_001,70280000000,1776853859215076161,1776853859234366253,31072905948786,1776853788935.076,19.290,49.986,-0.073612,0.077396,0.000000,-1.117135,0.066801,0.010796,0.000000,0.000000,0.000000,0.107835
678,go2_001,70340000000,1776853859276827130,1776853859284356082,31072955938701,1776853788936.827,7.529,49.990,-0.068325,0.064962,0.000000,-1.105171,0.088344,0.009800,0.000000,0.000000,0.000000,0.300000
679,go2_001,70380000000,1776853859318396579,1776853859334388473,31073005971273,1776853788938.397,15.992,50.032,-0.068177,0.065327,0.000000,-1.085798,0.079980,0.008924,0.000000,0.000000,0.000000,0.461513
680,go2_001,70440000000,1776853859379836982,1776853859384354143,31073055936676,1776853788939.837,4.517,49.966,-0.067961,0.065837,0.000000,-1.035504,0.068670,0.007737,0.000000,0.000000,0.000000,0.818936
681,go2_001,70500000000,1776853859430920264,1776853859434362532,31073105945211,1776853788930.920,3.442,50.008,-0.068310,0.060765,0.000000,-0.974585,0.069000,-0.000289,0.000000,0.000000,0.000000,1.122134
682,go2_001,70540000000,1776853859482695584,1776853859484273517,31073155856265,1776853788942.696,1.578,49.911,-0.073905,0.059165,0.000000,-0.932301,0.060160,-0.014582,0.000000,0.000000,0.000000,1.034784
683,go2_001,70595000000,1776853859523828017,1776853859534948783,31073206531281,1776853788928.828,11.121,50.675,-0.076978,0.058276,0.000000,-0.897426,0.050921,-0.021311,0.000000,0.000000,0.000000,0.588853
684,go2_001,70630000000,1776853859565390467,1776853859584755251,31073256337750,1776853788935.390,19.365,49.806,-0.076725,0.058701,0.000000,-0.881655,0.045704,-0.019650,0.000000,0.000000,0.000000,0.434104
685,go2_001,70670000000,1776853859608199222,1776853859634610998,31073306193560,1776853788938.199,26.412,49.856,-0.076450,0.058845,0.000000,-0.862768,0.040853,-0.018162,0.000000,0.000000,0.000000,0.566940
686,go2_001,70750000000,1776853859681641624,1776853859684792171,31073356374643,1776853788931.642,3.151,50.181,-0.068646,0.049452,0.000000,-0.804575,0.059898,-0.013830,0.000000,0.000000,0.000000,0.531114
687,go2_001,70790000000,1776853859725633954,1776853859735528225,31073407110743,1776853788935.634,9.894,50.736,-0.062106,0.044142,0.000000,-0.810984,0.073040,-0.008405,0.000000,0.000000,0.000000,0.151698
688,go2_001,70830000000,1776853859766924982,1776853859784339608,31073455921913,1776853788936.925,17.415,48.811,-0.058785,0.041577,0.000000,-0.801457,0.075579,-0.005889,0.000000,0.000000,0.000000,0.306257
689,go2_001,70885000000,1776853859830262284,1776853859834411952,31073505994453,1776853788945.262,4.150,50.072,-0.058726,0.042319,0.000000,-0.779326,0.064935,-0.005233,0.000000,0.000000,0.000000,0.423971
690,go2_001,70925000000,1776853859863154838,1776853859884513746,31073556096247,1776853788938.155,21.359,50.102,-0.058560,0.042587,0.000000,-0.756102,0.058576,-0.004849,0.000000,0.000000,0.000000,0.556207
691,go2_001,70985000000,1776853859926807575,1776853859934402425,31073605984999,1776853788941.808,7.595,49.889,-0.054538,0.040116,0.000000,-0.700702,0.060913,-0.002043,0.000000,0.000000,0.000000,0.867669
692,go2_001,71025000000,1776853859968113770,1776853859984670428,31073656253261,1776853788943.114,16.557,50.268,-0.049310,0.031159,0.000000,-0.651416,0.078903,-0.007948,0.000000,0.000000,0.000000,0.929101
693,go2_001,71085000000,1776853860030163950,1776853860034309363,31073705892066,1776853788945.164,4.145,49.639,-0.040791,0.030204,0.000000,-0.623233,0.083055,0.004080,0.000000,0.000000,0.000000,0.499984
694,go2_001,71125000000,1776853860072731829,1776853860084393341,31073755975954,1776853788947.732,11.662,50.084,-0.040629,0.030706,0.000000,-0.606000,0.075181,0.003734,0.000000,0.000000,0.000000,0.453466
695,go2_001,71165000000,1776853860114165032,1776853860134401897,31073805984515,1776853788949.165,20.237,50.009,-0.040502,0.031155,0.000000,-0.584138,0.067924,0.003414,0.000000,0.000000,0.000000,0.548201
696,go2_001,71220000000,1776853860167180595,1776853860184438708,31073856021428,1776853788947.181,17.258,50.037,-0.034574,0.026466,0.000000,-0.561438,0.077244,0.002554,0.000000,0.000000,0.000000,0.427403
697,go2_001,71285000000,1776853860228689030,1776853860234324770,31073905907131,1776853788943.689,5.636,49.886,-0.025372,0.027336,0.000000,-0.541021,0.082021,0.015483,0.000000,0.000000,0.000000,0.250482
698,go2_001,71325000000,1776853860269772496,1776853860284393887,31073955976368,1776853788944.773,14.621,50.069,-0.016827,0.019961,0.000000,-0.530472,0.101246,0.011778,0.000000,0.000000,0.000000,0.313037
699,go2_001,71385000000,1776853860331750985,1776853860334984211,31074006566928,1776853788946.751,3.233,50.590,-0.014639,0.019834,0.000000,-0.501972,0.092526,0.011658,0.000000,0.000000,0.000000,0.481463
700,go2_001,71445000000,1776853860384200813,1776853860384364549,31074055946938,1776853788939.201,0.164,49.380,-0.014709,0.020517,0.000000,-0.463990,0.079699,0.010220,0.000000,0.000000,0.000000,0.750626
701,go2_001,71485000000,1776853860425316908,1776853860434376829,31074105959296,1776853788940.317,9.060,50.012,-0.010528,0.019990,0.000000,-0.413646,0.081704,0.012772,0.000000,0.000000,0.000000,0.997141
702,go2_001,71525000000,1776853860466323998,1776853860484341423,31074155923862,1776853788941.324,18.017,49.965,-0.006479,0.013214,0.000000,-0.370743,0.091122,0.002137,0.000000,0.000000,0.000000,1.030844
703,go2_001,71590000000,1776853860528031851,1776853860534286592,31074205868839,1776853788938.032,6.255,49.945,0.010409,0.008484,0.000000,-0.325823,0.117532,0.009328,0.000000,0.000000,0.000000,0.674145
704,go2_001,71625000000,1776853860569012371,1776853860584364730,31074255947493,1776853788944.012,15.352,50.078,0.009805,0.009469,0.000000,-0.309638,0.106615,0.008510,0.000000,0.000000,0.000000,0.463012
705,go2_001,71685000000,1776853860630726979,1776853860634355151,31074305937419,1776853788945.727,3.628,49.990,0.009723,0.010540,0.000000,-0.281754,0.092039,0.007427,0.000000,0.000000,0.000000,0.406825
706,go2_001,71745000000,1776853860681912838,1776853860684334589,31074355917044,1776853788936.913,2.422,49.979,0.013374,0.013184,0.000000,-0.274877,0.085341,0.014000,0.000000,0.000000,0.000000,0.126814
707,go2_001,71785000000,1776853860722866348,1776853860734416304,31074405998795,1776853788937.866,11.550,50.082,0.016939,0.015361,0.000000,-0.271426,0.083809,0.019669,0.000000,0.000000,0.000000,0.116889
708,go2_001,71825000000,1776853860763955059,1776853860784352488,31074455935607,1776853788938.955,20.397,49.936,0.017177,0.018028,0.000000,-0.270787,0.074698,0.023376,0.000000,0.000000,0.000000,0.123410
709,go2_001,71885000000,1776853860826947153,1776853860834332964,31074505915432,1776853788941.947,7.386,49.980,0.018759,0.019142,0.000000,-0.248173,0.067210,0.023398,0.000000,0.000000,0.000000,0.445949
710,go2_001,71925000000,1776853860867849207,1776853860884373834,31074555956239,1776853788942.849,16.525,50.041,0.018559,0.019392,0.000000,-0.214455,0.060450,0.021434,0.000000,0.000000,0.000000,0.763210
711,go2_001,71985000000,1776853860929392847,1776853860934313820,31074605896247,1776853788944.393,4.921,49.940,0.022859,0.018116,0.000000,-0.138980,0.062438,0.017967,0.000000,0.000000,0.000000,1.281185
712,go2_001,72025000000,1776853860970347139,1776853860984355432,31074655938253,1776853788945.347,14.008,50.042,0.027662,0.013735,0.000000,-0.096053,0.070511,0.009009,0.000000,0.000000,0.000000,1.031851
713,go2_001,72085000000,1776853861022179305,1776853861034389303,31074705971902,1776853788937.179,12.210,50.034,0.040944,0.013193,0.000000,-0.058661,0.090252,0.012410,0.000000,0.000000,0.000000,0.640625
714,go2_001,72145000000,1776853861083372729,1776853861084884580,31074756467338,1776853788938.373,1.512,50.495,0.041077,0.016407,0.000000,-0.037291,0.077575,0.016121,0.000000,0.000000,0.000000,0.366539
715,go2_001,72185000000,1776853861124285944,1776853861134682179,31074806264810,1776853788939.286,10.396,49.798,0.040822,0.016843,0.000000,-0.028278,0.069972,0.014714,0.000000,0.000000,0.000000,0.242595
716,go2_001,72225000000,1776853861165981512,1776853861185440491,31074857023034,1776853788940.981,19.459,50.758,0.040589,0.017200,0.000000,-0.019029,0.062981,0.013417,0.000000,0.000000,0.000000,0.183538
717,go2_001,72285000000,1776853861230535543,1776853861234325441,31074905907789,1776853788945.535,3.790,48.885,0.055002,0.016137,0.000000,-0.020779,0.087175,0.012620,0.000000,0.000000,0.000000,-0.044998
718,go2_001,72320000000,1776853861271395637,1776853861284375211,31074955957801,1776853788951.396,12.980,50.050,0.067235,0.014082,0.000000,-0.021040,0.109182,0.009444,0.000000,0.000000,0.000000,0.049657
719,go2_001,72385000000,1776853861333387809,1776853861334277026,31075005859367,1776853788948.388,0.889,49.902,0.069487,0.015830,0.000000,0.001916,0.098805,0.011322,0.000000,0.000000,0.000000,0.481805
720,go2_001,72445000000,1776853861384459427,1776853861384629965,31075056212185,1776853788939.459,0.171,50.353,0.069029,0.016245,0.000000,0.049191,0.085044,0.009798,0.000000,0.000000,0.000000,0.922038
721,go2_001,72485000000,1776853861425468261,1776853861434349132,31075105931656,1776853788940.468,8.881,49.719,0.073303,0.015904,0.000000,0.102352,0.087201,0.007525,0.000000,0.000000,0.000000,1.064884
722,go2_001,72525000000,1776853861466725145,1776853861484405017,31075155988000,1776853788941.725,17.680,50.056,0.070953,0.010502,0.000000,0.147529,0.074226,-0.006799,0.000000,0.000000,0.000000,1.080367
723,go2_001,72585000000,1776853861528065286,1776853861534390083,31075205972647,1776853788943.065,6.325,49.985,0.074009,0.006648,0.000000,0.203153,0.070986,-0.016563,0.000000,0.000000,0.000000,0.827640
724,go2_001,72625000000,1776853861568964851,1776853861584363506,31075255945958,1776853788943.965,15.399,49.973,0.077709,0.008338,0.000000,0.220151,0.072733,-0.013025,0.000000,0.000000,0.000000,0.439646
725,go2_001,72685000000,1776853861630811253,1776853861634331653,31075305913922,1776853788945.811,3.520,49.968,0.077437,0.009018,0.000000,0.236818,0.062064,-0.011631,0.000000,0.000000,0.000000,0.330316
726,go2_001,72725000000,1776853861671830150,1776853861684374460,31075355956908,1776853788946.830,12.544,50.043,0.084260,0.009513,0.000000,0.247116,0.071523,-0.012158,0.000000,0.000000,0.000000,0.288913
727,go2_001,72785000000,1776853861733462665,1776853861734272235,31075405854676,1776853788948.463,0.810,49.898,0.093767,0.013002,0.000000,0.244777,0.084335,-0.006891,0.000000,0.000000,0.000000,-0.070081
728,go2_001,72825000000,1776853861764294167,1776853861784390443,31075455972992,1776853788939.294,20.096,50.118,0.101176,0.014920,0.000000,0.244360,0.094318,-0.005426,0.000000,0.000000,0.000000,0.030020
729,go2_001,72885000000,1776853861825874702,1776853861834336640,31075505919109,1776853788940.875,8.462,49.946,0.100722,0.015310,0.000000,0.272162,0.081089,-0.004893,0.000000,0.000000,0.000000,0.510232
730,go2_001,72925000000,1776853861867130106,1776853861884857314,31075556439921,1776853788942.130,17.727,50.521,0.100444,0.015573,0.000000,0.311544,0.073149,-0.004570,0.000000,0.000000,0.000000,0.772826
731,go2_001,72985000000,1776853861929428850,1776853861934358270,31075605940670,1776853788944.429,4.929,49.501,0.104027,0.015898,0.000000,0.374969,0.071441,-0.006483,0.000000,0.000000,0.000000,1.111372
732,go2_001,73025000000,1776853861970705365,1776853861984446291,31075656029013,1776853788945.706,13.741,50.088,0.108605,0.012972,0.000000,0.414429,0.073133,-0.016230,0.000000,0.000000,0.000000,0.951856
733,go2_001,73085000000,1776853862032475442,1776853862034562340,31075706145029,1776853788947.475,2.087,50.116,0.106144,0.009381,0.000000,0.450599,0.055407,-0.022279,0.000000,0.000000,0.000000,0.503428
734,go2_001,73125000000,1776853862073735720,1776853862084343045,31075755925449,1776853788948.736,10.607,49.781,0.105988,0.009743,0.000000,0.463013,0.049550,-0.020527,0.000000,0.000000,0.000000,0.351959
735,go2_001,73165000000,1776853862115103435,1776853862134474659,31075806057212,1776853788950.104,19.371,50.132,0.105847,0.010048,0.000000,0.477813,0.044174,-0.018908,0.000000,0.000000,0.000000,0.410764
736,go2_001,73215000000,1776853862177358076,1776853862184461310,31075856043901,1776853788962.358,7.103,49.987,0.113654,0.011398,0.000000,0.512620,0.056348,-0.021478,0.000000,0.000000,0.000000,0.635214
737,go2_001,73260000000,1776853862219866408,1776853862234397201,31075905979875,1776853788959.866,14.531,49.936,0.115404,0.013691,0.000000,0.524770,0.055782,-0.017087,0.000000,0.000000,0.000000,0.315552
738,go2_001,73335000000,1776853862281849808,1776853862284417289,31075955999948,1776853788946.850,2.567,50.020,0.124228,0.023666,0.000000,0.545973,0.072088,-0.003444,0.000000,0.000000,0.000000,0.373731
739,go2_001,73375000000,1776853862323804471,1776853862334402503,31076005985204,1776853788948.804,10.598,49.985,0.123973,0.023869,0.000000,0.554544,0.065018,-0.003175,0.000000,0.000000,0.000000,0.372363
740,go2_001,73415000000,1776853862376302256,1776853862384450611,31076056033206,1776853788961.302,8.148,50.048,0.123736,0.024050,0.000000,0.579153,0.058498,-0.002926,0.000000,0.000000,0.000000,0.526967
741,go2_001,73455000000,1776853862418456017,1776853862434518818,31076106101329,1776853788963.456,16.063,50.068,0.128752,0.024993,0.000000,0.626402,0.063950,-0.006715,0.000000,0.000000,0.000000,0.951039
742,go2_001,73495000000,1776853862459636582,1776853862484677983,31076156260492,1776853788964.637,25.041,50.159,0.135982,0.028698,0.000000,0.665307,0.076749,-0.007619,0.000000,0.000000,0.000000,1.098180
743,go2_001,73575000000,1776853862522553666,1776853862534390741,31076205973304,1776853788947.554,11.837,49.713,0.153471,0.041003,0.000000,0.729340,0.111302,-0.005115,0.000000,0.000000,0.000000,0.706682
744,go2_001,73610000000,1776853862564627961,1776853862584426696,31076256009891,1776853788954.628,19.799,50.036,0.156492,0.047127,0.000000,0.731519,0.116261,0.002023,0.000000,0.000000,0.000000,0.392969
745,go2_001,73670000000,1776853862627124949,1776853862634407233,31076305989756,1776853788957.125,7.282,49.981,0.155802,0.048342,0.000000,0.754535,0.101889,0.002894,0.000000,0.000000,0.000000,0.431062
746,go2_001,73710000000,1776853862680046246,1776853862684338309,31076355920961,1776853788970.046,4.292,49.931,0.160488,0.053393,0.000000,0.780378,0.109138,0.004480,0.000000,0.000000,0.000000,0.446238
747,go2_001,73770000000,1776853862721872071,1776853862734364134,31076405947104,1776853788951.872,12.492,50.026,0.162841,0.061737,0.000000,0.793733,0.111578,0.013869,0.000000,0.000000,0.000000,0.245331
748,go2_001,73830000000,1776853862784200461,1776853862784435300,31076456018122,1776853788954.201,0.235,50.071,0.167694,0.066704,0.000000,0.800116,0.112870,0.012609,0.000000,0.000000,0.000000,0.284462
749,go2_001,73870000000,1776853862826369553,1776853862834608967,31076506191576,1776853788956.370,8.239,50.174,0.168742,0.069919,0.000000,0.817386,0.109753,0.014742,0.000000,0.000000,0.000000,0.446563
750,go2_001,73905000000,1776853862867537498,1776853862884635126,31076556217584,1776853788962.537,17.098,50.026,0.167960,0.069569,0.000000,0.840916,0.099501,0.013524,0.000000,0.000000,0.000000,0.612480
751,go2_001,73965000000,1776853862929983790,1776853862934320634,31076605903064,1776853788964.984,4.337,49.686,0.167232,0.069749,0.000000,0.911581,0.085755,0.011922,0.000000,0.000000,0.000000,0.892190
752,go2_001,74005000000,1776853862972105831,1776853862984406835,31076655989698,1776853788967.106,12.301,50.086,0.172905,0.074412,0.000000,0.943779,0.095249,0.008280,0.000000,0.000000,0.000000,1.045196
753,go2_001,74045000000,1776853863014467670,1776853863034425750,31076706008446,1776853788969.468,19.958,50.019,0.182006,0.081649,0.000000,0.980533,0.113815,0.002776,0.000000,0.000000,0.000000,0.933125
754,go2_001,74105000000,1776853863066543881,1776853863084343037,31076755925470,1776853788961.544,17.799,49.917,0.185141,0.096237,0.000000,1.010580,0.128536,0.017089,0.000000,0.000000,0.000000,0.532181
755,go2_001,74165000000,1776853863128550016,1776853863134450106,31076806033975,1776853788963.550,5.900,50.107,0.183948,0.096404,0.000000,1.031911,0.111177,0.015026,0.000000,0.000000,0.000000,0.326427
756,go2_001,74185000000,1776853863149715380,1776853863184400800,31076855983376,1776853788964.715,34.685,49.951,0.183603,0.096437,0.000000,1.039895,0.105846,0.014390,0.000000,0.000000,0.000000,0.368250
757,go2_001,74265000000,1776853863233500822,1776853863234339836,31076905922162,1776853788968.501,0.839,49.939,0.183836,0.095005,0.000000,1.062198,0.085363,0.007326,0.000000,0.000000,0.000000,0.105901
758,go2_001,74305000000,1776853863275925764,1776853863284565844,31076956148362,1776853788970.926,8.640,50.226,0.189124,0.101051,0.000000,1.062623,0.096270,0.003913,0.000000,0.000000,0.000000,0.072586
759,go2_001,74365000000,1776853863328393964,1776853863334368655,31077005951159,1776853788963.394,5.975,49.803,0.192089,0.107733,0.000000,1.068299,0.099503,0.005294,0.000000,0.000000,0.000000,0.150971
760,go2_001,74400000000,1776853863369855779,1776853863384360242,31077055942763,1776853788969.856,14.504,49.992,0.191505,0.107255,0.000000,1.088370,0.089971,0.004814,0.000000,0.000000,0.000000,0.544676
761,go2_001,74460000000,1776853863432389871,1776853863434331521,31077105913787,1776853788972.390,1.942,49.971,0.190933,0.107236,0.000000,1.158439,0.077164,0.004173,0.000000,0.000000,0.000000,1.077481
762,go2_001,74500000000,1776853863473535913,1776853863484352045,31077155934455,1776853788973.536,10.816,50.021,0.192714,0.110371,0.000000,1.204713,0.078152,0.002853,0.000000,0.000000,0.000000,1.159756
763,go2_001,74540000000,1776853863514469894,1776853863534346386,31077205928728,1776853788974.470,19.876,49.994,0.198219,0.106808,0.000000,1.255989,0.069725,-0.013737,0.000000,0.000000,0.000000,1.073144
764,go2_001,74605000000,1776853863565820873,1776853863584371214,31077255954056,1776853788960.821,18.550,50.025,0.200915,0.110134,0.000000,1.289284,0.068471,-0.015696,0.000000,0.000000,0.000000,0.626075
765,go2_001,74665000000,1776853863627403651,1776853863634363386,31077305946183,1776853788962.404,6.960,49.992,0.200222,0.110273,0.000000,1.310749,0.058049,-0.013881,0.000000,0.000000,0.000000,0.354044
766,go2_001,74705000000,1776853863668572573,1776853863684379964,31077355962344,1776853788963.573,15.807,50.017,0.199843,0.110334,0.000000,1.323480,0.051816,-0.012787,0.000000,0.000000,0.000000,0.321512
767,go2_001,74765000000,1776853863730071797,1776853863734359496,31077405941880,1776853788965.072,4.288,49.980,0.203440,0.122051,0.000000,1.320151,0.071520,-0.010192,0.000000,0.000000,0.000000,-0.058397
768,go2_001,74805000000,1776853863771148791,1776853863784365891,31077455948368,1776853788966.149,13.217,50.006,0.204371,0.131246,0.000000,1.304582,0.085448,-0.004851,0.000000,0.000000,0.000000,-0.229944
769,go2_001,74865000000,1776853863832766942,1776853863834346382,31077505928943,1776853788967.767,1.579,49.980,0.206236,0.134998,0.000000,1.329075,0.082935,-0.006300,0.000000,0.000000,0.000000,0.489027
770,go2_001,74905000000,1776853863873842490,1776853863884416302,31077555998973,1776853788968.843,10.574,50.070,0.205911,0.134874,0.000000,1.364585,0.074719,-0.005802,0.000000,0.000000,0.000000,0.830481
771,go2_001,74965000000,1776853863925203706,1776853863934475185,31077606057714,1776853788960.204,9.271,50.059,0.204106,0.137737,0.000000,1.417934,0.069644,-0.000220,0.000000,0.000000,0.000000,0.973400
772,go2_001,75005000000,1776853863966324956,1776853863984359116,31077655941841,1776853788961.325,18.034,49.884,0.207128,0.145837,0.000000,1.459707,0.083048,-0.002984,0.000000,0.000000,0.000000,1.179573
773,go2_001,75065000000,1776853864028316501,1776853864034325305,31077705907654,1776853788963.316,6.009,49.966,0.209789,0.155390,0.000000,1.518649,0.094910,-0.004908,0.000000,0.000000,0.000000,0.860771
774,go2_001,75105000000,1776853864069290737,1776853864084365179,31077755947654,1776853788964.291,15.074,50.040,0.210109,0.156352,0.000000,1.537173,0.088664,-0.006129,0.000000,0.000000,0.000000,0.489659
775,go2_001,75145000000,1776853864110276102,1776853864134388918,31077805971476,1776853788965.276,24.113,50.024,0.209539,0.156209,0.000000,1.550163,0.079998,-0.005634,0.000000,0.000000,0.000000,0.355667
776,go2_001,75205000000,1776853864171881251,1776853864184369225,31077855951559,1776853788966.881,12.488,49.980,0.208835,0.156002,0.000000,1.574359,0.068325,-0.004963,0.000000,0.000000,0.000000,0.335398
777,go2_001,75260000000,1776853864233352037,1776853864234784602,31077906366834,1776853788973.352,1.433,50.415,0.208006,0.166502,0.000000,1.570381,0.083082,-0.000689,0.000000,0.000000,0.000000,-0.130452
778,go2_001,75300000000,1776853864274568542,1776853864284403710,31077955986318,1776853788974.568,9.835,49.619,0.205899,0.176562,0.000000,1.562635,0.098237,0.005723,0.000000,0.000000,0.000000,-0.122224
779,go2_001,75360000000,1776853864326032008,1776853864334403693,31078005986231,1776853788966.032,8.372,50.000,0.206399,0.181083,0.000000,1.583809,0.095293,0.003856,0.000000,0.000000,0.000000,0.431801
780,go2_001,75405000000,1776853864366975552,1776853864384358991,31078055941643,1776853788961.976,17.383,49.955,0.206091,0.181273,0.000000,1.614803,0.086102,0.003558,0.000000,0.000000,0.000000,0.709216
781,go2_001,75465000000,1776853864428670566,1776853864434343198,31078105925602,1776853788963.670,5.673,49.984,0.203775,0.183655,0.000000,1.672672,0.080142,0.007671,0.000000,0.000000,0.000000,0.913164
782,go2_001,75500000000,1776853864469823637,1776853864484295936,31078155878302,1776853788969.824,14.472,49.953,0.205799,0.186360,0.000000,1.715218,0.079767,0.001690,0.000000,0.000000,0.000000,1.174097
783,go2_001,75560000000,1776853864531250401,1776853864534295094,31078205877496,1776853788971.250,3.045,49.999,0.211181,0.191063,0.000000,1.770092,0.079425,-0.012355,0.000000,0.000000,0.000000,0.885519
784,go2_001,75600000000,1776853864572669452,1776853864584363883,31078255946323,1776853788972.669,11.694,50.069,0.211244,0.191593,0.000000,1.794911,0.073079,-0.012767,0.000000,0.000000,0.000000,0.464037
785,go2_001,75660000000,1776853864634211462,1776853864634375785,31078305958040,1776853788974.212,0.164,50.012,0.210576,0.191347,0.000000,1.815871,0.062218,-0.011246,0.000000,0.000000,0.000000,0.386111
786,go2_001,75700000000,1776853864675258722,1776853864684399978,31078355982646,1776853788975.259,9.141,50.024,0.210212,0.191197,0.000000,1.835886,0.055705,-0.010328,0.000000,0.000000,0.000000,0.510438
787,go2_001,75760000000,1776853864726761489,1776853864734356584,31078405938895,1776853788966.761,7.595,49.957,0.206634,0.201651,0.000000,1.843506,0.072155,-0.005265,0.000000,0.000000,0.000000,0.120832
788,go2_001,75800000000,1776853864767827203,1776853864784336960,31078455919370,1776853788967.827,16.510,49.980,0.202920,0.210873,0.000000,1.840251,0.087878,-0.000579,0.000000,0.000000,0.000000,-0.024902
789,go2_001,75860000000,1776853864829491997,1776853864834289987,31078505872357,1776853788969.492,4.798,49.953,0.201698,0.215421,0.000000,1.860654,0.086366,-0.000677,0.000000,0.000000,0.000000,0.385713
790,go2_001,75900000000,1776853864870612609,1776853864884363288,31078555945702,1776853788970.613,13.751,50.073,0.201446,0.215130,0.000000,1.885604,0.077911,-0.000601,0.000000,0.000000,0.000000,0.593473
791,go2_001,75960000000,1776853864932522798,1776853864934261169,31078605843554,1776853788972.523,1.738,49.898,0.198561,0.217258,0.000000,1.939201,0.073742,0.003869,0.000000,0.000000,0.000000,0.949355
792,go2_001,76000000000,1776853864973596536,1776853864984334171,31078655916913,1776853788973.596,10.738,50.073,0.198278,0.225074,0.000000,1.994582,0.084606,-0.001308,0.000000,0.000000,0.000000,1.061366
793,go2_001,76040000000,1776853865014660876,1776853865034376981,31078705959310,1776853788974.661,19.716,50.043,0.195209,0.235224,0.000000,2.029474,0.101603,-0.002076,0.000000,0.000000,0.000000,0.879561
794,go2_001,76100000000,1776853865076849771,1776853865084527709,31078756110893,1776853788976.850,7.678,50.151,0.191168,0.240211,0.000000,2.059572,0.101555,0.001254,0.000000,0.000000,0.000000,0.426641
795,go2_001,76140000000,1776853865108116478,1776853865136764009,31078808346764,1776853788968.116,28.648,52.236,0.190721,0.239720,0.000000,2.070582,0.091856,0.001172,0.000000,0.000000,0.000000,0.382264
796,go2_001,76190000000,1776853865181178764,1776853865184303612,31078855885958,1776853788991.179,3.125,47.540,0.190570,0.238394,0.000000,2.103730,0.078878,0.001052,0.000000,0.000000,0.000000,0.652340
797,go2_001,76250000000,1776853865222041941,1776853865234375931,31078905958529,1776853788972.042,12.334,50.072,0.185912,0.243258,0.000000,2.125285,0.082451,0.005005,0.000000,0.000000,0.000000,0.400589
798,go2_001,76315000000,1776853865284201078,1776853865284360454,31078955942648,1776853788969.201,0.159,49.985,0.179219,0.252756,0.000000,2.131870,0.096640,0.007491,0.000000,0.000000,0.000000,0.167227
799,go2_001,76335000000,1776853865314882608,1776853865334355095,31079005937465,1776853788979.883,19.472,49.995,0.177835,0.251833,0.000000,2.139926,0.091716,0.010642,0.000000,0.000000,0.000000,0.326052
800,go2_001,76395000000,1776853865376769470,1776853865384338677,31079055920997,1776853788981.770,7.569,49.984,0.177568,0.251237,0.000000,2.169127,0.078645,0.009397,0.000000,0.000000,0.000000,0.464138
801,go2_001,76435000000,1776853865417726146,1776853865434382484,31079105965273,1776853788982.726,16.656,50.044,0.177417,0.250878,0.000000,2.200933,0.070794,0.008644,0.000000,0.000000,0.000000,0.770670
802,go2_001,76495000000,1776853865479696921,1776853865484365107,31079155947462,1776853788984.697,4.668,49.983,0.174651,0.254552,0.000000,2.263491,0.071716,0.007686,0.000000,0.000000,0.000000,1.031105
803,go2_001,76535000000,1776853865520751092,1776853865534388123,31079205970865,1776853788985.751,13.637,50.023,0.170471,0.263195,0.000000,2.304753,0.087316,0.003718,0.000000,0.000000,0.000000,0.797715
804,go2_001,76615000000,1776853865583798371,1776853865584246554,31079255828958,1776853788968.799,0.448,49.858,0.161979,0.270389,0.000000,2.332699,0.095329,0.007519,0.000000,0.000000,0.000000,0.400214
805,go2_001,76635000000,1776853865603847520,1776853865634368835,31079305951205,1776853788968.848,30.521,50.122,0.161864,0.270108,0.000000,2.339412,0.090630,0.007205,0.000000,0.000000,0.000000,0.359609
806,go2_001,76695000000,1776853865675662323,1776853865684366553,31079355949154,1776853788980.662,8.704,49.998,0.161571,0.269344,0.000000,2.379872,0.077653,0.006332,0.000000,0.000000,0.000000,0.637749
807,go2_001,76735000000,1776853865716634181,1776853865734404365,31079405986824,1776853788981.634,17.770,50.038,0.156453,0.274715,0.000000,2.396002,0.087590,0.006365,0.000000,0.000000,0.000000,0.393782
808,go2_001,76795000000,1776853865778465174,1776853865784311926,31079455894167,1776853788983.465,5.847,49.908,0.147465,0.280752,0.000000,2.403314,0.099869,0.010773,0.000000,0.000000,0.000000,0.145609
809,go2_001,76835000000,1776853865819734226,1776853865834447940,31079506030570,1776853788984.734,14.714,50.136,0.144123,0.283466,0.000000,2.417374,0.100767,0.010680,0.000000,0.000000,0.000000,0.383354
810,go2_001,76910000000,1776853865881541885,1776853865884305361,31079555888283,1776853788971.542,2.763,49.857,0.144336,0.282250,0.000000,2.461591,0.082293,0.008967,0.000000,0.000000,0.000000,0.570640
811,go2_001,76955000000,1776853865922602956,1776853865934354189,31079605936742,1776853788967.603,11.751,50.049,0.143950,0.282048,0.000000,2.494689,0.074127,0.008232,0.000000,0.000000,0.000000,0.737537
812,go2_001,77015000000,1776853865984255632,1776853865984598964,31079656182373,1776853788969.256,0.343,50.245,0.136576,0.289472,0.000000,2.550511,0.088189,0.005006,0.000000,0.000000,0.000000,1.019210
813,go2_001,77035000000,1776853866004952257,1776853866034414638,31079705997068,1776853788969.952,29.462,49.816,0.132722,0.294173,0.000000,2.569842,0.098403,0.002066,0.000000,0.000000,0.000000,0.991208
814,go2_001,77095000000,1776853866077728498,1776853866084352664,31079755935337,1776853788982.729,6.624,49.938,0.118329,0.299311,0.000000,2.617250,0.118204,0.012173,0.000000,0.000000,0.000000,0.585712
815,go2_001,77135000000,1776853866118730334,1776853866134390238,31079805972845,1776853788983.730,15.660,50.038,0.118240,0.298478,0.000000,2.640187,0.107097,0.011149,0.000000,0.000000,0.000000,0.501936
816,go2_001,77190000000,1776853866170120261,1776853866184555478,31079856138095,1776853788980.120,14.435,50.165,0.118585,0.297216,0.000000,2.671166,0.092200,0.009760,0.000000,0.000000,0.000000,0.496184
817,go2_001,77250000000,1776853866221822774,1776853866234443073,31079906025774,1776853788971.823,12.620,49.888,0.110973,0.299320,0.000000,2.677819,0.097397,0.013052,0.000000,0.000000,0.000000,0.188498
818,go2_001,77305000000,1776853866284268704,1776853866284544364,31079956126990,1776853788979.269,0.276,50.101,0.097802,0.306902,0.000000,2.679192,0.120421,0.012002,0.000000,0.000000,0.000000,0.100757
819,go2_001,77345000000,1776853866325604852,1776853866335233628,31080006816247,1776853788980.605,9.629,50.689,0.091991,0.310907,0.000000,2.689052,0.126317,0.009322,0.000000,0.000000,0.000000,0.314440
820,go2_001,77385000000,1776853866369013624,1776853866384669352,31080056251964,1776853788984.014,15.656,49.436,0.092029,0.310355,0.000000,2.712955,0.114666,0.008521,0.000000,0.000000,0.000000,0.566084
821,go2_001,77445000000,1776853866431375881,1776853866434275058,31080105857268,1776853788986.376,2.899,49.606,0.092086,0.309554,0.000000,2.766097,0.098846,0.007430,0.000000,0.000000,0.000000,0.800985
822,go2_001,77505000000,1776853866483010996,1776853866484284869,31080155867222,1776853788978.011,1.274,50.010,0.085391,0.313083,0.000000,2.823787,0.103602,0.004585,0.000000,0.000000,0.000000,1.090152
823,go2_001,77545000000,1776853866524217224,1776853866534391073,31080205973498,1776853788979.217,10.174,50.106,0.074829,0.318668,0.000000,2.868038,0.122285,0.001897,0.000000,0.000000,0.000000,1.070900
824,go2_001,77585000000,1776853866565116776,1776853866584336074,31080255918417,1776853788980.117,19.219,49.945,0.063065,0.317907,0.000000,2.899249,0.135947,0.012908,0.000000,0.000000,0.000000,0.780825
825,go2_001,77645000000,1776853866626968813,1776853866634387445,31080305970328,1776853788981.969,7.419,50.051,0.063229,0.316511,0.000000,2.927062,0.117413,0.011279,0.000000,0.000000,0.000000,0.409603
826,go2_001,77685000000,1776853866668206668,1776853866684582035,31080356165198,1776853788983.207,16.375,50.195,0.063355,0.315732,0.000000,2.940025,0.106309,0.010302,0.000000,0.000000,0.000000,0.335335
827,go2_001,77745000000,1776853866731673403,1776853866734992756,31080406575507,1776853788986.673,3.319,50.411,0.056739,0.316546,0.000000,2.947734,0.107587,0.010340,0.000000,0.000000,0.000000,0.137919
828,go2_001,77785000000,1776853866773168828,1776853866784451950,31080456034642,1776853788988.169,11.283,49.459,0.047710,0.316816,0.000000,2.946119,0.118331,0.014158,0.000000,0.000000,0.000000,0.004058
829,go2_001,77825000000,1776853866814474371,1776853866834490029,31080506072497,1776853788989.474,20.016,50.038,0.037604,0.319892,0.000000,2.951846,0.132621,0.011806,0.000000,0.000000,0.000000,0.184025
830,go2_001,77880000000,1776853866878071277,1776853866884413472,31080555996006,1776853788998.071,6.342,49.923,0.037759,0.318187,0.000000,2.981929,0.115728,0.012620,0.000000,0.000000,0.000000,0.597942
831,go2_001,77940000000,1776853866929319781,1776853866934316600,31080605898854,1776853788989.320,4.997,49.903,0.038064,0.317455,0.000000,3.037732,0.099635,0.011012,0.000000,0.000000,0.000000,0.922586
832,go2_001,77980000000,1776853866970950564,1776853866984352767,31080655935108,1776853788990.951,13.402,50.036,0.033611,0.318368,0.000000,3.078810,0.101032,0.008925,0.000000,0.000000,0.000000,1.062133
833,go2_001,78045000000,1776853867032426516,1776853867034283720,31080705865964,1776853788987.427,1.857,49.931,0.024805,0.322540,0.000000,-3.127665,0.108641,-0.000017,0.000000,0.000000,0.000000,1.070290
834,go2_001,78085000000,1776853867074103179,1776853867084352603,31080755934945,1776853788989.103,10.249,50.069,0.016147,0.321652,0.000000,-3.099317,0.118152,0.003178,0.000000,0.000000,0.000000,0.751916
835,go2_001,78125000000,1776853867114560787,1776853867134374454,31080805956808,1776853788989.561,19.814,50.022,0.016459,0.320833,0.000000,-3.085588,0.106860,0.002829,0.000000,0.000000,0.000000,0.389620
836,go2_001,78185000000,1776853867166205917,1776853867184326664,31080855909197,1776853788981.206,18.121,49.952,0.016897,0.319850,0.000000,-3.070153,0.091532,0.002357,0.000000,0.000000,0.000000,0.349667
837,go2_001,78245000000,1776853867228192884,1776853867234354373,31080905937171,1776853788983.193,6.161,50.028,0.011134,0.320067,0.000000,-3.056795,0.092404,0.000444,0.000000,0.000000,0.000000,0.137473
838,go2_001,78285000000,1776853867269197085,1776853867284486441,31080956069041,1776853788984.197,15.289,50.132,0.002330,0.317894,0.000000,-3.068603,0.104158,0.005099,0.000000,0.000000,0.000000,-0.221740
839,go2_001,78340000000,1776853867331290362,1776853867335059877,31081006642284,1776853788991.290,3.770,50.573,-0.001505,0.317500,0.000000,-3.068965,0.100104,0.004405,0.000000,0.000000,0.000000,0.143822
840,go2_001,78380000000,1776853867373567097,1776853867384509974,31081056092454,1776853788993.567,10.943,49.450,-0.001243,0.317226,0.000000,-3.044745,0.090340,0.003965,0.000000,0.000000,0.000000,0.572161
841,go2_001,78420000000,1776853867415243917,1776853867436283615,31081107866234,1776853788995.244,21.040,51.774,-0.000996,0.316955,0.000000,-3.008452,0.081346,0.003560,0.000000,0.000000,0.000000,0.858091
842,go2_001,78480000000,1776853867478968681,1776853867484303676,31081155886147,1776853788998.969,5.335,48.020,-0.006526,0.313921,0.000000,-2.941011,0.083137,0.008090,0.000000,0.000000,0.000000,1.082173
843,go2_001,78540000000,1776853867531272505,1776853867534930924,31081206513860,1776853788991.272,3.658,50.627,-0.020485,0.314079,0.000000,-2.888909,0.103532,0.002421,0.000000,0.000000,0.000000,0.873147
844,go2_001,78580000000,1776853867573362946,1776853867584462508,31081256045175,1776853788993.363,11.100,49.532,-0.026730,0.312246,0.000000,-2.866469,0.108917,0.003320,0.000000,0.000000,0.000000,0.541766
845,go2_001,78620000000,1776853867615528005,1776853867634415871,31081305998488,1776853788995.528,18.888,49.953,-0.019358,0.313490,0.000000,-2.856262,0.082128,0.001019,0.000000,0.000000,0.000000,0.284092
846,go2_001,78680000000,1776853867678129531,1776853867684377110,31081355959640,1776853788998.129,6.248,49.961,-0.018911,0.312932,0.000000,-2.826970,0.069839,0.000770,0.000000,0.000000,0.000000,0.514231
847,go2_001,78715000000,1776853867720065136,1776853867734424800,31081406007484,1776853789005.065,14.360,50.048,-0.023369,0.311733,0.000000,-2.804281,0.074708,0.000663,0.000000,0.000000,0.000000,0.578294
848,go2_001,78775000000,1776853867773295996,1776853867784392853,31081455975276,1776853788998.296,11.097,49.968,-0.018086,0.304380,0.000000,-2.796767,0.055935,0.018459,0.000000,0.000000,0.000000,0.136627
849,go2_001,78815000000,1776853867814006466,1776853867834376637,31081505959114,1776853788999.006,20.370,49.984,-0.020156,0.301681,0.000000,-2.792204,0.056183,0.021463,0.000000,0.000000,0.000000,0.177578
850,go2_001,78875000000,1776853867876343543,1776853867884348223,31081555930784,1776853789001.344,8.005,49.972,-0.021235,0.297232,0.000000,-2.772382,0.052783,0.027328,0.000000,0.000000,0.000000,0.297463
851,go2_001,78915000000,1776853867927876331,1776853867934483102,31081606065706,1776853789012.876,6.607,50.135,-0.020987,0.297185,0.000000,-2.744089,0.046869,0.025036,0.000000,0.000000,0.000000,0.648624
852,go2_001,78975000000,1776853867980574015,1776853867985107251,31081656690858,1776853789005.574,4.533,50.624,-0.023768,0.295722,0.000000,-2.678664,0.047022,0.022679,0.000000,0.000000,0.000000,1.073534
853,go2_001,79035000000,1776853868022019789,1776853868034630995,31081706213570,1776853788987.020,12.611,49.524,-0.036685,0.292052,0.000000,-2.641185,0.070307,0.017331,0.000000,0.000000,0.000000,0.876153
854,go2_001,79075000000,1776853868064027538,1776853868084492420,31081756074905,1776853788989.028,20.465,49.861,-0.044921,0.285990,0.000000,-2.619517,0.086717,0.021222,0.000000,0.000000,0.000000,0.562116
855,go2_001,79115000000,1776853868116770458,1776853868134435831,31081806018574,1776853789001.771,17.665,49.943,-0.046682,0.286060,0.000000,-2.592029,0.082604,0.016760,0.000000,0.000000,0.000000,0.430498
856,go2_001,79155000000,1776853868158254385,1776853868184609979,31081856192641,1776853789003.254,26.356,50.174,-0.046224,0.285834,0.000000,-2.577004,0.074326,0.015276,0.000000,0.000000,0.000000,0.385977
857,go2_001,79210000000,1776853868221221033,1776853868234882854,31081906465714,1776853789011.221,13.662,50.273,-0.050379,0.283325,0.000000,-2.550561,0.076428,0.013386,0.000000,0.000000,0.000000,0.429470
858,go2_001,79255000000,1776853868241957642,1776853868285104926,31081956687877,1776853788986.958,43.147,50.222,-0.051622,0.279945,0.000000,-2.536690,0.074659,0.016790,0.000000,0.000000,0.000000,0.299412
859,go2_001,79330000000,1776853868326030613,1776853868334413688,31082005996079,1776853788996.031,8.383,49.309,-0.061655,0.270170,0.000000,-2.536818,0.091606,0.021281,0.000000,0.000000,0.000000,0.193237
860,go2_001,79370000000,1776853868367765000,1776853868384667928,31082056252254,1776853788997.765,16.903,50.254,-0.062375,0.268035,0.000000,-2.519960,0.087207,0.022255,0.000000,0.000000,0.000000,0.414908
861,go2_001,79410000000,1776853868420563096,1776853868434482843,31082106065824,1776853789010.563,13.920,49.815,-0.061997,0.267974,0.000000,-2.486192,0.078618,0.020316,0.000000,0.000000,0.000000,0.674594
862,go2_001,79490000000,1776853868484182173,1776853868484434173,31082156016431,1776853788994.182,0.252,49.951,-0.067296,0.263901,0.000000,-2.416897,0.080276,0.016661,0.000000,0.000000,0.000000,0.979909
863,go2_001,79525000000,1776853868526932841,1776853868534377174,31082205959748,1776853789001.933,7.444,49.943,-0.077672,0.259879,0.000000,-2.383561,0.099296,0.008493,0.000000,0.000000,0.000000,0.950155
864,go2_001,79545000000,1776853868548271875,1776853868584391716,31082255974378,1776853789003.272,36.120,50.015,-0.081586,0.256761,0.000000,-2.363964,0.106680,0.008066,0.000000,0.000000,0.000000,0.832762
865,go2_001,79625000000,1776853868631191864,1776853868634323612,31082305906161,1776853789006.192,3.132,49.932,-0.078263,0.248177,0.000000,-2.319679,0.093785,0.023509,0.000000,0.000000,0.000000,0.484441
866,go2_001,79660000000,1776853868672356697,1776853868684602758,31082356185123,1776853789012.357,12.246,50.279,-0.077483,0.248433,0.000000,-2.301458,0.084736,0.021439,0.000000,0.000000,0.000000,0.529137
867,go2_001,79725000000,1776853868726845316,1776853868734445634,31082406028395,1776853789001.845,7.600,49.843,-0.080961,0.244199,0.000000,-2.270263,0.085535,0.018932,0.000000,0.000000,0.000000,0.391531
868,go2_001,79760000000,1776853868768223789,1776853868784463583,31082456046067,1776853789008.224,16.240,50.018,-0.083359,0.236328,0.000000,-2.263498,0.095444,0.026497,0.000000,0.000000,0.000000,0.231774
869,go2_001,79800000000,1776853868823113955,1776853868834473860,31082506056517,1776853789023.114,11.360,50.010,-0.090406,0.228241,0.000000,-2.258509,0.112191,0.025540,0.000000,0.000000,0.000000,0.165549
870,go2_001,79835000000,1776853868861581518,1776853868884403507,31082555986105,1776853789026.582,22.822,49.930,-0.095229,0.224711,0.000000,-2.246617,0.117324,0.020790,0.000000,0.000000,0.000000,0.340092
871,go2_001,79905000000,1776853868926465934,1776853868934352941,31082605935405,1776853789021.466,7.887,49.949,-0.095495,0.222885,0.000000,-2.215724,0.103057,0.018420,0.000000,0.000000,0.000000,0.550256
872,go2_001,79950000000,1776853868967290523,1776853868984399560,31082655981939,1776853789017.291,17.109,50.047,-0.095275,0.222326,0.000000,-2.176959,0.093354,0.016783,0.000000,0.000000,0.000000,0.830912
873,go2_001,79995000000,1776853869018698592,1776853869034363514,31082705945950,1776853789023.699,15.665,49.964,-0.099286,0.213887,0.000000,-2.107839,0.104930,0.019526,0.000000,0.000000,0.000000,1.093035
874,go2_001,80055000000,1776853869080398727,1776853869084660260,31082756242708,1776853789025.399,4.262,50.297,-0.110410,0.200641,0.000000,-2.057186,0.131252,0.014094,0.000000,0.000000,0.000000,0.869579
875,go2_001,80115000000,1776853869121524251,1776853869134338793,31082805921167,1776853789006.524,12.815,49.679,-0.107838,0.194016,0.000000,-2.024563,0.123051,0.023069,0.000000,0.000000,0.000000,0.492105
876,go2_001,80155000000,1776853869162877924,1776853869184391575,31082855974377,1776853789007.878,21.514,50.053,-0.107042,0.194011,0.000000,-2.020093,0.111467,0.020995,0.000000,0.000000,0.000000,0.373434
877,go2_001,80215000000,1776853869234467156,1776853869234652259,31082906234613,1776853789019.467,0.185,50.261,-0.106013,0.194050,0.000000,-1.995418,0.095788,0.018183,0.000000,0.000000,0.000000,0.319820
878,go2_001,80255000000,1776853869275400605,1776853869284355945,31082955938348,1776853789020.401,8.955,49.704,-0.106947,0.191910,0.000000,-1.988306,0.092705,0.016190,0.000000,0.000000,0.000000,0.127336
879,go2_001,80295000000,1776853869316494264,1776853869334367624,31083005950499,1776853789021.494,17.873,50.012,-0.111909,0.184524,0.000000,-1.988271,0.105066,0.012470,0.000000,0.000000,0.000000,0.024565
880,go2_001,80355000000,1776853869378050171,1776853869384274034,31083055856380,1776853789023.050,6.224,49.906,-0.114174,0.178155,0.000000,-1.979775,0.106035,0.012135,0.000000,0.000000,0.000000,0.200510
881,go2_001,80395000000,1776853869419119818,1776853869434385330,31083105967860,1776853789024.120,15.266,50.111,-0.113738,0.178280,0.000000,-1.954888,0.095770,0.010927,0.000000,0.000000,0.000000,0.597581
882,go2_001,80455000000,1776853869480711072,1776853869484377544,31083155959902,1776853789025.711,3.666,49.992,-0.113079,0.178439,0.000000,-1.889764,0.081895,0.009295,0.000000,0.000000,0.000000,1.069663
883,go2_001,80515000000,1776853869521800582,1776853869534385634,31083205968045,1776853789006.801,12.585,50.008,-0.116555,0.178097,0.000000,-1.838481,0.074148,-0.000707,0.000000,0.000000,0.000000,1.225608
884,go2_001,80555000000,1776853869562972326,1776853869584402970,31083255985560,1776853789007.972,21.431,50.017,-0.121270,0.173932,0.000000,-1.798801,0.080446,-0.008080,0.000000,0.000000,0.000000,0.963367
885,go2_001,80615000000,1776853869634433436,1776853869634637440,31083306219732,1776853789019.434,0.204,50.234,-0.121689,0.167138,0.000000,-1.761361,0.083285,-0.004599,0.000000,0.000000,0.000000,0.418121
886,go2_001,80655000000,1776853869675607925,1776853869684351094,31083355933525,1776853789020.608,8.743,49.714,-0.121126,0.167169,0.000000,-1.748486,0.074863,-0.004438,0.000000,0.000000,0.000000,0.267398
887,go2_001,80695000000,1776853869716571372,1776853869734390693,31083405973313,1776853789021.571,17.819,50.040,-0.120654,0.167212,0.000000,-1.739014,0.067125,-0.004284,0.000000,0.000000,0.000000,0.231401
888,go2_001,80755000000,1776853869778208092,1776853869784298310,31083455880631,1776853789023.208,6.090,49.908,-0.121656,0.168888,0.000000,-1.736461,0.053830,-0.008618,0.000000,0.000000,0.000000,-0.114892
889,go2_001,80795000000,1776853869819369658,1776853869834364582,31083505946944,1776853789024.370,14.995,50.066,-0.124298,0.158865,0.000000,-1.741981,0.072244,-0.008536,0.000000,0.000000,0.000000,-0.109825
890,go2_001,80855000000,1776853869880743307,1776853869884331663,31083555914079,1776853789025.743,3.588,49.967,-0.128566,0.148733,0.000000,-1.727876,0.086119,-0.012346,0.000000,0.000000,0.000000,0.356446
891,go2_001,80915000000,1776853869921960861,1776853869934375466,31083605957834,1776853789006.961,12.415,50.044,-0.130450,0.144508,0.000000,-1.696850,0.084879,-0.014371,0.000000,0.000000,0.000000,0.754156
892,go2_001,80955000000,1776853869963136759,1776853869984376093,31083655958471,1776853789008.137,21.239,50.001,-0.130687,0.136055,0.000000,-1.658045,0.096557,-0.010817,0.000000,0.000000,0.000000,0.908249
893,go2_001,80995000000,1776853870014405923,1776853870034390910,31083705973412,1776853789019.406,19.985,50.015,-0.134507,0.136998,0.000000,-1.603229,0.086937,-0.020274,0.000000,0.000000,0.000000,1.161909
894,go2_001,81055000000,1776853870076264400,1776853870084344071,31083755926373,1776853789021.264,8.080,49.953,-0.133659,0.122244,0.000000,-1.531452,0.107834,-0.013098,0.000000,0.000000,0.000000,0.933828
895,go2_001,81095000000,1776853870117240788,1776853870134369003,31083805951330,1776853789022.241,17.128,50.025,-0.133822,0.119391,0.000000,-1.511269,0.104729,-0.013418,0.000000,0.000000,0.000000,0.526632
896,go2_001,81155000000,1776853870178794563,1776853870184288739,31083855871065,1776853789023.795,5.494,49.920,-0.132807,0.119661,0.000000,-1.498766,0.089862,-0.012003,0.000000,0.000000,0.000000,0.236168
897,go2_001,81195000000,1776853870219977043,1776853870234382511,31083905965262,1776853789024.977,14.405,50.094,-0.132270,0.119833,0.000000,-1.485755,0.080941,-0.011145,0.000000,0.000000,0.000000,0.293951
898,go2_001,81275000000,1776853870281424706,1776853870284346983,31083955929325,1776853789006.425,2.922,49.964,-0.128543,0.104258,0.000000,-1.491348,0.100676,-0.001780,0.000000,0.000000,0.000000,-0.074877
899,go2_001,81315000000,1776853870322500121,1776853870334363582,31084005945938,1776853789007.500,11.863,50.017,-0.129617,0.102601,0.000000,-1.496041,0.095027,-0.005116,0.000000,0.000000,0.000000,-0.149444
900,go2_001,81355000000,1776853870373742459,1776853870384340418,31084055922779,1776853789018.742,10.598,49.977,-0.131875,0.105140,0.000000,-1.479924,0.080419,-0.010479,0.000000,0.000000,0.000000,0.368652
901,go2_001,81395000000,1776853870414780953,1776853870434337523,31084105919921,1776853789019.781,19.557,49.997,-0.131615,0.105342,0.000000,-1.446433,0.072258,-0.009720,0.000000,0.000000,0.000000,0.723804
902,go2_001,81455000000,1776853870476508925,1776853870484307436,31084155889785,1776853789021.509,7.799,49.970,-0.128699,0.100703,0.000000,-1.380867,0.073186,-0.003556,0.000000,0.000000,0.000000,0.912295
903,go2_001,81495000000,1776853870517360192,1776853870534355285,31084205937745,1776853789022.360,16.995,50.048,-0.134130,0.100764,0.000000,-1.331963,0.064855,-0.016814,0.000000,0.000000,0.000000,1.157979
904,go2_001,81555000000,1776853870578907451,1776853870584319915,31084255902229,1776853789023.907,5.412,49.965,-0.140130,0.103451,0.000000,-1.279894,0.047417,-0.029064,0.000000,0.000000,0.000000,0.786886
905,go2_001,81595000000,1776853870619910778,1776853870634371616,31084305954000,1776853789024.911,14.461,50.052,-0.140230,0.101256,0.000000,-1.261508,0.046994,-0.028618,0.000000,0.000000,0.000000,0.539160
906,go2_001,81675000000,1776853870681439035,1776853870684343854,31084355926345,1776853789006.439,2.905,49.972,-0.139202,0.101010,0.000000,-1.234675,0.037408,-0.023632,0.000000,0.000000,0.000000,0.491780
907,go2_001,81715000000,1776853870722559785,1776853870734395983,31084405978408,1776853789007.560,11.836,50.052,-0.138930,0.101039,0.000000,-1.212698,0.032808,-0.021746,0.000000,0.000000,0.000000,0.529248
908,go2_001,81755000000,1776853870773814439,1776853870784403262,31084455985937,1776853789018.814,10.589,50.007,-0.136142,0.092641,0.000000,-1.202478,0.048982,-0.018675,0.000000,0.000000,0.000000,0.250733
909,go2_001,81795000000,1776853870815070071,1776853870834338819,31084505921150,1776853789020.070,19.269,49.936,-0.131173,0.085066,0.000000,-1.205865,0.063531,-0.011028,0.000000,0.000000,0.000000,-0.007689
910,go2_001,81855000000,1776853870876684650,1776853870884352002,31084555934407,1776853789021.685,7.667,50.013,-0.127995,0.081841,0.000000,-1.176871,0.062928,-0.005667,0.000000,0.000000,0.000000,0.501297
911,go2_001,81895000000,1776853870917728961,1776853870934358350,31084605940876,1776853789022.729,16.629,50.006,-0.127779,0.082066,0.000000,-1.151410,0.056322,-0.005204,0.000000,0.000000,0.000000,0.630162
912,go2_001,81955000000,1776853870979651467,1776853870984317026,31084655899246,1776853789024.652,4.666,49.959,-0.126163,0.075617,0.000000,-1.093887,0.063563,-0.006883,0.000000,0.000000,0.000000,0.982326
913,go2_001,81995000000,1776853871020795660,1776853871034361736,31084705944345,1776853789025.796,13.566,50.045,-0.124327,0.066365,0.000000,-1.058645,0.078906,-0.010600,0.000000,0.000000,0.000000,0.893461
914,go2_001,82075000000,1776853871082254883,1776853871084323034,31084755905324,1776853789007.255,2.068,49.961,-0.114838,0.047929,0.000000,-1.020058,0.111241,-0.006933,0.000000,0.000000,0.000000,0.600095
915,go2_001,82115000000,1776853871123427030,1776853871134339244,31084805921574,1776853789008.427,10.912,50.016,-0.114391,0.048458,0.000000,-1.000664,0.100755,-0.006355,0.000000,0.000000,0.000000,0.458433
916,go2_001,82155000000,1776853871175282050,1776853871184326669,31084855908991,1776853789020.282,9.045,49.987,-0.113999,0.048942,0.000000,-0.980229,0.091107,-0.005821,0.000000,0.000000,0.000000,0.393165
917,go2_001,82195000000,1776853871215948498,1776853871234360492,31084905942906,1776853789020.948,18.412,50.034,-0.113656,0.049384,0.000000,-0.951732,0.082232,-0.005328,0.000000,0.000000,0.000000,0.619870
918,go2_001,82255000000,1776853871277977902,1776853871284337690,31084955920000,1776853789022.978,6.360,49.977,-0.108731,0.045321,0.000000,-0.929491,0.084376,-0.000690,0.000000,0.000000,0.000000,0.262702
919,go2_001,82295000000,1776853871318841058,1776853871334362751,31085005945156,1776853789023.841,15.522,50.025,-0.102709,0.039626,0.000000,-0.925622,0.095122,0.003992,0.000000,0.000000,0.000000,0.129489
920,go2_001,82355000000,1776853871380229778,1776853871384293861,31085055876119,1776853789025.230,4.064,49.931,-0.095265,0.031822,0.000000,-0.909764,0.106639,0.007540,0.000000,0.000000,0.000000,0.385059
921,go2_001,82415000000,1776853871421299197,1776853871434355219,31085105937515,1776853789006.299,13.056,50.061,-0.095037,0.032559,0.000000,-0.874255,0.091733,0.006675,0.000000,0.000000,0.000000,0.548169
922,go2_001,82475000000,1776853871482836341,1776853871484342655,31085155924991,1776853789007.836,1.506,49.987,-0.092761,0.030948,0.000000,-0.830575,0.085796,0.006940,0.000000,0.000000,0.000000,0.940926
923,go2_001,82515000000,1776853871523966739,1776853871534335767,31085205918543,1776853789008.967,10.369,49.993,-0.089229,0.022832,0.000000,-0.791117,0.098113,0.001010,0.000000,0.000000,0.000000,0.987437
924,go2_001,82555000000,1776853871575141748,1776853871584373889,31085255956240,1776853789020.142,9.232,50.038,-0.081717,0.012963,0.000000,-0.750257,0.118195,-0.000330,0.000000,0.000000,0.000000,0.820792
925,go2_001,82595000000,1776853871616255153,1776853871634361284,31085305943666,1776853789021.255,18.106,49.987,-0.071200,0.007737,0.000000,-0.726505,0.132751,0.009563,0.000000,0.000000,0.000000,0.510909
926,go2_001,82655000000,1776853871678686837,1776853871684316010,31085355898392,1776853789023.687,5.629,49.955,-0.070806,0.008978,0.000000,-0.698767,0.114692,0.008440,0.000000,0.000000,0.000000,0.475129
927,go2_001,82695000000,1776853871719472544,1776853871734360912,31085405943249,1776853789024.473,14.888,50.045,-0.070608,0.009695,0.000000,-0.679042,0.103841,0.007763,0.000000,0.000000,0.000000,0.432519
928,go2_001,82775000000,1776853871781097471,1776853871784318862,31085455901076,1776853789006.097,3.221,49.958,-0.060460,0.004155,0.000000,-0.660643,0.111458,0.012014,0.000000,0.000000,0.000000,0.233342
929,go2_001,82815000000,1776853871822379749,1776853871834355750,31085505938272,1776853789007.380,11.976,50.037,-0.053819,-0.003323,0.000000,-0.660056,0.124928,0.008259,0.000000,0.000000,0.000000,0.154396
930,go2_001,82855000000,1776853871864169293,1776853871884348090,31085555930536,1776853789009.169,20.179,49.992,-0.050302,-0.003650,0.000000,-0.647697,0.120734,0.011558,0.000000,0.000000,0.000000,0.379832
931,go2_001,82895000000,1776853871915348037,1776853871934336868,31085605919268,1776853789020.348,18.989,49.989,-0.050302,-0.003061,0.000000,-0.617559,0.109351,0.010612,0.000000,0.000000,0.000000,0.544277
932,go2_001,82955000000,1776853871976788158,1776853871984356966,31085655939436,1776853789021.788,7.569,50.020,-0.050271,-0.002192,0.000000,-0.552020,0.093960,0.009328,0.000000,0.000000,0.000000,0.966033
933,go2_001,82995000000,1776853872018092926,1776853872034361148,31085705943508,1776853789023.093,16.268,50.004,-0.046288,-0.005035,0.000000,-0.510463,0.096638,0.007935,0.000000,0.000000,0.000000,1.052718
934,go2_001,83055000000,1776853872079677930,1776853872084304610,31085755887020,1776853789024.678,4.627,49.943,-0.032518,-0.018437,0.000000,-0.460429,0.127545,-0.000332,0.000000,0.000000,0.000000,0.817569
935,go2_001,83095000000,1776853872120646353,1776853872134397802,31085805980309,1776853789025.646,13.751,50.093,-0.019404,-0.021937,0.000000,-0.439829,0.146147,0.008819,0.000000,0.000000,0.000000,0.534450
936,go2_001,83175000000,1776853872182429246,1776853872184312111,31085855894473,1776853789007.429,1.883,49.914,-0.019331,-0.020082,0.000000,-0.420265,0.120254,0.007399,0.000000,0.000000,0.000000,0.321290
937,go2_001,83215000000,1776853872223686604,1776853872234363861,31085905946288,1776853789008.687,10.677,50.052,-0.019352,-0.019354,0.000000,-0.404169,0.108832,0.006770,0.000000,0.000000,0.000000,0.372550
938,go2_001,83255000000,1776853872264506603,1776853872284377421,31085955959787,1776853789009.507,19.871,50.014,-0.017020,-0.020167,0.000000,-0.398542,0.104912,0.006069,0.000000,0.000000,0.000000,0.144946
939,go2_001,83295000000,1776853872315995384,1776853872334378747,31086005961167,1776853789020.995,18.383,50.001,-0.008842,-0.023446,0.000000,-0.396566,0.115841,0.007018,0.000000,0.000000,0.000000,0.015451
940,go2_001,83355000000,1776853872377684079,1776853872384993373,31086056576224,1776853789022.684,7.309,50.615,-0.000228,-0.026621,0.000000,-0.391722,0.121350,0.007734,0.000000,0.000000,0.000000,0.237083
941,go2_001,83395000000,1776853872421289231,1776853872434775784,31086106358682,1776853789026.289,13.487,49.782,-0.000397,-0.026133,0.000000,-0.364511,0.109807,0.007071,0.000000,0.000000,0.000000,0.613780
942,go2_001,83445000000,1776853872473981261,1776853872485018939,31086156601624,1776853789028.981,11.038,50.243,-0.001521,-0.025172,0.000000,-0.326606,0.094351,0.006163,0.000000,0.000000,0.000000,0.987265
943,go2_001,83480000000,1776853872516747501,1776853872535613689,31086207196911,1776853789036.748,18.866,50.595,0.002911,-0.024983,0.000000,-0.283156,0.096160,0.009558,0.000000,0.000000,0.000000,1.210716
944,go2_001,83535000000,1776853872579830454,1776853872584340280,31086255922716,1776853789044.831,4.510,48.727,0.005496,-0.031200,0.000000,-0.208462,0.095663,-0.003952,0.000000,0.000000,0.000000,0.874233
945,go2_001,83575000000,1776853872621350745,1776853872634399853,31086305982661,1776853789046.351,13.049,50.060,0.018432,-0.032643,0.000000,-0.184738,0.116321,0.002495,0.000000,0.000000,0.000000,0.629163
946,go2_001,83635000000,1776853872672414072,1776853872684405301,31086355987670,1776853789037.414,11.991,50.005,0.025358,-0.033062,0.000000,-0.163972,0.115831,0.004012,0.000000,0.000000,0.000000,0.469328
947,go2_001,83695000000,1776853872734023152,1776853872734218437,31086405800864,1776853789039.023,0.195,49.813,0.025307,-0.032068,0.000000,-0.143319,0.099796,0.003484,0.000000,0.000000,0.000000,0.286256
948,go2_001,83740000000,1776853872775066791,1776853872784375475,31086455958311,1776853789035.067,9.309,50.157,0.025690,-0.031586,0.000000,-0.136851,0.090005,0.003162,0.000000,0.000000,0.000000,0.087687
949,go2_001,83780000000,1776853872816348581,1776853872834471032,31086506053533,1776853789036.349,18.122,50.096,0.032920,-0.032362,0.000000,-0.143752,0.098512,0.004337,0.000000,0.000000,0.000000,-0.140372
950,go2_001,83840000000,1776853872878152245,1776853872884363500,31086555945850,1776853789038.152,6.211,49.892,0.044590,-0.033438,0.000000,-0.144936,0.111646,0.006505,0.000000,0.000000,0.000000,0.148902
951,go2_001,83900000000,1776853872929728861,1776853872934330452,31086605912769,1776853789029.729,4.602,49.967,0.044264,-0.032967,0.000000,-0.114159,0.095810,0.005668,0.000000,0.000000,0.000000,0.599001
952,go2_001,83940000000,1776853872970936842,1776853872984371635,31086655954155,1776853789030.937,13.435,50.041,0.044065,-0.032664,0.000000,-0.078875,0.086300,0.005165,0.000000,0.000000,0.000000,0.887510
953,go2_001,84000000000,1776853873032622674,1776853873034300575,31086705882942,1776853789032.623,1.678,49.929,0.046294,-0.033636,0.000000,-0.010748,0.079540,0.001735,0.000000,0.000000,0.000000,1.232880
954,go2_001,84040000000,1776853873074273971,1776853873084534951,31086756117528,1776853789034.274,10.261,50.234,0.050298,-0.035728,0.000000,0.041760,0.082064,-0.002990,0.000000,0.000000,0.000000,0.977094
955,go2_001,84080000000,1776853873115322624,1776853873134359621,31086805942283,1776853789035.323,19.037,49.825,0.063236,-0.034475,0.000000,0.067195,0.103950,0.002082,0.000000,0.000000,0.000000,0.658280
956,go2_001,84140000000,1776853873176860673,1776853873184475578,31086856058087,1776853789036.861,7.615,50.116,0.063050,-0.030978,0.000000,0.084489,0.089035,0.007491,0.000000,0.000000,0.000000,0.281071
957,go2_001,84180000000,1776853873219112423,1776853873234336753,31086905919102,1776853789039.113,15.224,49.861,0.062784,-0.030519,0.000000,0.096230,0.080079,0.006837,0.000000,0.000000,0.000000,0.327106
958,go2_001,84240000000,1776853873270071993,1776853873284378102,31086955960554,1776853789030.072,14.306,50.041,0.062433,-0.029993,0.000000,0.101963,0.067989,0.005951,0.000000,0.000000,0.000000,0.069247
959,go2_001,84300000000,1776853873331967110,1776853873334304226,31087005886408,1776853789031.967,2.337,49.926,0.075324,-0.028447,0.000000,0.091464,0.087753,0.007672,0.000000,0.000000,0.000000,-0.162615
960,go2_001,84340000000,1776853873373203509,1776853873384368921,31087055951308,1776853789033.203,11.165,50.065,0.081751,-0.027600,0.000000,0.089432,0.094351,0.008193,0.000000,0.000000,0.000000,0.056054
961,go2_001,84380000000,1776853873414312014,1776853873434340684,31087105923709,1776853789034.312,20.029,49.972,0.081475,-0.027423,0.000000,0.116734,0.084991,0.007476,0.000000,0.000000,0.000000,0.585343
962,go2_001,84440000000,1776853873475816523,1776853873484357043,31087155939540,1776853789035.816,8.541,50.016,0.081086,-0.027103,0.000000,0.179516,0.072351,0.006504,0.000000,0.000000,0.000000,1.015307
963,go2_001,84480000000,1776853873517033037,1776853873534367165,31087205949526,1776853789037.033,17.334,50.010,0.087516,-0.025841,0.000000,0.224256,0.080385,0.006710,0.000000,0.000000,0.000000,1.133062
964,go2_001,84540000000,1776853873578778304,1776853873584445134,31087256027468,1776853789038.778,5.667,50.078,0.084369,-0.033157,0.000000,0.279721,0.060231,-0.011232,0.000000,0.000000,0.000000,0.893102
965,go2_001,84600000000,1776853873630021757,1776853873634341582,31087305924004,1776853789030.022,4.320,49.896,0.089819,-0.036124,0.000000,0.311188,0.062297,-0.019554,0.000000,0.000000,0.000000,0.578386
966,go2_001,84640000000,1776853873670967873,1776853873684360711,31087355943187,1776853789030.968,13.393,50.019,0.089681,-0.035747,0.000000,0.321283,0.055570,-0.018023,0.000000,0.000000,0.000000,0.305650
967,go2_001,84700000000,1776853873732778317,1776853873734271487,31087405853674,1776853789032.778,1.493,49.911,0.089498,-0.035295,0.000000,0.346110,0.046506,-0.015942,0.000000,0.000000,0.000000,0.494111
968,go2_001,84740000000,1776853873773920068,1776853873784353944,31087455936323,1776853789033.920,10.434,50.082,0.093085,-0.033030,0.000000,0.364996,0.050236,-0.012016,0.000000,0.000000,0.000000,0.331125
969,go2_001,84780000000,1776853873814944690,1776853873834376218,31087505958722,1776853789034.945,19.432,50.022,0.099147,-0.030264,0.000000,0.363131,0.060059,-0.008908,0.000000,0.000000,0.000000,0.013263
970,go2_001,84840000000,1776853873876380801,1776853873884370845,31087555953283,1776853789036.381,7.990,49.995,0.106316,-0.024994,0.000000,0.372045,0.069600,-0.001436,0.000000,0.000000,0.000000,0.300394
971,go2_001,84880000000,1776853873917578053,1776853873934368209,31087605950953,1776853789037.578,16.790,49.997,0.106072,-0.024821,0.000000,0.395610,0.062355,-0.001336,0.000000,0.000000,0.000000,0.544956
972,go2_001,84940000000,1776853873979728755,1776853873984388868,31087655971242,1776853789039.729,4.660,50.021,0.105737,-0.024565,0.000000,0.449494,0.052585,-0.001198,0.000000,0.000000,0.000000,0.933265
973,go2_001,85000000000,1776853874031009925,1776853874034352885,31087705935254,1776853789031.010,3.343,49.964,0.120195,-0.021800,0.000000,0.500327,0.077415,-0.007320,0.000000,0.000000,0.000000,0.985363
974,go2_001,85040000000,1776853874072016550,1776853874084334288,31087755916624,1776853789032.017,12.318,49.981,0.130679,-0.019914,0.000000,0.531668,0.094328,-0.012529,0.000000,0.000000,0.000000,0.783343
975,go2_001,85100000000,1776853874133840167,1776853874134234835,31087805817087,1776853789033.840,0.395,49.901,0.136599,-0.009041,0.000000,0.565872,0.103318,0.004668,0.000000,0.000000,0.000000,0.380840
976,go2_001,85140000000,1776853874175132889,1776853874184360415,31087855942752,1776853789035.133,9.228,50.126,0.136064,-0.008679,0.000000,0.583900,0.093379,0.004288,0.000000,0.000000,0.000000,0.448012
977,go2_001,85180000000,1776853874216034505,1776853874234374283,31087905957360,1776853789036.035,18.340,50.014,0.135583,-0.008373,0.000000,0.605644,0.084238,0.003937,0.000000,0.000000,0.000000,0.531786
978,go2_001,85240000000,1776853874277864127,1776853874284407259,31087955989785,1776853789037.864,6.543,50.033,0.143513,-0.002452,0.000000,0.632572,0.094677,0.005763,0.000000,0.000000,0.000000,0.383128
979,go2_001,85300000000,1776853874329364647,1776853874334337424,31088005919795,1776853789029.365,4.973,49.930,0.151937,0.007859,0.000000,0.643348,0.110664,0.014498,0.000000,0.000000,0.000000,0.167269
980,go2_001,85340000000,1776853874370478603,1776853874384358168,31088055941026,1776853789030.479,13.880,50.021,0.150188,0.010325,0.000000,0.651258,0.100437,0.019332,0.000000,0.000000,0.000000,0.300141
981,go2_001,85400000000,1776853874432209446,1776853874434285718,31088105868096,1776853789032.209,2.076,49.928,0.152786,0.011717,0.000000,0.679387,0.093750,0.015497,0.000000,0.000000,0.000000,0.467104
982,go2_001,85440000000,1776853874473174437,1776853874484458577,31088156041141,1776853789033.175,11.284,50.173,0.156628,0.013238,0.000000,0.711432,0.094535,0.011509,0.000000,0.000000,0.000000,0.760041
983,go2_001,85480000000,1776853874514370792,1776853874534364665,31088205947326,1776853789034.371,19.994,49.906,0.162678,0.017622,0.000000,0.757804,0.103778,0.009865,0.000000,0.000000,0.000000,0.999355
984,go2_001,85540000000,1776853874576696900,1776853874584365294,31088255947632,1776853789036.697,7.668,50.001,0.175391,0.024732,0.000000,0.813109,0.123393,0.002577,0.000000,0.000000,0.000000,0.814504
985,go2_001,85580000000,1776853874617483312,1776853874634398992,31088305981330,1776853789037.483,16.916,50.034,0.183651,0.035160,0.000000,0.837398,0.142935,0.007775,0.000000,0.000000,0.000000,0.601568
986,go2_001,85640000000,1776853874679356194,1776853874684387627,31088355970392,1776853789039.356,5.031,49.989,0.186242,0.044194,0.000000,0.858143,0.142706,0.015839,0.000000,0.000000,0.000000,0.272736
987,go2_001,85680000000,1776853874720713332,1776853874734380439,31088405962982,1776853789040.713,13.667,49.993,0.185392,0.044387,0.000000,0.867351,0.129483,0.014515,0.000000,0.000000,0.000000,0.329786
988,go2_001,85735000000,1776853874772068416,1776853874784355229,31088455937598,1776853789037.068,12.287,49.975,0.184026,0.044100,0.000000,0.881536,0.111720,0.012716,0.000000,0.000000,0.000000,0.284582
989,go2_001,85795000000,1776853874833783795,1776853874834235654,31088505817849,1776853789038.784,0.452,49.880,0.187036,0.043242,0.000000,0.895835,0.100660,0.003333,0.000000,0.000000,0.000000,0.217319
990,go2_001,85835000000,1776853874874710544,1776853874884354957,31088555937271,1776853789039.710,9.644,50.119,0.195865,0.051187,0.000000,0.903516,0.119203,0.000197,0.000000,0.000000,0.000000,0.223592
991,go2_001,85875000000,1776853874915776453,1776853874934352298,31088605934610,1776853789040.776,18.576,49.997,0.195366,0.051254,0.000000,0.918450,0.107910,0.000124,0.000000,0.000000,0.000000,0.369521
992,go2_001,85935000000,1776853874977302823,1776853874984343719,31088655926083,1776853789042.303,7.041,49.991,0.194669,0.051347,0.000000,0.974570,0.092617,0.000027,0.000000,0.000000,0.000000,0.976258
993,go2_001,85975000000,1776853875018422324,1776853875034364795,31088705947250,1776853789043.422,15.942,50.021,0.195251,0.055373,0.000000,1.022770,0.092226,0.004025,0.000000,0.000000,0.000000,1.127348
994,go2_001,86035000000,1776853875080301946,1776853875084383871,31088755966586,1776853789045.302,4.082,50.019,0.201151,0.049568,0.000000,1.086245,0.077611,-0.017291,0.000000,0.000000,0.000000,0.978540
995,go2_001,86095000000,1776853875131824997,1776853875134356069,31088805938634,1776853789036.825,2.531,49.972,0.203132,0.050054,0.000000,1.120024,0.070007,-0.020005,0.000000,0.000000,0.000000,0.627917
996,go2_001,86135000000,1776853875172836836,1776853875184382133,31088855964619,1776853789037.837,11.545,50.026,0.202691,0.050277,0.000000,1.136227,0.062641,-0.018431,0.000000,0.000000,0.000000,0.449750
997,go2_001,86175000000,1776853875214367364,1776853875234399818,31088905982774,1776853789039.367,20.032,50.018,0.202307,0.050459,0.000000,1.151400,0.055875,-0.016976,0.000000,0.000000,0.000000,0.401301
998,go2_001,86235000000,1776853875276026657,1776853875284358713,31088955941096,1776853789041.027,8.332,49.959,0.206618,0.057401,0.000000,1.169046,0.065869,-0.016468,0.000000,0.000000,0.000000,0.181686
999,go2_001,86275000000,1776853875317113917,1776853875334350275,31089005932648,1776853789042.114,17.236,49.992,0.208517,0.063714,0.000000,1.160020,0.074163,-0.012424,0.000000,0.000000,0.000000,-0.167441
1000,go2_001,86335000000,1776853875378750228,1776853875384361213,31089055943736,1776853789043.750,5.611,50.011,0.211410,0.074604,0.000000,1.156652,0.088081,-0.005821,0.000000,0.000000,0.000000,0.179230
1001,go2_001,86375000000,1776853875419958266,1776853875434373332,31089105955781,1776853789044.958,14.415,50.012,0.211071,0.074544,0.000000,1.181639,0.079301,-0.005353,0.000000,0.000000,0.000000,0.584175
1002,go2_001,86435000000,1776853875461190471,1776853875484371852,31089155954222,1776853789026.191,23.181,49.999,0.210566,0.074485,0.000000,1.237264,0.067445,-0.004718,0.000000,0.000000,0.000000,0.859127
1003,go2_001,86495000000,1776853875533120360,1776853875534295029,31089205877670,1776853789038.120,1.175,49.923,0.212278,0.080011,0.000000,1.299268,0.071019,-0.003567,0.000000,0.000000,0.000000,1.180887
1004,go2_001,86535000000,1776853875574167820,1776853875584374737,31089255957180,1776853789039.168,10.207,50.080,0.216580,0.089422,0.000000,1.347380,0.088202,-0.004932,0.000000,0.000000,0.000000,1.144995
1005,go2_001,86575000000,1776853875615273505,1776853875634382600,31089305965025,1776853789040.273,19.109,50.008,0.218221,0.100701,0.000000,1.380340,0.105874,0.000199,0.000000,0.000000,0.000000,0.834078
1006,go2_001,86635000000,1776853875677279071,1776853875684344915,31089355927381,1776853789042.279,7.066,49.962,0.217119,0.100592,0.000000,1.401550,0.090896,0.000186,0.000000,0.000000,0.000000,0.220107
1007,go2_001,86675000000,1776853875718786765,1776853875734373783,31089405956673,1776853789043.787,15.587,50.029,0.216537,0.100501,0.000000,1.412445,0.081906,0.000178,0.000000,0.000000,0.000000,0.294460
1008,go2_001,86735000000,1776853875780551821,1776853875784345417,31089455927977,1776853789045.552,3.794,49.972,0.217704,0.106610,0.000000,1.418073,0.084968,0.000033,0.000000,0.000000,0.000000,0.003221
1009,go2_001,86795000000,1776853875831980220,1776853875834316542,31089505898757,1776853789036.980,2.336,49.971,0.217232,0.120438,0.000000,1.402517,0.103678,0.007868,0.000000,0.000000,0.000000,-0.242115
1010,go2_001,86835000000,1776853875873204319,1776853875884394481,31089555976938,1776853789038.204,11.190,50.078,0.220443,0.122260,0.000000,1.405159,0.099875,0.000268,0.000000,0.000000,0.000000,0.066087
1011,go2_001,86875000000,1776853875914227476,1776853875934397420,31089605980032,1776853789039.227,20.170,50.003,0.220146,0.122050,0.000000,1.429458,0.090157,0.000249,0.000000,0.000000,0.000000,0.560598
1012,go2_001,86935000000,1776853875975967875,1776853875984442906,31089656025511,1776853789040.968,8.475,50.045,0.219660,0.121777,0.000000,1.495819,0.077028,0.000222,0.000000,0.000000,0.000000,0.916611
1013,go2_001,86975000000,1776853876017577493,1776853876034404680,31089705987381,1776853789042.577,16.827,49.962,0.219430,0.123779,0.000000,1.537713,0.074257,0.000758,0.000000,0.000000,0.000000,1.048877
1014,go2_001,87035000000,1776853876079294849,1776853876084369512,31089755952002,1776853789044.295,5.075,49.965,0.222269,0.136844,0.000000,1.599984,0.094427,-0.002943,0.000000,0.000000,0.000000,0.959669
1015,go2_001,87075000000,1776853876120432147,1776853876134382166,31089805964635,1776853789045.432,13.950,50.013,0.224494,0.137035,0.000000,1.625774,0.086854,-0.009123,0.000000,0.000000,0.000000,0.617916
1016,go2_001,87135000000,1776853876171973346,1776853876184355264,31089855937531,1776853789036.973,12.382,49.973,0.223983,0.138839,0.000000,1.641011,0.078649,-0.008264,0.000000,0.000000,0.000000,0.339452
1017,go2_001,87195000000,1776853876233692420,1776853876234248086,31089905830297,1776853789038.692,0.556,49.893,0.223333,0.138607,0.000000,1.668146,0.066907,-0.007270,0.000000,0.000000,0.000000,0.474682
1018,go2_001,87235000000,1776853876274792082,1776853876284369054,31089955951470,1776853789039.792,9.577,50.121,0.224238,0.146485,0.000000,1.681432,0.078509,-0.009180,0.000000,0.000000,0.000000,0.353351
1019,go2_001,87275000000,1776853876316173669,1776853876334358655,31090005941045,1776853789041.174,18.185,49.990,0.220727,0.155401,0.000000,1.675443,0.091737,-0.000974,0.000000,0.000000,0.000000,-0.077476
1020,go2_001,87335000000,1776853876377912169,1776853876384376459,31090055959060,1776853789042.912,6.464,50.018,0.217211,0.165197,0.000000,1.685222,0.101463,0.005714,0.000000,0.000000,0.000000,0.341267
1021,go2_001,87375000000,1776853876419042327,1776853876434346823,31090105929193,1776853789044.042,15.304,49.970,0.216912,0.164884,0.000000,1.706827,0.091639,0.005268,0.000000,0.000000,0.000000,0.508027
1022,go2_001,87435000000,1776853876480842709,1776853876484326847,31090155909167,1776853789045.843,3.484,49.980,0.216473,0.164451,0.000000,1.759440,0.078365,0.004662,0.000000,0.000000,0.000000,0.870823
1023,go2_001,87495000000,1776853876522035317,1776853876534355547,31090205938427,1776853789027.035,12.320,50.029,0.211976,0.176498,0.000000,1.802826,0.095738,0.010541,0.000000,0.000000,0.000000,1.080429
1024,go2_001,87535000000,1776853876573274064,1776853876584386103,31090255968494,1776853789038.274,11.112,50.031,0.211181,0.187079,0.000000,1.846672,0.111860,0.007570,0.000000,0.000000,0.000000,0.930543
1025,go2_001,87575000000,1776853876614295006,1776853876634381301,31090305963741,1776853789039.295,20.086,49.995,0.206062,0.196827,0.000000,1.880128,0.126227,0.014138,0.000000,0.000000,0.000000,0.687976
1026,go2_001,87635000000,1776853876681230961,1776853876684639410,31090356221980,1776853789046.231,3.408,50.258,0.205203,0.195983,0.000000,1.901300,0.108827,0.012456,0.000000,0.000000,0.000000,0.369425
1027,go2_001,87670000000,1776853876720794264,1776853876734350235,31090405932691,1776853789050.794,13.556,49.711,0.204949,0.195042,0.000000,1.922635,0.098458,0.011429,0.000000,0.000000,0.000000,0.467169
1028,go2_001,87750000000,1776853876782557418,1776853876784412911,31090455995332,1776853789032.557,1.855,50.063,0.200215,0.204429,0.000000,1.942929,0.105136,0.013112,0.000000,0.000000,0.000000,0.187258
1029,go2_001,87790000000,1776853876823506176,1776853876834425547,31090506008446,1776853789033.506,10.919,50.013,0.193978,0.213909,0.000000,1.941001,0.120894,0.019331,0.000000,0.000000,0.000000,-0.014993
1030,go2_001,87830000000,1776853876864903291,1776853876884373241,31090555955895,1776853789034.903,19.470,49.948,0.192075,0.217985,0.000000,1.945803,0.120623,0.018589,0.000000,0.000000,0.000000,0.189199
1031,go2_001,87870000000,1776853876905778086,1776853876934336472,31090605919041,1776853789035.778,28.558,49.963,0.188953,0.218993,0.000000,1.958924,0.114365,0.022451,0.000000,0.000000,0.000000,0.313166
1032,go2_001,87935000000,1776853876977534924,1776853876984346271,31090655928632,1776853789042.535,6.811,50.010,0.188386,0.218746,0.000000,2.009869,0.098320,0.019771,0.000000,0.000000,0.000000,0.805948
1033,go2_001,87975000000,1776853877018578400,1776853877034367165,31090705949550,1776853789043.578,15.789,50.021,0.186896,0.220855,0.000000,2.049719,0.095424,0.018932,0.000000,0.000000,0.000000,1.055052
1034,go2_001,88030000000,1776853877080042534,1776853877084360770,31090755943232,1776853789050.043,4.318,49.994,0.183177,0.234517,0.000000,2.099049,0.116393,0.012019,0.000000,0.000000,0.000000,0.811454
1035,go2_001,88090000000,1776853877121416132,1776853877134388765,31090805971187,1776853789031.416,12.973,50.028,0.173332,0.243546,0.000000,2.144608,0.128910,0.020991,0.000000,0.000000,0.000000,0.453879
1036,go2_001,88150000000,1776853877183086620,1776853877184339800,31090855922336,1776853789033.087,1.253,49.951,0.172819,0.242562,0.000000,2.154035,0.111142,0.018411,0.000000,0.000000,0.000000,0.313568
1037,go2_001,88190000000,1776853877224174750,1776853877234358858,31090905941203,1776853789034.175,10.184,50.019,0.172561,0.241999,0.000000,2.169314,0.100457,0.016853,0.000000,0.000000,0.000000,0.396449
1038,go2_001,88230000000,1776853877265357763,1776853877284368974,31090955951331,1776853789035.358,19.011,50.010,0.170110,0.245257,0.000000,2.184897,0.101018,0.015923,0.000000,0.000000,0.000000,0.352432
1039,go2_001,88270000000,1776853877316682256,1776853877334366352,31091005949181,1776853789046.682,17.684,49.997,0.177135,0.237415,0.000000,2.194564,0.067967,0.008204,0.000000,0.000000,0.000000,0.131525
1040,go2_001,88330000000,1776853877378276167,1776853877384328718,31091055911137,1776853789048.276,6.053,49.962,0.170775,0.249958,0.000000,2.208833,0.090287,0.004040,0.000000,0.000000,0.000000,0.327869
1041,go2_001,88370000000,1776853877419309024,1776853877434361046,31091105943516,1776853789049.309,15.052,50.032,0.170645,0.249584,0.000000,2.224094,0.081269,0.003623,0.000000,0.000000,0.000000,0.396956
1042,go2_001,88430000000,1776853877480995032,1776853877484362680,31091155945212,1776853789050.995,3.368,50.002,0.170463,0.249071,0.000000,2.276640,0.069088,0.003060,0.000000,0.000000,0.000000,0.811310
1043,go2_001,88490000000,1776853877522445835,1776853877534376788,31091205959363,1776853789032.446,11.931,50.014,0.169517,0.251007,0.000000,2.323408,0.063767,0.000593,0.000000,0.000000,0.000000,1.120009
1044,go2_001,88550000000,1776853877583839818,1776853877584234223,31091255816395,1776853789033.840,0.394,49.857,0.177476,0.255214,0.000000,2.387036,0.051023,-0.020983,0.000000,0.000000,0.000000,1.046997
1045,go2_001,88590000000,1776853877624921693,1776853877634369174,31091305951592,1776853789034.922,9.447,50.135,0.177598,0.256190,0.000000,2.412304,0.046940,-0.021864,0.000000,0.000000,0.000000,0.623682
1046,go2_001,88630000000,1776853877666118104,1776853877684331271,31091355913633,1776853789036.118,18.213,49.962,0.177328,0.255972,0.000000,2.428987,0.041472,-0.020172,0.000000,0.000000,0.000000,0.462104
1047,go2_001,88670000000,1776853877717768672,1776853877734370642,31091405953051,1776853789047.769,16.602,50.039,0.177093,0.255781,0.000000,2.452232,0.036461,-0.018608,0.000000,0.000000,0.000000,0.538885
1048,go2_001,88730000000,1776853877779261744,1776853877784313643,31091455896056,1776853789049.262,5.052,49.943,0.170689,0.260966,0.000000,2.480013,0.048573,-0.014754,0.000000,0.000000,0.000000,0.308169
1049,go2_001,88770000000,1776853877820248402,1776853877834395124,31091505977703,1776853789050.249,14.147,50.081,0.163319,0.263825,0.000000,2.482972,0.059994,-0.006740,0.000000,0.000000,0.000000,0.125296
1050,go2_001,88850000000,1776853877881930045,1776853877884333708,31091555916045,1776853789031.930,2.404,49.939,0.155503,0.275012,0.000000,2.504848,0.077705,-0.012966,0.000000,0.000000,0.000000,0.410529
1051,go2_001,88890000000,1776853877922955453,1776853877934370974,31091605953346,1776853789032.955,11.416,50.037,0.155378,0.274640,0.000000,2.528514,0.069838,-0.011949,0.000000,0.000000,0.000000,0.556788
1052,go2_001,88950000000,1776853877984403079,1776853877984575239,31091656157737,1776853789034.403,0.172,50.204,0.155201,0.274129,0.000000,2.574742,0.059221,-0.010566,0.000000,0.000000,0.000000,0.769261
1053,go2_001,88990000000,1776853878025562264,1776853878034365465,31091705947880,1776853789035.562,8.803,49.790,0.150554,0.278132,0.000000,2.614647,0.067536,-0.010985,0.000000,0.000000,0.000000,0.978791
1054,go2_001,89030000000,1776853878066670980,1776853878084358492,31091755940819,1776853789036.671,17.688,49.993,0.143439,0.283791,0.000000,2.662452,0.082004,-0.011359,0.000000,0.000000,0.000000,1.112982
1055,go2_001,89070000000,1776853878107689292,1776853878134349108,31091805931552,1776853789037.689,26.660,49.991,0.133306,0.288392,0.000000,2.692768,0.099662,-0.006420,0.000000,0.000000,0.000000,0.786937
1056,go2_001,89130000000,1776853878179552075,1776853878184316530,31091855898851,1776853789049.552,4.764,49.967,0.127573,0.289100,0.000000,2.731184,0.097689,-0.002025,0.000000,0.000000,0.000000,0.473361
1057,go2_001,89170000000,1776853878220665593,1776853878234348945,31091905931388,1776853789050.666,13.683,50.032,0.127470,0.288412,0.000000,2.748796,0.088226,-0.001864,0.000000,0.000000,0.000000,0.463142
1058,go2_001,89250000000,1776853878282182092,1776853878284377714,31091955960096,1776853789032.182,2.196,50.029,0.125173,0.288553,0.000000,2.753813,0.077279,-0.001454,0.000000,0.000000,0.000000,0.011104
1059,go2_001,89290000000,1776853878323252588,1776853878334372100,31092005954565,1776853789033.253,11.120,49.994,0.125322,0.289215,0.000000,2.753470,0.070742,-0.003676,0.000000,0.000000,0.000000,0.045536
1060,go2_001,89330000000,1776853878364174070,1776853878384386326,31092055968705,1776853789034.174,20.212,50.014,0.124976,0.295119,0.000000,2.765167,0.070595,-0.015949,0.000000,0.000000,0.000000,0.305970
1061,go2_001,89390000000,1776853878425785868,1776853878434367032,31092105949363,1776853789035.786,8.581,49.981,0.124940,0.294620,0.000000,2.808251,0.059919,-0.014052,0.000000,0.000000,0.000000,0.732552
1062,go2_001,89430000000,1776853878467098055,1776853878484366987,31092155949305,1776853789037.098,17.269,50.000,0.124907,0.294303,0.000000,2.842337,0.053524,-0.012907,0.000000,0.000000,0.000000,0.779112
1063,go2_001,89470000000,1776853878508142779,1776853878534361672,31092205943977,1776853789038.143,26.219,49.995,0.123017,0.294446,0.000000,2.876429,0.052103,-0.011085,0.000000,0.000000,0.000000,0.834276
1064,go2_001,89530000000,1776853878580014890,1776853878584281609,31092255863848,1776853789050.015,4.267,49.920,0.122064,0.299775,0.000000,2.962578,0.050014,-0.021542,0.000000,0.000000,0.000000,1.209089
1065,go2_001,89570000000,1776853878621309621,1776853878634353558,31092305936013,1776853789051.310,13.044,50.072,0.125126,0.302414,0.000000,2.997480,0.039806,-0.028946,0.000000,0.000000,0.000000,0.874453
1066,go2_001,89650000000,1776853878682776863,1776853878684329977,31092355912273,1776853789032.777,1.553,49.976,0.123343,0.302655,0.000000,3.030867,0.034144,-0.025210,0.000000,0.000000,0.000000,0.418814
1067,go2_001,89690000000,1776853878723890405,1776853878734355457,31092405937781,1776853789033.890,10.465,50.025,0.123196,0.302387,0.000000,3.045217,0.029911,-0.023121,0.000000,0.000000,0.000000,0.373823
1068,go2_001,89730000000,1776853878764942567,1776853878784393322,31092455975993,1776853789034.942,19.451,50.038,0.114654,0.305039,0.000000,3.050230,0.046601,-0.022961,0.000000,0.000000,0.000000,0.188272
1069,go2_001,89790000000,1776853878826515705,1776853878834365344,31092505947860,1776853789036.516,7.850,49.972,0.100141,0.302437,0.000000,3.044098,0.070255,-0.008249,0.000000,0.000000,0.000000,-0.114858
1070,go2_001,89830000000,1776853878867471222,1776853878884345517,31092555927875,1776853789037.471,16.874,49.980,0.098684,0.305898,0.000000,3.050245,0.068090,-0.015521,0.000000,0.000000,0.000000,0.151582
1071,go2_001,89870000000,1776853878918768966,1776853878934357452,31092605939874,1776853789048.769,15.588,50.012,0.098763,0.305586,0.000000,3.075908,0.061162,-0.014191,0.000000,0.000000,0.000000,0.540037
1072,go2_001,89930000000,1776853878980207662,1776853878984316167,31092655898562,1776853789050.208,4.109,49.959,0.098860,0.305134,0.000000,3.128793,0.051814,-0.012386,0.000000,0.000000,0.000000,0.788455
1073,go2_001,89990000000,1776853879021520653,1776853879034356495,31092705938891,1776853789031.521,12.836,50.040,0.092567,0.306625,0.000000,-3.099002,0.058920,-0.013674,0.000000,0.000000,0.000000,0.954972
1074,go2_001,90050000000,1776853879082925695,1776853879084340633,31092755923030,1776853789032.926,1.415,49.984,0.076944,0.306046,0.000000,-3.041837,0.085658,-0.008733,0.000000,0.000000,0.000000,0.936306
1075,go2_001,90090000000,1776853879124006024,1776853879134355272,31092805937736,1776853789034.006,10.349,50.015,0.075014,0.301214,0.000000,-3.020001,0.081530,0.002339,0.000000,0.000000,0.000000,0.479788
1076,go2_001,90130000000,1776853879165095725,1776853879184384005,31092855966699,1776853789035.096,19.288,50.029,0.075271,0.300721,0.000000,-3.005675,0.073546,0.002245,0.000000,0.000000,0.000000,0.360847
1077,go2_001,90190000000,1776853879227047582,1776853879234358042,31092905940419,1776853789037.048,7.310,49.974,0.075619,0.300130,0.000000,-2.983091,0.062761,0.002114,0.000000,0.000000,0.000000,0.415665
1078,go2_001,90230000000,1776853879268231979,1776853879284367805,31092955950188,1776853789038.232,16.136,50.010,0.066850,0.299415,0.000000,-2.971416,0.077140,0.002345,0.000000,0.000000,0.000000,0.310551
1079,go2_001,90270000000,1776853879319431088,1776853879334368860,31093005951213,1776853789049.431,14.938,50.001,0.054462,0.295523,0.000000,-2.980879,0.099307,0.009037,0.000000,0.000000,0.000000,-0.118121
1080,go2_001,90350000000,1776853879381107510,1776853879384300734,31093055883016,1776853789031.108,3.193,49.932,0.041416,0.291591,0.000000,-2.965730,0.111787,0.013221,0.000000,0.000000,0.000000,0.370879
1081,go2_001,90390000000,1776853879422296835,1776853879434365466,31093105947877,1776853789032.297,12.069,50.065,0.041809,0.291357,0.000000,-2.953806,0.101338,0.012226,0.000000,0.000000,0.000000,0.438460
1082,go2_001,90450000000,1776853879483791705,1776853879484234412,31093155816674,1776853789033.792,0.443,49.869,0.042368,0.290972,0.000000,-2.894941,0.087205,0.010872,0.000000,0.000000,0.000000,0.915406
1083,go2_001,90490000000,1776853879524912712,1776853879534354067,31093205936416,1776853789034.913,9.441,50.120,0.038449,0.290806,0.000000,-2.846217,0.088209,0.008114,0.000000,0.000000,0.000000,1.186300
1084,go2_001,90530000000,1776853879566146375,1776853879584348750,31093255931130,1776853789036.146,18.202,49.995,0.030041,0.289593,0.000000,-2.810612,0.100121,0.005967,0.000000,0.000000,0.000000,0.894106
1085,go2_001,90590000000,1776853879627690574,1776853879634362059,31093305944395,1776853789037.691,6.671,50.013,0.017941,0.281849,0.000000,-2.771622,0.117422,0.015347,0.000000,0.000000,0.000000,0.521248
1086,go2_001,90630000000,1776853879668734088,1776853879684359692,31093355942021,1776853789038.734,15.626,49.998,0.018536,0.281360,0.000000,-2.759425,0.106470,0.014152,0.000000,0.000000,0.000000,0.311818
1087,go2_001,90670000000,1776853879719955958,1776853879734369010,31093405951454,1776853789049.956,14.413,50.009,0.019067,0.280958,0.000000,-2.743214,0.096391,0.013046,0.000000,0.000000,0.000000,0.368347
1088,go2_001,90750000000,1776853879781518374,1776853879784310405,31093455892740,1776853789031.519,2.792,49.941,0.019967,0.280352,0.000000,-2.713877,0.078587,0.011079,0.000000,0.000000,0.000000,0.302920
1089,go2_001,90790000000,1776853879822700922,1776853879834373771,31093505956556,1776853789032.701,11.673,50.063,0.013748,0.277865,0.000000,-2.716231,0.087018,0.010563,0.000000,0.000000,0.000000,0.082259
1090,go2_001,90850000000,1776853879884337321,1776853879884538106,31093556120583,1776853789034.337,0.201,50.164,0.003028,0.274441,0.000000,-2.710723,0.100537,0.007652,0.000000,0.000000,0.000000,0.113430
1091,go2_001,90890000000,1776853879925309723,1776853879934364248,31093605946585,1776853789035.310,9.055,49.826,0.003427,0.274293,0.000000,-2.694898,0.090915,0.007046,0.000000,0.000000,0.000000,0.397830
1092,go2_001,90930000000,1776853879966715899,1776853879984360574,31093655943266,1776853789036.716,17.645,49.996,0.003793,0.274156,0.000000,-2.665530,0.082063,0.006485,0.000000,0.000000,0.000000,0.703196
1093,go2_001,90990000000,1776853880028508267,1776853880034366988,31093705949342,1776853789038.508,5.859,50.006,0.002217,0.273693,0.000000,-2.596888,0.074533,0.004101,0.000000,0.000000,0.000000,1.220955
1094,go2_001,91030000000,1776853880079780950,1776853880084324738,31093755907066,1776853789049.781,4.544,49.958,0.001878,0.279646,0.000000,-2.548760,0.062695,-0.010009,0.000000,0.000000,0.000000,0.972121
1095,go2_001,91070000000,1776853880121141011,1776853880134332443,31093805914821,1776853789051.141,13.191,50.008,0.001165,0.281263,0.000000,-2.518229,0.056304,-0.014139,0.000000,0.000000,0.000000,0.736192
1096,go2_001,91150000000,1776853880182630712,1776853880184292787,31093855875076,1776853789032.631,1.662,49.960,0.000346,0.280712,0.000000,-2.491468,0.047128,-0.013176,0.000000,0.000000,0.000000,0.409606
1097,go2_001,91190000000,1776853880223798384,1776853880234382400,31093905964900,1776853789033.798,10.584,50.090,-0.000728,0.279448,0.000000,-2.467325,0.045546,-0.011482,0.000000,0.000000,0.000000,0.614871
1098,go2_001,91230000000,1776853880264896539,1776853880284462873,31093956045606,1776853789034.897,19.566,50.080,-0.007897,0.274345,0.000000,-2.444969,0.060800,-0.009627,0.000000,0.000000,0.000000,0.574934
1099,go2_001,91290000000,1776853880326567048,1776853880334448885,31094006031581,1776853789036.567,7.882,49.986,-0.014242,0.266440,0.000000,-2.434433,0.073861,-0.002394,0.000000,0.000000,0.000000,0.179064
1100,go2_001,91330000000,1776853880367814191,1776853880384370229,31094055952705,1776853789037.814,16.556,49.921,-0.022742,0.262017,0.000000,-2.424358,0.089046,-0.005570,0.000000,0.000000,0.000000,0.293248
1101,go2_001,91370000000,1776853880408976895,1776853880434374121,31094105956754,1776853789038.977,25.397,50.004,-0.022318,0.261835,0.000000,-2.407827,0.080406,-0.005093,0.000000,0.000000,0.000000,0.404615
1102,go2_001,91430000000,1776853880481031389,1776853880484295987,31094155878295,1776853789051.031,3.265,49.922,-0.021742,0.261589,0.000000,-2.363096,0.068733,-0.004446,0.000000,0.000000,0.000000,0.647992
1103,go2_001,91490000000,1776853880521914665,1776853880534367118,31094205949484,1776853789031.915,12.452,50.071,-0.023335,0.258404,0.000000,-2.325517,0.066686,-0.001563,0.000000,0.000000,0.000000,0.899838
1104,go2_001,91550000000,1776853880583457661,1776853880584284179,31094255866391,1776853789033.458,0.827,49.917,-0.036247,0.249639,0.000000,-2.256082,0.092668,-0.006364,0.000000,0.000000,0.000000,0.923818
1105,go2_001,91590000000,1776853880624619533,1776853880634353657,31094305936019,1776853789034.620,9.734,50.069,-0.034688,0.244387,0.000000,-2.232730,0.089528,0.004396,0.000000,0.000000,0.000000,0.533720
1106,go2_001,91630000000,1776853880665488946,1776853880684357334,31094355939710,1776853789035.489,18.868,50.004,-0.034103,0.244220,0.000000,-2.217406,0.080850,0.004076,0.000000,0.000000,0.000000,0.412452
1107,go2_001,91690000000,1776853880727128101,1776853880734377575,31094405960066,1776853789037.128,7.249,50.020,-0.033355,0.244038,0.000000,-2.186954,0.069124,0.003639,0.000000,0.000000,0.000000,0.529718
1108,go2_001,91730000000,1776853880768366470,1776853880784373941,31094455956189,1776853789038.366,16.007,49.996,-0.035560,0.240911,0.000000,-2.171752,0.071614,0.003714,0.000000,0.000000,0.000000,0.326068
1109,go2_001,91770000000,1776853880819526814,1776853880834360366,31094505942787,1776853789049.527,14.834,49.986,-0.037801,0.234120,0.000000,-2.159320,0.080220,0.009285,0.000000,0.000000,0.000000,0.285998
1110,go2_001,91850000000,1776853880881257059,1776853880884323608,31094555906202,1776853789031.257,3.067,49.963,-0.048486,0.220378,0.000000,-2.139763,0.104751,0.007606,0.000000,0.000000,0.000000,0.357912
1111,go2_001,91870000000,1776853880903819674,1776853880934437167,31094606019818,1776853789033.820,30.617,50.114,-0.048226,0.220390,0.000000,-2.138077,0.099691,0.007302,0.000000,0.000000,0.000000,0.347807
1112,go2_001,91915000000,1776853880962607128,1776853880984340150,31094655922600,1776853789047.607,21.733,49.903,-0.046881,0.221552,0.000000,-2.101037,0.085969,0.006432,0.000000,0.000000,0.000000,0.581703
1113,go2_001,91960000000,1776853881014069688,1776853881034406497,31094705989211,1776853789054.070,20.337,50.066,-0.046631,0.221108,0.000000,-2.055175,0.077755,0.005956,0.000000,0.000000,0.000000,0.834692
1114,go2_001,92020000000,1776853881065626093,1776853881084386135,31094755968780,1776853789045.626,18.760,49.980,-0.053129,0.210896,0.000000,-1.990644,0.095206,0.004652,0.000000,0.000000,0.000000,1.170323
1115,go2_001,92085000000,1776853881127178975,1776853881134331210,31094805913693,1776853789042.179,7.152,49.945,-0.058839,0.194961,0.000000,-1.941062,0.119665,0.010498,0.000000,0.000000,0.000000,0.858696
1116,go2_001,92125000000,1776853881168177679,1776853881184505343,31094856087753,1776853789043.178,16.328,50.174,-0.057959,0.194958,0.000000,-1.916967,0.108509,0.009652,0.000000,0.000000,0.000000,0.536360
1117,go2_001,92185000000,1776853881229698822,1776853881234371443,31094905953830,1776853789044.699,4.673,49.866,-0.056820,0.194997,0.000000,-1.893218,0.093421,0.008503,0.000000,0.000000,0.000000,0.346309
1118,go2_001,92225000000,1776853881270857268,1776853881284532479,31094956114942,1776853789045.857,13.675,50.161,-0.057975,0.191758,0.000000,-1.888271,0.093259,0.007571,0.000000,0.000000,0.000000,0.112988
1119,go2_001,92285000000,1776853881332527472,1776853881334260712,31095005842999,1776853789047.527,1.733,49.728,-0.055126,0.207683,0.000000,-1.889105,0.045205,-0.004481,0.000000,0.000000,0.000000,-0.127645
1120,go2_001,92345000000,1776853881383743391,1776853881384302873,31095055885223,1776853789038.743,0.559,50.042,-0.060099,0.198679,0.000000,-1.880763,0.060971,-0.006720,0.000000,0.000000,0.000000,0.232984
1121,go2_001,92385000000,1776853881424755346,1776853881434354979,31095105937599,1776853789039.755,9.600,50.052,-0.059831,0.198720,0.000000,-1.854863,0.054553,-0.006184,0.000000,0.000000,0.000000,0.617381
1122,go2_001,92425000000,1776853881465694437,1776853881484372634,31095155955179,1776853789040.695,18.678,50.018,-0.059574,0.198753,0.000000,-1.819041,0.048661,-0.005689,0.000000,0.000000,0.000000,0.851184
1123,go2_001,92485000000,1776853881527337661,1776853881534358992,31095205941323,1776853789042.338,7.021,49.986,-0.061052,0.196101,0.000000,-1.759186,0.047862,-0.007216,0.000000,0.000000,0.000000,1.054482
1124,go2_001,92525000000,1776853881568793209,1776853881584427505,31095256010194,1776853789043.793,15.634,50.069,-0.064299,0.193710,0.000000,-1.706213,0.050184,-0.012822,0.000000,0.000000,0.000000,1.261754
1125,go2_001,92585000000,1776853881630068288,1776853881634321218,31095305903539,1776853789045.068,4.253,49.894,-0.068577,0.195538,0.000000,-1.644102,0.041153,-0.023132,0.000000,0.000000,0.000000,0.711802
1126,go2_001,92625000000,1776853881671582648,1776853881684359724,31095355942071,1776853789046.583,12.777,50.039,-0.068232,0.195408,0.000000,-1.632823,0.036400,-0.021252,0.000000,0.000000,0.000000,0.339065
1127,go2_001,92685000000,1776853881732932423,1776853881734276073,31095405858336,1776853789047.932,1.344,49.916,-0.067819,0.195266,0.000000,-1.620514,0.030008,-0.018697,0.000000,0.000000,0.000000,0.274533
1128,go2_001,92745000000,1776853881784000743,1776853881784269094,31095455851648,1776853789039.001,0.268,49.993,-0.070230,0.183893,0.000000,-1.613289,0.050761,-0.017871,0.000000,0.000000,0.000000,0.176583
1129,go2_001,92785000000,1776853881825198822,1776853881834325942,31095505908436,1776853789040.199,9.127,50.057,-0.068796,0.174235,0.000000,-1.622766,0.067094,-0.010231,0.000000,0.000000,0.000000,-0.188257
1130,go2_001,92825000000,1776853881866220041,1776853881884357335,31095555940123,1776853789041.220,18.137,50.031,-0.069188,0.165761,0.000000,-1.625010,0.080289,-0.008156,0.000000,0.000000,0.000000,0.001272
1131,go2_001,92885000000,1776853881927909851,1776853881934406469,31095605988859,1776853789042.910,6.497,50.049,-0.068774,0.166012,0.000000,-1.597324,0.068757,-0.007118,0.000000,0.000000,0.000000,0.499213
1132,go2_001,92925000000,1776853881969096970,1776853881984349134,31095655931699,1776853789044.097,15.252,49.943,-0.068520,0.166162,0.000000,-1.567008,0.061839,-0.006493,0.000000,0.000000,0.000000,0.721909
1133,go2_001,92985000000,1776853882030480103,1776853882034349594,31095705932001,1776853789045.480,3.869,50.000,-0.067651,0.162067,0.000000,-1.500420,0.062452,-0.003913,0.000000,0.000000,0.000000,1.102836
1134,go2_001,93025000000,1776853882071635481,1776853882084367815,31095755950189,1776853789046.635,12.732,50.018,-0.070076,0.152015,0.000000,-1.453687,0.080019,-0.008875,0.000000,0.000000,0.000000,1.085356
1135,go2_001,93085000000,1776853882133269373,1776853882134288869,31095805871143,1776853789048.269,1.019,49.921,-0.065744,0.137196,0.000000,-1.416698,0.102846,0.000987,0.000000,0.000000,0.000000,0.511328
1136,go2_001,93145000000,1776853882184434909,1776853882184673873,31095856256300,1776853789039.435,0.239,50.385,-0.064925,0.137697,0.000000,-1.399873,0.088639,0.000951,0.000000,0.000000,0.000000,0.365668
1137,go2_001,93185000000,1776853882225450025,1776853882234341174,31095905923484,1776853789040.450,8.891,49.667,-0.064486,0.137998,0.000000,-1.383136,0.080108,0.000928,0.000000,0.000000,0.000000,0.428625
1138,go2_001,93225000000,1776853882266677874,1776853882284377511,31095955959862,1776853789041.678,17.700,50.036,-0.063500,0.134261,0.000000,-1.368113,0.081418,0.001736,0.000000,0.000000,0.000000,0.360053
1139,go2_001,93285000000,1776853882328242485,1776853882334337773,31096005920264,1776853789043.242,6.095,49.960,-0.055984,0.125847,0.000000,-1.374322,0.091808,0.015509,0.000000,0.000000,0.000000,-0.120410
1140,go2_001,93325000000,1776853882369428717,1776853882384394168,31096055976606,1776853789044.429,14.965,50.056,-0.053723,0.121010,0.000000,-1.372490,0.095280,0.017713,0.000000,0.000000,0.000000,0.128283
1141,go2_001,93385000000,1776853882430904714,1776853882434348424,31096105930741,1776853789045.905,3.444,49.954,-0.052875,0.120601,0.000000,-1.345317,0.084124,0.016686,0.000000,0.000000,0.000000,0.485091
1142,go2_001,93425000000,1776853882472013947,1776853882484399157,31096155981680,1776853789047.014,12.385,50.051,-0.052711,0.120932,0.000000,-1.310033,0.075930,0.015366,0.000000,0.000000,0.000000,0.837851
1143,go2_001,93485000000,1776853882534126538,1776853882534314795,31096205897003,1776853789049.127,0.188,49.916,-0.051935,0.116295,0.000000,-1.235516,0.076506,0.012248,0.000000,0.000000,0.000000,1.271708
1144,go2_001,93525000000,1776853882564842329,1776853882584384641,31096255967018,1776853789039.842,19.542,50.070,-0.053708,0.113638,0.000000,-1.205281,0.075091,0.005251,0.000000,0.000000,0.000000,1.021515
1145,go2_001,93585000000,1776853882626810579,1776853882634403554,31096305985977,1776853789041.811,7.593,50.019,-0.046341,0.095828,0.000000,-1.168831,0.108574,0.009956,0.000000,0.000000,0.000000,0.569063
1146,go2_001,93625000000,1776853882667905993,1776853882684342913,31096355925339,1776853789042.906,16.437,49.939,-0.045896,0.096365,0.000000,-1.159083,0.098400,0.009157,0.000000,0.000000,0.000000,0.243220
1147,go2_001,93685000000,1776853882729722185,1776853882734442919,31096406025459,1776853789044.722,4.721,50.100,-0.045407,0.097044,0.000000,-1.145925,0.084640,0.008070,0.000000,0.000000,0.000000,0.332496
1148,go2_001,93725000000,1776853882770859766,1776853882784449181,31096456031979,1776853789045.860,13.589,50.006,-0.045146,0.097439,0.000000,-1.121252,0.076380,0.007414,0.000000,0.000000,0.000000,0.444447
1149,go2_001,93785000000,1776853882832417412,1776853882834314296,31096505896637,1776853789047.417,1.897,49.865,-0.039100,0.089412,0.000000,-1.113978,0.088270,0.012355,0.000000,0.000000,0.000000,0.086893
1150,go2_001,93825000000,1776853882873551358,1776853882884339312,31096555921679,1776853789048.552,10.788,50.025,-0.035867,0.079452,0.000000,-1.114635,0.104682,0.009360,0.000000,0.000000,0.000000,0.040341
1151,go2_001,93885000000,1776853882924957209,1776853882934394824,31096605977736,1776853789039.957,9.438,50.056,-0.034800,0.079511,0.000000,-1.099731,0.091975,0.009536,0.000000,0.000000,0.000000,0.335355
1152,go2_001,93925000000,1776853882966022852,1776853882984356137,31096655938513,1776853789041.023,18.333,49.961,-0.034701,0.079874,0.000000,-1.075927,0.083102,0.008746,0.000000,0.000000,0.000000,0.564886
1153,go2_001,93985000000,1776853883027617114,1776853883034381448,31096705963967,1776853789042.617,6.764,50.025,-0.031794,0.076516,0.000000,-1.016001,0.081719,0.009517,0.000000,0.000000,0.000000,1.072043
1154,go2_001,94025000000,1776853883068998984,1776853883084401769,31096755984259,1776853789043.999,15.403,50.020,-0.038258,0.075110,0.000000,-0.973815,0.070726,-0.007047,0.000000,0.000000,0.000000,0.955241
1155,go2_001,94085000000,1776853883131113902,1776853883134362054,31096805944545,1776853789046.114,3.248,49.960,-0.037177,0.070402,0.000000,-0.919376,0.071630,-0.010236,0.000000,0.000000,0.000000,0.618972
1156,go2_001,94125000000,1776853883172200245,1776853883184450896,31096856033441,1776853789047.200,12.251,50.089,-0.035158,0.069526,0.000000,-0.900924,0.068751,-0.007404,0.000000,0.000000,0.000000,0.471602
1157,go2_001,94185000000,1776853883234134552,1776853883234381793,31096905964770,1776853789049.135,0.247,49.931,-0.034771,0.070037,0.000000,-0.872714,0.058474,-0.006553,0.000000,0.000000,0.000000,0.549084
1158,go2_001,94225000000,1776853883275477452,1776853883284375615,31096955958637,1776853789050.478,8.898,49.994,-0.031347,0.065355,0.000000,-0.855666,0.066356,-0.005978,0.000000,0.000000,0.000000,0.398095
1159,go2_001,94285000000,1776853883327135108,1776853883334433492,31097006016340,1776853789042.135,7.298,50.058,-0.024827,0.059263,0.000000,-0.851288,0.076934,-0.001818,0.000000,0.000000,0.000000,0.115740
1160,go2_001,94325000000,1776853883368156294,1776853883384336426,31097055918720,1776853789043.156,16.180,49.903,-0.019488,0.052452,0.000000,-0.843813,0.089913,-0.001515,0.000000,0.000000,0.000000,0.233029
1161,go2_001,94385000000,1776853883430082536,1776853883434343535,31097105926536,1776853789045.083,4.261,50.007,-0.019290,0.053058,0.000000,-0.809776,0.077149,-0.001347,0.000000,0.000000,0.000000,0.579195
1162,go2_001,94425000000,1776853883471472689,1776853883484371284,31097155953826,1776853789046.473,12.899,50.028,-0.019165,0.053430,0.000000,-0.778170,0.069489,-0.001246,0.000000,0.000000,0.000000,0.657735
1163,go2_001,94485000000,1776853883533156821,1776853883534462211,31097206044890,1776853789048.157,1.305,50.091,-0.016046,0.052116,0.000000,-0.723488,0.066931,0.001333,0.000000,0.000000,0.000000,0.826322
1164,go2_001,94525000000,1776853883574855250,1776853883584348750,31097255931368,1776853789049.855,9.493,49.887,-0.011187,0.043260,0.000000,-0.685888,0.083568,-0.004757,0.000000,0.000000,0.000000,0.901460
1165,go2_001,94585000000,1776853883626460338,1776853883634385177,31097305967932,1776853789041.460,7.925,50.036,0.002168,0.035053,0.000000,-0.653950,0.106821,0.003848,0.000000,0.000000,0.000000,0.631207
1166,go2_001,94625000000,1776853883667919368,1776853883684485568,31097356068577,1776853789042.919,16.566,50.100,0.002350,0.035721,0.000000,-0.633175,0.096766,0.003534,0.000000,0.000000,0.000000,0.533848
1167,go2_001,94685000000,1776853883729872508,1776853883734334792,31097405917267,1776853789044.873,4.462,49.849,0.002568,0.036608,0.000000,-0.594280,0.083169,0.003107,0.000000,0.000000,0.000000,0.651946
1168,go2_001,94725000000,1776853883771080088,1776853883784433575,31097456016943,1776853789046.080,13.353,50.099,0.003543,0.036517,0.000000,-0.578611,0.077500,0.003130,0.000000,0.000000,0.000000,0.369910
1169,go2_001,94785000000,1776853883832865668,1776853883834302344,31097505884646,1776853789047.865,1.437,49.869,0.015463,0.030426,0.000000,-0.567911,0.096953,0.008375,0.000000,0.000000,0.000000,0.197445
1170,go2_001,94825000000,1776853883874593515,1776853883884356942,31097555939941,1776853789049.594,9.763,50.055,0.022832,0.022715,0.000000,-0.557757,0.113076,0.003532,0.000000,0.000000,0.000000,0.312216
1171,go2_001,94885000000,1776853883926071450,1776853883934416312,31097605998681,1776853789041.071,8.345,50.059,0.024257,0.023651,0.000000,-0.531098,0.099824,0.005139,0.000000,0.000000,0.000000,0.548457
1172,go2_001,94925000000,1776853883967117929,1776853883984471810,31097656055328,1776853789042.118,17.354,50.055,0.024258,0.024173,0.000000,-0.498837,0.090334,0.004712,0.000000,0.000000,0.000000,0.677092
1173,go2_001,94985000000,1776853884028948031,1776853884034317662,31097705899997,1776853789043.948,5.370,49.846,0.026217,0.024026,0.000000,-0.449145,0.082455,0.004994,0.000000,0.000000,0.000000,0.912766
1174,go2_001,95025000000,1776853884070189018,1776853884084361208,31097755943661,1776853789045.189,14.172,50.044,0.033970,0.016548,0.000000,-0.400357,0.099716,-0.001296,0.000000,0.000000,0.000000,1.192014
1175,go2_001,95085000000,1776853884131744925,1776853884134293548,31097805876246,1776853789046.745,2.549,49.932,0.050123,0.012204,0.000000,-0.335185,0.123538,0.007267,0.000000,0.000000,0.000000,0.798442
1176,go2_001,95125000000,1776853884172915116,1776853884184373242,31097855955735,1776853789047.915,11.458,50.080,0.050147,0.013171,0.000000,-0.314793,0.112056,0.006661,0.000000,0.000000,0.000000,0.530978
1177,go2_001,95165000000,1776853884214108986,1776853884234356351,31097905938931,1776853789049.109,20.247,49.983,0.050141,0.014016,0.000000,-0.299906,0.101489,0.006102,0.000000,0.000000,0.000000,0.392729
1178,go2_001,95225000000,1776853884266112281,1776853884284442254,31097956025725,1776853789041.112,18.330,50.086,0.050992,0.014499,0.000000,-0.292881,0.089718,0.005101,0.000000,0.000000,0.000000,0.006157
1179,go2_001,95285000000,1776853884328300481,1776853884334356444,31098005938816,1776853789043.301,6.056,49.914,0.044777,0.015800,0.000000,-0.287217,0.064285,0.000106,0.000000,0.000000,0.000000,0.080771
1180,go2_001,95325000000,1776853884369952486,1776853884384380795,31098055963298,1776853789044.953,14.428,50.024,0.054868,0.010920,0.000000,-0.280334,0.084087,-0.002138,0.000000,0.000000,0.000000,0.213469
1181,go2_001,95385000000,1776853884431643147,1776853884434374160,31098105957055,1776853789046.643,2.731,49.993,0.054748,0.011520,0.000000,-0.233034,0.071874,-0.001920,0.000000,0.000000,0.000000,0.748169
1182,go2_001,95425000000,1776853884472768026,1776853884484369680,31098155952188,1776853789047.768,11.602,49.996,0.054682,0.011912,0.000000,-0.195636,0.064550,-0.001787,0.000000,0.000000,0.000000,0.882722
1183,go2_001,95485000000,1776853884534382007,1776853884534748663,31098206332097,1776853789049.382,0.367,50.379,0.061260,0.011669,0.000000,-0.140266,0.070072,0.001168,0.000000,0.000000,0.000000,1.026184
1184,go2_001,95525000000,1776853884565206800,1776853884584348842,31098255931196,1776853789040.207,19.142,49.600,0.069890,0.008784,0.000000,-0.095473,0.084646,-0.000781,0.000000,0.000000,0.000000,1.222548
1185,go2_001,95585000000,1776853884626819049,1776853884634355457,31098305937890,1776853789041.819,7.536,50.007,0.080925,0.007844,0.000000,-0.046015,0.097864,0.001321,0.000000,0.000000,0.000000,0.821910
1186,go2_001,95625000000,1776853884668341703,1776853884684375528,31098355957999,1776853789043.342,16.034,50.020,0.080758,0.008571,0.000000,-0.030186,0.088453,0.001193,0.000000,0.000000,0.000000,0.418128
1187,go2_001,95685000000,1776853884730112256,1776853884734471988,31098406054517,1776853789045.112,4.360,50.096,0.080511,0.009450,0.000000,-0.012959,0.075734,0.001020,0.000000,0.000000,0.000000,0.344492
1188,go2_001,95725000000,1776853884771399141,1776853884784463428,31098456046068,1776853789046.399,13.064,49.991,0.086262,0.008516,0.000000,-0.000432,0.082121,-0.000202,0.000000,0.000000,0.000000,0.227586
1189,go2_001,95765000000,1776853884812318943,1776853884834686297,31098506269028,1776853789047.319,22.367,50.223,0.093918,0.009603,0.000000,-0.007970,0.091954,0.003756,0.000000,0.000000,0.000000,-0.137374
1190,go2_001,95820000000,1776853884879090427,1776853884885062956,31098556646885,1776853789059.090,5.973,50.377,0.107740,0.011201,0.000000,-0.010079,0.111493,0.009066,0.000000,0.000000,0.000000,0.109112
1191,go2_001,95850000000,1776853884923159284,1776853884934385006,31098605967581,1776853789073.159,11.226,49.322,0.107757,0.014158,0.000000,0.003527,0.103537,0.014613,0.000000,0.000000,0.000000,0.383914
1192,go2_001,95915000000,1776853884964117909,1776853884984424822,31098656007511,1776853789049.118,20.307,50.040,0.107919,0.014737,0.000000,0.042351,0.089345,0.012910,0.000000,0.000000,0.000000,0.686322
1193,go2_001,95955000000,1776853885015542687,1776853885034384947,31098705967503,1776853789060.543,18.842,49.960,0.107680,0.015077,0.000000,0.090450,0.080681,0.011846,0.000000,0.000000,0.000000,0.975706
1194,go2_001,96015000000,1776853885078014574,1776853885084376432,31098755959189,1776853789063.015,6.362,49.991,0.120352,0.017980,0.000000,0.165111,0.098846,0.015977,0.000000,0.000000,0.000000,1.053796
1195,go2_001,96055000000,1776853885119636080,1776853885134385971,31098805968953,1776853789064.636,14.750,50.010,0.130717,0.020045,0.000000,0.197738,0.114567,0.017730,0.000000,0.000000,0.000000,0.727237
1196,go2_001,96120000000,1776853885181140364,1776853885184323021,31098855906241,1776853789061.140,3.183,49.937,0.136652,0.024014,0.000000,0.216029,0.112464,0.021365,0.000000,0.000000,0.000000,0.253582
1197,go2_001,96180000000,1776853885232602881,1776853885234278467,31098905860746,1776853789052.603,1.676,49.955,0.135910,0.024727,0.000000,0.226393,0.096773,0.018733,0.000000,0.000000,0.000000,0.257773
1198,go2_001,96215000000,1776853885273842360,1776853885284376448,31098955959013,1776853789058.842,10.534,50.098,0.135077,0.024907,0.000000,0.242592,0.087414,0.017129,0.000000,0.000000,0.000000,0.363536
1199,go2_001,96255000000,1776853885314858784,1776853885334404761,31099005987428,1776853789059.859,19.546,50.028,0.142788,0.027247,0.000000,0.245385,0.098031,0.017974,0.000000,0.000000,0.000000,0.056583
1200,go2_001,96315000000,1776853885376719927,1776853885384310452,31099055892861,1776853789061.720,7.591,49.906,0.156647,0.031394,0.000000,0.239672,0.117971,0.018994,0.000000,0.000000,0.000000,-0.057476
1201,go2_001,96355000000,1776853885417905289,1776853885434362611,31099105945014,1776853789062.905,16.457,50.052,0.161820,0.031863,0.000000,0.247976,0.119534,0.015800,0.000000,0.000000,0.000000,0.213862
1202,go2_001,96415000000,1776853885479617360,1776853885484371874,31099155954277,1776853789064.617,4.755,50.009,0.161220,0.032169,0.000000,0.292533,0.103031,0.013795,0.000000,0.000000,0.000000,0.776244
1203,go2_001,96455000000,1776853885520816790,1776853885534480279,31099206062859,1776853789065.817,13.663,50.108,0.164772,0.035547,0.000000,0.333260,0.103846,0.017811,0.000000,0.000000,0.000000,1.004710
1204,go2_001,96515000000,1776853885572486498,1776853885584382120,31099255964565,1776853789057.487,11.896,49.902,0.164442,0.028591,0.000000,0.386655,0.085684,-0.001225,0.000000,0.000000,0.000000,0.912386
1205,go2_001,96575000000,1776853885634415960,1776853885634596943,31099306179231,1776853789059.416,0.181,50.215,0.162896,0.024061,0.000000,0.435924,0.067785,-0.011546,0.000000,0.000000,0.000000,0.704681
1206,go2_001,96615000000,1776853885675462793,1776853885684342105,31099355924448,1776853789060.463,8.879,49.745,0.164462,0.025004,0.000000,0.452842,0.065047,-0.010635,0.000000,0.000000,0.000000,0.475833
1207,go2_001,96655000000,1776853885716722557,1776853885734346136,31099405928660,1776853789061.723,17.624,50.004,0.164220,0.025318,0.000000,0.470147,0.058180,-0.009869,0.000000,0.000000,0.000000,0.448983
1208,go2_001,96715000000,1776853885778409715,1776853885784383186,31099455966484,1776853789063.410,5.973,50.037,0.169223,0.027716,0.000000,0.505371,0.062396,-0.008854,0.000000,0.000000,0.000000,0.476145
1209,go2_001,96755000000,1776853885819843961,1776853885834648404,31099506230995,1776853789064.844,14.804,50.265,0.169771,0.030184,0.000000,0.508184,0.059555,-0.004188,0.000000,0.000000,0.000000,0.158330
1210,go2_001,96835000000,1776853885881857957,1776853885884403110,31099555985522,1776853789046.858,2.545,49.755,0.179370,0.039083,0.000000,0.520677,0.075074,0.004881,0.000000,0.000000,0.000000,0.292351
1211,go2_001,96875000000,1776853885934043011,1776853885934280326,31099605862863,1776853789059.043,0.237,49.877,0.182346,0.040089,0.000000,0.538503,0.075364,0.003003,0.000000,0.000000,0.000000,0.499509
1212,go2_001,96915000000,1776853885975180037,1776853885984383052,31099655965979,1776853789060.180,9.203,50.103,0.182022,0.040236,0.000000,0.569599,0.067713,0.002689,0.000000,0.000000,0.000000,0.687440
1213,go2_001,96955000000,1776853886016372606,1776853886034772986,31099706355544,1776853789061.373,18.400,50.390,0.191062,0.043912,0.000000,0.609348,0.084160,-0.000348,0.000000,0.000000,0.000000,1.033669
1214,go2_001,97015000000,1776853886078347962,1776853886084666661,31099756249619,1776853789063.348,6.319,49.894,0.205416,0.049257,0.000000,0.665540,0.107285,-0.007101,0.000000,0.000000,0.000000,0.837947
1215,go2_001,97055000000,1776853886119954452,1776853886134715492,31099806298115,1776853789064.954,14.761,50.049,0.211642,0.056849,0.000000,0.690252,0.119144,-0.000127,0.000000,0.000000,0.000000,0.538523
1216,go2_001,97135000000,1776853886181359512,1776853886184523342,31099856106778,1776853789046.360,3.164,49.808,0.213350,0.062945,0.000000,0.724856,0.109122,0.006186,0.000000,0.000000,0.000000,0.436753
1217,go2_001,97175000000,1776853886222741731,1776853886234805762,31099906388570,1776853789047.742,12.064,50.282,0.212767,0.063164,0.000000,0.735887,0.098716,0.005621,0.000000,0.000000,0.000000,0.502277
1218,go2_001,97215000000,1776853886274155662,1776853886284378835,31099955961395,1776853789059.156,10.223,49.573,0.216439,0.066568,0.000000,0.758922,0.101672,0.005472,0.000000,0.000000,0.000000,0.470406
1219,go2_001,97255000000,1776853886315567529,1776853886334393445,31100005976024,1776853789060.568,18.826,50.015,0.210324,0.069670,0.000000,0.771018,0.085399,0.018172,0.000000,0.000000,0.000000,0.362790
1220,go2_001,97315000000,1776853886377416524,1776853886384477400,31100056060132,1776853789062.417,7.061,50.084,0.214934,0.077509,0.000000,0.785220,0.093001,0.022387,0.000000,0.000000,0.000000,0.291615
1221,go2_001,97355000000,1776853886418713045,1776853886434514532,31100106097129,1776853789063.713,15.801,50.037,0.215762,0.082097,0.000000,0.798532,0.093088,0.026835,0.000000,0.000000,0.000000,0.376619
1222,go2_001,97415000000,1776853886480324547,1776853886484406295,31100155988621,1776853789065.324,4.082,49.892,0.215054,0.082058,0.000000,0.845129,0.079673,0.023524,0.000000,0.000000,0.000000,0.724569
1223,go2_001,97475000000,1776853886521590836,1776853886534493495,31100206076304,1776853789046.591,12.903,50.087,0.217060,0.086628,0.000000,0.908612,0.079926,0.024136,0.000000,0.000000,0.000000,1.016556
1224,go2_001,97515000000,1776853886562933404,1776853886584483219,31100256065654,1776853789047.933,21.550,49.990,0.223209,0.088024,0.000000,0.935876,0.085429,0.013751,0.000000,0.000000,0.000000,1.129288
1225,go2_001,97555000000,1776853886614104675,1776853886634536214,31100306118961,1776853789059.105,20.432,50.053,0.230087,0.098612,0.000000,0.975929,0.106554,0.017228,0.000000,0.000000,0.000000,0.792639
1226,go2_001,97615000000,1776853886675855552,1776853886684372764,31100355955107,1776853789060.855,8.517,49.837,0.230706,0.106857,0.000000,0.999210,0.107283,0.024542,0.000000,0.000000,0.000000,0.288089
1227,go2_001,97655000000,1776853886717196126,1776853886734402690,31100405985210,1776853789062.196,17.207,50.030,0.229992,0.106851,0.000000,1.006511,0.097000,0.022438,0.000000,0.000000,0.000000,0.213254
1228,go2_001,97715000000,1776853886779026883,1776853886784555810,31100456140603,1776853789064.027,5.529,50.153,0.229127,0.106792,0.000000,1.023200,0.083103,0.019586,0.000000,0.000000,0.000000,0.164625
1229,go2_001,97755000000,1776853886820066168,1776853886834359447,31100505941850,1776853789065.066,14.293,49.804,0.229188,0.104750,0.000000,1.027560,0.071446,0.014070,0.000000,0.000000,0.000000,-0.007246
1230,go2_001,97835000000,1776853886881807139,1776853886884313156,31100555895505,1776853789046.807,2.506,49.954,0.238991,0.110492,0.000000,1.037309,0.083082,0.000399,0.000000,0.000000,0.000000,0.239891
1231,go2_001,97875000000,1776853886922978801,1776853886934344817,31100605927264,1776853789047.979,11.366,50.032,0.238654,0.110443,0.000000,1.053477,0.074763,0.000227,0.000000,0.000000,0.000000,0.484034
1232,go2_001,97915000000,1776853886974127760,1776853886984355582,31100655938182,1776853789059.128,10.228,50.011,0.238320,0.110412,0.000000,1.094378,0.067119,0.000071,0.000000,0.000000,0.000000,0.791321
1233,go2_001,97955000000,1776853887015185023,1776853887034455566,31100706038166,1776853789060.185,19.271,50.100,0.237980,0.110403,0.000000,1.134531,0.060098,-0.000069,0.000000,0.000000,0.000000,0.929533
1234,go2_001,98015000000,1776853887076941646,1776853887084527658,31100756117518,1776853789061.942,7.586,50.072,0.240397,0.112380,0.000000,1.208191,0.057476,-0.003960,0.000000,0.000000,0.000000,1.239369
1235,go2_001,98055000000,1776853887118428694,1776853887134380120,31100805962473,1776853789063.429,15.951,49.852,0.246202,0.122246,0.000000,1.250183,0.078273,-0.005186,0.000000,0.000000,0.000000,1.049436
1236,go2_001,98115000000,1776853887180033423,1776853887184408256,31100855990701,1776853789065.033,4.375,50.028,0.248137,0.129244,0.000000,1.284839,0.083089,-0.003233,0.000000,0.000000,0.000000,0.492370
1237,go2_001,98155000000,1776853887221106152,1776853887234384963,31100905967853,1776853789066.106,13.279,49.977,0.247522,0.129274,0.000000,1.303157,0.074808,-0.003090,0.000000,0.000000,0.000000,0.385662
1238,go2_001,98235000000,1776853887282758451,1776853887284331327,31100955913774,1776853789047.758,1.573,49.946,0.249278,0.137092,0.000000,1.312402,0.079367,-0.001510,0.000000,0.000000,0.000000,0.053166
1239,go2_001,98275000000,1776853887323912038,1776853887334398830,31101005982022,1776853789048.912,10.487,50.068,0.248948,0.146882,0.000000,1.304135,0.092888,0.006775,0.000000,0.000000,0.000000,-0.179692
1240,go2_001,98315000000,1776853887376365457,1776853887384323865,31101055906147,1776853789061.365,7.958,49.925,0.252625,0.156179,0.000000,1.300691,0.107726,0.004918,0.000000,0.000000,0.000000,0.039190
1241,go2_001,98355000000,1776853887417529066,1776853887434372667,31101105955395,1776853789062.529,16.844,50.049,0.251638,0.156291,0.000000,1.321350,0.097669,0.005867,0.000000,0.000000,0.000000,0.457737
1242,go2_001,98415000000,1776853887479374338,1776853887484341615,31101155924065,1776853789064.374,4.967,49.969,0.251047,0.156028,0.000000,1.372046,0.083769,0.005013,0.000000,0.000000,0.000000,0.847367
1243,go2_001,98455000000,1776853887520733447,1776853887534365745,31101205948171,1776853789065.733,13.632,50.024,0.250622,0.155878,0.000000,1.423558,0.075429,0.004501,0.000000,0.000000,0.000000,0.983510
1244,go2_001,98535000000,1776853887582286392,1776853887584365562,31101255948003,1776853789047.286,2.079,50.000,0.255128,0.168580,0.000000,1.496070,0.092378,-0.000939,0.000000,0.000000,0.000000,1.153271
1245,go2_001,98575000000,1776853887623372464,1776853887634414609,31101305997676,1776853789048.373,11.042,50.049,0.253432,0.180492,0.000000,1.528777,0.110159,0.007695,0.000000,0.000000,0.000000,0.818549
1246,go2_001,98615000000,1776853887664762620,1776853887684403188,31101355985705,1776853789049.762,19.641,49.989,0.249895,0.179641,0.000000,1.547238,0.097086,0.012948,0.000000,0.000000,0.000000,0.458222
1247,go2_001,98655000000,1776853887716086111,1776853887734375722,31101405958508,1776853789061.086,18.290,49.973,0.249286,0.179364,0.000000,1.557341,0.087665,0.011797,0.000000,0.000000,0.000000,0.225779
1248,go2_001,98715000000,1776853887777612995,1776853887784356783,31101455939440,1776853789062.613,6.744,49.981,0.248579,0.178988,0.000000,1.568278,0.074936,0.010238,0.000000,0.000000,0.000000,0.106137
1249,go2_001,98755000000,1776853887818955716,1776853887834440358,31101506023534,1776853789063.956,15.485,50.084,0.248890,0.181836,0.000000,1.569333,0.074712,0.008601,0.000000,0.000000,0.000000,0.041581
1250,go2_001,98815000000,1776853887880519989,1776853887884338714,31101555921435,1776853789065.520,3.819,49.898,0.248926,0.197299,0.000000,1.568244,0.099498,0.009604,0.000000,0.000000,0.000000,0.098704
1251,go2_001,98875000000,1776853887921605295,1776853887934384635,31101605967262,1776853789046.605,12.779,50.046,0.249772,0.202975,0.000000,1.589964,0.098922,0.006479,0.000000,0.000000,0.000000,0.335942
1252,go2_001,98935000000,1776853887983463115,1776853887984336936,31101655920139,1776853789048.463,0.874,49.952,0.249345,0.202555,0.000000,1.638838,0.084852,0.005541,0.000000,0.000000,0.000000,0.960861
1253,go2_001,98955000000,1776853888004194752,1776853888034409171,31101705991834,1776853789049.195,30.214,50.072,0.249183,0.202423,0.000000,1.659789,0.080542,0.005253,0.000000,0.000000,0.000000,0.976685
1254,go2_001,99015000000,1776853888075961583,1776853888084426752,31101756009473,1776853789060.961,8.465,50.018,0.252741,0.202907,0.000000,1.735037,0.070160,-0.005316,0.000000,0.000000,0.000000,1.014964
1255,go2_001,99055000000,1776853888117244631,1776853888134387956,31101805970371,1776853789062.245,17.143,49.961,0.256904,0.202397,0.000000,1.776658,0.061982,-0.015692,0.000000,0.000000,0.000000,1.014781
1256,go2_001,99115000000,1776853888179031470,1776853888184298260,31101855880722,1776853789064.031,5.267,49.910,0.258011,0.205327,0.000000,1.808436,0.059075,-0.018292,0.000000,0.000000,0.000000,0.440645
1257,go2_001,99155000000,1776853888220161944,1776853888234711713,31101906295202,1776853789065.162,14.550,50.413,0.257600,0.205228,0.000000,1.818443,0.052738,-0.016911,0.000000,0.000000,0.000000,0.284068
1258,go2_001,99235000000,1776853888281485298,1776853888284380217,31101955963392,1776853789046.485,2.895,49.669,0.257101,0.213277,0.000000,1.854481,0.060409,-0.017398,0.000000,0.000000,0.000000,0.412716
1259,go2_001,99275000000,1776853888322652372,1776853888334374343,31102005956997,1776853789047.652,11.722,49.994,0.255988,0.219987,0.000000,1.850196,0.070055,-0.016665,0.000000,0.000000,0.000000,0.122540
1260,go2_001,99335000000,1776853888384546573,1776853888385017437,31102056600016,1776853789049.546,0.471,50.643,0.252191,0.232296,0.000000,1.851023,0.089131,-0.012492,0.000000,0.000000,0.000000,0.128453
1261,go2_001,99355000000,1776853888405392614,1776853888434431679,31102106014531,1776853789050.393,29.039,49.414,0.252039,0.232156,0.000000,1.857959,0.084680,-0.012006,0.000000,0.000000,0.000000,0.245073
1262,go2_001,99415000000,1776853888476789758,1776853888484443953,31102156026799,1776853789061.790,7.654,50.012,0.251616,0.231771,0.000000,1.901413,0.072394,-0.010657,0.000000,0.000000,0.000000,0.675784
1263,go2_001,99450000000,1776853888517998937,1776853888534351626,31102205934115,1776853789067.999,16.353,49.908,0.251402,0.231214,0.000000,1.931371,0.065101,-0.009818,0.000000,0.000000,0.000000,0.848601
1264,go2_001,99515000000,1776853888579647565,1776853888584300838,31102255883141,1776853789064.648,4.653,49.949,0.249385,0.240369,0.000000,1.998977,0.076442,-0.011096,0.000000,0.000000,0.000000,1.037477
1265,go2_001,99555000000,1776853888621113253,1776853888634425429,31102306008347,1776853789066.113,13.312,50.125,0.246777,0.252106,0.000000,2.033126,0.097061,-0.013403,0.000000,0.000000,0.000000,0.820226
1266,go2_001,99635000000,1776853888682597543,1776853888684359471,31102355941946,1776853789047.598,1.762,49.934,0.245933,0.253993,0.000000,2.062748,0.084479,-0.013433,0.000000,0.000000,0.000000,0.396078
1267,go2_001,99675000000,1776853888723584758,1776853888734342777,31102405925344,1776853789048.585,10.758,49.983,0.245536,0.253648,0.000000,2.083904,0.076136,-0.012365,0.000000,0.000000,0.000000,0.528308
1268,go2_001,99715000000,1776853888764715697,1776853888784351179,31102455933592,1776853789049.716,19.635,50.008,0.243290,0.257813,0.000000,2.113019,0.080000,-0.011261,0.000000,0.000000,0.000000,0.684932
1269,go2_001,99755000000,1776853888816107427,1776853888834336771,31102505919100,1776853789061.107,18.229,49.986,0.240673,0.254295,0.000000,2.131031,0.067262,-0.002499,0.000000,0.000000,0.000000,0.420582
1270,go2_001,99815000000,1776853888877661363,1776853888884359452,31102555941918,1776853789062.661,6.698,50.023,0.233296,0.246603,0.000000,2.144305,0.048996,0.019260,0.000000,0.000000,0.000000,0.280562
1271,go2_001,99855000000,1776853888918727612,1776853888934361204,31102605943537,1776853789063.728,15.634,50.002,0.229039,0.245729,0.000000,2.161064,0.046783,0.027066,0.000000,0.000000,0.000000,0.418920
1272,go2_001,99895000000,1776853888959893099,1776853888984362619,31102655945101,1776853789064.893,24.470,50.001,0.229046,0.245451,0.000000,2.177468,0.041517,0.024865,0.000000,0.000000,0.000000,0.361570
1273,go2_001,99975000000,1776853889021701898,1776853889034371369,31102705953803,1776853789046.702,12.669,50.009,0.226394,0.251067,0.000000,2.247186,0.047953,0.019172,0.000000,0.000000,0.000000,1.007199
1274,go2_001,100010000000,1776853889062873324,1776853889086689529,31102758272345,1776853789052.873,23.816,52.318,0.223584,0.261839,0.000000,2.277093,0.068739,0.009956,0.000000,0.000000,0.000000,1.103680
1275,go2_001,100070000000,1776853889127764107,1776853889134515859,31102806098705,1776853789057.764,6.752,47.826,0.213403,0.273191,0.000000,2.323931,0.093691,0.012827,0.000000,0.000000,0.000000,0.700823
1276,go2_001,100105000000,1776853889169309957,1776853889184603900,31102856186765,1776853789064.310,15.294,50.088,0.208957,0.271453,0.000000,2.342744,0.089147,0.021571,0.000000,0.000000,0.000000,0.456164
1277,go2_001,100165000000,1776853889230822764,1776853889234364646,31102905947189,1776853789065.823,3.542,49.761,0.208694,0.270669,0.000000,2.359245,0.076650,0.018979,0.000000,0.000000,0.000000,0.215311
1278,go2_001,100225000000,1776853889281984065,1776853889284396226,31102955978679,1776853789056.984,2.412,50.032,0.205164,0.273917,0.000000,2.373684,0.077784,0.017206,0.000000,0.000000,0.000000,0.269947
1279,go2_001,100270000000,1776853889323219764,1776853889334366142,31103005948737,1776853789053.220,11.146,49.970,0.198803,0.273318,0.000000,2.387930,0.078467,0.027034,0.000000,0.000000,0.000000,0.354510
1280,go2_001,100310000000,1776853889364188532,1776853889384369114,31103055951792,1776853789054.188,20.181,50.003,0.193443,0.279436,0.000000,2.399061,0.090468,0.024242,0.000000,0.000000,0.000000,0.269210
1281,go2_001,100370000000,1776853889426080048,1776853889434382973,31103105965520,1776853789056.080,8.303,50.014,0.187773,0.284415,0.000000,2.413650,0.095440,0.022320,0.000000,0.000000,0.000000,0.205874
1282,go2_001,100410000000,1776853889467226245,1776853889484364837,31103155947381,1776853789057.226,17.139,49.982,0.187809,0.283965,0.000000,2.435725,0.086272,0.020419,0.000000,0.000000,0.000000,0.371311
1283,go2_001,100470000000,1776853889528660691,1776853889534376503,31103205958932,1776853789058.661,5.716,50.012,0.187841,0.283307,0.000000,2.506174,0.073885,0.017842,0.000000,0.000000,0.000000,1.153982
1284,go2_001,100510000000,1776853889570258334,1776853889584364593,31103255947188,1776853789060.258,14.106,49.988,0.186051,0.286877,0.000000,2.552916,0.075730,0.012143,0.000000,0.000000,0.000000,1.183591
1285,go2_001,100550000000,1776853889621121544,1776853889634342588,31103305925470,1776853789071.122,13.221,49.978,0.184118,0.293835,0.000000,2.602855,0.083304,0.001073,0.000000,0.000000,0.000000,0.856348
1286,go2_001,100630000000,1776853889682783155,1776853889684324392,31103355906694,1776853789052.783,1.541,49.982,0.172099,0.297667,0.000000,2.626685,0.093941,0.008721,0.000000,0.000000,0.000000,0.376389
1287,go2_001,100670000000,1776853889723825572,1776853889734335137,31103405917606,1776853789053.825,10.510,50.011,0.172049,0.297054,0.000000,2.637005,0.084884,0.007901,0.000000,0.000000,0.000000,0.268043
1288,go2_001,100710000000,1776853889764962374,1776853889784326112,31103455908821,1776853789054.962,19.364,49.991,0.172030,0.296534,0.000000,2.652459,0.076555,0.007148,0.000000,0.000000,0.000000,0.406025
1289,go2_001,100770000000,1776853889826959156,1776853889834360005,31103505942462,1776853789056.959,7.401,50.034,0.174679,0.296534,0.000000,2.668590,0.060747,0.001356,0.000000,0.000000,0.000000,0.134065
1290,go2_001,100805000000,1776853889868402392,1776853889884452664,31103556035331,1776853789063.403,16.050,50.093,0.167009,0.301399,0.000000,2.666605,0.076841,0.000987,0.000000,0.000000,0.000000,-0.043805
1291,go2_001,100870000000,1776853889930287669,1776853889934401198,31103605983846,1776853789060.288,4.114,49.949,0.162709,0.304094,0.000000,2.672080,0.076564,-0.000193,0.000000,0.000000,0.000000,0.173473
1292,go2_001,100930000000,1776853889981820277,1776853889984538638,31103656121556,1776853789051.820,2.718,50.137,0.162789,0.303609,0.000000,2.719746,0.065319,-0.000333,0.000000,0.000000,0.000000,0.660872
1293,go2_001,100970000000,1776853890022825685,1776853890034389935,31103705972669,1776853789052.826,11.564,49.851,0.159404,0.302865,0.000000,2.748919,0.065150,0.004500,0.000000,0.000000,0.000000,1.032406
1294,go2_001,101010000000,1776853890063973285,1776853890084343342,31103755925812,1776853789053.973,20.370,49.953,0.152612,0.305807,0.000000,2.796876,0.076098,0.004775,0.000000,0.000000,0.000000,1.213866
1295,go2_001,101070000000,1776853890125818530,1776853890134350703,31103805933199,1776853789055.819,8.532,50.007,0.136288,0.313309,0.000000,2.863684,0.106763,0.004015,0.000000,0.000000,0.000000,1.025215
1296,go2_001,101110000000,1776853890167048333,1776853890184335522,31103855918226,1776853789057.048,17.287,49.985,0.130363,0.312546,0.000000,2.887240,0.109059,0.009339,0.000000,0.000000,0.000000,0.587999
1297,go2_001,101170000000,1776853890228856207,1776853890234325088,31103905907453,1776853789058.856,5.469,49.990,0.130542,0.311440,0.000000,2.908528,0.093954,0.008077,0.000000,0.000000,0.000000,0.290297
1298,go2_001,101210000000,1776853890270111104,1776853890284346524,31103955929029,1776853789060.111,14.235,50.021,0.130673,0.310854,0.000000,2.917015,0.084884,0.007319,0.000000,0.000000,0.000000,0.225122
1299,go2_001,101270000000,1776853890321492981,1776853890334352059,31104005934469,1776853789051.493,12.859,50.006,0.123680,0.311548,0.000000,2.919885,0.089298,0.008966,0.000000,0.000000,0.000000,0.058780
1300,go2_001,101330000000,1776853890383600027,1776853890384347362,31104055929778,1776853789053.600,0.747,49.995,0.116685,0.313589,0.000000,2.908958,0.093354,0.006958,0.000000,0.000000,0.000000,-0.145009
1301,go2_001,101370000000,1776853890424319923,1776853890434440031,31104106022694,1776853789054.320,10.120,50.093,0.116888,0.313279,0.000000,2.925586,0.084318,0.006286,0.000000,0.000000,0.000000,0.406171
1302,go2_001,101410000000,1776853890465616118,1776853890484349642,31104155932048,1776853789055.616,18.734,49.910,0.117074,0.312988,0.000000,2.958109,0.076009,0.005667,0.000000,0.000000,0.000000,0.777400
1303,go2_001,101470000000,1776853890527338221,1776853890534381624,31104205964623,1776853789057.338,7.043,50.032,0.116663,0.312539,0.000000,3.016663,0.066294,0.005171,0.000000,0.000000,0.000000,0.881018
1304,go2_001,101510000000,1776853890568436050,1776853890584353417,31104255935714,1776853789058.436,15.917,49.972,0.108556,0.314673,0.000000,3.070341,0.079424,0.003447,0.000000,0.000000,0.000000,1.204170
1305,go2_001,101570000000,1776853890630270406,1776853890634341957,31104305924712,1776853789060.270,4.072,49.989,0.099825,0.314916,0.000000,3.124937,0.087855,0.004491,0.000000,0.000000,0.000000,0.823325
1306,go2_001,101630000000,1776853890681651305,1776853890684465700,31104356048281,1776853789051.651,2.814,50.124,0.100284,0.315923,0.000000,-3.132247,0.075594,-0.000276,0.000000,0.000000,0.000000,0.339420
1307,go2_001,101670000000,1776853890722731208,1776853890734404850,31104405987432,1776853789052.731,11.674,49.939,0.100452,0.315480,0.000000,-3.127530,0.067995,-0.000361,0.000000,0.000000,0.000000,0.313384
1308,go2_001,101710000000,1776853890764501141,1776853890784476303,31104456059257,1776853789054.501,19.975,50.071,0.096144,0.315568,0.000000,-3.111803,0.071648,-0.000367,0.000000,0.000000,0.000000,0.368518
1309,go2_001,101770000000,1776853890826264557,1776853890834391742,31104505974580,1776853789056.264,8.127,49.915,0.087051,0.314454,0.000000,-3.106002,0.082392,0.002808,0.000000,0.000000,0.000000,0.069693
1310,go2_001,101810000000,1776853890867260454,1776853890884410055,31104555992575,1776853789057.260,17.150,50.018,0.077118,0.311962,0.000000,-3.112560,0.097485,0.008935,0.000000,0.000000,0.000000,-0.096828
1311,go2_001,101870000000,1776853890929156010,1776853890934354055,31104605936752,1776853789059.156,5.198,49.944,0.072583,0.312134,0.000000,-3.085531,0.094674,0.006874,0.000000,0.000000,0.000000,0.456526
1312,go2_001,101905000000,1776853890970311801,1776853890984336503,31104655918870,1776853789065.312,14.025,49.982,0.073296,0.311884,0.000000,-3.056632,0.085609,0.006222,0.000000,0.000000,0.000000,0.704677
1313,go2_001,101965000000,1776853891022081053,1776853891034352372,31104705934795,1776853789057.081,12.271,50.016,0.072956,0.311113,0.000000,-2.994789,0.075008,0.005969,0.000000,0.000000,0.000000,0.924528
1314,go2_001,102025000000,1776853891084076300,1776853891084310187,31104755893387,1776853789059.076,0.234,49.958,0.060582,0.311573,0.000000,-2.941960,0.092963,0.001977,0.000000,0.000000,0.000000,1.046317
1315,go2_001,102070000000,1776853891124968665,1776853891134385129,31104805967700,1776853789054.969,9.416,50.075,0.051181,0.308552,0.000000,-2.910790,0.105970,0.005906,0.000000,0.000000,0.000000,0.766462
1316,go2_001,102105000000,1776853891166244150,1776853891184451181,31104856034051,1776853789061.244,18.207,50.066,0.044228,0.306202,0.000000,-2.889933,0.114150,0.008186,0.000000,0.000000,0.000000,0.516742
1317,go2_001,102170000000,1776853891227919598,1776853891234400848,31104905983459,1776853789057.919,6.481,49.950,0.044396,0.305205,0.000000,-2.872277,0.098448,0.007074,0.000000,0.000000,0.000000,0.269873
1318,go2_001,102210000000,1776853891268955338,1776853891284400583,31104955983297,1776853789058.955,15.445,50.000,0.040571,0.304179,0.000000,-2.850905,0.099129,0.006296,0.000000,0.000000,0.000000,0.395536
1319,go2_001,102270000000,1776853891330727368,1776853891334311895,31105005894196,1776853789060.727,3.585,49.911,0.035565,0.297646,0.000000,-2.849259,0.100292,0.016627,0.000000,0.000000,0.000000,-0.022639
1320,go2_001,102330000000,1776853891382049226,1776853891384346786,31105055929290,1776853789052.049,2.298,50.035,0.023053,0.294422,0.000000,-2.854620,0.116801,0.014802,0.000000,0.000000,0.000000,-0.048897
1321,go2_001,102365000000,1776853891423187906,1776853891434441212,31105106024033,1776853789058.188,11.253,50.094,0.022358,0.293084,0.000000,-2.848576,0.110107,0.015737,0.000000,0.000000,0.000000,0.167216
1322,go2_001,102405000000,1776853891464176290,1776853891484394271,31105155978013,1776853789059.176,20.218,49.953,0.022725,0.292919,0.000000,-2.826354,0.099717,0.014362,0.000000,0.000000,0.000000,0.519854
1323,go2_001,102465000000,1776853891525893333,1776853891534366220,31105205948605,1776853789060.894,8.473,49.972,0.020901,0.291464,0.000000,-2.771497,0.091711,0.013751,0.000000,0.000000,0.000000,1.048268
1324,go2_001,102505000000,1776853891566961916,1776853891584394613,31105255976969,1776853789061.962,17.433,50.028,0.012164,0.291435,0.000000,-2.726098,0.103083,0.006121,0.000000,0.000000,0.000000,1.014078
1325,go2_001,102565000000,1776853891628353392,1776853891634516240,31105306098784,1776853789063.353,6.163,50.122,-0.001622,0.283547,0.000000,-2.677910,0.125108,0.011441,0.000000,0.000000,0.000000,0.688685
1326,go2_001,102605000000,1776853891669528245,1776853891684426634,31105356009347,1776853789064.528,14.898,49.910,-0.002166,0.283176,0.000000,-2.658356,0.115869,0.009324,0.000000,0.000000,0.000000,0.419666
1327,go2_001,102665000000,1776853891731133908,1776853891734337339,31105405919978,1776853789066.134,3.203,49.911,-0.001351,0.282585,0.000000,-2.630453,0.099796,0.008040,0.000000,0.000000,0.000000,0.496693
1328,go2_001,102725000000,1776853891782318645,1776853891784343848,31105455926131,1776853789057.319,2.025,50.007,-0.005978,0.279890,0.000000,-2.600847,0.098923,0.006853,0.000000,0.000000,0.000000,0.551820
1329,go2_001,102765000000,1776853891823585856,1776853891834383214,31105505965646,1776853789058.586,10.797,50.039,-0.005447,0.274012,0.000000,-2.594603,0.094753,0.018073,0.000000,0.000000,0.000000,0.202734
1330,go2_001,102805000000,1776853891864624681,1776853891884505817,31105556088300,1776853789059.625,19.881,50.123,-0.012907,0.268318,0.000000,-2.594172,0.107638,0.020177,0.000000,0.000000,0.000000,0.029699
1331,go2_001,102865000000,1776853891926429649,1776853891934345927,31105605928636,1776853789061.430,7.916,49.840,-0.011702,0.266273,0.000000,-2.576789,0.093369,0.021854,0.000000,0.000000,0.000000,0.380902
1332,go2_001,102905000000,1776853891968117093,1776853891984379921,31105655962467,1776853789063.117,16.263,50.034,-0.011293,0.266198,0.000000,-2.553769,0.084197,0.019952,0.000000,0.000000,0.000000,0.557069
1333,go2_001,102965000000,1776853892029649737,1776853892034328959,31105705911516,1776853789064.650,4.679,49.949,-0.017032,0.263460,0.000000,-2.480665,0.087942,0.015289,0.000000,0.000000,0.000000,1.093817
1334,go2_001,103005000000,1776853892070638527,1776853892084399504,31105755981961,1776853789065.638,13.761,50.071,-0.026229,0.258945,0.000000,-2.441108,0.103733,0.011025,0.000000,0.000000,0.000000,1.000643
1335,go2_001,103065000000,1776853892122514768,1776853892134337071,31105805919399,1776853789057.515,11.822,49.938,-0.037741,0.248863,0.000000,-2.405262,0.125004,0.012829,0.000000,0.000000,0.000000,0.647815
1336,go2_001,103125000000,1776853892184270067,1776853892184459053,31105856041442,1776853789059.270,0.189,50.122,-0.044590,0.241186,0.000000,-2.382128,0.131459,0.014475,0.000000,0.000000,0.000000,0.380453
1337,go2_001,103165000000,1776853892225080839,1776853892234346651,31105905929154,1776853789060.081,9.266,49.888,-0.043835,0.240931,0.000000,-2.373413,0.119174,0.013150,0.000000,0.000000,0.000000,0.229043
1338,go2_001,103205000000,1776853892266460886,1776853892284361690,31105955944318,1776853789061.461,17.901,50.015,-0.043183,0.240743,0.000000,-2.355951,0.107867,0.011930,0.000000,0.000000,0.000000,0.426640
1339,go2_001,103265000000,1776853892328028083,1776853892334418043,31106006005771,1776853789063.028,6.390,50.056,-0.045211,0.232604,0.000000,-2.336892,0.108942,0.020439,0.000000,0.000000,0.000000,0.298748
1340,go2_001,103305000000,1776853892369138243,1776853892384345771,31106055928073,1776853789064.138,15.208,49.928,-0.051592,0.225805,0.000000,-2.332132,0.120968,0.020202,0.000000,0.000000,0.000000,0.163953
1341,go2_001,103365000000,1776853892431026288,1776853892434311435,31106105893793,1776853789066.026,3.285,49.966,-0.056788,0.220965,0.000000,-2.315587,0.121200,0.016805,0.000000,0.000000,0.000000,0.327243
1342,go2_001,103425000000,1776853892482251254,1776853892484330513,31106155912985,1776853789057.251,2.079,50.019,-0.055993,0.220958,0.000000,-2.279765,0.104276,0.014558,0.000000,0.000000,0.000000,0.685521
1343,go2_001,103465000000,1776853892523318444,1776853892534350305,31106205932734,1776853789058.318,11.032,50.020,-0.055496,0.220943,0.000000,-2.240879,0.094115,0.013206,0.000000,0.000000,0.000000,1.042117
1344,go2_001,103505000000,1776853892564326592,1776853892584346086,31106255928519,1776853789059.326,20.019,49.996,-0.058396,0.218716,0.000000,-2.197080,0.093784,0.009683,0.000000,0.000000,0.000000,1.066432
1345,go2_001,103565000000,1776853892625890301,1776853892634396506,31106305979566,1776853789060.890,8.506,50.050,-0.069046,0.212145,0.000000,-2.141636,0.109173,-0.000697,0.000000,0.000000,0.000000,0.856794
1346,go2_001,103605000000,1776853892667333718,1776853892684345703,31106355928075,1776853789062.334,17.012,49.949,-0.069553,0.210967,0.000000,-2.122772,0.102146,-0.001415,0.000000,0.000000,0.000000,0.494125
1347,go2_001,103665000000,1776853892728797760,1776853892734437988,31106406020608,1776853789063.798,5.640,50.092,-0.068064,0.211026,0.000000,-2.098050,0.086161,-0.000929,0.000000,0.000000,0.000000,0.424290
1348,go2_001,103705000000,1776853892769950181,1776853892784366539,31106455949020,1776853789064.950,14.416,49.929,-0.069116,0.208731,0.000000,-2.076938,0.083873,-0.000808,0.000000,0.000000,0.000000,0.455649
1349,go2_001,103765000000,1776853892831604276,1776853892834325930,31106505908319,1776853789066.604,2.722,49.959,-0.068830,0.208872,0.000000,-2.069452,0.071769,-0.002025,0.000000,0.000000,0.000000,0.040953
1350,go2_001,103805000000,1776853892872583619,1776853892884346004,31106555928343,1776853789067.584,11.762,50.020,-0.074203,0.201006,0.000000,-2.072820,0.086897,-0.002646,0.000000,0.000000,0.000000,-0.032323
1351,go2_001,103865000000,1776853892923928623,1776853892934345960,31106605928309,1776853789058.929,10.417,50.000,-0.077293,0.196988,0.000000,-2.060781,0.085887,-0.004301,0.000000,0.000000,0.000000,0.272815
1352,go2_001,103905000000,1776853892964969541,1776853892984395499,31106655978223,1776853789059.969,19.426,50.050,-0.076932,0.197014,0.000000,-2.034153,0.077224,-0.004099,0.000000,0.000000,0.000000,0.617146
1353,go2_001,103965000000,1776853893027280039,1776853893034399905,31106705982492,1776853789062.280,7.120,50.004,-0.076219,0.193318,0.000000,-1.977909,0.072892,0.001030,0.000000,0.000000,0.000000,0.986685
1354,go2_001,104005000000,1776853893068764394,1776853893084355101,31106755938078,1776853789063.764,15.591,49.955,-0.079714,0.187365,0.000000,-1.929518,0.081898,-0.000292,0.000000,0.000000,0.000000,1.258899
1355,go2_001,104065000000,1776853893130290852,1776853893134541714,31106806124100,1776853789065.291,4.251,50.187,-0.086341,0.171827,0.000000,-1.862651,0.108937,0.001150,0.000000,0.000000,0.000000,1.025208
1356,go2_001,104105000000,1776853893171325104,1776853893184387128,31106855969415,1776853789066.325,13.062,49.845,-0.086858,0.171764,0.000000,-1.834859,0.099876,-0.001726,0.000000,0.000000,0.000000,0.582764
1357,go2_001,104165000000,1776853893233438475,1776853893234313265,31106905895585,1776853789068.438,0.875,49.926,-0.085802,0.171758,0.000000,-1.813924,0.085510,-0.001703,0.000000,0.000000,0.000000,0.306806
1358,go2_001,104205000000,1776853893274563279,1776853893284447333,31106956029939,1776853789069.563,9.884,50.134,-0.086497,0.168182,0.000000,-1.803236,0.085956,-0.001230,0.000000,0.000000,0.000000,0.227553
1359,go2_001,104240000000,1776853893316225127,1776853893334409544,31107005992230,1776853789076.225,18.184,49.962,-0.089679,0.158812,0.000000,-1.810245,0.102038,-0.001190,0.000000,0.000000,0.000000,-0.140003
1360,go2_001,104295000000,1776853893379218674,1776853893384412564,31107055995052,1776853789084.219,5.194,50.003,-0.089361,0.151074,0.000000,-1.823546,0.105489,0.004115,0.000000,0.000000,0.000000,-0.163979
1361,go2_001,104335000000,1776853893420254851,1776853893434395632,31107105978188,1776853789085.255,14.141,49.983,-0.088809,0.147355,0.000000,-1.811427,0.103573,0.007030,0.000000,0.000000,0.000000,0.340689
1362,go2_001,104415000000,1776853893482160937,1776853893484537832,31107156120495,1776853789067.161,2.377,50.142,-0.088122,0.147590,0.000000,-1.760798,0.084462,0.005743,0.000000,0.000000,0.000000,0.805124
1363,go2_001,104455000000,1776853893533564619,1776853893534289800,31107205872326,1776853789078.565,0.725,49.752,-0.087753,0.147697,0.000000,-1.709609,0.076004,0.005173,0.000000,0.000000,0.000000,0.936550
1364,go2_001,104495000000,1776853893574369333,1776853893584341976,31107255924316,1776853789079.369,9.973,50.052,-0.089460,0.142013,0.000000,-1.663890,0.082681,0.003166,0.000000,0.000000,0.000000,1.185195
1365,go2_001,104535000000,1776853893615473673,1776853893634356611,31107305939132,1776853789080.474,18.883,50.015,-0.090231,0.133170,0.000000,-1.624677,0.095437,0.004642,0.000000,0.000000,0.000000,0.953878
1366,go2_001,104575000000,1776853893656707847,1776853893684387562,31107355969916,1776853789081.708,27.680,50.031,-0.090516,0.122975,0.000000,-1.600708,0.110273,0.006959,0.000000,0.000000,0.000000,0.642986
1367,go2_001,104635000000,1776853893718248483,1776853893734398953,31107405981603,1776853789083.248,16.150,50.011,-0.087902,0.123519,0.000000,-1.572169,0.093630,0.009363,0.000000,0.000000,0.000000,0.427978
1368,go2_001,104695000000,1776853893779868410,1776853893784348860,31107455931320,1776853789084.868,4.480,49.950,-0.087120,0.123839,0.000000,-1.551375,0.080046,0.008093,0.000000,0.000000,0.000000,0.341883
1369,go2_001,104735000000,1776853893821041413,1776853893834411666,31107505994376,1776853789086.041,13.370,50.063,-0.087217,0.119958,0.000000,-1.551533,0.081700,0.007164,0.000000,0.000000,0.000000,0.031306
1370,go2_001,104795000000,1776853893872394260,1776853893884351958,31107555934319,1776853789077.394,11.958,49.940,-0.088149,0.111702,0.000000,-1.555821,0.090084,0.004503,0.000000,0.000000,0.000000,0.022698
1371,go2_001,104855000000,1776853893934529459,1776853893934810728,31107606393218,1776853789079.530,0.281,50.459,-0.089973,0.097973,0.000000,-1.534681,0.109134,0.000628,0.000000,0.000000,0.000000,0.428080
1372,go2_001,104895000000,1776853893975207159,1776853893984395994,31107655978885,1776853789080.207,9.189,49.585,-0.089618,0.098239,0.000000,-1.507323,0.098631,0.000467,0.000000,0.000000,0.000000,0.645506
1373,go2_001,104935000000,1776853894016445736,1776853894034368191,31107705950775,1776853789081.446,17.922,49.972,-0.089251,0.098490,0.000000,-1.466571,0.088967,0.000320,0.000000,0.000000,0.000000,0.945982
1374,go2_001,104995000000,1776853894078151815,1776853894084357594,31107755939976,1776853789083.152,6.206,49.989,-0.089652,0.094980,0.000000,-1.399142,0.084590,-0.002545,0.000000,0.000000,0.000000,1.148375
1375,go2_001,105035000000,1776853894119209151,1776853894134357505,31107805939845,1776853789084.209,15.148,50.000,-0.094817,0.097632,0.000000,-1.357448,0.070000,-0.015435,0.000000,0.000000,0.000000,1.050767
1376,go2_001,105095000000,1776853894180866711,1776853894184340848,31107855923219,1776853789085.867,3.474,49.983,-0.097394,0.095028,0.000000,-1.312357,0.065228,-0.021588,0.000000,0.000000,0.000000,0.651684
1377,go2_001,105155000000,1776853894222126049,1776853894234344671,31107905927116,1776853789067.126,12.219,50.004,-0.096706,0.095167,0.000000,-1.292665,0.055013,-0.019152,0.000000,0.000000,0.000000,0.274756
1378,go2_001,105195000000,1776853894273365250,1776853894284379396,31107955961951,1776853789078.365,11.014,50.035,-0.096352,0.095255,0.000000,-1.281344,0.048898,-0.017679,0.000000,0.000000,0.000000,0.376631
1379,go2_001,105235000000,1776853894314366468,1776853894334356616,31108005938925,1776853789079.366,19.990,49.977,-0.095681,0.087707,0.000000,-1.273549,0.060877,-0.018318,0.000000,0.000000,0.000000,0.178602
1380,go2_001,105295000000,1776853894375845980,1776853894384365370,31108055948095,1776853789080.846,8.519,50.009,-0.090717,0.076870,0.000000,-1.286828,0.078223,-0.010635,0.000000,0.000000,0.000000,-0.187634
1381,go2_001,105335000000,1776853894416994145,1776853894434373688,31108105956157,1776853789081.994,17.380,50.008,-0.088586,0.067033,0.000000,-1.283797,0.094161,-0.010336,0.000000,0.000000,0.000000,0.122602
1382,go2_001,105395000000,1776853894478916698,1776853894484332785,31108155915171,1776853789083.917,5.416,49.959,-0.088229,0.067446,0.000000,-1.246520,0.080592,-0.009170,0.000000,0.000000,0.000000,0.662207
1383,go2_001,105435000000,1776853894519744311,1776853894534369411,31108205951811,1776853789084.744,14.625,50.037,-0.087980,0.067701,0.000000,-1.208007,0.072452,-0.008465,0.000000,0.000000,0.000000,0.887266
1384,go2_001,105515000000,1776853894581532593,1776853894584320145,31108255902581,1776853789066.533,2.788,49.951,-0.085591,0.058730,0.000000,-1.116470,0.080226,-0.009543,0.000000,0.000000,0.000000,1.072115
1385,go2_001,105555000000,1776853894632813254,1776853894634354771,31108305937079,1776853789077.813,1.542,50.035,-0.082173,0.047698,0.000000,-1.096951,0.099462,-0.010119,0.000000,0.000000,0.000000,0.814470
1386,go2_001,105595000000,1776853894673893386,1776853894684368770,31108355951249,1776853789078.893,10.475,50.014,-0.081561,0.047002,0.000000,-1.076620,0.092434,-0.009923,0.000000,0.000000,0.000000,0.466639
1387,go2_001,105635000000,1776853894714955784,1776853894734350348,31108405932784,1776853789079.956,19.395,49.982,-0.081136,0.047395,0.000000,-1.061178,0.083351,-0.009137,0.000000,0.000000,0.000000,0.436928
1388,go2_001,105695000000,1776853894776820391,1776853894784371560,31108455954128,1776853789081.820,7.551,50.021,-0.080603,0.047917,0.000000,-1.023238,0.071084,-0.008070,0.000000,0.000000,0.000000,0.664469
1389,go2_001,105735000000,1776853894818068028,1776853894834366143,31108505948624,1776853789083.068,16.298,49.995,-0.076529,0.044193,0.000000,-1.003516,0.075666,-0.003102,0.000000,0.000000,0.000000,0.481498
1390,go2_001,105795000000,1776853894879567313,1776853894884347505,31108555929889,1776853789084.567,4.780,49.981,-0.069530,0.035755,0.000000,-0.998879,0.089411,0.002023,0.000000,0.000000,0.000000,0.126422
1391,go2_001,105835000000,1776853894920597817,1776853894934363915,31108605946347,1776853789085.598,13.766,50.016,-0.065958,0.032575,0.000000,-0.988625,0.091365,0.005169,0.000000,0.000000,0.000000,0.303805
1392,go2_001,105915000000,1776853894982770888,1776853894984317949,31108655900325,1776853789067.771,1.547,49.954,-0.065618,0.033361,0.000000,-0.947343,0.074119,0.004358,0.000000,0.000000,0.000000,0.598725
1393,go2_001,105955000000,1776853895033712673,1776853895034317333,31108705899850,1776853789078.713,0.605,49.999,-0.063306,0.027977,0.000000,-0.900593,0.080857,0.001510,0.000000,0.000000,0.000000,0.978350
1394,go2_001,105995000000,1776853895074672647,1776853895084374605,31108755957226,1776853789079.673,9.702,50.057,-0.059066,0.020943,0.000000,-0.864941,0.092428,0.000165,0.000000,0.000000,0.000000,0.915772
1395,go2_001,106035000000,1776853895115782170,1776853895134356155,31108805938475,1776853789080.782,18.574,49.982,-0.055228,0.010067,0.000000,-0.831949,0.110148,-0.007244,0.000000,0.000000,0.000000,0.814351
1396,go2_001,106095000000,1776853895177140170,1776853895184332833,31108855915160,1776853789082.140,7.193,49.977,-0.043344,0.008493,0.000000,-0.800904,0.113575,0.011812,0.000000,0.000000,0.000000,0.402378
1397,go2_001,106135000000,1776853895218209629,1776853895234344950,31108905927651,1776853789083.210,16.135,50.012,-0.043099,0.009185,0.000000,-0.781304,0.102785,0.010850,0.000000,0.000000,0.000000,0.493762
1398,go2_001,106195000000,1776853895279755392,1776853895284341786,31108955924216,1776853789084.755,4.586,49.997,-0.042811,0.010093,0.000000,-0.746973,0.088196,0.009544,0.000000,0.000000,0.000000,0.574648
1399,go2_001,106235000000,1776853895322400654,1776853895334397909,31109005980851,1776853789087.401,11.997,50.056,-0.039661,0.007471,0.000000,-0.735256,0.089741,0.009475,0.000000,0.000000,0.000000,0.301256
1400,go2_001,106315000000,1776853895382790378,1776853895384334125,31109055916427,1776853789067.790,1.544,49.936,-0.025362,-0.003038,0.000000,-0.725379,0.113141,0.014287,0.000000,0.000000,0.000000,0.169535
1401,go2_001,106335000000,1776853895403967637,1776853895434413821,31109105996362,1776853789068.968,30.446,50.080,-0.022446,-0.008156,0.000000,-0.719186,0.121723,0.010049,0.000000,0.000000,0.000000,0.240181
1402,go2_001,106395000000,1776853895475756686,1776853895484392313,31109155975088,1776853789080.757,8.636,49.978,-0.020137,-0.009177,0.000000,-0.684064,0.111248,0.009481,0.000000,0.000000,0.000000,0.575580
1403,go2_001,106435000000,1776853895517402684,1776853895534723801,31109206306351,1776853789082.403,17.321,50.331,-0.020086,-0.008607,0.000000,-0.651886,0.100606,0.008679,0.000000,0.000000,0.000000,0.753262
1404,go2_001,106495000000,1776853895579322592,1776853895584334855,31109255917202,1776853789084.323,5.012,49.611,-0.016505,-0.011750,0.000000,-0.588780,0.098200,0.006137,0.000000,0.000000,0.000000,1.057927
1405,go2_001,106535000000,1776853895620102746,1776853895634335797,31109305918121,1776853789085.103,14.233,50.001,-0.015254,-0.016362,0.000000,-0.546551,0.098956,-0.001733,0.000000,0.000000,0.000000,1.052754
1406,go2_001,106615000000,1776853895682040199,1776853895684308459,31109355890781,1776853789067.040,2.268,49.973,-0.003971,-0.021186,0.000000,-0.492533,0.107253,0.003215,0.000000,0.000000,0.000000,0.620101
1407,go2_001,106655000000,1776853895723149539,1776853895734353954,31109405936633,1776853789068.149,11.204,50.045,-0.003878,-0.020495,0.000000,-0.489934,0.096907,0.002914,0.000000,0.000000,0.000000,0.405070
1408,go2_001,106695000000,1776853895764982780,1776853895784371039,31109455953422,1776853789069.983,19.388,50.017,-0.003809,-0.019873,0.000000,-0.471752,0.087392,0.002637,0.000000,0.000000,0.000000,0.390228
1409,go2_001,106735000000,1776853895816566084,1776853895834347522,31109505930107,1776853789081.566,17.781,49.976,-0.002054,-0.020574,0.000000,-0.462791,0.083661,0.002261,0.000000,0.000000,0.000000,0.136453
1410,go2_001,106795000000,1776853895878193564,1776853895884343825,31109555926169,1776853789083.194,6.150,49.996,-0.009511,-0.018298,0.000000,-0.477599,0.054423,-0.004328,0.000000,0.000000,0.000000,-0.280919
1411,go2_001,106835000000,1776853895919464632,1776853895934362206,31109605944641,1776853789084.465,14.898,50.018,-0.010654,-0.022620,0.000000,-0.470806,0.051390,-0.014494,0.000000,0.000000,0.000000,0.171877
1412,go2_001,106915000000,1776853895981872158,1776853895984413336,31109655996043,1776853789066.872,2.541,50.051,-0.010594,-0.022198,0.000000,-0.413734,0.040241,-0.012317,0.000000,0.000000,0.000000,0.709618
1413,go2_001,106955000000,1776853896022995733,1776853896034358749,31109705941277,1776853789067.996,11.363,49.945,-0.010567,-0.022021,0.000000,-0.390717,0.035356,-0.011350,0.000000,0.000000,0.000000,0.864503
1414,go2_001,106995000000,1776853896064565378,1776853896084392914,31109755975447,1776853789069.565,19.828,50.034,-0.006086,-0.024229,0.000000,-0.343262,0.042690,-0.010656,0.000000,0.000000,0.000000,1.011216
1415,go2_001,107035000000,1776853896115631019,1776853896134357074,31109805939491,1776853789080.631,18.726,49.964,0.001986,-0.028217,0.000000,-0.278811,0.058745,-0.010470,0.000000,0.000000,0.000000,1.162088
1416,go2_001,107095000000,1776853896177225411,1776853896184334863,31109855917278,1776853789082.225,7.109,49.978,0.001686,-0.032980,0.000000,-0.232720,0.053775,-0.020725,0.000000,0.000000,0.000000,0.660338
1417,go2_001,107135000000,1776853896218168734,1776853896234358964,31109905941370,1776853789083.169,16.190,50.024,0.001827,-0.032579,0.000000,-0.216156,0.047864,-0.019057,0.000000,0.000000,0.000000,0.440744
1418,go2_001,107195000000,1776853896280001853,1776853896284366250,31109955949134,1776853789085.002,4.364,50.007,0.001989,-0.032081,0.000000,-0.193632,0.039905,-0.016790,0.000000,0.000000,0.000000,0.327879
1419,go2_001,107235000000,1776853896321760828,1776853896334375367,31110005957810,1776853789086.761,12.615,50.009,0.006958,-0.034110,0.000000,-0.195806,0.047430,-0.016709,0.000000,0.000000,0.000000,0.036687
1420,go2_001,107315000000,1776853896384679083,1776853896384930361,31110056512717,1776853789069.679,0.251,50.555,0.024200,-0.033718,0.000000,-0.213534,0.074347,-0.002866,0.000000,0.000000,0.000000,-0.242199
1421,go2_001,107335000000,1776853896415093327,1776853896434412859,31110105995490,1776853789080.094,19.320,49.482,0.028839,-0.035663,0.000000,-0.210718,0.082596,-0.004332,0.000000,0.000000,0.000000,0.084224
1422,go2_001,107395000000,1776853896476723413,1776853896484333296,31110155915699,1776853789081.723,7.610,49.920,0.028629,-0.035224,0.000000,-0.165490,0.070591,-0.003781,0.000000,0.000000,0.000000,0.790697
1423,go2_001,107435000000,1776853896518235587,1776853896534394293,31110205976655,1776853789083.236,16.159,50.061,0.028513,-0.034919,0.000000,-0.124254,0.063392,-0.003449,0.000000,0.000000,0.000000,0.951379
1424,go2_001,107495000000,1776853896580065238,1776853896584536991,31110256119777,1776853789085.065,4.472,50.143,0.030874,-0.035627,0.000000,-0.052129,0.059748,-0.004686,0.000000,0.000000,0.000000,1.209536
1425,go2_001,107535000000,1776853896621303191,1776853896634359818,31110305942716,1776853789086.303,13.057,49.823,0.028438,-0.042427,0.000000,-0.009153,0.051255,-0.021741,0.000000,0.000000,0.000000,1.023910
1426,go2_001,107615000000,1776853896683196001,1776853896684359727,31110355942584,1776853789068.196,1.164,50.000,0.028646,-0.046006,0.000000,0.026728,0.042252,-0.027482,0.000000,0.000000,0.000000,0.461929
1427,go2_001,107655000000,1776853896724244136,1776853896734378680,31110405961327,1776853789069.244,10.135,50.019,0.028725,-0.045679,0.000000,0.041271,0.037389,-0.025214,0.000000,0.000000,0.000000,0.332118
1428,go2_001,107695000000,1776853896775508997,1776853896784342362,31110455924930,1776853789080.509,8.833,49.964,0.028792,-0.045393,0.000000,0.063618,0.032933,-0.023121,0.000000,0.000000,0.000000,0.422177
1429,go2_001,107735000000,1776853896816752168,1776853896834354991,31110505937421,1776853789081.752,17.603,50.013,0.035212,-0.047109,0.000000,0.073482,0.043814,-0.024759,0.000000,0.000000,0.000000,0.290792
1430,go2_001,107795000000,1776853896878230795,1776853896884323959,31110555906323,1776853789083.231,6.093,49.969,0.049181,-0.042502,0.000000,0.060422,0.068343,-0.010542,0.000000,0.000000,0.000000,-0.188998
1431,go2_001,107835000000,1776853896919467554,1776853896934353654,31110605936011,1776853789084.468,14.886,50.030,0.058896,-0.042528,0.000000,0.062808,0.084352,-0.009849,0.000000,0.000000,0.000000,0.118868
1432,go2_001,107915000000,1776853896981728137,1776853896984402946,31110655985784,1776853789066.728,2.675,50.049,0.058497,-0.041993,0.000000,0.104562,0.068604,-0.008160,0.000000,0.000000,0.000000,0.533566
1433,go2_001,107955000000,1776853897022899321,1776853897034429625,31110706012283,1776853789067.899,11.530,50.027,0.058321,-0.041776,0.000000,0.129034,0.061670,-0.007414,0.000000,0.000000,0.000000,0.842319
1434,go2_001,107995000000,1776853897063934371,1776853897084377172,31110755959586,1776853789068.934,20.443,49.948,0.060260,-0.041527,0.000000,0.170898,0.059954,-0.007084,0.000000,0.000000,0.000000,1.099911
1435,go2_001,108035000000,1776853897105244731,1776853897134346305,31110805929144,1776853789070.245,29.102,49.969,0.062925,-0.044000,0.000000,0.225427,0.060142,-0.013295,0.000000,0.000000,0.000000,0.996378
1436,go2_001,108095000000,1776853897177137035,1776853897184366252,31110855948567,1776853789082.137,7.229,50.020,0.070876,-0.045003,0.000000,0.276829,0.068712,-0.017040,0.000000,0.000000,0.000000,0.563955
1437,go2_001,108135000000,1776853897218116100,1776853897234374562,31110905957130,1776853789083.116,16.258,50.008,0.070707,-0.044555,0.000000,0.288551,0.061788,-0.015568,0.000000,0.000000,0.000000,0.339000
1438,go2_001,108195000000,1776853897280018168,1776853897284338849,31110955921366,1776853789085.018,4.321,49.964,0.070478,-0.044013,0.000000,0.314356,0.052443,-0.013574,0.000000,0.000000,0.000000,0.484454
1439,go2_001,108235000000,1776853897321129489,1776853897334395222,31111005977764,1776853789086.129,13.266,50.056,0.077252,-0.043765,0.000000,0.329750,0.062478,-0.015498,0.000000,0.000000,0.000000,0.390206
1440,go2_001,108315000000,1776853897382847346,1776853897384327369,31111055909723,1776853789067.847,1.480,49.932,0.092211,-0.036297,0.000000,0.324826,0.087182,-0.005225,0.000000,0.000000,0.000000,-0.030665
1441,go2_001,108355000000,1776853897423980511,1776853897434410638,31111105993193,1776853789068.980,10.430,50.083,0.096581,-0.035226,0.000000,0.333756,0.089571,-0.005402,0.000000,0.000000,0.000000,0.205409
1442,go2_001,108390000000,1776853897465293941,1776853897484432502,31111156015679,1776853789075.294,19.139,50.022,0.095882,-0.035100,0.000000,0.355713,0.081002,-0.004860,0.000000,0.000000,0.000000,0.505447
1443,go2_001,108435000000,1776853897517255495,1776853897534404954,31111205987658,1776853789082.256,17.149,49.972,0.095973,-0.034738,0.000000,0.395977,0.073102,-0.004353,0.000000,0.000000,0.000000,0.738619
1444,go2_001,108495000000,1776853897578953082,1776853897584406343,31111255988943,1776853789083.953,5.453,50.001,0.099327,-0.032893,0.000000,0.458493,0.071872,-0.003146,0.000000,0.000000,0.000000,1.081811
1445,go2_001,108535000000,1776853897620030851,1776853897634396048,31111305978673,1776853789085.031,14.365,49.990,0.108699,-0.032376,0.000000,0.496076,0.086195,-0.009681,0.000000,0.000000,0.000000,0.945666
1446,go2_001,108615000000,1776853897682637021,1776853897684331291,31111355913796,1776853789067.637,1.694,49.935,0.113322,-0.030101,0.000000,0.542557,0.081927,-0.009231,0.000000,0.000000,0.000000,0.488208
1447,go2_001,108655000000,1776853897723770770,1776853897734369647,31111405952003,1776853789068.771,10.599,50.038,0.112962,-0.029759,0.000000,0.547809,0.073931,-0.008373,0.000000,0.000000,0.000000,0.397860
1448,go2_001,108695000000,1776853897765119664,1776853897784354129,31111455936570,1776853789070.120,19.234,49.984,0.112634,-0.029462,0.000000,0.569275,0.066579,-0.007584,0.000000,0.000000,0.000000,0.539461
1449,go2_001,108735000000,1776853897806432089,1776853897834375524,31111505958005,1776853789071.432,27.943,50.021,0.116975,-0.026972,0.000000,0.602604,0.071599,-0.006868,0.000000,0.000000,0.000000,0.647641
1450,go2_001,108775000000,1776853897860952764,1776853897884423819,31111556006715,1776853789085.953,23.471,50.048,0.116375,-0.021774,0.000000,0.614161,0.069306,0.004209,0.000000,0.000000,0.000000,0.266197
1451,go2_001,108825000000,1776853897913217645,1776853897934429710,31111606012730,1776853789088.218,21.212,50.006,0.116562,-0.014225,0.000000,0.621137,0.069310,0.018071,0.000000,0.000000,0.000000,0.258960
1452,go2_001,108880000000,1776853897975741028,1776853897984361713,31111655944400,1776853789095.741,8.621,49.932,0.116843,-0.011155,0.000000,0.645606,0.064780,0.021182,0.000000,0.000000,0.000000,0.359791
1453,go2_001,108940000000,1776853898028075366,1776853898034361397,31111705944079,1776853789088.075,6.286,50.000,0.116416,-0.011013,0.000000,0.681130,0.055296,0.018873,0.000000,0.000000,0.000000,0.660092
1454,go2_001,108980000000,1776853898069046305,1776853898084355072,31111755937596,1776853789089.046,15.309,49.994,0.118461,-0.009041,0.000000,0.726476,0.056681,0.018193,0.000000,0.000000,0.000000,1.010956
1455,go2_001,109045000000,1776853898131120344,1776853898134356151,31111805938769,1776853789086.120,3.236,50.001,0.130163,-0.001571,0.000000,0.782250,0.079904,0.013803,0.000000,0.000000,0.000000,0.774450
1456,go2_001,109085000000,1776853898172096029,1776853898184389209,31111855971662,1776853789087.096,12.293,50.033,0.140916,0.007926,0.000000,0.804066,0.106060,0.014631,0.000000,0.000000,0.000000,0.563078
1457,go2_001,109145000000,1776853898233854831,1776853898234232706,31111905814940,1776853789088.855,0.378,49.843,0.139118,0.010220,0.000000,0.819315,0.092709,0.017634,0.000000,0.000000,0.000000,0.237245
1458,go2_001,109185000000,1776853898275177948,1776853898284388130,31111955970551,1776853789090.178,9.210,50.155,0.138590,0.010324,0.000000,0.832953,0.083854,0.016252,0.000000,0.000000,0.000000,0.376589
1459,go2_001,109245000000,1776853898326821618,1776853898334347106,31112005929663,1776853789081.822,7.525,49.959,0.137924,0.010415,0.000000,0.854039,0.071881,0.014372,0.000000,0.000000,0.000000,0.388493
1460,go2_001,109285000000,1776853898368062879,1776853898384407347,31112055989961,1776853789083.063,16.344,50.060,0.142922,0.016991,0.000000,0.869120,0.084444,0.015944,0.000000,0.000000,0.000000,0.272337
1461,go2_001,109345000000,1776853898429639085,1776853898434409525,31112105991869,1776853789084.639,4.770,50.002,0.152320,0.025129,0.000000,0.875532,0.101571,0.011507,0.000000,0.000000,0.000000,0.182210
1462,go2_001,109380000000,1776853898471197093,1776853898484383694,31112155966133,1776853789091.197,13.187,49.974,0.153507,0.028206,0.000000,0.884545,0.100741,0.013124,0.000000,0.000000,0.000000,0.300147
1463,go2_001,109445000000,1776853898532834529,1776853898534313244,31112205895648,1776853789087.835,1.479,49.930,0.153121,0.028603,0.000000,0.935287,0.086769,0.011602,0.000000,0.000000,0.000000,0.857401
1464,go2_001,109485000000,1776853898574180614,1776853898584373913,31112255956259,1776853789089.181,10.193,50.061,0.154519,0.033583,0.000000,0.981915,0.090093,0.015241,0.000000,0.000000,0.000000,1.083188
1465,go2_001,109525000000,1776853898615220945,1776853898634395159,31112305977974,1776853789090.221,19.174,50.021,0.158909,0.029770,0.000000,1.026656,0.082110,-0.000556,0.000000,0.000000,0.000000,1.063313
1466,go2_001,109585000000,1776853898667339886,1776853898684367657,31112355950340,1776853789082.340,17.028,49.972,0.165366,0.027189,0.000000,1.073387,0.075582,-0.017058,0.000000,0.000000,0.000000,0.778978
1467,go2_001,109645000000,1776853898731123645,1776853898734363622,31112405946183,1776853789086.124,3.240,49.996,0.166515,0.029219,0.000000,1.100656,0.070008,-0.016056,0.000000,0.000000,0.000000,0.409789
1468,go2_001,109680000000,1776853898770447342,1776853898784349000,31112455931538,1776853789090.447,13.902,49.985,0.165870,0.029142,0.000000,1.116134,0.063027,-0.014736,0.000000,0.000000,0.000000,0.403898
1469,go2_001,109745000000,1776853898832154343,1776853898834243620,31112505825990,1776853789087.155,2.089,49.895,0.167866,0.033367,0.000000,1.136141,0.063416,-0.012756,0.000000,0.000000,0.000000,0.256443
1470,go2_001,109785000000,1776853898873448848,1776853898884375110,31112555957558,1776853789088.449,10.926,50.131,0.169408,0.038429,0.000000,1.129437,0.069138,-0.009254,0.000000,0.000000,0.000000,-0.099287
1471,go2_001,109820000000,1776853898914880836,1776853898934373311,31112605955932,1776853789094.881,19.492,49.998,0.171819,0.047502,0.000000,1.120340,0.084336,-0.003172,0.000000,0.000000,0.000000,-0.168040
1472,go2_001,109880000000,1776853898977192148,1776853898984468274,31112656050985,1776853789097.192,7.276,50.095,0.170306,0.048701,0.000000,1.137400,0.073592,0.000622,0.000000,0.000000,0.000000,0.368858
1473,go2_001,109940000000,1776853899029232842,1776853899034373915,31112705956323,1776853789089.233,5.141,49.906,0.169896,0.048621,0.000000,1.192194,0.062850,0.000584,0.000000,0.000000,0.000000,0.929845
1474,go2_001,109980000000,1776853899070256006,1776853899084472114,31112756055007,1776853789090.256,14.216,50.098,0.175122,0.057733,0.000000,1.242239,0.081130,-0.001224,0.000000,0.000000,0.000000,1.209015
1475,go2_001,110040000000,1776853899134182248,1776853899134406577,31112805989052,1776853789094.182,0.224,49.934,0.184086,0.072694,0.000000,1.316478,0.109946,-0.006549,0.000000,0.000000,0.000000,1.097342
1476,go2_001,110080000000,1776853899174536605,1776853899184383304,31112855965824,1776853789094.537,9.847,49.977,0.184355,0.083479,0.000000,1.341050,0.123675,0.001778,0.000000,0.000000,0.000000,0.657649
1477,go2_001,110120000000,1776853899217297859,1776853899234435908,31112906018747,1776853789097.298,17.138,50.053,0.181099,0.083202,0.000000,1.359646,0.109770,0.006537,0.000000,0.000000,0.000000,0.454360
1478,go2_001,110180000000,1776853899268757627,1776853899284329387,31112955911778,1776853789088.758,15.572,49.893,0.180047,0.083031,0.000000,1.379649,0.094657,0.005796,0.000000,0.000000,0.000000,0.364581
1479,go2_001,110240000000,1776853899330823697,1776853899334369099,31113005951594,1776853789090.824,3.545,50.040,0.177425,0.088260,0.000000,1.382572,0.091789,0.013248,0.000000,0.000000,0.000000,0.023192
1480,go2_001,110280000000,1776853899371820559,1776853899384391374,31113055973823,1776853789091.821,12.571,50.022,0.177364,0.098628,0.000000,1.381623,0.106786,0.018489,0.000000,0.000000,0.000000,0.009169
1481,go2_001,110340000000,1776853899434013371,1776853899434199532,31113105782512,1776853789094.013,0.186,49.808,0.177772,0.103983,0.000000,1.396566,0.104777,0.017798,0.000000,0.000000,0.000000,0.412669
1482,go2_001,110380000000,1776853899475223532,1776853899484391302,31113155974206,1776853789095.224,9.168,50.192,0.176894,0.106873,0.000000,1.422289,0.101526,0.019276,0.000000,0.000000,0.000000,0.608640
1483,go2_001,110420000000,1776853899516529371,1776853899534358393,31113205940911,1776853789096.529,17.829,49.967,0.176493,0.106600,0.000000,1.460989,0.091841,0.017713,0.000000,0.000000,0.000000,0.890836
1484,go2_001,110480000000,1776853899568106358,1776853899584403421,31113255986233,1776853789088.106,16.297,50.045,0.175071,0.111511,0.000000,1.524531,0.090708,0.019869,0.000000,0.000000,0.000000,1.143600
1485,go2_001,110540000000,1776853899629878042,1776853899634340935,31113305923460,1776853789089.878,4.463,49.938,0.179775,0.121595,0.000000,1.590195,0.104117,0.009368,0.000000,0.000000,0.000000,0.894662
1486,go2_001,110580000000,1776853899671151148,1776853899684358627,31113355940962,1776853789091.151,13.207,50.018,0.177928,0.134656,0.000000,1.615147,0.124662,0.015571,0.000000,0.000000,0.000000,0.649516
1487,go2_001,110640000000,1776853899733394008,1776853899734268294,31113405850616,1776853789093.394,0.874,49.910,0.173749,0.140739,0.000000,1.637183,0.121951,0.021940,0.000000,0.000000,0.000000,0.341256
1488,go2_001,110680000000,1776853899774763256,1776853899784345681,31113455928123,1776853789094.763,9.582,50.077,0.173069,0.140291,0.000000,1.646084,0.110565,0.020126,0.000000,0.000000,0.000000,0.235165
1489,go2_001,110720000000,1776853899815889275,1776853899834365772,31113505948334,1776853789095.889,18.476,50.020,0.172521,0.139887,0.000000,1.653997,0.100085,0.018451,0.000000,0.000000,0.000000,0.191683
1490,go2_001,110780000000,1776853899878169007,1776853899884439002,31113556021749,1776853789098.169,6.270,50.073,0.173660,0.146309,0.000000,1.657986,0.101972,0.012683,0.000000,0.000000,0.000000,0.106635
1491,go2_001,110840000000,1776853899929703692,1776853899934414336,31113605997018,1776853789089.704,4.711,49.975,0.174968,0.164275,0.000000,1.670463,0.129688,0.006874,0.000000,0.000000,0.000000,0.249794
1492,go2_001,110880000000,1776853899970956760,1776853899984368355,31113655950850,1776853789090.957,13.412,49.954,0.173901,0.167567,0.000000,1.686797,0.126085,0.007605,0.000000,0.000000,0.000000,0.396514
1493,go2_001,110940000000,1776853900032672341,1776853900034326109,31113705908433,1776853789092.672,1.654,49.958,0.173296,0.166967,0.000000,1.738507,0.108768,0.006602,0.000000,0.000000,0.000000,0.907743
1494,go2_001,110980000000,1776853900073882314,1776853900084351621,31113755933995,1776853789093.882,10.469,50.026,0.170817,0.171457,0.000000,1.782804,0.110216,0.010007,0.000000,0.000000,0.000000,1.117504
1495,go2_001,111020000000,1776853900115013297,1776853900134373014,31113805955531,1776853789095.013,19.360,50.021,0.175643,0.168539,0.000000,1.827045,0.092827,-0.002741,0.000000,0.000000,0.000000,1.063194
1496,go2_001,111080000000,1776853900178185520,1776853900184405658,31113855988125,1776853789098.186,6.220,50.033,0.181520,0.172009,0.000000,1.881257,0.086774,-0.018819,0.000000,0.000000,0.000000,0.818962
1497,go2_001,111140000000,1776853900229582475,1776853900234319102,31113905901530,1776853789089.583,4.737,49.913,0.180008,0.174555,0.000000,1.900941,0.080604,-0.016212,0.000000,0.000000,0.000000,0.263317
1498,go2_001,111180000000,1776853900270817048,1776853900284364036,31113955946514,1776853789090.817,13.547,50.045,0.179529,0.174314,0.000000,1.911604,0.072465,-0.014957,0.000000,0.000000,0.000000,0.325618
1499,go2_001,111240000000,1776853900332377489,1776853900334323972,31114005906406,1776853789092.378,1.946,49.960,0.177286,0.182066,0.000000,1.936562,0.080554,-0.013609,0.000000,0.000000,0.000000,0.381955
1500,go2_001,111280000000,1776853900374351094,1776853900384440043,31114056022814,1776853789094.351,10.089,50.116,0.172357,0.188797,0.000000,1.937788,0.090833,-0.006161,0.000000,0.000000,0.000000,0.081691
1501,go2_001,111320000000,1776853900415309247,1776853900434350712,31114105933130,1776853789095.309,19.041,49.911,0.169639,0.197274,0.000000,1.939541,0.103090,-0.005712,0.000000,0.000000,0.000000,0.095467
1502,go2_001,111380000000,1776853900477237577,1776853900484360246,31114155942755,1776853789097.238,7.123,50.010,0.172467,0.195882,0.000000,1.962265,0.084690,-0.011436,0.000000,0.000000,0.000000,0.438437
1503,go2_001,111420000000,1776853900518190229,1776853900534351188,31114205933702,1776853789098.190,16.161,49.991,0.170283,0.200551,0.000000,1.991599,0.088802,-0.009807,0.000000,0.000000,0.000000,0.730802
1504,go2_001,111480000000,1776853900570022365,1776853900584368121,31114255950622,1776853789090.022,14.346,50.017,0.162078,0.212666,0.000000,2.041523,0.109180,-0.001405,0.000000,0.000000,0.000000,1.003724
1505,go2_001,111540000000,1776853900632151430,1776853900634325788,31114305908111,1776853789092.152,2.174,49.958,0.157405,0.225817,0.000000,2.109803,0.126900,-0.004205,0.000000,0.000000,0.000000,0.902559
1506,go2_001,111580000000,1776853900673335134,1776853900684375497,31114355958121,1776853789093.335,11.040,50.050,0.159967,0.225367,0.000000,2.132299,0.112611,-0.010685,0.000000,0.000000,0.000000,0.567106
1507,go2_001,111620000000,1776853900714429480,1776853900734348251,31114405930686,1776853789094.429,19.919,49.973,0.159457,0.224825,0.000000,2.144084,0.101867,-0.009833,0.000000,0.000000,0.000000,0.310244
1508,go2_001,111680000000,1776853900776174933,1776853900784371288,31114455953617,1776853789096.175,8.196,50.023,0.158850,0.224121,0.000000,2.173940,0.087343,-0.008674,0.000000,0.000000,0.000000,0.568282
1509,go2_001,111720000000,1776853900817334593,1776853900834372452,31114505954865,1776853789097.334,17.038,50.001,0.157168,0.226767,0.000000,2.202552,0.086536,-0.008508,0.000000,0.000000,0.000000,0.635734
1510,go2_001,111780000000,1776853900879392294,1776853900884361941,31114555944323,1776853789099.392,4.970,49.989,0.150614,0.231111,0.000000,2.219414,0.090717,-0.000804,0.000000,0.000000,0.000000,0.277314
1511,go2_001,111840000000,1776853900930863589,1776853900934328280,31114605910877,1776853789090.864,3.465,49.966,0.142774,0.236088,0.000000,2.234708,0.096850,0.007416,0.000000,0.000000,0.000000,0.294345
1512,go2_001,111880000000,1776853900971858176,1776853900984343441,31114655925852,1776853789091.858,12.485,50.015,0.142604,0.235611,0.000000,2.251482,0.087369,0.006821,0.000000,0.000000,0.000000,0.359870
1513,go2_001,111940000000,1776853901033544118,1776853901034282821,31114705865253,1776853789093.544,0.739,49.939,0.142408,0.234989,0.000000,2.285006,0.074561,0.006012,0.000000,0.000000,0.000000,0.612144
1514,go2_001,111980000000,1776853901074746913,1776853901084389293,31114755971863,1776853789094.747,9.642,50.106,0.136196,0.240146,0.000000,2.321661,0.085448,0.009959,0.000000,0.000000,0.000000,0.881455
1515,go2_001,112020000000,1776853901116082131,1776853901134387622,31114805970114,1776853789096.082,18.305,49.998,0.131976,0.248127,0.000000,2.356612,0.098419,0.005056,0.000000,0.000000,0.000000,0.847088
1516,go2_001,112080000000,1776853901177575413,1776853901184437194,31114856019751,1776853789097.575,6.862,50.050,0.121336,0.258412,0.000000,2.396670,0.118838,0.007620,0.000000,0.000000,0.000000,0.590949
1517,go2_001,112120000000,1776853901218889688,1776853901234346528,31114905928919,1776853789098.890,15.457,49.909,0.119662,0.254521,0.000000,2.413280,0.104086,0.014130,0.000000,0.000000,0.000000,0.418823
1518,go2_001,112180000000,1776853901270303133,1776853901284407749,31114955990402,1776853789090.303,14.105,50.061,0.119482,0.253605,0.000000,2.441494,0.089279,0.012432,0.000000,0.000000,0.000000,0.543703
1519,go2_001,112240000000,1776853901332026405,1776853901334295760,31115005878000,1776853789092.026,2.269,49.888,0.113400,0.256949,0.000000,2.468163,0.092617,0.014510,0.000000,0.000000,0.000000,0.354799
1520,go2_001,112280000000,1776853901373332057,1776853901384376693,31115055959087,1776853789093.332,11.045,50.081,0.105411,0.259336,0.000000,2.478380,0.101299,0.021697,0.000000,0.000000,0.000000,0.266913
1521,go2_001,112320000000,1776853901414445473,1776853901434351227,31115105933664,1776853789094.446,19.906,49.975,0.097555,0.266806,0.000000,2.486516,0.117559,0.019263,0.000000,0.000000,0.000000,0.239966
1522,go2_001,112380000000,1776853901475973123,1776853901484347055,31115155929420,1776853789095.973,8.374,49.996,0.092318,0.272444,0.000000,2.509446,0.119517,0.014376,0.000000,0.000000,0.000000,0.416265
1523,go2_001,112420000000,1776853901517112995,1776853901534351761,31115205934222,1776853789097.113,17.239,50.005,0.087599,0.273848,0.000000,2.536373,0.119267,0.016933,0.000000,0.000000,0.000000,0.613197
1524,go2_001,112480000000,1776853901578793218,1776853901584500766,31115256085498,1776853789098.793,5.708,50.149,0.080877,0.276162,0.000000,2.592579,0.119847,0.019070,0.000000,0.000000,0.000000,0.929227
1525,go2_001,112540000000,1776853901630731886,1776853901634326187,31115305908430,1776853789090.732,3.594,49.825,0.086657,0.280048,0.000000,2.648978,0.099634,-0.000451,0.000000,0.000000,0.000000,0.995031
1526,go2_001,112580000000,1776853901671564398,1776853901684349181,31115355931562,1776853789091.564,12.785,50.023,0.089609,0.283182,0.000000,2.684331,0.089385,-0.011763,0.000000,0.000000,0.000000,0.880869
1527,go2_001,112640000000,1776853901733172460,1776853901734270135,31115405852574,1776853789093.172,1.098,49.921,0.089107,0.283998,0.000000,2.717301,0.078817,-0.013258,0.000000,0.000000,0.000000,0.471022
1528,go2_001,112680000000,1776853901774289102,1776853901784353045,31115455935720,1776853789094.289,10.064,50.083,0.088956,0.283473,0.000000,2.733514,0.070725,-0.012240,0.000000,0.000000,0.000000,0.446263
1529,go2_001,112720000000,1776853901815466785,1776853901834364564,31115505947352,1776853789095.467,18.898,50.012,0.084464,0.285429,0.000000,2.750168,0.075126,-0.010786,0.000000,0.000000,0.000000,0.361374
1530,go2_001,112780000000,1776853901877236083,1776853901884370184,31115555952733,1776853789097.236,7.134,50.006,0.077591,0.287024,0.000000,2.740693,0.079872,-0.006124,0.000000,0.000000,0.000000,-0.167419
1531,go2_001,112820000000,1776853901929573324,1776853901936652684,31115608235482,1776853789109.573,7.079,52.282,0.068633,0.289390,0.000000,2.730522,0.093125,-0.001352,0.000000,0.000000,0.000000,-0.192125
1532,go2_001,112860000000,1776853901971238308,1776853901984380285,31115655962960,1776853789111.238,13.142,47.728,0.065213,0.292462,0.000000,2.736416,0.094506,-0.004421,0.000000,0.000000,0.000000,0.174536
1533,go2_001,112920000000,1776853902032943638,1776853902034350729,31115705933033,1776853789112.944,1.407,49.970,0.065137,0.292021,0.000000,2.785301,0.081286,-0.003963,0.000000,0.000000,0.000000,0.808045
1534,go2_001,112960000000,1776853902073920324,1776853902084341348,31115755923922,1776853789113.920,10.421,49.991,0.065089,0.291703,0.000000,2.829176,0.073262,-0.003682,0.000000,0.000000,0.000000,0.982444
1535,go2_001,113025000000,1776853902125358849,1776853902134352895,31115805935354,1776853789100.359,8.994,50.012,0.056364,0.295066,0.000000,2.883933,0.083538,-0.003743,0.000000,0.000000,0.000000,1.142397
1536,go2_001,113065000000,1776853902166458830,1776853902184391412,31115855974381,1776853789101.459,17.933,50.039,0.046647,0.298548,0.000000,2.934629,0.099784,-0.003733,0.000000,0.000000,0.000000,0.960579
1537,go2_001,113125000000,1776853902228969856,1776853902234361689,31115905944244,1776853789103.970,5.392,49.970,0.040521,0.299336,0.000000,2.970723,0.099719,-0.002410,0.000000,0.000000,0.000000,0.490379
1538,go2_001,113165000000,1776853902269853935,1776853902284361746,31115955944151,1776853789104.854,14.508,50.000,0.040553,0.298698,0.000000,2.979370,0.090045,-0.002235,0.000000,0.000000,0.000000,0.245372
1539,go2_001,113225000000,1776853902331448291,1776853902334351107,31116005933548,1776853789106.448,2.903,49.989,0.038104,0.298856,0.000000,2.995728,0.083371,-0.002437,0.000000,0.000000,0.000000,0.203105
1540,go2_001,113265000000,1776853902372802555,1776853902384366223,31116055948869,1776853789107.803,11.564,50.015,0.030605,0.298641,0.000000,2.989931,0.092332,0.001978,0.000000,0.000000,0.000000,-0.089942
1541,go2_001,113325000000,1776853902424298104,1776853902434341550,31116105923979,1776853789099.298,10.043,49.975,0.016114,0.298865,0.000000,2.980240,0.112060,0.007776,0.000000,0.000000,0.000000,-0.062603
1542,go2_001,113365000000,1776853902465376738,1776853902484347114,31116155929562,1776853789100.377,18.970,50.006,0.019540,0.300813,0.000000,2.999017,0.095345,0.000418,0.000000,0.000000,0.000000,0.410011
1543,go2_001,113425000000,1776853902527479245,1776853902534368316,31116205950914,1776853789102.479,6.889,50.021,0.019798,0.300344,0.000000,3.047576,0.081569,0.000341,0.000000,0.000000,0.000000,0.808325
1544,go2_001,113465000000,1776853902568457948,1776853902584364999,31116255947404,1776853789103.458,15.907,49.997,0.019952,0.300012,0.000000,3.082580,0.073301,0.000295,0.000000,0.000000,0.000000,0.833000
1545,go2_001,113525000000,1776853902630575771,1776853902634344278,31116305927037,1776853789105.576,3.769,49.979,0.011043,0.300155,0.000000,-3.137273,0.083227,0.001781,0.000000,0.000000,0.000000,1.076427
1546,go2_001,113565000000,1776853902671756733,1776853902684385288,31116355967699,1776853789106.757,12.629,50.041,-0.000132,0.302087,0.000000,-3.099708,0.101853,-0.000662,0.000000,0.000000,0.000000,0.939634
1547,go2_001,113625000000,1776853902733608512,1776853902734259644,31116405841827,1776853789108.608,0.651,49.874,-0.005280,0.300246,0.000000,-3.070767,0.099157,0.002588,0.000000,0.000000,0.000000,0.396899
1548,go2_001,113665000000,1776853902764673919,1776853902784464834,31116456048125,1776853789099.674,19.791,50.205,-0.005018,0.299690,0.000000,-3.059371,0.089468,0.002361,0.000000,0.000000,0.000000,0.344960
1549,go2_001,113725000000,1776853902826241509,1776853902834306395,31116505888736,1776853789101.242,8.065,49.842,-0.007650,0.299253,0.000000,-3.035109,0.083502,0.001701,0.000000,0.000000,0.000000,0.293280
1550,go2_001,113765000000,1776853902867490685,1776853902884367315,31116555949726,1776853789102.491,16.877,50.061,-0.016751,0.297199,0.000000,-3.040355,0.096909,0.005761,0.000000,0.000000,0.000000,-0.109371
1551,go2_001,113825000000,1776853902929445198,1776853902934318909,31116605901268,1776853789104.445,4.874,49.952,-0.031854,0.294764,0.000000,-3.044296,0.118458,0.008923,0.000000,0.000000,0.000000,0.080516
1552,go2_001,113865000000,1776853902970248273,1776853902984346557,31116655928838,1776853789105.248,14.098,50.028,-0.036902,0.292387,0.000000,-3.030477,0.120118,0.012564,0.000000,0.000000,0.000000,0.363278
1553,go2_001,113925000000,1776853903031960605,1776853903034283476,31116705865730,1776853789106.961,2.323,49.937,-0.036339,0.291956,0.000000,-2.988819,0.103367,0.011032,0.000000,0.000000,0.000000,0.715554
1554,go2_001,113965000000,1776853903073187052,1776853903084406081,31116755988706,1776853789108.187,11.219,50.123,-0.035985,0.291645,0.000000,-2.949827,0.093309,0.010108,0.000000,0.000000,0.000000,0.939647
1555,go2_001,114005000000,1776853903114629443,1776853903134384766,31116805967242,1776853789109.629,19.755,49.979,-0.039588,0.291384,0.000000,-2.900585,0.092880,0.008023,0.000000,0.000000,0.000000,1.181076
1556,go2_001,114065000000,1776853903166534687,1776853903184380321,31116855962844,1776853789101.535,17.846,49.996,-0.041144,0.295736,0.000000,-2.850494,0.083314,-0.004614,0.000000,0.000000,0.000000,0.887712
1557,go2_001,114125000000,1776853903228505457,1776853903234398067,31116905980556,1776853789103.505,5.893,50.018,-0.045171,0.289886,0.000000,-2.817480,0.082351,0.005832,0.000000,0.000000,0.000000,0.408852
1558,go2_001,114165000000,1776853903269735429,1776853903284534543,31116956116978,1776853789104.736,14.799,50.136,-0.044821,0.289506,0.000000,-2.807314,0.073993,0.005323,0.000000,0.000000,0.000000,0.300382
1559,go2_001,114225000000,1776853903331817711,1776853903334334822,31117005917273,1776853789106.818,2.517,49.800,-0.044371,0.289063,0.000000,-2.783613,0.062714,0.004633,0.000000,0.000000,0.000000,0.390223
1560,go2_001,114265000000,1776853903372953817,1776853903384376874,31117055959198,1776853789107.954,11.423,50.042,-0.051383,0.286282,0.000000,-2.780439,0.073777,0.005989,0.000000,0.000000,0.000000,0.075268
1561,go2_001,114305000000,1776853903414082212,1776853903434355341,31117105937807,1776853789109.082,20.273,49.978,-0.060304,0.281147,0.000000,-2.786042,0.089801,0.011028,0.000000,0.000000,0.000000,-0.109104
1562,go2_001,114365000000,1776853903475910550,1776853903484412979,31117155995585,1776853789110.910,8.502,50.058,-0.069420,0.280061,0.000000,-2.778060,0.097908,0.005555,0.000000,0.000000,0.000000,0.208759
1563,go2_001,114425000000,1776853903527224416,1776853903534348860,31117205931350,1776853789102.224,7.124,49.936,-0.068915,0.279834,0.000000,-2.748793,0.083822,0.004826,0.000000,0.000000,0.000000,0.605067
1564,go2_001,114465000000,1776853903568285389,1776853903584492383,31117256074962,1776853789103.285,16.207,50.144,-0.068590,0.279653,0.000000,-2.701991,0.075372,0.004388,0.000000,0.000000,0.000000,0.904686
1565,go2_001,114525000000,1776853903630042188,1776853903634351412,31117305933704,1776853789105.042,4.309,49.859,-0.070850,0.282211,0.000000,-2.636077,0.067067,-0.004906,0.000000,0.000000,0.000000,0.960623
1566,go2_001,114565000000,1776853903671202264,1776853903684346676,31117355929181,1776853789106.202,13.144,49.995,-0.069915,0.287126,0.000000,-2.598196,0.054145,-0.015238,0.000000,0.000000,0.000000,0.900019
1567,go2_001,114625000000,1776853903733317413,1776853903734326574,31117405909339,1776853789108.317,1.009,49.980,-0.070626,0.287446,0.000000,-2.571589,0.046737,-0.015925,0.000000,0.000000,0.000000,0.410300
1568,go2_001,114665000000,1776853903774606609,1776853903784403525,31117455986261,1776853789109.607,9.797,50.077,-0.070462,0.287187,0.000000,-2.556568,0.041326,-0.014675,0.000000,0.000000,0.000000,0.397507
1569,go2_001,114725000000,1776853903826355686,1776853903834343424,31117505925950,1776853789101.356,7.988,49.940,-0.075110,0.284520,0.000000,-2.525654,0.046854,-0.013250,0.000000,0.000000,0.000000,0.582206
1570,go2_001,114765000000,1776853903867405473,1776853903884374280,31117555956863,1776853789102.405,16.969,50.031,-0.076341,0.282150,0.000000,-2.513894,0.046866,-0.009336,0.000000,0.000000,0.000000,0.356039
1571,go2_001,114825000000,1776853903929229733,1776853903934351466,31117605934457,1776853789104.230,5.122,49.977,-0.086461,0.273204,0.000000,-2.505883,0.069553,-0.002998,0.000000,0.000000,0.000000,0.202314
1572,go2_001,114865000000,1776853903970239413,1776853903984357309,31117655939889,1776853789105.239,14.118,50.006,-0.085452,0.272053,0.000000,-2.487973,0.062145,0.000015,0.000000,0.000000,0.000000,0.425850
1573,go2_001,114925000000,1776853904031882924,1776853904034306639,31117705889144,1776853789106.883,2.424,49.949,-0.085048,0.271871,0.000000,-2.446772,0.052488,-0.000005,0.000000,0.000000,0.000000,0.666104
1574,go2_001,114960000000,1776853904073428760,1776853904084418148,31117756008267,1776853789113.429,10.989,50.112,-0.090289,0.269570,0.000000,-2.416829,0.061114,-0.002888,0.000000,0.000000,0.000000,0.905237
1575,go2_001,115000000000,1776853904114461774,1776853904134373495,31117805955956,1776853789114.462,19.912,49.955,-0.095082,0.264643,0.000000,-2.380827,0.070770,-0.000406,0.000000,0.000000,0.000000,0.927341
1576,go2_001,115060000000,1776853904176741980,1776853904184338403,31117855920741,1776853789116.742,7.596,49.965,-0.110008,0.256834,0.000000,-2.332905,0.098927,-0.007522,0.000000,0.000000,0.000000,0.770324
1577,go2_001,115120000000,1776853904228359448,1776853904234340490,31117905923035,1776853789108.359,5.981,50.002,-0.108022,0.249981,0.000000,-2.305146,0.091610,0.006304,0.000000,0.000000,0.000000,0.487917
1578,go2_001,115160000000,1776853904269786838,1776853904284373864,31117955956322,1776853789109.787,14.587,50.033,-0.107482,0.249773,0.000000,-2.277025,0.082723,0.005791,0.000000,0.000000,0.000000,0.605343
1579,go2_001,115220000000,1776853904331611605,1776853904334351480,31118005934133,1776853789111.612,2.740,49.978,-0.110351,0.246168,0.000000,-2.244054,0.082409,0.005214,0.000000,0.000000,0.000000,0.458238
1580,go2_001,115260000000,1776853904372659516,1776853904384365985,31118055948523,1776853789112.659,11.706,50.015,-0.110633,0.239670,0.000000,-2.236654,0.085905,0.014295,0.000000,0.000000,0.000000,0.239913
1581,go2_001,115300000000,1776853904414063091,1776853904434301042,31118105883656,1776853789114.063,20.238,49.935,-0.116139,0.230961,0.000000,-2.228817,0.101655,0.017507,0.000000,0.000000,0.000000,0.190723
1582,go2_001,115360000000,1776853904475606770,1776853904484403894,31118155986456,1776853789115.607,8.797,50.103,-0.120276,0.225152,0.000000,-2.205265,0.104525,0.016632,0.000000,0.000000,0.000000,0.492914
1583,go2_001,115420000000,1776853904527717525,1776853904534369897,31118205952368,1776853789107.718,6.652,49.966,-0.119491,0.225133,0.000000,-2.172969,0.089871,0.014619,0.000000,0.000000,0.000000,0.554855
1584,go2_001,115460000000,1776853904568549524,1776853904584369340,31118255951953,1776853789108.550,15.820,49.999,-0.119009,0.225126,0.000000,-2.134383,0.081071,0.013405,0.000000,0.000000,0.000000,0.774746
1585,go2_001,115520000000,1776853904630172816,1776853904634341351,31118305923772,1776853789110.173,4.169,49.972,-0.123121,0.219275,0.000000,-2.070458,0.086935,0.011332,0.000000,0.000000,0.000000,1.047714
1586,go2_001,115560000000,1776853904671710832,1776853904684350896,31118355933463,1776853789111.711,12.640,50.010,-0.130366,0.209867,0.000000,-2.036009,0.106892,0.008986,0.000000,0.000000,0.000000,0.882703
1587,go2_001,115620000000,1776853904733924042,1776853904734255271,31118405837598,1776853789113.924,0.331,49.904,-0.130482,0.198359,0.000000,-2.001269,0.114709,0.020692,0.000000,0.000000,0.000000,0.458891
1588,go2_001,115660000000,1776853904774955484,1776853904784362152,31118455944668,1776853789114.956,9.407,50.107,-0.129681,0.198389,0.000000,-1.987569,0.103880,0.018968,0.000000,0.000000,0.000000,0.367021
1589,go2_001,115700000000,1776853904816218112,1776853904834409062,31118505992673,1776853789116.218,18.191,50.047,-0.128999,0.198445,0.000000,-1.974805,0.093915,0.017377,0.000000,0.000000,0.000000,0.338466
1590,go2_001,115760000000,1776853904868174758,1776853904884412964,31118555995885,1776853789108.175,16.238,50.004,-0.130058,0.195574,0.000000,-1.968926,0.088834,0.014937,0.000000,0.000000,0.000000,0.127345
1591,go2_001,115820000000,1776853904929817037,1776853904934384200,31118605966684,1776853789109.817,4.567,49.971,-0.137484,0.182717,0.000000,-1.959390,0.111026,0.010874,0.000000,0.000000,0.000000,0.158995
1592,go2_001,115860000000,1776853904970845592,1776853904984380505,31118655962918,1776853789110.846,13.535,49.996,-0.141080,0.174415,0.000000,-1.951858,0.122211,0.010584,0.000000,0.000000,0.000000,0.268394
1593,go2_001,115920000000,1776853905032487404,1776853905034339574,31118705922041,1776853789112.487,1.852,49.959,-0.140321,0.174652,0.000000,-1.911809,0.105351,0.009209,0.000000,0.000000,0.000000,0.736105
1594,go2_001,115960000000,1776853905073567514,1776853905084378414,31118755960956,1776853789113.567,10.811,50.039,-0.139812,0.174786,0.000000,-1.868314,0.095224,0.008381,0.000000,0.000000,0.000000,1.013291
1595,go2_001,116000000000,1776853905114830666,1776853905134444542,31118806027100,1776853789114.831,19.614,50.066,-0.141800,0.170787,0.000000,-1.821941,0.096790,0.005845,0.000000,0.000000,0.000000,1.153683
1596,go2_001,116060000000,1776853905178678058,1776853905184417597,31118856007289,1776853789118.678,5.740,49.973,-0.148911,0.174082,0.000000,-1.758797,0.083010,-0.014665,0.000000,0.000000,0.000000,0.922654
1597,go2_001,116095000000,1776853905219915096,1776853905234378868,31118905961278,1776853789124.915,14.464,49.961,-0.149255,0.159586,0.000000,-1.735070,0.108269,-0.004020,0.000000,0.000000,0.000000,0.696949
1598,go2_001,116160000000,1776853905271587183,1776853905284337120,31118955919674,1776853789111.587,12.750,49.958,-0.148233,0.159162,0.000000,-1.710454,0.093054,-0.003674,0.000000,0.000000,0.000000,0.296576
1599,go2_001,116220000000,1776853905333000510,1776853905334322702,31119005905453,1776853789113.000,1.322,49.986,-0.147373,0.159300,0.000000,-1.698068,0.079596,-0.003345,0.000000,0.000000,0.000000,0.284464
1600,go2_001,116260000000,1776853905374052436,1776853905384333585,31119055916011,1776853789114.052,10.281,50.011,-0.148069,0.155175,0.000000,-1.694582,0.081774,-0.003270,0.000000,0.000000,0.000000,0.098162
1601,go2_001,116300000000,1776853905415095943,1776853905434373376,31119105955767,1776853789115.096,19.277,50.040,-0.147624,0.155912,0.000000,-1.704821,0.071723,-0.003357,0.000000,0.000000,0.000000,-0.276177
1602,go2_001,116360000000,1776853905476732449,1776853905484316904,31119155899244,1776853789116.732,7.584,49.944,-0.151186,0.166378,0.000000,-1.699489,0.040194,-0.016541,0.000000,0.000000,0.000000,0.224226
1603,go2_001,116400000000,1776853905517761971,1776853905534383364,31119205965772,1776853789117.762,16.621,50.066,-0.151018,0.166399,0.000000,-1.674297,0.035332,-0.015262,0.000000,0.000000,0.000000,0.578649
1604,go2_001,116460000000,1776853905579599978,1776853905584359610,31119255942153,1776853789119.600,4.760,49.976,-0.150774,0.166408,0.000000,-1.620471,0.028800,-0.013522,0.000000,0.000000,0.000000,0.837856
1605,go2_001,116520000000,1776853905631207477,1776853905634295308,31119305877765,1776853789111.208,3.088,49.936,-0.151266,0.158068,0.000000,-1.561772,0.042400,-0.011135,0.000000,0.000000,0.000000,1.182448
1606,go2_001,116560000000,1776853905672077383,1776853905684367875,31119355950405,1776853789112.077,12.290,50.073,-0.156962,0.159199,0.000000,-1.513048,0.036406,-0.024301,0.000000,0.000000,0.000000,0.944040
1607,go2_001,116620000000,1776853905733491858,1776853905734281705,31119405864439,1776853789113.492,0.790,49.914,-0.158340,0.159605,0.000000,-1.489993,0.029108,-0.025523,0.000000,0.000000,0.000000,0.348296
1608,go2_001,116660000000,1776853905774727991,1776853905784358714,31119455941110,1776853789114.728,9.631,50.077,-0.158105,0.159528,0.000000,-1.476028,0.025261,-0.023473,0.000000,0.000000,0.000000,0.383614
1609,go2_001,116700000000,1776853905815813289,1776853905834355920,31119505938384,1776853789115.813,18.543,49.997,-0.157903,0.159461,0.000000,-1.455168,0.021745,-0.021580,0.000000,0.000000,0.000000,0.535290
1610,go2_001,116760000000,1776853905877231825,1776853905884316124,31119555898584,1776853789117.232,7.084,49.960,-0.157585,0.155788,0.000000,-1.437575,0.024679,-0.018712,0.000000,0.000000,0.000000,0.246984
1611,go2_001,116800000000,1776853905918468607,1776853905934338948,31119605921343,1776853789118.469,15.870,50.023,-0.150584,0.159523,0.000000,-1.443504,0.012841,-0.001084,0.000000,0.000000,0.000000,-0.054393
1612,go2_001,116860000000,1776853905980235896,1776853905984333959,31119655916334,1776853789120.236,4.098,49.995,-0.143916,0.162315,0.000000,-1.433017,0.003818,0.014240,0.000000,0.000000,0.000000,0.250619
1613,go2_001,116920000000,1776853906031570819,1776853906034325478,31119705907979,1776853789111.571,2.755,49.992,-0.143972,0.162365,0.000000,-1.399665,0.001362,0.012575,0.000000,0.000000,0.000000,0.590039
1614,go2_001,116960000000,1776853906072684986,1776853906084360716,31119755943383,1776853789112.685,11.676,50.035,-0.144012,0.162394,0.000000,-1.360711,-0.000079,0.011569,0.000000,0.000000,0.000000,0.907473
1615,go2_001,117020000000,1776853906134478611,1776853906134716563,31119806298915,1776853789114.479,0.238,50.356,-0.141602,0.148429,0.000000,-1.290493,0.030288,0.011731,0.000000,0.000000,0.000000,1.078028
1616,go2_001,117060000000,1776853906175961962,1776853906184340292,31119855922643,1776853789115.962,8.378,49.624,-0.138907,0.138967,0.000000,-1.264206,0.049603,0.013502,0.000000,0.000000,0.000000,0.705809
1617,go2_001,117100000000,1776853906222677784,1776853906234438147,31119906020811,1776853789122.678,11.760,50.098,-0.135981,0.125184,0.000000,-1.243038,0.077650,0.013103,0.000000,0.000000,0.000000,0.514148
1618,go2_001,117175000000,1776853906284499252,1776853906284865992,31119956448477,1776853789109.499,0.367,50.428,-0.132997,0.123310,0.000000,-1.224975,0.070370,0.015205,0.000000,0.000000,0.000000,0.262039
1619,go2_001,117195000000,1776853906305043157,1776853906334395139,31120005977936,1776853789110.043,29.352,49.529,-0.132880,0.123468,0.000000,-1.218827,0.066857,0.014575,0.000000,0.000000,0.000000,0.295514
1620,go2_001,117255000000,1776853906377200803,1776853906384376115,31120055958829,1776853789122.201,7.175,49.981,-0.132573,0.123907,0.000000,-1.186994,0.057141,0.012824,0.000000,0.000000,0.000000,0.333216
1621,go2_001,117295000000,1776853906418193235,1776853906434366539,31120105948877,1776853789123.193,16.173,49.990,-0.129139,0.116587,0.000000,-1.182224,0.070443,0.014370,0.000000,0.000000,0.000000,0.103409
1622,go2_001,117355000000,1776853906480024291,1776853906484332572,31120155915005,1776853789125.024,4.308,49.966,-0.124098,0.103448,0.000000,-1.173633,0.092908,0.014095,0.000000,0.000000,0.000000,0.266135
1623,go2_001,117395000000,1776853906520990057,1776853906534355833,31120205938197,1776853789125.990,13.366,50.023,-0.123931,0.103807,0.000000,-1.154829,0.084177,0.012920,0.000000,0.000000,0.000000,0.437770
1624,go2_001,117475000000,1776853906582691841,1776853906584303709,31120255885940,1776853789107.692,1.612,49.948,-0.120001,0.100644,0.000000,-1.096179,0.080242,0.015703,0.000000,0.000000,0.000000,1.040630
1625,go2_001,117515000000,1776853906624374536,1776853906634350347,31120305932652,1776853789109.375,9.976,50.047,-0.124054,0.100477,0.000000,-1.051188,0.069992,0.004779,0.000000,0.000000,0.000000,1.095473
1626,go2_001,117555000000,1776853906675438551,1776853906684376967,31120355959450,1776853789120.438,8.938,50.027,-0.129987,0.100460,0.000000,-1.007901,0.058351,-0.009251,0.000000,0.000000,0.000000,0.857619
1627,go2_001,117595000000,1776853906716453955,1776853906734346115,31120405928562,1776853789121.454,17.892,49.969,-0.130855,0.094346,0.000000,-0.981152,0.064843,-0.017045,0.000000,0.000000,0.000000,0.638113
1628,go2_001,117655000000,1776853906778157825,1776853906784350386,31120455933177,1776853789123.158,6.193,50.004,-0.127632,0.092367,0.000000,-0.961474,0.062576,-0.011979,0.000000,0.000000,0.000000,0.294181
1629,go2_001,117695000000,1776853906819393317,1776853906834379257,31120505961671,1776853789124.393,14.986,50.029,-0.127353,0.092637,0.000000,-0.940351,0.056254,-0.011054,0.000000,0.000000,0.000000,0.505078
1630,go2_001,117755000000,1776853906880931417,1776853906884335014,31120555917453,1776853789125.932,3.404,49.956,-0.124286,0.087837,0.000000,-0.916932,0.061233,-0.010204,0.000000,0.000000,0.000000,0.297294
1631,go2_001,117815000000,1776853906922039495,1776853906934361220,31120605943567,1776853789107.040,12.322,50.026,-0.116600,0.080043,0.000000,-0.911486,0.076994,-0.004295,0.000000,0.000000,0.000000,0.178233
1632,go2_001,117875000000,1776853906983897117,1776853906984236018,31120655818413,1776853789108.897,0.339,49.875,-0.120735,0.081510,0.000000,-0.896061,0.059031,-0.010725,0.000000,0.000000,0.000000,0.388421
1633,go2_001,117895000000,1776853907004517363,1776853907034372650,31120705954991,1776853789109.517,29.855,50.137,-0.120665,0.081630,0.000000,-0.884388,0.055953,-0.010293,0.000000,0.000000,0.000000,0.490695
1634,go2_001,117955000000,1776853907076337965,1776853907084341040,31120755923406,1776853789121.338,8.003,49.968,-0.120446,0.081976,0.000000,-0.832073,0.047464,-0.009094,0.000000,0.000000,0.000000,0.745749
1635,go2_001,117995000000,1776853907117323635,1776853907134357486,31120805940082,1776853789122.324,17.034,50.016,-0.117529,0.079798,0.000000,-0.789794,0.050787,-0.006477,0.000000,0.000000,0.000000,0.930641
1636,go2_001,118055000000,1776853907179158987,1776853907184356011,31120855938687,1776853789124.159,5.197,49.999,-0.112242,0.070711,0.000000,-0.732530,0.066702,-0.009962,0.000000,0.000000,0.000000,0.768409
1637,go2_001,118095000000,1776853907220251340,1776853907234365158,31120905947553,1776853789125.251,14.114,50.009,-0.106809,0.070755,0.000000,-0.713862,0.068084,-0.000187,0.000000,0.000000,0.000000,0.423743
1638,go2_001,118175000000,1776853907281904776,1776853907284327923,31120955910734,1776853789106.905,2.423,49.963,-0.106501,0.071533,0.000000,-0.672084,0.055147,-0.000156,0.000000,0.000000,0.000000,0.536839
1639,go2_001,118215000000,1776853907322929990,1776853907334349406,31121005932087,1776853789107.930,11.419,50.021,-0.103559,0.069062,0.000000,-0.657411,0.058895,0.000167,0.000000,0.000000,0.000000,0.607040
1640,go2_001,118255000000,1776853907364372103,1776853907384357048,31121055939429,1776853789109.372,19.985,50.008,-0.098843,0.065446,0.000000,-0.641435,0.067005,0.001255,0.000000,0.000000,0.000000,0.395736
1641,go2_001,118295000000,1776853907415676396,1776853907434366486,31121105948964,1776853789120.676,18.690,50.009,-0.090738,0.061771,0.000000,-0.630905,0.080425,0.007283,0.000000,0.000000,0.000000,0.197993
1642,go2_001,118355000000,1776853907477206288,1776853907484336822,31121155919255,1776853789122.206,7.131,49.970,-0.085447,0.060362,0.000000,-0.612327,0.080712,0.011177,0.000000,0.000000,0.000000,0.411609
1643,go2_001,118395000000,1776853907518319766,1776853907534361625,31121205944436,1776853789123.320,16.042,50.025,-0.085448,0.060788,0.000000,-0.589040,0.072950,0.010270,0.000000,0.000000,0.000000,0.487861
1644,go2_001,118455000000,1776853907579951598,1776853907584348243,31121255930716,1776853789124.952,4.397,49.987,-0.085454,0.061372,0.000000,-0.539349,0.062461,0.009038,0.000000,0.000000,0.000000,0.836026
1645,go2_001,118495000000,1776853907621058169,1776853907634363743,31121305946194,1776853789126.058,13.306,50.016,-0.077235,0.054783,0.000000,-0.501750,0.081160,0.007312,0.000000,0.000000,0.000000,0.992628
1646,go2_001,118575000000,1776853907682878440,1776853907684337094,31121355919608,1776853789107.878,1.459,49.973,-0.057258,0.040498,0.000000,-0.447565,0.122715,0.004349,0.000000,0.000000,0.000000,0.841826
1647,go2_001,118615000000,1776853907724119005,1776853907734370450,31121405952838,1776853789109.119,10.251,50.033,-0.049124,0.040923,0.000000,-0.422602,0.127418,0.013771,0.000000,0.000000,0.000000,0.569075
1648,go2_001,118655000000,1776853907775578643,1776853907784334609,31121455917094,1776853789120.579,8.756,49.964,-0.049145,0.041780,0.000000,-0.404405,0.115836,0.012639,0.000000,0.000000,0.000000,0.355960
1649,go2_001,118695000000,1776853907816827715,1776853907834339108,31121505921521,1776853789121.828,17.511,50.004,-0.049194,0.042520,0.000000,-0.389530,0.105170,0.011593,0.000000,0.000000,0.000000,0.415647
1650,go2_001,118755000000,1776853907878402301,1776853907884312747,31121555895060,1776853789123.402,5.910,49.974,-0.049300,0.043448,0.000000,-0.372832,0.090738,0.010174,0.000000,0.000000,0.000000,0.200592
1651,go2_001,118795000000,1776853907929579840,1776853907934324337,31121605906758,1776853789134.580,4.744,50.012,-0.042161,0.040473,0.000000,-0.366173,0.100850,0.010088,0.000000,0.000000,0.000000,0.164756
1652,go2_001,118855000000,1776853907980987310,1776853907984339940,31121655922275,1776853789125.987,3.353,50.016,-0.033603,0.034838,0.000000,-0.359524,0.110831,0.004963,0.000000,0.000000,0.000000,0.233693
1653,go2_001,118915000000,1776853908022027376,1776853908034358720,31121705941098,1776853789107.027,12.331,50.019,-0.033817,0.035539,0.000000,-0.330612,0.095666,0.004316,0.000000,0.000000,0.000000,0.447733
1654,go2_001,118975000000,1776853908084140750,1776853908084315237,31121755897500,1776853789109.141,0.174,49.957,-0.034021,0.036130,0.000000,-0.283403,0.082278,0.003743,0.000000,0.000000,0.000000,1.011057
1655,go2_001,119010000000,1776853908125135810,1776853908134355605,31121805937990,1776853789115.136,9.220,50.040,-0.033057,0.034378,0.000000,-0.243373,0.079199,-0.000382,0.000000,0.000000,0.000000,1.161105
1656,go2_001,119055000000,1776853908176911045,1776853908184329392,31121855912104,1776853789121.911,7.418,49.974,-0.028505,0.029978,0.000000,-0.178921,0.084839,-0.007350,0.000000,0.000000,0.000000,1.087223
1657,go2_001,119095000000,1776853908217761130,1776853908234360723,31121905943069,1776853789122.761,16.600,50.031,-0.015421,0.028697,0.000000,-0.148344,0.106860,-0.000917,0.000000,0.000000,0.000000,0.779163
1658,go2_001,119155000000,1776853908279266696,1776853908284333353,31121955915686,1776853789124.267,5.067,49.973,-0.012553,0.032685,0.000000,-0.125364,0.096900,0.007107,0.000000,0.000000,0.000000,0.279003
1659,go2_001,119195000000,1776853908320379578,1776853908334343136,31122005925467,1776853789125.380,13.964,50.010,-0.012734,0.033311,0.000000,-0.115338,0.087654,0.006493,0.000000,0.000000,0.000000,0.266064
1660,go2_001,119275000000,1776853908381954203,1776853908384318574,31122055900902,1776853789106.954,2.364,49.975,-0.012807,0.031826,0.000000,-0.108995,0.072828,0.000092,0.000000,0.000000,0.000000,-0.097327
1661,go2_001,119315000000,1776853908423079348,1776853908434401168,31122105983689,1776853789108.079,11.322,50.083,-0.013728,0.029153,0.000000,-0.117018,0.065557,-0.007121,0.000000,0.000000,0.000000,-0.145320
1662,go2_001,119355000000,1776853908464201624,1776853908484353508,31122155936053,1776853789109.202,20.152,49.952,-0.007125,0.028428,0.000000,-0.118865,0.074412,-0.005708,0.000000,0.000000,0.000000,0.059812
1663,go2_001,119395000000,1776853908505318614,1776853908534342562,31122205924920,1776853789110.319,29.024,49.989,-0.007277,0.028662,0.000000,-0.105229,0.066981,-0.005284,0.000000,0.000000,0.000000,0.314509
1664,go2_001,119455000000,1776853908577109319,1776853908584341586,31122255923935,1776853789122.109,7.232,49.999,-0.007471,0.029025,0.000000,-0.037344,0.056950,-0.004707,0.000000,0.000000,0.000000,0.985271
1665,go2_001,119495000000,1776853908618268800,1776853908634345994,31122305928338,1776853789123.269,16.077,50.004,-0.003604,0.030533,0.000000,0.007976,0.059891,-0.000251,0.000000,0.000000,0.000000,1.006734
1666,go2_001,119555000000,1776853908680212131,1776853908684379400,31122355961962,1776853789125.212,4.167,50.033,-0.006501,0.022471,0.000000,0.077542,0.046784,-0.020430,0.000000,0.000000,0.000000,0.995581
1667,go2_001,119595000000,1776853908721293332,1776853908734356823,31122405939287,1776853789126.293,13.063,49.977,-0.005338,0.019530,0.000000,0.106896,0.044842,-0.026198,0.000000,0.000000,0.000000,0.728121
1668,go2_001,119675000000,1776853908783335007,1776853908784325023,31122455907220,1776853789108.335,0.990,49.968,-0.002879,0.019956,0.000000,0.124814,0.040302,-0.022453,0.000000,0.000000,0.000000,0.341803
1669,go2_001,119715000000,1776853908824465018,1776853908834463106,31122506045505,1776853789109.465,9.998,50.138,-0.002872,0.020236,0.000000,0.140219,0.035689,-0.020636,0.000000,0.000000,0.000000,0.398020
1670,go2_001,119755000000,1776853908875744784,1776853908884336875,31122555919552,1776853789120.745,8.592,49.874,0.005226,0.019763,0.000000,0.156022,0.050125,-0.021032,0.000000,0.000000,0.000000,0.336258
1671,go2_001,119795000000,1776853908916794206,1776853908934362465,31122605944840,1776853789121.794,17.568,50.026,0.012928,0.021303,0.000000,0.149636,0.062931,-0.017078,0.000000,0.000000,0.000000,-0.110279
1672,go2_001,119855000000,1776853908978519306,1776853908984340530,31122655922864,1776853789123.519,5.821,49.978,0.021394,0.023196,0.000000,0.151855,0.073044,-0.012867,0.000000,0.000000,0.000000,0.126316
1673,go2_001,119895000000,1776853909019377370,1776853909034359210,31122705941559,1776853789124.377,14.982,50.019,0.021207,0.023448,0.000000,0.180651,0.065819,-0.011795,0.000000,0.000000,0.000000,0.567312
1674,go2_001,119955000000,1776853909081114404,1776853909084344927,31122755927356,1776853789126.114,3.231,49.986,0.020956,0.023831,0.000000,0.233047,0.056063,-0.010340,0.000000,0.000000,0.000000,0.839485
1675,go2_001,120015000000,1776853909122202983,1776853909134349547,31122805931934,1776853789107.203,12.147,50.005,0.031174,0.025614,0.000000,0.298847,0.071583,-0.009578,0.000000,0.000000,0.000000,1.105400
1676,go2_001,120075000000,1776853909183681036,1776853909184252031,31122855834407,1776853789108.681,0.571,49.902,0.035974,0.022670,0.000000,0.333908,0.070787,-0.018041,0.000000,0.000000,0.000000,0.855752
1677,go2_001,120115000000,1776853909224880368,1776853909234301109,31122905883530,1776853789109.880,9.421,50.049,0.037198,0.022542,0.000000,0.355191,0.066854,-0.018463,0.000000,0.000000,0.000000,0.546143
1678,go2_001,120155000000,1776853909266120046,1776853909284375812,31122955958186,1776853789111.120,18.256,50.075,0.037008,0.022933,0.000000,0.370846,0.060139,-0.016916,0.000000,0.000000,0.000000,0.431792
1679,go2_001,120195000000,1776853909317260310,1776853909334337114,31123005919471,1776853789122.260,17.077,49.961,0.036833,0.023280,0.000000,0.396769,0.053969,-0.015489,0.000000,0.000000,0.000000,0.552817
1680,go2_001,120255000000,1776853909378907236,1776853909384299434,31123055882169,1776853789123.907,5.392,49.962,0.043642,0.025263,0.000000,0.425155,0.061404,-0.014396,0.000000,0.000000,0.000000,0.428210
1681,go2_001,120295000000,1776853909419779515,1776853909434363590,31123105945994,1776853789124.780,14.584,50.064,0.042838,0.031756,0.000000,0.429059,0.058332,0.000926,0.000000,0.000000,0.000000,0.083229
1682,go2_001,120350000000,1776853909481558539,1776853909484335424,31123155917871,1776853789131.559,2.777,49.972,0.045736,0.039074,0.000000,0.440954,0.062013,0.013951,0.000000,0.000000,0.000000,0.353236
1683,go2_001,120410000000,1776853909522598701,1776853909534327118,31123205909528,1776853789112.599,11.728,49.992,0.047506,0.041971,0.000000,0.461338,0.059308,0.016421,0.000000,0.000000,0.000000,0.425546
1684,go2_001,120470000000,1776853909584184630,1776853909584346918,31123255929393,1776853789114.185,0.162,50.020,0.047120,0.042114,0.000000,0.514759,0.050440,0.014574,0.000000,0.000000,0.000000,0.950645
1685,go2_001,120510000000,1776853909625148683,1776853909634370564,31123305953181,1776853789115.149,9.222,50.024,0.050346,0.041625,0.000000,0.560637,0.051841,0.008894,0.000000,0.000000,0.000000,1.176138
1686,go2_001,120550000000,1776853909667317405,1776853909684335433,31123355917788,1776853789117.317,17.018,49.965,0.057705,0.045901,0.000000,0.593183,0.066622,0.009590,0.000000,0.000000,0.000000,0.821559
1687,go2_001,120590000000,1776853909718181685,1776853909734335173,31123405917541,1776853789128.182,16.153,50.000,0.067302,0.052934,0.000000,0.623405,0.087900,0.012949,0.000000,0.000000,0.000000,0.597876
1688,go2_001,120650000000,1776853909779933042,1776853909784346822,31123455929289,1776853789129.933,4.414,50.012,0.066500,0.055707,0.000000,0.648111,0.077960,0.016145,0.000000,0.000000,0.000000,0.379371
1689,go2_001,120690000000,1776853909821034046,1776853909834314716,31123505897266,1776853789131.034,13.281,49.968,0.066036,0.055899,0.000000,0.669057,0.070403,0.014870,0.000000,0.000000,0.000000,0.433252
1690,go2_001,120770000000,1776853909882909592,1776853909884286041,31123555868508,1776853789112.910,1.376,49.971,0.074226,0.064388,0.000000,0.683650,0.084262,0.018024,0.000000,0.000000,0.000000,0.186813
1691,go2_001,120810000000,1776853909924166190,1776853909934342164,31123605924504,1776853789114.166,10.176,50.056,0.080381,0.072534,0.000000,0.686397,0.099305,0.023888,0.000000,0.000000,0.000000,0.095508
1692,go2_001,120850000000,1776853909965147235,1776853909984337103,31123655919449,1776853789115.147,19.190,49.995,0.085676,0.075197,0.000000,0.694864,0.104389,0.019545,0.000000,0.000000,0.000000,0.292062
1693,go2_001,120910000000,1776853910027063356,1776853910034382781,31123705965432,1776853789117.063,7.319,50.046,0.084997,0.075261,0.000000,0.722614,0.090095,0.017213,0.000000,0.000000,0.000000,0.468448
1694,go2_001,120950000000,1776853910078395016,1776853910084411611,31123755993994,1776853789128.395,6.017,50.029,0.084571,0.075306,0.000000,0.761155,0.081506,0.015806,0.000000,0.000000,0.000000,0.774999
1695,go2_001,120990000000,1776853910119657292,1776853910134364661,31123805947117,1776853789129.657,14.707,49.953,0.086224,0.078838,0.000000,0.805052,0.082574,0.017931,0.000000,0.000000,0.000000,1.031421
1696,go2_001,121050000000,1776853910181220820,1776853910184321594,31123855903878,1776853789131.221,3.101,49.957,0.093089,0.081849,0.000000,0.869898,0.088979,0.009776,0.000000,0.000000,0.000000,0.892216
1697,go2_001,121110000000,1776853910222489197,1776853910234347131,31123905929470,1776853789112.489,11.858,50.026,0.099318,0.091631,0.000000,0.895339,0.102604,0.014017,0.000000,0.000000,0.000000,0.609819
1698,go2_001,121170000000,1776853910283973439,1776853910284257535,31123955839880,1776853789113.973,0.284,49.910,0.098378,0.091801,0.000000,0.915065,0.088448,0.012292,0.000000,0.000000,0.000000,0.329674
1699,go2_001,121205000000,1776853910327087944,1776853910337714276,31124009297437,1776853789122.088,10.626,53.457,0.097661,0.091515,0.000000,0.926167,0.079974,0.011237,0.000000,0.000000,0.000000,0.405977
1700,go2_001,121240000000,1776853910377271453,1776853910384374251,31124055956785,1776853789137.271,7.103,46.660,0.099493,0.094007,0.000000,0.938266,0.080986,0.010590,0.000000,0.000000,0.000000,0.296402
1701,go2_001,121300000000,1776853910428626960,1776853910434343726,31124105926538,1776853789128.627,5.717,49.969,0.092538,0.078436,0.000000,0.947144,0.033130,-0.004056,0.000000,0.000000,0.000000,0.064000
1702,go2_001,121340000000,1776853910469625533,1776853910484523812,31124156107185,1776853789129.625,14.898,50.180,0.100557,0.084822,0.000000,0.948848,0.052824,-0.008501,0.000000,0.000000,0.000000,0.098799
1703,go2_001,121400000000,1776853910531217141,1776853910534324259,31124205906671,1776853789131.217,3.107,49.800,0.100265,0.084924,0.000000,0.983898,0.044669,-0.007583,0.000000,0.000000,0.000000,0.562988
1704,go2_001,121440000000,1776853910572089902,1776853910584390276,31124255972866,1776853789132.090,12.300,50.066,0.100084,0.084986,0.000000,1.012279,0.039769,-0.007024,0.000000,0.000000,0.000000,0.663701
1705,go2_001,121500000000,1776853910634014531,1776853910634179116,31124305761454,1776853789134.014,0.165,49.789,0.102085,0.091133,0.000000,1.071333,0.047625,-0.002143,0.000000,0.000000,0.000000,1.063999
1706,go2_001,121540000000,1776853910674938082,1776853910684385670,31124355968207,1776853789134.938,9.448,50.207,0.106806,0.098419,0.000000,1.119542,0.063042,-0.001701,0.000000,0.000000,0.000000,1.125230
1707,go2_001,121580000000,1776853910715917447,1776853910734338631,31124405921026,1776853789135.917,18.421,49.953,0.110311,0.107728,0.000000,1.152538,0.079704,0.002878,0.000000,0.000000,0.000000,0.829827
1708,go2_001,121640000000,1776853910767315800,1776853910784384566,31124455966975,1776853789127.316,17.069,50.046,0.111848,0.108135,0.000000,1.172248,0.071708,-0.001426,0.000000,0.000000,0.000000,0.325258
1709,go2_001,121700000000,1776853910828897013,1776853910834357438,31124505939824,1776853789128.897,5.460,49.973,0.111228,0.108195,0.000000,1.191513,0.061317,-0.001308,0.000000,0.000000,0.000000,0.426933
1710,go2_001,121740000000,1776853910869859337,1776853910884330571,31124555912943,1776853789129.859,14.471,49.973,0.115528,0.114566,0.000000,1.207236,0.073222,-0.003671,0.000000,0.000000,0.000000,0.342549
1711,go2_001,121800000000,1776853910931486944,1776853910934320363,31124605903086,1776853789131.487,2.833,49.990,0.116306,0.128643,0.000000,1.200517,0.092861,0.008738,0.000000,0.000000,0.000000,-0.116425
1712,go2_001,121840000000,1776853910973183017,1776853910984347438,31124655929772,1776853789133.183,11.164,50.027,0.121345,0.135942,0.000000,1.205947,0.105193,0.004188,0.000000,0.000000,0.000000,0.202583
1713,go2_001,121880000000,1776853911014070931,1776853911034345410,31124705927828,1776853789134.071,20.274,49.998,0.120939,0.135812,0.000000,1.225742,0.095398,0.003817,0.000000,0.000000,0.000000,0.465390
1714,go2_001,121940000000,1776853911075694915,1776853911084342739,31124755925153,1776853789135.695,8.648,49.997,0.120360,0.135638,0.000000,1.273168,0.082142,0.003314,0.000000,0.000000,0.000000,0.795074
1715,go2_001,121980000000,1776853911116735272,1776853911134353181,31124805935527,1776853789136.735,17.618,50.010,0.122730,0.139453,0.000000,1.312454,0.085267,0.000444,0.000000,0.000000,0.000000,1.005127
1716,go2_001,122040000000,1776853911168130562,1776853911184435995,31124856019716,1776853789128.131,16.305,50.083,0.126050,0.151560,0.000000,1.380922,0.102661,0.001427,0.000000,0.000000,0.000000,1.184784
1717,go2_001,122100000000,1776853911229780408,1776853911234352994,31124905935692,1776853789129.781,4.573,49.917,0.129239,0.167709,0.000000,1.422707,0.127008,0.004087,0.000000,0.000000,0.000000,0.721832
1718,go2_001,122140000000,1776853911270952739,1776853911284381736,31124955964270,1776853789130.953,13.429,50.029,0.128383,0.167537,0.000000,1.440399,0.115387,0.003722,0.000000,0.000000,0.000000,0.347530
1719,go2_001,122200000000,1776853911332580015,1776853911334281854,31125005864189,1776853789132.580,1.702,49.900,0.127329,0.167271,0.000000,1.458646,0.099657,0.003228,0.000000,0.000000,0.000000,0.314416
1720,go2_001,122240000000,1776853911373701375,1776853911384344967,31125055927816,1776853789133.701,10.644,50.063,0.127326,0.168667,0.000000,1.459036,0.094150,0.002533,0.000000,0.000000,0.000000,-0.010801
1721,go2_001,122280000000,1776853911414798643,1776853911434363662,31125105946262,1776853789134.799,19.565,50.019,0.125042,0.181083,0.000000,1.449522,0.112851,0.012900,0.000000,0.000000,0.000000,-0.189631
1722,go2_001,122340000000,1776853911476778190,1776853911484326674,31125155909030,1776853789136.778,7.548,49.963,0.129008,0.194393,0.000000,1.462497,0.130141,0.007191,0.000000,0.000000,0.000000,0.350137
1723,go2_001,122400000000,1776853911528194560,1776853911534336986,31125205919311,1776853789128.195,6.142,50.010,0.128379,0.193928,0.000000,1.491707,0.112572,0.006273,0.000000,0.000000,0.000000,0.559447
1724,go2_001,122440000000,1776853911569316308,1776853911584372645,31125255955192,1776853789129.316,15.056,50.036,0.127981,0.193646,0.000000,1.525282,0.102013,0.005721,0.000000,0.000000,0.000000,0.802770
1725,go2_001,122500000000,1776853911631334527,1776853911634345300,31125305928043,1776853789131.334,3.011,49.973,0.126377,0.199599,0.000000,1.592398,0.102092,0.008892,0.000000,0.000000,0.000000,1.111586
1726,go2_001,122540000000,1776853911672221735,1776853911684377880,31125355960290,1776853789132.222,12.156,50.033,0.128872,0.209055,0.000000,1.642553,0.115706,0.003323,0.000000,0.000000,0.000000,1.185214
1727,go2_001,122600000000,1776853911733810453,1776853911734236998,31125405819598,1776853789133.811,0.427,49.859,0.126726,0.220533,0.000000,1.687493,0.126565,0.006985,0.000000,0.000000,0.000000,0.627417
1728,go2_001,122640000000,1776853911775016811,1776853911784342625,31125455925103,1776853789135.017,9.326,50.106,0.125937,0.220121,0.000000,1.701252,0.114823,0.006368,0.000000,0.000000,0.000000,0.357151
1729,go2_001,122680000000,1776853911816264186,1776853911834380758,31125505963239,1776853789136.264,18.117,50.038,0.125277,0.219742,0.000000,1.713145,0.104014,0.005800,0.000000,0.000000,0.000000,0.322940
1730,go2_001,122740000000,1776853911877983263,1776853911884332669,31125555915030,1776853789137.983,6.349,49.952,0.124182,0.223429,0.000000,1.733459,0.098952,0.005564,0.000000,0.000000,0.000000,0.298511
1731,go2_001,122800000000,1776853911929351021,1776853911934430818,31125606013564,1776853789129.351,5.080,50.098,0.119138,0.236435,0.000000,1.729099,0.116445,0.013550,0.000000,0.000000,0.000000,-0.075619
1732,go2_001,122840000000,1776853911970584839,1776853911984367039,31125655949417,1776853789130.585,13.782,49.936,0.118256,0.246306,0.000000,1.731334,0.129425,0.011929,0.000000,0.000000,0.000000,0.100403
1733,go2_001,122900000000,1776853912032563859,1776853912034343299,31125705926115,1776853789132.564,1.779,49.976,0.117748,0.245665,0.000000,1.760938,0.111741,0.010420,0.000000,0.000000,0.000000,0.459773
1734,go2_001,122940000000,1776853912073822602,1776853912084365123,31125755947577,1776853789133.823,10.543,50.022,0.117431,0.245273,0.000000,1.794234,0.101118,0.009511,0.000000,0.000000,0.000000,0.784887
1735,go2_001,122980000000,1776853912115118930,1776853912134354116,31125805936559,1776853789135.119,19.235,49.989,0.114962,0.247880,0.000000,1.840039,0.099034,0.012721,0.000000,0.000000,0.000000,1.157612
1736,go2_001,123040000000,1776853912177158594,1776853912184355388,31125855937731,1776853789137.159,7.197,50.001,0.118433,0.250186,0.000000,1.903949,0.090563,0.000964,0.000000,0.000000,0.000000,0.965567
1737,go2_001,123100000000,1776853912228827572,1776853912234344547,31125905926993,1776853789128.828,5.517,49.989,0.113876,0.263162,0.000000,1.939163,0.109035,0.003365,0.000000,0.000000,0.000000,0.675516
1738,go2_001,123140000000,1776853912269995249,1776853912284353690,31125955936359,1776853789129.995,14.358,50.009,0.113351,0.262682,0.000000,1.950035,0.098608,0.003021,0.000000,0.000000,0.000000,0.317723
1739,go2_001,123200000000,1776853912331541288,1776853912334487833,31126006071056,1776853789131.541,2.947,50.134,0.112730,0.262057,0.000000,1.977589,0.084515,0.002558,0.000000,0.000000,0.000000,0.468216
1740,go2_001,123240000000,1776853912373154140,1776853912384369326,31126055951924,1776853789133.154,11.215,49.881,0.111107,0.265671,0.000000,1.989086,0.085982,0.002569,0.000000,0.000000,0.000000,0.270234
1741,go2_001,123280000000,1776853912414488550,1776853912434340865,31126105923232,1776853789134.489,19.852,49.972,0.107853,0.271852,0.000000,1.987125,0.094052,0.004371,0.000000,0.000000,0.000000,-0.018940
1742,go2_001,123340000000,1776853912476015521,1776853912484344911,31126155927282,1776853789136.016,8.329,50.004,0.102580,0.285311,0.000000,1.988368,0.114428,0.004071,0.000000,0.000000,0.000000,0.145821
1743,go2_001,123380000000,1776853912517233253,1776853912534331441,31126205913841,1776853789137.233,17.098,49.987,0.100722,0.285881,0.000000,2.008086,0.106968,0.006437,0.000000,0.000000,0.000000,0.448225
1744,go2_001,123440000000,1776853912568716393,1776853912584332777,31126255915101,1776853789128.716,15.616,50.001,0.100431,0.285263,0.000000,2.048310,0.091858,0.005567,0.000000,0.000000,0.000000,0.757497
1745,go2_001,123500000000,1776853912630150156,1776853912634300144,31126305882500,1776853789130.150,4.150,49.967,0.097727,0.290853,0.000000,2.108256,0.093943,0.004222,0.000000,0.000000,0.000000,0.954234
1746,go2_001,123540000000,1776853912671279823,1776853912684364482,31126355946844,1776853789131.280,13.085,50.064,0.095844,0.299394,0.000000,2.144358,0.105337,-0.001371,0.000000,0.000000,0.000000,0.798138
1747,go2_001,123600000000,1776853912732981906,1776853912734324770,31126405907509,1776853789132.982,1.343,49.960,0.084217,0.312966,0.000000,2.182524,0.131072,0.007052,0.000000,0.000000,0.000000,0.511048
1748,go2_001,123640000000,1776853912774046249,1776853912784394839,31126455977464,1776853789134.046,10.349,50.070,0.083805,0.312259,0.000000,2.198340,0.118821,0.006411,0.000000,0.000000,0.000000,0.384873
1749,go2_001,123680000000,1776853912815009289,1776853912834341854,31126505924371,1776853789135.009,19.333,49.947,0.083464,0.311629,0.000000,2.217782,0.107545,0.005821,0.000000,0.000000,0.000000,0.486504
1750,go2_001,123740000000,1776853912876999094,1776853912884349459,31126555931861,1776853789136.999,7.350,50.008,0.080800,0.314356,0.000000,2.244926,0.102284,0.005276,0.000000,0.000000,0.000000,0.356702
1751,go2_001,123800000000,1776853912928338307,1776853912934328479,31126605910818,1776853789128.338,5.990,49.979,0.071370,0.321256,0.000000,2.249669,0.113736,0.012844,0.000000,0.000000,0.000000,0.125891
1752,go2_001,123840000000,1776853912969329350,1776853912984380511,31126655962841,1776853789129.329,15.051,50.052,0.067826,0.329974,0.000000,2.256952,0.125227,0.006482,0.000000,0.000000,0.000000,0.257096
1753,go2_001,123900000000,1776853913030917485,1776853913034319700,31126705901954,1776853789130.917,3.402,49.939,0.065348,0.330779,0.000000,2.291354,0.113620,0.007667,0.000000,0.000000,0.000000,0.575406
1754,go2_001,123940000000,1776853913072113342,1776853913084336914,31126755919734,1776853789132.114,12.224,50.017,0.065188,0.330216,0.000000,2.333951,0.102718,0.006967,0.000000,0.000000,0.000000,0.834219
1755,go2_001,124000000000,1776853913133649350,1776853913134302454,31126805884902,1776853789133.649,0.653,49.966,0.057303,0.334894,0.000000,2.396792,0.108949,0.012013,0.000000,0.000000,0.000000,1.029575
1756,go2_001,124040000000,1776853913174811404,1776853913184332077,31126855914471,1776853789134.811,9.521,50.030,0.051451,0.344542,0.000000,2.435784,0.125378,0.005799,0.000000,0.000000,0.000000,0.978319
1757,go2_001,124080000000,1776853913215731219,1776853913234425916,31126906008589,1776853789135.731,18.695,50.094,0.042571,0.349767,0.000000,2.465501,0.137228,0.011207,0.000000,0.000000,0.000000,0.735631
1758,go2_001,124140000000,1776853913277185938,1776853913284472088,31126956054587,1776853789137.186,7.286,50.046,0.037160,0.350842,0.000000,2.494066,0.129763,0.014227,0.000000,0.000000,0.000000,0.496641
1759,go2_001,124180000000,1776853913318304168,1776853913334369591,31127005952595,1776853789138.304,16.065,49.898,0.036960,0.349970,0.000000,2.515635,0.117504,0.012987,0.000000,0.000000,0.000000,0.543333
1760,go2_001,124240000000,1776853913369683951,1776853913384377372,31127055959819,1776853789129.684,14.693,50.008,0.033341,0.351608,0.000000,2.533773,0.111314,0.012134,0.000000,0.000000,0.000000,0.304155
1761,go2_001,124300000000,1776853913431337533,1776853913434293039,31127105875357,1776853789131.337,2.956,49.916,0.023721,0.356590,0.000000,2.539021,0.120932,0.014902,0.000000,0.000000,0.000000,0.111836
1762,go2_001,124340000000,1776853913472284683,1776853913484376464,31127155959013,1776853789132.285,12.092,50.083,0.017377,0.364631,0.000000,2.549252,0.133744,0.007832,0.000000,0.000000,0.000000,0.288588
1763,go2_001,124400000000,1776853913533934204,1776853913534237492,31127205819840,1776853789133.934,0.303,49.861,0.014913,0.364593,0.000000,2.590893,0.120677,0.008495,0.000000,0.000000,0.000000,0.661088
1764,go2_001,124440000000,1776853913574953630,1776853913584330911,31127255913297,1776853789134.954,9.377,50.093,0.014894,0.363936,0.000000,2.624224,0.109098,0.007702,0.000000,0.000000,0.000000,0.784376
1765,go2_001,124480000000,1776853913615900658,1776853913634373817,31127305956629,1776853789135.901,18.473,50.043,0.009656,0.364563,0.000000,2.659714,0.110201,0.011858,0.000000,0.000000,0.000000,0.863123
1766,go2_001,124540000000,1776853913677397156,1776853913684389610,31127355972207,1776853789137.397,6.992,50.016,0.002554,0.371836,0.000000,2.721663,0.119021,0.003838,0.000000,0.000000,0.000000,0.972647
1767,go2_001,124580000000,1776853913718600203,1776853913734409559,31127405992108,1776853789138.600,15.809,50.020,-0.008756,0.377474,0.000000,2.754864,0.137757,0.004981,0.000000,0.000000,0.000000,0.836996
1768,go2_001,124640000000,1776853913769876701,1776853913784360161,31127455942440,1776853789129.877,14.483,49.951,-0.014954,0.377620,0.000000,2.778470,0.132008,0.008196,0.000000,0.000000,0.000000,0.466483
1769,go2_001,124700000000,1776853913831431908,1776853913834279226,31127505861589,1776853789131.432,2.847,49.919,-0.014922,0.376325,0.000000,2.802487,0.113581,0.007062,0.000000,0.000000,0.000000,0.428205
1770,go2_001,124740000000,1776853913872500621,1776853913884432530,31127556015786,1776853789132.501,11.932,50.153,-0.014871,0.375608,0.000000,2.813915,0.102518,0.006380,0.000000,0.000000,0.000000,0.215855
1771,go2_001,124800000000,1776853913934127596,1776853913934301775,31127605884737,1776853789134.128,0.174,49.869,-0.025420,0.378539,0.000000,2.811720,0.113468,0.008269,0.000000,0.000000,0.000000,-0.033842
1772,go2_001,124840000000,1776853913975058699,1776853913984348757,31127655931641,1776853789135.059,9.290,50.047,-0.034619,0.383540,0.000000,2.812530,0.127579,0.004763,0.000000,0.000000,0.000000,0.080998
1773,go2_001,124880000000,1776853914016139886,1776853914034399032,31127705981549,1776853789136.140,18.259,50.050,-0.034443,0.383008,0.000000,2.832859,0.115376,0.004267,0.000000,0.000000,0.000000,0.470932
1774,go2_001,124940000000,1776853914077731683,1776853914084404180,31127755986555,1776853789137.732,6.672,50.005,-0.034207,0.382253,0.000000,2.886732,0.098882,0.003597,0.000000,0.000000,0.000000,0.888960
1775,go2_001,124980000000,1776853914118737045,1776853914134365371,31127805948236,1776853789138.737,15.628,49.961,-0.037620,0.380879,0.000000,2.927553,0.096147,0.008021,0.000000,0.000000,0.000000,1.025519
1776,go2_001,125040000000,1776853914170106094,1776853914184332763,31127855915411,1776853789130.106,14.227,49.967,-0.044472,0.386043,0.000000,2.987909,0.101572,-0.000704,0.000000,0.000000,0.000000,1.191914
1777,go2_001,125100000000,1776853914231636810,1776853914234284133,31127905866321,1776853789131.637,2.647,49.951,-0.055476,0.387143,0.000000,3.034472,0.112214,0.001704,0.000000,0.000000,0.000000,0.743597
1778,go2_001,125140000000,1776853914272754320,1776853914284344444,31127955927098,1776853789132.754,11.590,50.060,-0.055310,0.386362,0.000000,3.053670,0.101244,0.001461,0.000000,0.000000,0.000000,0.351635
1779,go2_001,125200000000,1776853914334309418,1776853914334492757,31128006075052,1776853789134.309,0.183,50.148,-0.055062,0.385410,0.000000,3.070531,0.086425,0.001135,0.000000,0.000000,0.000000,0.341604
1780,go2_001,125240000000,1776853914375256605,1776853914384362817,31128055945211,1776853789135.257,9.106,49.870,-0.061640,0.387490,0.000000,3.074947,0.094006,-0.001803,0.000000,0.000000,0.000000,0.129383
1781,go2_001,125280000000,1776853914416269364,1776853914434437197,31128106019873,1776853789136.269,18.168,50.074,-0.069049,0.386286,0.000000,3.064588,0.101637,0.003214,0.000000,0.000000,0.000000,-0.214203
1782,go2_001,125340000000,1776853914477841094,1776853914484331935,31128155914380,1776853789137.841,6.491,49.895,-0.075394,0.386652,0.000000,3.062109,0.101433,0.002719,0.000000,0.000000,0.000000,0.088948
1783,go2_001,125380000000,1776853914518923709,1776853914534412582,31128205995157,1776853789138.924,15.489,50.081,-0.077407,0.386829,0.000000,3.085060,0.096801,0.002003,0.000000,0.000000,0.000000,0.597667
1784,go2_001,125440000000,1776853914570232056,1776853914584321924,31128255904248,1776853789130.232,14.090,49.909,-0.082370,0.387019,0.000000,3.135277,0.094729,0.001508,0.000000,0.000000,0.000000,0.929795
1785,go2_001,125500000000,1776853914632149458,1776853914634278517,31128305860734,1776853789132.149,2.129,49.957,-0.094306,0.385062,0.000000,-3.092085,0.108629,0.006746,0.000000,0.000000,0.000000,1.038095
1786,go2_001,125540000000,1776853914673278797,1776853914684338712,31128355921083,1776853789133.279,11.060,50.060,-0.092503,0.391539,0.000000,-3.046317,0.095606,-0.010424,0.000000,0.000000,0.000000,0.961482
1787,go2_001,125580000000,1776853914714364210,1776853914734432564,31128406015447,1776853789134.364,20.068,50.094,-0.090628,0.394715,0.000000,-3.012486,0.082490,-0.018538,0.000000,0.000000,0.000000,0.718224
1788,go2_001,125640000000,1776853914776236177,1776853914784392859,31128455975481,1776853789136.236,8.157,49.960,-0.090955,0.394592,0.000000,-2.992261,0.071101,-0.017909,0.000000,0.000000,0.000000,0.371771
1789,go2_001,125680000000,1776853914828536050,1776853914834475737,31128506058413,1776853789148.536,5.940,50.083,-0.090836,0.394151,0.000000,-2.973590,0.063484,-0.016537,0.000000,0.000000,0.000000,0.489054
1790,go2_001,125730000000,1776853914883040265,1776853914884309762,31128555892498,1776853789153.040,1.269,49.834,-0.094016,0.393384,0.000000,-2.945366,0.062787,-0.014676,0.000000,0.000000,0.000000,0.465351
1791,go2_001,125785000000,1776853914924182434,1776853914934340149,31128605922481,1776853789139.182,10.158,50.030,-0.094349,0.389302,0.000000,-2.939640,0.055630,-0.004902,0.000000,0.000000,0.000000,0.164045
1792,go2_001,125830000000,1776853914964948221,1776853914984336610,31128655919014,1776853789134.948,19.388,49.996,-0.102648,0.385668,0.000000,-2.946781,0.068887,0.001375,0.000000,0.000000,0.000000,-0.034644
1793,go2_001,125890000000,1776853915026775880,1776853915034321859,31128705904210,1776853789136.776,7.546,49.985,-0.102700,0.383992,0.000000,-2.926908,0.059182,0.004095,0.000000,0.000000,0.000000,0.366121
1794,go2_001,125930000000,1776853915067785401,1776853915084350928,31128755933370,1776853789137.785,16.566,50.029,-0.102535,0.383828,0.000000,-2.896385,0.052661,0.003720,0.000000,0.000000,0.000000,0.671981
1795,go2_001,125970000000,1776853915109446011,1776853915134363318,31128805945739,1776853789139.446,24.917,50.012,-0.102377,0.383662,0.000000,-2.858448,0.046669,0.003373,0.000000,0.000000,0.000000,0.918068
1796,go2_001,126050000000,1776853915181909955,1776853915184326366,31128855908910,1776853789131.910,2.416,49.963,-0.115254,0.381216,0.000000,-2.766850,0.066540,0.001403,0.000000,0.000000,0.000000,0.917306
1797,go2_001,126090000000,1776853915222919261,1776853915234372985,31128905955387,1776853789132.919,11.454,50.047,-0.125619,0.376545,0.000000,-2.756936,0.085962,0.005592,0.000000,0.000000,0.000000,0.745127
1798,go2_001,126130000000,1776853915264059231,1776853915284384506,31128955967200,1776853789134.059,20.325,50.012,-0.124801,0.374053,0.000000,-2.736476,0.077521,0.010043,0.000000,0.000000,0.000000,0.507336
1799,go2_001,126190000000,1776853915325558609,1776853915334334940,31129005917384,1776853789135.559,8.776,49.950,-0.124288,0.373628,0.000000,-2.717361,0.065835,0.008780,0.000000,0.000000,0.000000,0.336110
1800,go2_001,126230000000,1776853915366796124,1776853915384346531,31129055928973,1776853789136.796,17.550,50.012,-0.128668,0.372084,0.000000,-2.700506,0.070382,0.007637,0.000000,0.000000,0.000000,0.292801
1801,go2_001,126290000000,1776853915428844203,1776853915434286175,31129105868407,1776853789138.844,5.442,49.940,-0.128227,0.362627,0.000000,-2.693439,0.066818,0.026462,0.000000,0.000000,0.000000,0.074954
1802,go2_001,126330000000,1776853915480105013,1776853915484304181,31129155886380,1776853789150.105,4.199,50.018,-0.137373,0.358867,0.000000,-2.690541,0.083432,0.024585,0.000000,0.000000,0.000000,0.132858
1803,go2_001,126370000000,1776853915521477799,1776853915534393482,31129205975933,1776853789151.478,12.916,50.089,-0.139237,0.356353,0.000000,-2.677550,0.082039,0.025957,0.000000,0.000000,0.000000,0.347140
1804,go2_001,126450000000,1776853915583497528,1776853915584396396,31129255978916,1776853789133.498,0.899,50.003,-0.138586,0.356260,0.000000,-2.634293,0.066138,0.021780,0.000000,0.000000,0.000000,0.770147
1805,go2_001,126490000000,1776853915625394152,1776853915634374516,31129305956890,1776853789135.394,8.980,49.978,-0.142176,0.352326,0.000000,-2.587722,0.071382,0.024441,0.000000,0.000000,0.000000,1.121971
1806,go2_001,126530000000,1776853915665805209,1776853915684361676,31129355943937,1776853789135.805,18.556,49.987,-0.142100,0.358027,0.000000,-2.540664,0.058766,0.009825,0.000000,0.000000,0.000000,1.135795
1807,go2_001,126590000000,1776853915728121194,1776853915734375128,31129405957595,1776853789138.121,6.254,50.013,-0.145884,0.363295,0.000000,-2.479680,0.052171,-0.007077,0.000000,0.000000,0.000000,0.748355
1808,go2_001,126630000000,1776853915769193932,1776853915784399256,31129455982073,1776853789139.194,15.205,50.024,-0.146644,0.362972,0.000000,-2.466531,0.048455,-0.007596,0.000000,0.000000,0.000000,0.355107
1809,go2_001,126670000000,1776853915820597710,1776853915834372919,31129505955361,1776853789150.598,13.775,49.974,-0.146411,0.362752,0.000000,-2.450816,0.042934,-0.007080,0.000000,0.000000,0.000000,0.396377
1810,go2_001,126750000000,1776853915882806156,1776853915884360025,31129555942679,1776853789132.806,1.554,49.987,-0.150399,0.357646,0.000000,-2.415153,0.047656,-0.002316,0.000000,0.000000,0.000000,0.527060
1811,go2_001,126790000000,1776853915925089234,1776853915934377753,31129605960704,1776853789135.089,9.289,50.018,-0.153442,0.353610,0.000000,-2.409115,0.053721,0.000992,0.000000,0.000000,0.000000,0.210063
1812,go2_001,126810000000,1776853915944859143,1776853915984440748,31129656023239,1776853789134.859,39.582,50.063,-0.155843,0.350978,0.000000,-2.407548,0.059156,0.002446,0.000000,0.000000,0.000000,0.144537
1813,go2_001,126890000000,1776853916027182146,1776853916034569371,31129706151839,1776853789137.182,7.387,50.129,-0.157790,0.346992,0.000000,-2.369224,0.056041,0.005411,0.000000,0.000000,0.000000,0.570708
1814,go2_001,126930000000,1776853916068548914,1776853916084405113,31129755987888,1776853789138.549,15.856,49.836,-0.157508,0.346920,0.000000,-2.339880,0.049987,0.004893,0.000000,0.000000,0.000000,0.660498
1815,go2_001,126990000000,1776853916130239708,1776853916134293911,31129805876230,1776853789140.240,4.054,49.889,-0.164230,0.341234,0.000000,-2.283203,0.062790,0.003503,0.000000,0.000000,0.000000,0.921209
1816,go2_001,127030000000,1776853916181237087,1776853916184270648,31129855852902,1776853789151.237,3.034,49.977,-0.171342,0.335646,0.000000,-2.237007,0.077780,0.000956,0.000000,0.000000,0.000000,0.935774
1817,go2_001,127090000000,1776853916222372287,1776853916234369007,31129905951402,1776853789132.372,11.997,50.098,-0.180696,0.323665,0.000000,-2.193993,0.101466,0.004450,0.000000,0.000000,0.000000,0.748642
1818,go2_001,127145000000,1776853916283950238,1776853916284302476,31129955884666,1776853789138.950,0.352,49.933,-0.174674,0.323150,0.000000,-2.175707,0.080833,0.012308,0.000000,0.000000,0.000000,0.559756
1819,go2_001,127185000000,1776853916325003493,1776853916334372394,31130005954857,1776853789140.004,9.369,50.070,-0.174153,0.323050,0.000000,-2.152954,0.072872,0.011243,0.000000,0.000000,0.000000,0.570286
1820,go2_001,127225000000,1776853916366151702,1776853916384366021,31130055948768,1776853789141.152,18.214,49.994,-0.176977,0.319508,0.000000,-2.132669,0.076907,0.009841,0.000000,0.000000,0.000000,0.460794
1821,go2_001,127290000000,1776853916427837487,1776853916434339659,31130105922129,1776853789137.838,6.502,49.974,-0.177692,0.307166,0.000000,-2.117859,0.088675,0.023574,0.000000,0.000000,0.000000,0.272334
1822,go2_001,127330000000,1776853916468840826,1776853916484337501,31130155919931,1776853789138.841,15.497,49.998,-0.184241,0.299883,0.000000,-2.106995,0.103553,0.019195,0.000000,0.000000,0.000000,0.251250
1823,go2_001,127390000000,1776853916530835275,1776853916534303574,31130205885897,1776853789140.835,3.468,49.966,-0.184381,0.296532,0.000000,-2.085465,0.096598,0.019698,0.000000,0.000000,0.000000,0.452316
1824,go2_001,127450000000,1776853916581910032,1776853916584286690,31130255869017,1776853789131.910,2.377,49.983,-0.183591,0.296674,0.000000,-2.033329,0.082854,0.017189,0.000000,0.000000,0.000000,0.711584
1825,go2_001,127490000000,1776853916623055879,1776853916634329546,31130305911885,1776853789133.056,11.274,50.043,-0.184325,0.291484,0.000000,-2.009277,0.086635,0.020218,0.000000,0.000000,0.000000,0.916309
1826,go2_001,127530000000,1776853916664058589,1776853916684346806,31130355929235,1776853789134.059,20.288,50.017,-0.187977,0.289988,0.000000,-1.967662,0.086678,0.012225,0.000000,0.000000,0.000000,1.044082
1827,go2_001,127590000000,1776853916725515980,1776853916734372451,31130405954854,1776853789135.516,8.856,50.026,-0.196749,0.273934,0.000000,-1.912781,0.116983,0.010365,0.000000,0.000000,0.000000,0.893646
1828,go2_001,127630000000,1776853916766543202,1776853916784342215,31130455924892,1776853789136.543,17.799,49.970,-0.192494,0.273265,0.000000,-1.887788,0.103695,0.016997,0.000000,0.000000,0.000000,0.611378
1829,go2_001,127690000000,1776853916828408205,1776853916834343607,31130505925985,1776853789138.408,5.935,50.001,-0.191407,0.273445,0.000000,-1.856778,0.089107,0.014789,0.000000,0.000000,0.000000,0.477097
1830,go2_001,127730000000,1776853916869624849,1776853916884336399,31130555918739,1776853789139.625,14.712,49.993,-0.192491,0.269470,0.000000,-1.841860,0.090873,0.013893,0.000000,0.000000,0.000000,0.259068
1831,go2_001,127790000000,1776853916931051366,1776853916934282035,31130605864527,1776853789141.052,3.231,49.946,-0.183650,0.266821,0.000000,-1.844152,0.076471,0.031666,0.000000,0.000000,0.000000,-0.004980
1832,go2_001,127850000000,1776853916982281309,1776853916984280591,31130655862868,1776853789132.281,1.999,49.999,-0.180077,0.266537,0.000000,-1.841268,0.063844,0.034681,0.000000,0.000000,0.000000,0.200771
1833,go2_001,127890000000,1776853917024004366,1776853917034306619,31130705888884,1776853789134.004,10.302,50.026,-0.177561,0.261360,0.000000,-1.825971,0.067131,0.041137,0.000000,0.000000,0.000000,0.451113
1834,go2_001,127930000000,1776853917064753193,1776853917084338334,31130755920684,1776853789134.753,19.585,50.032,-0.177344,0.261644,0.000000,-1.798164,0.060172,0.037648,0.000000,0.000000,0.000000,0.629670
1835,go2_001,127990000000,1776853917126260045,1776853917134354315,31130805936816,1776853789136.260,8.094,50.016,-0.176697,0.255687,0.000000,-1.725566,0.064939,0.038093,0.000000,0.000000,0.000000,1.247770
1836,go2_001,128030000000,1776853917167438341,1776853917184350679,31130855933077,1776853789137.438,16.912,49.996,-0.182377,0.256737,0.000000,-1.668114,0.060422,0.020916,0.000000,0.000000,0.000000,1.373010
1837,go2_001,128090000000,1776853917229130856,1776853917234416076,31130905998507,1776853789139.131,5.285,50.065,-0.184154,0.237988,0.000000,-1.609514,0.094731,0.023542,0.000000,0.000000,0.000000,0.764301
1838,go2_001,128130000000,1776853917270190244,1776853917284345072,31130955927450,1776853789140.190,14.155,49.929,-0.180344,0.233666,0.000000,-1.588231,0.094772,0.030763,0.000000,0.000000,0.000000,0.488078
1839,go2_001,128170000000,1776853917311234858,1776853917334336454,31131005919401,1776853789141.235,23.102,49.991,-0.179697,0.234081,0.000000,-1.570988,0.085611,0.028068,0.000000,0.000000,0.000000,0.429784
1840,go2_001,128250000000,1776853917382925388,1776853917384243345,31131055825711,1776853789132.926,1.318,49.907,-0.179259,0.230195,0.000000,-1.562022,0.080390,0.023567,0.000000,0.000000,0.000000,0.064950
1841,go2_001,128290000000,1776853917424291516,1776853917434332584,31131105914908,1776853789134.292,10.041,50.089,-0.182481,0.238033,0.000000,-1.567957,0.055925,0.011052,0.000000,0.000000,0.000000,-0.203667
1842,go2_001,128330000000,1776853917465211574,1776853917484342512,31131155925140,1776853789135.211,19.131,50.010,-0.183553,0.227235,0.000000,-1.564805,0.075637,0.009456,0.000000,0.000000,0.000000,0.101956
1843,go2_001,128390000000,1776853917526909585,1776853917534313381,31131205895777,1776853789136.910,7.404,49.971,-0.184158,0.218665,0.000000,-1.544625,0.084319,0.007371,0.000000,0.000000,0.000000,0.383612
1844,go2_001,128430000000,1776853917567942795,1776853917584337461,31131255919852,1776853789137.943,16.395,50.024,-0.183867,0.218923,0.000000,-1.513915,0.076010,0.006548,0.000000,0.000000,0.000000,0.705226
1845,go2_001,128490000000,1776853917629630998,1776853917634345746,31131305928163,1776853789139.631,4.715,50.008,-0.181416,0.214253,0.000000,-1.438794,0.076598,0.010274,0.000000,0.000000,0.000000,1.035547
1846,go2_001,128530000000,1776853917670848253,1776853917684340005,31131355922342,1776853789140.848,13.492,49.994,-0.186038,0.217302,0.000000,-1.395403,0.062482,-0.002426,0.000000,0.000000,0.000000,1.048900
1847,go2_001,128590000000,1776853917722236926,1776853917734334835,31131405917280,1776853789132.237,12.098,49.995,-0.191858,0.217716,0.000000,-1.333842,0.052213,-0.017019,0.000000,0.000000,0.000000,0.939088
1848,go2_001,128650000000,1776853917783538066,1776853917784274010,31131455856240,1776853789133.538,0.736,49.939,-0.191955,0.215682,0.000000,-1.313918,0.048443,-0.017088,0.000000,0.000000,0.000000,0.486431
1849,go2_001,128690000000,1776853917824620698,1776853917834360798,31131505943354,1776853789134.621,9.740,50.087,-0.191603,0.215758,0.000000,-1.304277,0.043068,-0.015901,0.000000,0.000000,0.000000,0.288752
1850,go2_001,128725000000,1776853917865755046,1776853917884340341,31131555922709,1776853789140.755,18.585,49.980,-0.190401,0.210649,0.000000,-1.290747,0.051180,-0.014278,0.000000,0.000000,0.000000,0.343478
1851,go2_001,128785000000,1776853917927306058,1776853917934346018,31131605928358,1776853789142.306,7.040,50.006,-0.189037,0.202017,0.000000,-1.292491,0.063335,-0.013667,0.000000,0.000000,0.000000,-0.078954
1852,go2_001,128825000000,1776853917968512013,1776853917984341804,31131655924169,1776853789143.512,15.830,49.996,-0.185754,0.193165,0.000000,-1.301083,0.078660,-0.009563,0.000000,0.000000,0.000000,-0.135857
1853,go2_001,128885000000,1776853918030288047,1776853918034338024,31131705920518,1776853789145.288,4.050,49.996,-0.184726,0.188879,0.000000,-1.274462,0.077506,-0.009171,0.000000,0.000000,0.000000,0.490523
1854,go2_001,128925000000,1776853918071390813,1776853918084356702,31131755939039,1776853789146.391,12.966,50.019,-0.184478,0.189112,0.000000,-1.241149,0.069859,-0.008579,0.000000,0.000000,0.000000,0.791204
1855,go2_001,128985000000,1776853918123234097,1776853918134392161,31131805974637,1776853789138.234,11.158,50.035,-0.179572,0.182791,0.000000,-1.190698,0.077034,-0.001479,0.000000,0.000000,0.000000,1.027177
1856,go2_001,129025000000,1776853918164356713,1776853918184344040,31131855926962,1776853789139.357,19.987,49.952,-0.182295,0.179239,0.000000,-1.143663,0.075965,-0.010769,0.000000,0.000000,0.000000,1.140704
1857,go2_001,129085000000,1776853918226206823,1776853918234315026,31131905897472,1776853789141.207,8.108,49.971,-0.187288,0.178970,0.000000,-1.091362,0.062609,-0.022041,0.000000,0.000000,0.000000,0.757530
1858,go2_001,129125000000,1776853918267413633,1776853918284374248,31131955956762,1776853789142.414,16.961,50.059,-0.186340,0.179099,0.000000,-1.074694,0.056688,-0.019267,0.000000,0.000000,0.000000,0.444783
1859,go2_001,129185000000,1776853918329493035,1776853918334379059,31132005961566,1776853789144.493,4.886,50.005,-0.185833,0.179371,0.000000,-1.045470,0.047902,-0.017135,0.000000,0.000000,0.000000,0.515182
1860,go2_001,129225000000,1776853918371791478,1776853918384365959,31132055948450,1776853789146.792,12.574,49.987,-0.183478,0.174939,0.000000,-1.018346,0.054563,-0.015477,0.000000,0.000000,0.000000,0.645151
1861,go2_001,129285000000,1776853918432825217,1776853918434296273,31132105878580,1776853789147.825,1.471,49.930,-0.180479,0.169549,0.000000,-1.003769,0.060504,-0.013808,0.000000,0.000000,0.000000,0.117985
1862,go2_001,129345000000,1776853918484285268,1776853918484535232,31132156117672,1776853789139.285,0.250,50.239,-0.174211,0.164497,0.000000,-0.990989,0.067846,-0.005454,0.000000,0.000000,0.000000,0.323695
1863,go2_001,129385000000,1776853918525585688,1776853918534340018,31132205922375,1776853789140.586,8.754,49.805,-0.174015,0.164792,0.000000,-0.971907,0.060997,-0.005078,0.000000,0.000000,0.000000,0.484105
1864,go2_001,129425000000,1776853918566858277,1776853918584413120,31132255995606,1776853789141.858,17.555,50.073,-0.173838,0.165061,0.000000,-0.947742,0.054703,-0.004729,0.000000,0.000000,0.000000,0.542720
1865,go2_001,129485000000,1776853918628737158,1776853918634329667,31132305912056,1776853789143.737,5.593,49.917,-0.172783,0.164751,0.000000,-0.891478,0.048570,-0.003425,0.000000,0.000000,0.000000,0.973702
1866,go2_001,129505000000,1776853918649327916,1776853918684387282,31132355969728,1776853789144.328,35.059,50.058,-0.171429,0.160885,0.000000,-0.873065,0.055514,-0.005608,0.000000,0.000000,0.000000,0.965002
1867,go2_001,129585000000,1776853918731661189,1776853918734367524,31132405950369,1776853789146.661,2.706,49.980,-0.158568,0.144121,0.000000,-0.809837,0.091915,-0.002223,0.000000,0.000000,0.000000,0.598175
1868,go2_001,129625000000,1776853918772754872,1776853918784410843,31132455993385,1776853789147.755,11.656,50.043,-0.157172,0.148704,0.000000,-0.789522,0.077059,0.005192,0.000000,0.000000,0.000000,0.459030
1869,go2_001,129685000000,1776853918834438058,1776853918834606960,31132506189219,1776853789149.438,0.169,50.196,-0.156897,0.149407,0.000000,-0.760981,0.065930,0.004512,0.000000,0.000000,0.000000,0.482408
1870,go2_001,129725000000,1776853918865317259,1776853918884569963,31132556152458,1776853789140.317,19.253,49.963,-0.154337,0.146680,0.000000,-0.750381,0.068612,0.003974,0.000000,0.000000,0.000000,0.294799
1871,go2_001,129785000000,1776853918927082905,1776853918934365430,31132605947893,1776853789142.083,7.283,49.795,-0.147649,0.151213,0.000000,-0.732654,0.060706,0.020846,0.000000,0.000000,0.000000,0.349202
1872,go2_001,129825000000,1776853918968411557,1776853918984373167,31132655955882,1776853789143.411,15.962,50.008,-0.142314,0.144583,0.000000,-0.720484,0.074870,0.017639,0.000000,0.000000,0.000000,0.309658
1873,go2_001,129880000000,1776853919032649787,1776853919034409110,31132705991705,1776853789152.650,1.759,50.036,-0.135413,0.142949,0.000000,-0.700059,0.079652,0.023773,0.000000,0.000000,0.000000,0.418068
1874,go2_001,129915000000,1776853919073361189,1776853919084376060,31132755958489,1776853789158.361,11.015,49.967,-0.135772,0.143510,0.000000,-0.673024,0.071999,0.021783,0.000000,0.000000,0.000000,0.561885
1875,go2_001,129955000000,1776853919114719261,1776853919134355749,31132805938189,1776853789159.719,19.636,49.980,-0.135754,0.143894,0.000000,-0.635599,0.064976,0.019995,0.000000,0.000000,0.000000,0.875855
1876,go2_001,130020000000,1776853919177577451,1776853919184390929,31132855973296,1776853789157.577,6.813,50.035,-0.131614,0.139649,0.000000,-0.555225,0.069206,0.015281,0.000000,0.000000,0.000000,1.247678
1877,go2_001,130080000000,1776853919228801258,1776853919234410811,31132905993212,1776853789148.801,5.610,50.020,-0.116416,0.127322,0.000000,-0.502351,0.104821,0.013091,0.000000,0.000000,0.000000,0.807761
1878,go2_001,130120000000,1776853919269852446,1776853919284356479,31132955939099,1776853789149.852,14.504,49.946,-0.110329,0.125781,0.000000,-0.488390,0.109043,0.016371,0.000000,0.000000,0.000000,0.423764
1879,go2_001,130180000000,1776853919331579952,1776853919334297128,31133005879600,1776853789151.580,2.717,49.941,-0.110279,0.126920,0.000000,-0.475168,0.094133,0.014293,0.000000,0.000000,0.000000,0.225129
1880,go2_001,130220000000,1776853919372775816,1776853919384405880,31133055988361,1776853789152.776,11.630,50.109,-0.110292,0.127528,0.000000,-0.465978,0.085170,0.013041,0.000000,0.000000,0.000000,0.206068
1881,go2_001,130280000000,1776853919434470626,1776853919434628105,31133106210601,1776853789154.471,0.157,50.222,-0.118084,0.128922,0.000000,-0.453328,0.056507,0.002774,0.000000,0.000000,0.000000,0.114059
1882,go2_001,130320000000,1776853919476724436,1776853919484332506,31133155914987,1776853789156.724,7.608,49.704,-0.111625,0.123719,0.000000,-0.452449,0.070197,-0.000373,0.000000,0.000000,0.000000,0.048512
1883,go2_001,130360000000,1776853919517663698,1776853919534437194,31133206019571,1776853789157.664,16.773,50.105,-0.107619,0.121042,0.000000,-0.445320,0.074574,-0.001523,0.000000,0.000000,0.000000,0.183924
1884,go2_001,130420000000,1776853919569673166,1776853919584402139,31133255984538,1776853789149.673,14.729,49.965,-0.107689,0.121522,0.000000,-0.413827,0.063705,-0.001492,0.000000,0.000000,0.000000,0.634978
1885,go2_001,130480000000,1776853919631581306,1776853919634361955,31133305944473,1776853789151.581,2.781,49.960,-0.104320,0.122438,0.000000,-0.353810,0.060768,0.003276,0.000000,0.000000,0.000000,1.024213
1886,go2_001,130520000000,1776853919672686533,1776853919684360803,31133355943237,1776853789152.687,11.674,49.999,-0.107697,0.118377,0.000000,-0.304378,0.052215,-0.009767,0.000000,0.000000,0.000000,1.219333
1887,go2_001,130580000000,1776853919734427507,1776853919734605358,31133406187786,1776853789154.427,0.178,50.245,-0.104942,0.112840,0.000000,-0.237768,0.055873,-0.018510,0.000000,0.000000,0.000000,1.005894
1888,go2_001,130620000000,1776853919775363447,1776853919784388548,31133455970910,1776853789155.363,9.025,49.783,-0.103152,0.112120,0.000000,-0.215390,0.054529,-0.018000,0.000000,0.000000,0.000000,0.587654
1889,go2_001,130660000000,1776853919816913908,1776853919834363869,31133505946686,1776853789156.914,17.450,49.975,-0.103042,0.112536,0.000000,-0.201163,0.048783,-0.016620,0.000000,0.000000,0.000000,0.285832
1890,go2_001,130720000000,1776853919879795320,1776853919884311966,31133555894212,1776853789159.795,4.517,49.948,-0.102931,0.113037,0.000000,-0.188128,0.041036,-0.014741,0.000000,0.000000,0.000000,0.193438
1891,go2_001,130780000000,1776853919930119416,1776853919934351917,31133605934578,1776853789150.119,4.233,50.040,-0.094630,0.112112,0.000000,-0.198173,0.053147,-0.009980,0.000000,0.000000,0.000000,-0.185842
1892,go2_001,130820000000,1776853919971566607,1776853919984353707,31133655936249,1776853789151.567,12.787,50.002,-0.085321,0.112142,0.000000,-0.208281,0.068486,-0.003522,0.000000,0.000000,0.000000,-0.198789
1893,go2_001,130880000000,1776853920032970902,1776853920034374423,31133705956676,1776853789152.971,1.404,50.021,-0.088755,0.110527,0.000000,-0.186904,0.052770,-0.009237,0.000000,0.000000,0.000000,0.478610
1894,go2_001,130920000000,1776853920073990684,1776853920084321507,31133755904151,1776853789153.991,10.331,49.947,-0.088827,0.110737,0.000000,-0.151210,0.047212,-0.008527,0.000000,0.000000,0.000000,0.842960
1895,go2_001,130960000000,1776853920115068977,1776853920134352721,31133805935463,1776853789155.069,19.284,50.031,-0.088883,0.110955,0.000000,-0.113055,0.042111,-0.007871,0.000000,0.000000,0.000000,0.914408
1896,go2_001,131020000000,1776853920176512725,1776853920184327295,31133855909855,1776853789156.513,7.815,49.975,-0.078124,0.110776,0.000000,-0.047432,0.059629,-0.003356,0.000000,0.000000,0.000000,1.087983
1897,go2_001,131060000000,1776853920217584764,1776853920234385134,31133905967724,1776853789157.585,16.800,50.058,-0.081598,0.107633,0.000000,-0.007542,0.047302,-0.012494,0.000000,0.000000,0.000000,0.954301
1898,go2_001,131120000000,1776853920279619505,1776853920284343542,31133955926234,1776853789159.620,4.724,49.958,-0.080415,0.104713,0.000000,0.024252,0.043997,-0.018235,0.000000,0.000000,0.000000,0.383463
1899,go2_001,131180000000,1776853920330950836,1776853920334387297,31134005969814,1776853789150.951,3.436,50.044,-0.080406,0.105163,0.000000,0.037395,0.036943,-0.016088,0.000000,0.000000,0.000000,0.310903
1900,go2_001,131220000000,1776853920372303521,1776853920384444207,31134056026941,1776853789152.304,12.141,50.057,-0.073978,0.104958,0.000000,0.055707,0.047956,-0.014577,0.000000,0.000000,0.000000,0.448969
1901,go2_001,131260000000,1776853920413698485,1776853920434427879,31134106010610,1776853789153.698,20.729,49.984,-0.069387,0.102640,0.000000,0.065618,0.054039,-0.018729,0.000000,0.000000,0.000000,0.286619
1902,go2_001,131320000000,1776853920475839647,1776853920484374541,31134155957485,1776853789155.840,8.535,49.947,-0.055241,0.106794,0.000000,0.052270,0.077973,-0.006685,0.000000,0.000000,0.000000,-0.163835
1903,go2_001,131360000000,1776853920517629488,1776853920534355919,31134205938332,1776853789157.629,16.726,49.981,-0.050716,0.107274,0.000000,0.063233,0.081197,-0.005397,0.000000,0.000000,0.000000,0.241417
1904,go2_001,131420000000,1776853920579752227,1776853920584269209,31134255851466,1776853789159.752,4.517,49.913,-0.046246,0.108080,0.000000,0.108078,0.080259,-0.003822,0.000000,0.000000,0.000000,0.744958
1905,go2_001,131480000000,1776853920630770780,1776853920634277544,31134305859828,1776853789150.771,3.507,50.008,-0.042564,0.109073,0.000000,0.153541,0.078473,-0.002391,0.000000,0.000000,0.000000,0.920206
1906,go2_001,131520000000,1776853920672155689,1776853920684345346,31134355927669,1776853789152.156,12.190,50.068,-0.035659,0.110164,0.000000,0.200574,0.087532,-0.001338,0.000000,0.000000,0.000000,1.142250
1907,go2_001,131580000000,1776853920733779898,1776853920734240312,31134405822672,1776853789153.780,0.460,49.895,-0.021274,0.111917,0.000000,0.249698,0.109278,-0.001430,0.000000,0.000000,0.000000,0.820139
1908,go2_001,131620000000,1776853920775105541,1776853920784365552,31134455948057,1776853789155.105,9.260,50.125,-0.018559,0.110286,0.000000,0.270520,0.105736,-0.007088,0.000000,0.000000,0.000000,0.505729
1909,go2_001,131660000000,1776853920816098697,1776853920834350110,31134505932601,1776853789156.099,18.251,49.985,-0.018940,0.110859,0.000000,0.283121,0.095925,-0.006493,0.000000,0.000000,0.000000,0.306727
1910,go2_001,131720000000,1776853920877620116,1776853920884341338,31134555923735,1776853789157.620,6.721,49.991,-0.019448,0.111558,0.000000,0.314756,0.082652,-0.005684,0.000000,0.000000,0.000000,0.516323
1911,go2_001,131760000000,1776853920918938070,1776853920934396276,31134605979244,1776853789158.938,15.458,50.055,-0.013290,0.112588,0.000000,0.322903,0.089651,-0.006578,0.000000,0.000000,0.000000,0.190815
1912,go2_001,131820000000,1776853920970283881,1776853920984352552,31134655934982,1776853789150.284,14.069,49.956,-0.000891,0.117596,0.000000,0.317373,0.107978,-0.001967,0.000000,0.000000,0.000000,-0.042628
1913,go2_001,131880000000,1776853921031853598,1776853921034269327,31134705851576,1776853789151.854,2.416,49.917,-0.003324,0.121524,0.000000,0.334404,0.091071,0.006934,0.000000,0.000000,0.000000,0.376660
1914,go2_001,131920000000,1776853921072887138,1776853921084329172,31134755911520,1776853789152.887,11.442,50.060,-0.003676,0.121716,0.000000,0.359421,0.082385,0.006403,0.000000,0.000000,0.000000,0.577017
1915,go2_001,131980000000,1776853921134509352,1776853921134853701,31134806436534,1776853789154.509,0.344,50.525,-0.002221,0.123092,0.000000,0.418337,0.075794,0.006783,0.000000,0.000000,0.000000,1.016633
1916,go2_001,132020000000,1776853921175322925,1776853921184352339,31134855934660,1776853789155.323,9.029,49.499,0.007214,0.123317,0.000000,0.459092,0.089960,-0.000690,0.000000,0.000000,0.000000,1.031612
1917,go2_001,132060000000,1776853921216564771,1776853921234417855,31134906015951,1776853789156.565,17.853,50.066,0.015100,0.127782,0.000000,0.488130,0.102683,0.002176,0.000000,0.000000,0.000000,0.745057
1918,go2_001,132120000000,1776853921278095354,1776853921284343612,31134955926063,1776853789158.095,6.248,49.926,0.024083,0.134292,0.000000,0.526459,0.113589,0.006537,0.000000,0.000000,0.000000,0.539903
1919,go2_001,132160000000,1776853921319715091,1776853921334381707,31135005964089,1776853789159.715,14.667,50.038,0.023480,0.134721,0.000000,0.544736,0.103045,0.006025,0.000000,0.000000,0.000000,0.446070
1920,go2_001,132220000000,1776853921370536738,1776853921384369664,31135055952058,1776853789150.537,13.833,49.988,0.026318,0.136785,0.000000,0.568130,0.098121,0.005146,0.000000,0.000000,0.000000,0.444435
1921,go2_001,132280000000,1776853921432208371,1776853921434251726,31135105833989,1776853789152.208,2.043,49.882,0.022161,0.142611,0.000000,0.580196,0.082369,0.019554,0.000000,0.000000,0.000000,0.181573
1922,go2_001,132320000000,1776853921473326122,1776853921484348074,31135155930707,1776853789153.326,11.022,50.096,0.029077,0.149879,0.000000,0.582317,0.097073,0.024919,0.000000,0.000000,0.000000,0.063096
1923,go2_001,132360000000,1776853921514295688,1776853921534431307,31135206014970,1776853789154.296,20.136,50.083,0.028534,0.151124,0.000000,0.591822,0.088965,0.025361,0.000000,0.000000,0.000000,0.321330
1924,go2_001,132420000000,1776853921575966011,1776853921584351256,31135255933690,1776853789155.966,8.385,49.920,0.027931,0.151174,0.000000,0.620177,0.076325,0.022331,0.000000,0.000000,0.000000,0.485450
1925,go2_001,132460000000,1776853921617053926,1776853921634364773,31135305947237,1776853789157.054,17.311,50.014,0.027558,0.151208,0.000000,0.659150,0.068739,0.020503,0.000000,0.000000,0.000000,0.933296
1926,go2_001,132520000000,1776853921678609122,1776853921684330340,31135355912735,1776853789158.609,5.721,49.966,0.030343,0.152105,0.000000,0.737273,0.065910,0.015137,0.000000,0.000000,0.000000,1.043410
1927,go2_001,132580000000,1776853921730186324,1776853921734391725,31135405974431,1776853789150.186,4.205,50.061,0.043421,0.163455,0.000000,0.776611,0.096511,0.016615,0.000000,0.000000,0.000000,0.683051
1928,go2_001,132620000000,1776853921771164286,1776853921784362514,31135455944838,1776853789151.164,13.198,49.971,0.047200,0.171500,0.000000,0.787940,0.106085,0.024087,0.000000,0.000000,0.000000,0.310762
1929,go2_001,132680000000,1776853921833015722,1776853921834277292,31135505859678,1776853789153.016,1.262,49.915,0.046243,0.171668,0.000000,0.798904,0.091401,0.021146,0.000000,0.000000,0.000000,0.238656
1930,go2_001,132720000000,1776853921874097999,1776853921884330385,31135555913018,1776853789154.098,10.232,50.053,0.045719,0.171727,0.000000,0.818789,0.082583,0.019373,0.000000,0.000000,0.000000,0.454335
1931,go2_001,132760000000,1776853921915063563,1776853921934436542,31135606019510,1776853789155.063,19.373,50.106,0.048344,0.174569,0.000000,0.829595,0.084368,0.018043,0.000000,0.000000,0.000000,0.258823
1932,go2_001,132820000000,1776853921976902101,1776853921984342502,31135655924891,1776853789156.902,7.440,49.906,0.052468,0.176602,0.000000,0.833298,0.084270,0.011986,0.000000,0.000000,0.000000,0.075884
1933,go2_001,132860000000,1776853922018164900,1776853922034350806,31135705933139,1776853789158.165,16.186,50.008,0.057485,0.179963,0.000000,0.842996,0.090364,0.008229,0.000000,0.000000,0.000000,0.298010
1934,go2_001,132920000000,1776853922079591614,1776853922084404435,31135755987595,1776853789159.592,4.813,50.054,0.059665,0.184074,0.000000,0.877874,0.089004,0.009475,0.000000,0.000000,0.000000,0.630414
1935,go2_001,132960000000,1776853922120840842,1776853922134342492,31135805924891,1776853789160.841,13.502,49.938,0.059249,0.184080,0.000000,0.910529,0.080368,0.008623,0.000000,0.000000,0.000000,0.725765
1936,go2_001,133020000000,1776853922172258189,1776853922184335921,31135855918318,1776853789152.258,12.078,49.993,0.068584,0.189402,0.000000,0.963599,0.092161,-0.001344,0.000000,0.000000,0.000000,1.002432
1937,go2_001,133080000000,1776853922233792619,1776853922234249953,31135905832280,1776853789153.792,0.457,49.914,0.076392,0.201574,0.000000,1.019751,0.112807,0.001926,0.000000,0.000000,0.000000,0.853357
1938,go2_001,133120000000,1776853922274740651,1776853922284324417,31135955907065,1776853789154.741,9.584,50.074,0.078281,0.209307,0.000000,1.046831,0.119586,0.008200,0.000000,0.000000,0.000000,0.691676
1939,go2_001,133160000000,1776853922315754179,1776853922334336627,31136005919134,1776853789155.754,18.582,50.012,0.077497,0.209396,0.000000,1.065114,0.108446,0.007450,0.000000,0.000000,0.000000,0.468533
1940,go2_001,133220000000,1776853922377348595,1776853922384359191,31136055941613,1776853789157.349,7.011,50.023,0.076495,0.209472,0.000000,1.088385,0.093377,0.006436,0.000000,0.000000,0.000000,0.357050
1941,go2_001,133260000000,1776853922418576108,1776853922434350368,31136105932737,1776853789158.576,15.774,49.991,0.080655,0.216495,0.000000,1.086815,0.103822,0.006227,0.000000,0.000000,0.000000,-0.043101
1942,go2_001,133320000000,1776853922480058219,1776853922484346815,31136155929222,1776853789160.058,4.289,49.996,0.083801,0.227563,0.000000,1.084697,0.115573,0.011867,0.000000,0.000000,0.000000,0.050203
1943,go2_001,133380000000,1776853922531581551,1776853922534270502,31136205852837,1776853789151.582,2.689,49.924,0.088415,0.229166,0.000000,1.115516,0.109056,0.002237,0.000000,0.000000,0.000000,0.616180
1944,go2_001,133420000000,1776853922572561634,1776853922584338960,31136255921410,1776853789152.562,11.777,50.068,0.087930,0.229091,0.000000,1.147675,0.098703,0.001963,0.000000,0.000000,0.000000,0.855854
1945,go2_001,133480000000,1776853922634238146,1776853922634405607,31136305987948,1776853789154.238,0.167,50.067,0.087893,0.231306,0.000000,1.203139,0.090258,0.002750,0.000000,0.000000,0.000000,0.944521
1946,go2_001,133520000000,1776853922675244246,1776853922684342196,31136355924600,1776853789155.244,9.098,49.937,0.091217,0.237349,0.000000,1.253902,0.098213,0.000989,0.000000,0.000000,0.000000,1.270361
1947,go2_001,133560000000,1776853922716274646,1776853922734359708,31136405942031,1776853789156.275,18.085,50.018,0.095631,0.239800,0.000000,1.302139,0.098852,-0.007304,0.000000,0.000000,0.000000,1.176393
1948,go2_001,133620000000,1776853922777944117,1776853922784346057,31136455928541,1776853789157.944,6.402,49.986,0.097907,0.238870,0.000000,1.342526,0.085905,-0.014398,0.000000,0.000000,0.000000,0.572228
1949,go2_001,133660000000,1776853922819057053,1776853922834349765,31136505932171,1776853789159.057,15.293,50.004,0.097260,0.238964,0.000000,1.356412,0.077396,-0.013315,0.000000,0.000000,0.000000,0.312254
1950,go2_001,133720000000,1776853922880724524,1776853922884329328,31136555911990,1776853789160.724,3.605,49.980,0.097842,0.243456,0.000000,1.371899,0.076886,-0.011229,0.000000,0.000000,0.000000,0.215939
1951,go2_001,133780000000,1776853922931991889,1776853922934299721,31136605881930,1776853789151.992,2.308,49.970,0.097662,0.248529,0.000000,1.362854,0.076982,-0.007061,0.000000,0.000000,0.000000,-0.122416
1952,go2_001,133820000000,1776853922973066784,1776853922984376293,31136655958913,1776853789153.067,11.310,50.077,0.093949,0.252952,0.000000,1.354702,0.076616,0.004202,0.000000,0.000000,0.000000,-0.116131
1953,go2_001,133860000000,1776853923017534321,1776853923034416778,31136705999336,1776853789157.534,16.882,50.040,0.089314,0.251123,0.000000,1.361604,0.062267,0.012423,0.000000,0.000000,0.000000,0.240784
1954,go2_001,133915000000,1776853923078413957,1776853923084594178,31136756176629,1776853789163.414,6.180,50.177,0.089030,0.250631,0.000000,1.397809,0.052742,0.010867,0.000000,0.000000,0.000000,0.627902
1955,go2_001,133950000000,1776853923119353378,1776853923134365208,31136805947743,1776853789169.354,15.012,49.771,0.088848,0.250280,0.000000,1.436788,0.047117,0.009936,0.000000,0.000000,0.000000,0.902566
1956,go2_001,134015000000,1776853923181093831,1776853923184348187,31136855931166,1776853789166.094,3.254,49.983,0.091097,0.259994,0.000000,1.511947,0.062477,0.007705,0.000000,0.000000,0.000000,1.254030
1957,go2_001,134075000000,1776853923222102411,1776853923234455264,31136906037833,1776853789147.103,12.353,50.107,0.093349,0.276499,0.000000,1.564412,0.091759,0.007469,0.000000,0.000000,0.000000,0.707279
1958,go2_001,134135000000,1776853923283783975,1776853923284263813,31136955846443,1776853789148.784,0.480,49.809,0.086032,0.276615,0.000000,1.576906,0.077972,0.021275,0.000000,0.000000,0.000000,0.385043
1959,go2_001,134155000000,1776853923314553335,1776853923334349317,31137005931853,1776853789159.553,19.796,50.086,0.085827,0.276475,0.000000,1.585109,0.074000,0.020365,0.000000,0.000000,0.000000,0.346263
1960,go2_001,134215000000,1776853923376045278,1776853923384335418,31137055917927,1776853789161.045,8.290,49.986,0.085319,0.276093,0.000000,1.601572,0.063035,0.017843,0.000000,0.000000,0.000000,0.236685
1961,go2_001,134255000000,1776853923416953430,1776853923434386276,31137105968794,1776853789161.954,17.433,50.051,0.085072,0.275874,0.000000,1.601589,0.056458,0.016323,0.000000,0.000000,0.000000,-0.004599
1962,go2_001,134315000000,1776853923478658645,1776853923484305569,31137155887821,1776853789163.659,5.647,49.919,0.082018,0.279512,0.000000,1.605429,0.056216,0.021340,0.000000,0.000000,0.000000,0.151272
1963,go2_001,134355000000,1776853923519705407,1776853923534343100,31137205925458,1776853789164.705,14.638,50.038,0.079379,0.280982,0.000000,1.613796,0.053941,0.025526,0.000000,0.000000,0.000000,0.266085
1964,go2_001,134415000000,1776853923581220785,1776853923584304537,31137255886929,1776853789166.221,3.084,49.961,0.079259,0.280686,0.000000,1.645569,0.045394,0.022350,0.000000,0.000000,0.000000,0.543004
1965,go2_001,134475000000,1776853923622673895,1776853923634403270,31137305985941,1776853789147.674,11.729,50.099,0.076834,0.284418,0.000000,1.715152,0.047525,0.024790,0.000000,0.000000,0.000000,1.066072
1966,go2_001,134515000000,1776853923663749158,1776853923684360698,31137355943050,1776853789148.749,20.612,49.957,0.081201,0.284330,0.000000,1.753140,0.042113,0.012226,0.000000,0.000000,0.000000,1.440284
1967,go2_001,134555000000,1776853923714959199,1776853923734362127,31137405944500,1776853789159.959,19.403,50.001,0.086283,0.283014,0.000000,1.801984,0.033999,-0.000990,0.000000,0.000000,0.000000,0.956080
1968,go2_001,134615000000,1776853923776291872,1776853923784337217,31137455919560,1776853789161.292,8.045,49.975,0.088037,0.288312,0.000000,1.838807,0.040132,-0.006713,0.000000,0.000000,0.000000,0.537735
1969,go2_001,134655000000,1776853923817335409,1776853923834351735,31137505934076,1776853789162.335,17.016,50.015,0.087787,0.288214,0.000000,1.847117,0.035508,-0.006290,0.000000,0.000000,0.000000,0.239501
1970,go2_001,134715000000,1776853923878975983,1776853923884329533,31137555911942,1776853789163.976,5.354,49.978,0.087503,0.288090,0.000000,1.858837,0.029287,-0.005710,0.000000,0.000000,0.000000,0.251485
1971,go2_001,134755000000,1776853923920026798,1776853923934337262,31137605919568,1776853789165.027,14.310,50.008,0.087534,0.293977,0.000000,1.874033,0.039152,-0.008225,0.000000,0.000000,0.000000,0.367335
1972,go2_001,134815000000,1776853923981783462,1776853923984326519,31137655908793,1776853789166.783,2.543,49.989,0.083218,0.304101,0.000000,1.875689,0.057530,-0.002890,0.000000,0.000000,0.000000,0.092910
1973,go2_001,134875000000,1776853924022700434,1776853924034614172,31137706196813,1776853789147.700,11.914,50.288,0.089164,0.297992,0.000000,1.888019,0.032965,-0.013265,0.000000,0.000000,0.000000,0.300049
1974,go2_001,134915000000,1776853924063820087,1776853924084371063,31137755953387,1776853789148.820,20.551,49.757,0.089036,0.297921,0.000000,1.911535,0.028999,-0.012282,0.000000,0.000000,0.000000,0.528833
1975,go2_001,134955000000,1776853924115235589,1776853924134340886,31137805923446,1776853789160.236,19.105,49.970,0.088908,0.297861,0.000000,1.947323,0.025366,-0.011372,0.000000,0.000000,0.000000,0.678907
1976,go2_001,135015000000,1776853924176645859,1776853924184342047,31137855924402,1776853789161.646,7.696,50.001,0.086841,0.306693,0.000000,2.010913,0.041364,-0.012046,0.000000,0.000000,0.000000,1.091793
1977,go2_001,135055000000,1776853924217728742,1776853924234347017,31137905929895,1776853789162.729,16.618,50.005,0.085167,0.317625,0.000000,2.047570,0.062356,-0.015951,0.000000,0.000000,0.000000,0.929186
1978,go2_001,135115000000,1776853924279456202,1776853924284324972,31137955907532,1776853789164.456,4.869,49.978,0.081469,0.322632,0.000000,2.077843,0.066582,-0.011523,0.000000,0.000000,0.000000,0.449873
1979,go2_001,135155000000,1776853924320490851,1776853924334353014,31138005935405,1776853789165.491,13.862,50.028,0.081143,0.322365,0.000000,2.098090,0.059959,-0.010645,0.000000,0.000000,0.000000,0.520695
1980,go2_001,135235000000,1776853924382157585,1776853924384316539,31138055899163,1776853789147.157,2.159,49.964,0.077871,0.328508,0.000000,2.152318,0.064922,-0.009632,0.000000,0.000000,0.000000,0.565580
1981,go2_001,135275000000,1776853924423172198,1776853924434375289,31138105958097,1776853789148.172,11.203,50.059,0.072637,0.328588,0.000000,2.150001,0.064367,0.001176,0.000000,0.000000,0.000000,0.258639
1982,go2_001,135315000000,1776853924474525925,1776853924484344690,31138155927025,1776853789159.526,9.819,49.969,0.066523,0.335869,0.000000,2.157162,0.079923,0.005443,0.000000,0.000000,0.000000,0.182357
1983,go2_001,135355000000,1776853924515814851,1776853924534340910,31138205923268,1776853789160.815,18.526,49.996,0.063974,0.334146,0.000000,2.171419,0.072097,0.011362,0.000000,0.000000,0.000000,0.370905
1984,go2_001,135415000000,1776853924577178652,1776853924584323863,31138255906659,1776853789162.178,7.145,49.983,0.063815,0.333646,0.000000,2.202078,0.061719,0.009956,0.000000,0.000000,0.000000,0.518131
1985,go2_001,135455000000,1776853924618213357,1776853924634334321,31138305916733,1776853789163.213,16.121,50.010,0.063718,0.333339,0.000000,2.240818,0.055494,0.009109,0.000000,0.000000,0.000000,0.921882
1986,go2_001,135515000000,1776853924679814718,1776853924684288717,31138355871047,1776853789164.815,4.474,49.954,0.056833,0.345405,0.000000,2.300407,0.079262,0.005725,0.000000,0.000000,0.000000,0.864550
1987,go2_001,135555000000,1776853924720835497,1776853924734365382,31138405947748,1776853789165.835,13.530,50.077,0.052597,0.355229,0.000000,2.326167,0.096787,-0.000310,0.000000,0.000000,0.000000,0.776916
1988,go2_001,135635000000,1776853924782755389,1776853924784330056,31138455912553,1776853789147.755,1.575,49.965,0.040680,0.360858,0.000000,2.360254,0.105788,0.011303,0.000000,0.000000,0.000000,0.396911
1989,go2_001,135675000000,1776853924823831063,1776853924834401672,31138505984102,1776853789148.831,10.571,50.072,0.040490,0.360238,0.000000,2.378002,0.095972,0.010339,0.000000,0.000000,0.000000,0.440158
1990,go2_001,135715000000,1776853924875159233,1776853924884358450,31138555940872,1776853789160.159,9.199,49.957,0.040338,0.359683,0.000000,2.399614,0.086937,0.009451,0.000000,0.000000,0.000000,0.494127
1991,go2_001,135755000000,1776853924916217563,1776853924934360732,31138605943081,1776853789161.218,18.143,50.002,0.033784,0.364934,0.000000,2.416897,0.098460,0.011390,0.000000,0.000000,0.000000,0.354540
1992,go2_001,135815000000,1776853924977879730,1776853924984331684,31138655914057,1776853789162.880,6.452,49.971,0.023240,0.372686,0.000000,2.428541,0.115407,0.014345,0.000000,0.000000,0.000000,0.205367
1993,go2_001,135855000000,1776853925018886090,1776853925034340333,31138705922733,1776853789163.886,15.454,50.009,0.018789,0.377509,0.000000,2.438958,0.120817,0.012058,0.000000,0.000000,0.000000,0.329921
1994,go2_001,135915000000,1776853925080474528,1776853925084295344,31138755877663,1776853789165.475,3.821,49.955,0.018739,0.376652,0.000000,2.468794,0.104511,0.010527,0.000000,0.000000,0.000000,0.530862
1995,go2_001,135955000000,1776853925121496078,1776853925134345936,31138805928320,1776853789166.496,12.850,50.051,0.018699,0.376108,0.000000,2.516111,0.094712,0.009605,0.000000,0.000000,0.000000,0.954583
1996,go2_001,136035000000,1776853925183291246,1776853925184331065,31138855913445,1776853789148.291,1.040,49.985,0.007080,0.383918,0.000000,2.579164,0.110707,0.009960,0.000000,0.000000,0.000000,1.015620
1997,go2_001,136055000000,1776853925203985003,1776853925234357326,31138905940261,1776853789148.985,30.372,50.026,0.002979,0.388333,0.000000,2.596951,0.120126,0.007154,0.000000,0.000000,0.000000,0.947551
1998,go2_001,136115000000,1776853925275503092,1776853925284367186,31138955949611,1776853789160.503,8.864,50.010,-0.007330,0.391607,0.000000,2.642012,0.127817,0.012652,0.000000,0.000000,0.000000,0.537453
1999,go2_001,136155000000,1776853925316841309,1776853925334364268,31139005946645,1776853789161.841,17.523,49.997,-0.007399,0.390730,0.000000,2.660051,0.116075,0.011547,0.000000,0.000000,0.000000,0.463052
2000,go2_001,136215000000,1776853925378255115,1776853925384329997,31139055912252,1776853789163.255,6.075,49.966,-0.007445,0.389602,0.000000,2.688756,0.100186,0.010049,0.000000,0.000000,0.000000,0.436848
2001,go2_001,136255000000,1776853925419208157,1776853925434343044,31139105925571,1776853789164.208,15.135,50.013,-0.008605,0.389671,0.000000,2.695219,0.093862,0.009300,0.000000,0.000000,0.000000,0.162542
2002,go2_001,136315000000,1776853925480846147,1776853925484313555,31139155895829,1776853789165.846,3.467,49.971,-0.020059,0.393927,0.000000,2.682610,0.109130,0.012320,0.000000,0.000000,0.000000,-0.185784
2003,go2_001,136355000000,1776853925521863776,1776853925534370386,31139205952700,1776853789166.864,12.507,50.057,-0.025639,0.396651,0.000000,2.685734,0.113868,0.011842,0.000000,0.000000,0.000000,0.167651
2004,go2_001,136435000000,1776853925583474855,1776853925584253698,31139255836131,1776853789148.475,0.779,49.883,-0.025344,0.395796,0.000000,2.735078,0.093362,0.009818,0.000000,0.000000,0.000000,0.770702
2005,go2_001,136475000000,1776853925624580289,1776853925634413698,31139305996354,1776853789149.580,9.833,50.160,-0.030276,0.395322,0.000000,2.774520,0.094849,0.014619,0.000000,0.000000,0.000000,0.942449
2006,go2_001,136515000000,1776853925675929152,1776853925684370541,31139355953004,1776853789160.929,8.441,49.957,-0.038183,0.399827,0.000000,2.827019,0.107651,0.011315,0.000000,0.000000,0.000000,1.170381
2007,go2_001,136555000000,1776853925716986462,1776853925734344505,31139405926844,1776853789161.987,17.358,49.974,-0.047160,0.402511,0.000000,2.879206,0.119930,0.012257,0.000000,0.000000,0.000000,1.097138
2008,go2_001,136615000000,1776853925778462303,1776853925784339237,31139455922097,1776853789163.462,5.877,49.995,-0.052957,0.405037,0.000000,2.921136,0.119162,0.007952,0.000000,0.000000,0.000000,0.642190
2009,go2_001,136655000000,1776853925819571474,1776853925834357427,31139505939790,1776853789164.571,14.786,50.018,-0.052834,0.404190,0.000000,2.932922,0.107996,0.007198,0.000000,0.000000,0.000000,0.317390
2010,go2_001,136715000000,1776853925881072472,1776853925884297757,31139555879976,1776853789166.073,3.225,49.940,-0.054344,0.403605,0.000000,2.948143,0.097079,0.006562,0.000000,0.000000,0.000000,0.267013
2011,go2_001,136775000000,1776853925922138313,1776853925934372013,31139605954401,1776853789147.138,12.234,50.074,-0.063304,0.407152,0.000000,2.949388,0.106416,0.002974,0.000000,0.000000,0.000000,0.059347
2012,go2_001,136835000000,1776853925983791465,1776853925984240760,31139655823258,1776853789148.792,0.449,49.869,-0.078100,0.407605,0.000000,2.926594,0.125105,0.009611,0.000000,0.000000,0.000000,-0.242519
2013,go2_001,136875000000,1776853926024975705,1776853926034412224,31139705994683,1776853789149.976,9.437,50.171,-0.074489,0.409376,0.000000,2.937529,0.107419,0.002012,0.000000,0.000000,0.000000,0.259324
2014,go2_001,136915000000,1776853926076125976,1776853926084357960,31139755940183,1776853789161.126,8.232,49.946,-0.074260,0.409041,0.000000,2.973727,0.097145,0.001739,0.000000,0.000000,0.000000,0.732259
2015,go2_001,136955000000,1776853926117143994,1776853926134343794,31139805926234,1776853789162.144,17.200,49.986,-0.074058,0.408677,0.000000,3.012701,0.087694,0.001488,0.000000,0.000000,0.000000,0.896809
2016,go2_001,137015000000,1776853926179248801,1776853926184314118,31139855896404,1776853789164.249,5.065,49.970,-0.079712,0.408935,0.000000,3.080343,0.088866,0.002009,0.000000,0.000000,0.000000,1.175696
2017,go2_001,137055000000,1776853926220193410,1776853926234362705,31139905945076,1776853789165.193,14.169,50.049,-0.089982,0.412600,0.000000,3.119024,0.105778,-0.003323,0.000000,0.000000,0.000000,0.943644
2018,go2_001,137115000000,1776853926281914967,1776853926284310403,31139955892655,1776853789166.915,2.395,49.948,-0.100060,0.410573,0.000000,-3.137848,0.113443,0.002908,0.000000,0.000000,0.000000,0.361717
2019,go2_001,137175000000,1776853926323066616,1776853926334346763,31140005929117,1776853789148.067,11.280,50.036,-0.099643,0.409654,0.000000,-3.118644,0.097594,0.002415,0.000000,0.000000,0.000000,0.415520
2020,go2_001,137215000000,1776853926364010467,1776853926384365102,31140055947470,1776853789149.010,20.355,50.018,-0.099388,0.409154,0.000000,-3.099023,0.088079,0.002121,0.000000,0.000000,0.000000,0.460846
2021,go2_001,137255000000,1776853926405189205,1776853926434406608,31140105989248,1776853789150.189,29.217,50.042,-0.101837,0.406546,0.000000,-3.093084,0.085026,0.007500,0.000000,0.000000,0.000000,0.144768
2022,go2_001,137315000000,1776853926476797984,1776853926484424909,31140156007473,1776853789161.798,7.627,50.018,-0.117479,0.404391,0.000000,-3.104692,0.108869,0.011950,0.000000,0.000000,0.000000,-0.125206
2023,go2_001,137355000000,1776853926517873818,1776853926534394395,31140205976999,1776853789162.874,16.521,49.969,-0.117518,0.401954,0.000000,-3.100767,0.099144,0.015924,0.000000,0.000000,0.000000,0.209811
2024,go2_001,137415000000,1776853926579645223,1776853926584328722,31140255910946,1776853789164.645,4.683,49.934,-0.119267,0.400655,0.000000,-3.063948,0.089779,0.016129,0.000000,0.000000,0.000000,0.655500
2025,go2_001,137455000000,1776853926620629322,1776853926634367284,31140305949610,1776853789165.629,13.738,50.039,-0.118958,0.400419,0.000000,-3.020753,0.080879,0.014717,0.000000,0.000000,0.000000,0.992708
2026,go2_001,137535000000,1776853926682193685,1776853926684366601,31140355949230,1776853789147.194,2.173,49.999,-0.122163,0.402600,0.000000,-2.919095,0.072990,0.005090,0.000000,0.000000,0.000000,1.289567
2027,go2_001,137575000000,1776853926723372824,1776853926734357311,31140405939723,1776853789148.373,10.984,49.991,-0.126850,0.403831,0.000000,-2.908545,0.076941,0.000210,0.000000,0.000000,0.000000,0.814346
2028,go2_001,137615000000,1776853926765147870,1776853926784362084,31140455944577,1776853789150.148,19.214,50.005,-0.132801,0.401562,0.000000,-2.882422,0.083634,0.002932,0.000000,0.000000,0.000000,0.561683
2029,go2_001,137655000000,1776853926806169328,1776853926834384987,31140505967382,1776853789151.169,28.216,50.023,-0.132480,0.401133,0.000000,-2.866011,0.075248,0.002580,0.000000,0.000000,0.000000,0.423190
2030,go2_001,137715000000,1776853926877906501,1776853926884357519,31140555939987,1776853789162.907,6.451,49.973,-0.132056,0.400607,0.000000,-2.842397,0.063927,0.002107,0.000000,0.000000,0.000000,0.348471
2031,go2_001,137755000000,1776853926918880088,1776853926934357551,31140605939855,1776853789163.880,15.477,50.000,-0.134695,0.399506,0.000000,-2.838500,0.064217,0.002552,0.000000,0.000000,0.000000,0.087798
2032,go2_001,137815000000,1776853926980357005,1776853926984328860,31140655911133,1776853789165.357,3.972,49.971,-0.147245,0.393579,0.000000,-2.848672,0.085692,0.008702,0.000000,0.000000,0.000000,-0.134858
2033,go2_001,137855000000,1776853927021598953,1776853927034354882,31140705937216,1776853789166.599,12.756,50.026,-0.158213,0.392637,0.000000,-2.843232,0.103163,0.003899,0.000000,0.000000,0.000000,0.176883
2034,go2_001,137915000000,1776853927062985136,1776853927085348954,31140756931760,1776853789147.985,22.364,50.994,-0.157708,0.392382,0.000000,-2.823704,0.088563,0.003275,0.000000,0.000000,0.000000,0.481531
2035,go2_001,137935000000,1776853927086967851,1776853927134381302,31140805963778,1776853789151.968,47.413,49.032,-0.157552,0.392300,0.000000,-2.802212,0.084090,0.003084,0.000000,0.000000,0.000000,0.722380
2036,go2_001,138005000000,1776853927166024993,1776853927184391441,31140855974040,1776853789161.025,18.366,50.010,-0.159443,0.391338,0.000000,-2.721994,0.075522,0.001986,0.000000,0.000000,0.000000,1.105591
2037,go2_001,138070000000,1776853927227390412,1776853927234380984,31140905963451,1776853789157.390,6.991,49.990,-0.159457,0.398280,0.000000,-2.657873,0.059305,-0.014688,0.000000,0.000000,0.000000,0.937918
2038,go2_001,138110000000,1776853927268668249,1776853927284380855,31140955963451,1776853789158.668,15.713,50.000,-0.162166,0.399590,0.000000,-2.630167,0.058101,-0.019536,0.000000,0.000000,0.000000,0.605992
2039,go2_001,138170000000,1776853927330081602,1776853927334317858,31141005900584,1776853789160.082,4.236,49.937,-0.161908,0.399077,0.000000,-2.606803,0.048905,-0.017359,0.000000,0.000000,0.000000,0.390360
2040,go2_001,138210000000,1776853927381384030,1776853927384303783,31141055886119,1776853789171.384,2.920,49.986,-0.161759,0.398797,0.000000,-2.587358,0.043399,-0.016041,0.000000,0.000000,0.000000,0.498418
2041,go2_001,138270000000,1776853927422564518,1776853927434391719,31141105974074,1776853789152.564,11.827,50.088,-0.171045,0.394161,0.000000,-2.562987,0.059650,-0.014433,0.000000,0.000000,0.000000,0.379857
2042,go2_001,138330000000,1776853927484050811,1776853927484225792,31141155808267,1776853789154.051,0.175,49.834,-0.180809,0.387416,0.000000,-2.567219,0.077670,-0.010054,0.000000,0.000000,0.000000,0.158744
2043,go2_001,138370000000,1776853927525185033,1776853927534395540,31141205978007,1776853789155.185,9.211,50.170,-0.184939,0.385102,0.000000,-2.551964,0.081096,-0.009726,0.000000,0.000000,0.000000,0.374218
2044,go2_001,138410000000,1776853927566376062,1776853927584361936,31141255944553,1776853789156.376,17.986,49.966,-0.184628,0.384896,0.000000,-2.526570,0.073029,-0.008989,0.000000,0.000000,0.000000,0.593753
2045,go2_001,138470000000,1776853927627913045,1776853927634416602,31141305999343,1776853789157.913,6.504,50.055,-0.184194,0.384596,0.000000,-2.478090,0.062134,-0.007987,0.000000,0.000000,0.000000,0.752254
2046,go2_001,138510000000,1776853927669025919,1776853927684363485,31141355945901,1776853789159.026,15.338,49.947,-0.187846,0.381971,0.000000,-2.438742,0.066470,-0.007479,0.000000,0.000000,0.000000,0.851635
2047,go2_001,138570000000,1776853927730642773,1776853927734384767,31141405967338,1776853789160.643,3.742,50.021,-0.202891,0.375520,0.000000,-2.391456,0.093853,-0.014476,0.000000,0.000000,0.000000,0.740022
2048,go2_001,138610000000,1776853927781777883,1776853927784309000,31141455891705,1776853789171.778,2.531,49.924,-0.205751,0.369736,0.000000,-2.367018,0.098247,-0.007605,0.000000,0.000000,0.000000,0.498084
2049,go2_001,138670000000,1776853927822916811,1776853927834364354,31141505946833,1776853789152.917,11.448,50.055,-0.204974,0.369275,0.000000,-2.342324,0.084371,-0.006735,0.000000,0.000000,0.000000,0.614663
2050,go2_001,138730000000,1776853927884361195,1776853927884531249,31141556113631,1776853789154.361,0.170,50.167,-0.204304,0.368907,0.000000,-2.301912,0.072133,-0.005961,0.000000,0.000000,0.000000,0.625175
2051,go2_001,138770000000,1776853927925727812,1776853927934336847,31141605919230,1776853789155.728,8.609,49.806,-0.207001,0.365076,0.000000,-2.288970,0.075804,-0.003708,0.000000,0.000000,0.000000,0.348477
2052,go2_001,138810000000,1776853927966752686,1776853927984371161,31141655954047,1776853789156.753,17.618,50.034,-0.212309,0.357728,0.000000,-2.283748,0.089288,0.000192,0.000000,0.000000,0.000000,0.160775
2053,go2_001,138870000000,1776853928028232777,1776853928034404148,31141705986849,1776853789158.233,6.171,50.033,-0.214988,0.354573,0.000000,-2.262698,0.086351,0.000031,0.000000,0.000000,0.000000,0.416536
2054,go2_001,138910000000,1776853928069270805,1776853928084386530,31141755968973,1776853789159.271,15.116,49.982,-0.214554,0.354470,0.000000,-2.239018,0.077862,0.000019,0.000000,0.000000,0.000000,0.494848
2055,go2_001,138970000000,1776853928130978148,1776853928134334337,31141805916664,1776853789160.978,3.356,49.948,-0.213963,0.354333,0.000000,-2.190731,0.066396,0.000002,0.000000,0.000000,0.000000,0.857090
2056,go2_001,139030000000,1776853928182436937,1776853928184256339,31141855838596,1776853789152.437,1.819,49.922,-0.220975,0.346879,0.000000,-2.142870,0.080707,-0.001895,0.000000,0.000000,0.000000,0.992883
2057,go2_001,139070000000,1776853928223452524,1776853928234366392,31141905948768,1776853789153.453,10.914,50.110,-0.226398,0.338746,0.000000,-2.106589,0.095842,-0.000110,0.000000,0.000000,0.000000,0.885952
2058,go2_001,139110000000,1776853928264460767,1776853928284395405,31141955977740,1776853789154.461,19.935,50.029,-0.225568,0.333234,0.000000,-2.079876,0.095795,0.008219,0.000000,0.000000,0.000000,0.623687
2059,go2_001,139170000000,1776853928326067471,1776853928334403933,31142005986365,1776853789156.068,8.336,50.009,-0.224619,0.333130,0.000000,-2.044124,0.082205,0.007229,0.000000,0.000000,0.000000,0.552905
2060,go2_001,139210000000,1776853928367302806,1776853928384376297,31142055958651,1776853789157.303,17.073,49.972,-0.224073,0.333090,0.000000,-2.027073,0.074049,0.006632,0.000000,0.000000,0.000000,0.435962
2061,go2_001,139270000000,1776853928428630584,1776853928434393562,31142105976065,1776853789158.631,5.763,50.017,-0.225328,0.326591,0.000000,-2.018004,0.078264,0.010490,0.000000,0.000000,0.000000,0.079475
2062,go2_001,139310000000,1776853928469643845,1776853928484416492,31142155998982,1776853789159.644,14.773,50.023,-0.230309,0.317164,0.000000,-2.012429,0.095855,0.010685,0.000000,0.000000,0.000000,0.160028
2063,go2_001,139350000000,1776853928510798121,1776853928534361351,31142205943754,1776853789160.798,23.563,49.945,-0.237957,0.309279,0.000000,-2.000081,0.112313,0.003199,0.000000,0.000000,0.000000,0.356063
2064,go2_001,139430000000,1776853928582489869,1776853928584300100,31142255882464,1776853789152.490,1.810,49.939,-0.236883,0.309397,0.000000,-1.952545,0.091983,0.002655,0.000000,0.000000,0.000000,0.726966
2065,go2_001,139470000000,1776853928623525145,1776853928634353288,31142305935614,1776853789153.525,10.828,50.053,-0.236401,0.309453,0.000000,-1.916605,0.083022,0.002414,0.000000,0.000000,0.000000,0.853090
2066,go2_001,139510000000,1776853928664498497,1776853928684348798,31142355931160,1776853789154.499,19.850,49.996,-0.237652,0.303015,0.000000,-1.876476,0.090091,0.005217,0.000000,0.000000,0.000000,1.074145
2067,go2_001,139570000000,1776853928726173515,1776853928734358087,31142405940588,1776853789156.174,8.185,50.009,-0.244278,0.288160,0.000000,-1.802585,0.115477,0.003159,0.000000,0.000000,0.000000,1.139288
2068,go2_001,139610000000,1776853928767236690,1776853928784355577,31142455938079,1776853789157.237,17.119,49.997,-0.241113,0.282545,0.000000,-1.768390,0.114393,0.013017,0.000000,0.000000,0.000000,0.760718
2069,go2_001,139670000000,1776853928828509574,1776853928834444539,31142506026908,1776853789158.510,5.935,50.089,-0.239847,0.282776,0.000000,-1.746345,0.098527,0.011427,0.000000,0.000000,0.000000,0.272226
2070,go2_001,139710000000,1776853928869514599,1776853928884352779,31142555935171,1776853789159.515,14.838,49.908,-0.239168,0.282937,0.000000,-1.736851,0.089000,0.010468,0.000000,0.000000,0.000000,0.240147
2071,go2_001,139770000000,1776853928931331681,1776853928934289372,31142605871737,1776853789161.332,2.958,49.937,-0.239073,0.277522,0.000000,-1.734898,0.089278,0.011548,0.000000,0.000000,0.000000,0.012030
2072,go2_001,139830000000,1776853928982319855,1776853928984283224,31142655865396,1776853789152.320,1.963,49.994,-0.240585,0.261662,0.000000,-1.741475,0.113334,0.015188,0.000000,0.000000,0.000000,0.000444
2073,go2_001,139870000000,1776853929023386755,1776853929034335007,31142705917373,1776853789153.387,10.948,50.052,-0.242428,0.256664,0.000000,-1.730139,0.115546,0.011922,0.000000,0.000000,0.000000,0.264567
2074,go2_001,139910000000,1776853929064441916,1776853929084388333,31142755970647,1776853789154.442,19.946,50.053,-0.242010,0.256942,0.000000,-1.702321,0.104622,0.010906,0.000000,0.000000,0.000000,0.639332
2075,go2_001,139970000000,1776853929126238388,1776853929134384360,31142805966874,1776853789156.238,8.146,49.996,-0.241368,0.257323,0.000000,-1.643998,0.089852,0.009527,0.000000,0.000000,0.000000,0.913702
2076,go2_001,140010000000,1776853929167177007,1776853929184373463,31142855955826,1776853789157.177,17.196,49.989,-0.242247,0.254973,0.000000,-1.604977,0.087258,0.006586,0.000000,0.000000,0.000000,0.998583
2077,go2_001,140070000000,1776853929228632028,1776853929234385213,31142905967620,1776853789158.632,5.753,50.012,-0.246005,0.246107,0.000000,-1.530258,0.097512,-0.001211,0.000000,0.000000,0.000000,0.987100
2078,go2_001,140110000000,1776853929269822218,1776853929284368278,31142955950607,1776853789159.822,14.546,49.983,-0.244945,0.238425,0.000000,-1.505133,0.105979,0.001840,0.000000,0.000000,0.000000,0.636435
2079,go2_001,140170000000,1776853929331625401,1776853929334261876,31143005844143,1776853789161.625,2.636,49.894,-0.243923,0.238844,0.000000,-1.486670,0.091030,0.001531,0.000000,0.000000,0.000000,0.326336
2080,go2_001,140230000000,1776853929382787759,1776853929384299606,31143055881958,1776853789152.788,1.512,50.038,-0.243148,0.234123,0.000000,-1.467258,0.089918,0.001793,0.000000,0.000000,0.000000,0.388766
2081,go2_001,140270000000,1776853929424269450,1776853929434700975,31143106283527,1776853789154.270,10.432,50.401,-0.244940,0.229303,0.000000,-1.461920,0.093007,-0.003340,0.000000,0.000000,0.000000,0.142412
2082,go2_001,140310000000,1776853929465767970,1776853929484425851,31143156008459,1776853789155.768,18.658,49.725,-0.241656,0.219720,0.000000,-1.473434,0.106687,0.003644,0.000000,0.000000,0.000000,-0.219708
2083,go2_001,140365000000,1776853929527490658,1776853929534449953,31143206032539,1776853789162.491,6.959,50.024,-0.239774,0.209503,0.000000,-1.471107,0.116660,0.006004,0.000000,0.000000,0.000000,0.188809
2084,go2_001,140405000000,1776853929568997325,1776853929584377935,31143255960297,1776853789163.998,15.381,49.928,-0.239472,0.209817,0.000000,-1.449276,0.105702,0.005466,0.000000,0.000000,0.000000,0.540122
2085,go2_001,140465000000,1776853929630731547,1776853929634346531,31143305929165,1776853789165.732,3.615,49.969,-0.238973,0.210270,0.000000,-1.384293,0.090845,0.004735,0.000000,0.000000,0.000000,0.984281
2086,go2_001,140505000000,1776853929671725113,1776853929684358334,31143355940731,1776853789166.725,12.633,50.012,-0.237825,0.205836,0.000000,-1.335205,0.093097,0.005136,0.000000,0.000000,0.000000,1.222490
2087,go2_001,140565000000,1776853929723170881,1776853929734377209,31143405959787,1776853789158.171,11.206,50.019,-0.236428,0.190909,0.000000,-1.293156,0.114980,0.002120,0.000000,0.000000,0.000000,0.808926
2088,go2_001,140605000000,1776853929764371137,1776853929784407898,31143455990551,1776853789159.371,20.037,50.031,-0.233102,0.185485,0.000000,-1.272921,0.118298,0.006196,0.000000,0.000000,0.000000,0.489921
2089,go2_001,140665000000,1776853929826015470,1776853929834350540,31143505932880,1776853789161.016,8.335,49.943,-0.232312,0.186176,0.000000,-1.253992,0.101856,0.005373,0.000000,0.000000,0.000000,0.362311
2090,go2_001,140705000000,1776853929867035954,1776853929884343557,31143555925972,1776853789162.036,17.308,49.993,-0.231891,0.186583,0.000000,-1.233490,0.091973,0.004877,0.000000,0.000000,0.000000,0.513672
2091,go2_001,140765000000,1776853929928817643,1776853929934401833,31143605985187,1776853789163.818,5.584,50.058,-0.229946,0.180776,0.000000,-1.212314,0.093285,0.004108,0.000000,0.000000,0.000000,0.252116
2092,go2_001,140805000000,1776853929969823884,1776853929984417861,31143656007646,1776853789164.824,14.594,50.016,-0.224702,0.172640,0.000000,-1.217094,0.106042,0.009943,0.000000,0.000000,0.000000,-0.048424
2093,go2_001,140865000000,1776853930031773867,1776853930034330268,31143705912760,1776853789166.774,2.556,49.912,-0.222000,0.170046,0.000000,-1.201320,0.099092,0.011906,0.000000,0.000000,0.000000,0.337708
2094,go2_001,140905000000,1776853930072824422,1776853930084395398,31143755977951,1776853789167.824,11.571,50.065,-0.218980,0.168546,0.000000,-1.180420,0.095376,0.015833,0.000000,0.000000,0.000000,0.512663
2095,go2_001,140965000000,1776853930123938935,1776853930134395570,31143805977910,1776853789158.939,10.457,50.000,-0.216934,0.159364,0.000000,-1.133079,0.104838,0.010526,0.000000,0.000000,0.000000,1.028980
2096,go2_001,141005000000,1776853930165177159,1776853930184374154,31143855956552,1776853789160.177,19.197,49.979,-0.214055,0.151257,0.000000,-1.090294,0.115426,0.008610,0.000000,0.000000,0.000000,1.041748
2097,go2_001,141065000000,1776853930226875806,1776853930234428345,31143906011039,1776853789161.876,7.553,50.054,-0.209931,0.138180,0.000000,-1.044300,0.131862,0.003641,0.000000,0.000000,0.000000,0.709525
2098,go2_001,141105000000,1776853930267852173,1776853930284358911,31143955941360,1776853789162.852,16.507,49.931,-0.203973,0.134720,0.000000,-1.022378,0.132999,0.011396,0.000000,0.000000,0.000000,0.481349
2099,go2_001,141165000000,1776853930329205433,1776853930334350639,31144005933137,1776853789164.205,5.145,49.992,-0.203372,0.135743,0.000000,-1.001108,0.114669,0.009923,0.000000,0.000000,0.000000,0.365252
2100,go2_001,141205000000,1776853930370409049,1776853930384370043,31144055952661,1776853789165.409,13.961,50.019,-0.203058,0.136334,0.000000,-0.979857,0.103659,0.009036,0.000000,0.000000,0.000000,0.483493
2101,go2_001,141265000000,1776853930432098821,1776853930434320249,31144105902707,1776853789167.099,2.221,49.950,-0.194873,0.130095,0.000000,-0.957208,0.111116,0.016399,0.000000,0.000000,0.000000,0.301690
2102,go2_001,141305000000,1776853930473033552,1776853930484372111,31144155954579,1776853789168.033,11.339,50.052,-0.186102,0.122777,0.000000,-0.948784,0.126027,0.023517,0.000000,0.000000,0.000000,0.191550
2103,go2_001,141365000000,1776853930524366544,1776853930534367815,31144205950255,1776853789159.367,10.001,49.996,-0.183597,0.118276,0.000000,-0.931720,0.121429,0.019062,0.000000,0.000000,0.000000,0.415297
2104,go2_001,141405000000,1776853930565413810,1776853930584343074,31144255925521,1776853789160.414,18.929,49.975,-0.183491,0.118837,0.000000,-0.918029,0.109835,0.017418,0.000000,0.000000,0.000000,0.388194
2105,go2_001,141465000000,1776853930627382519,1776853930634369655,31144305952113,1776853789162.383,6.987,50.027,-0.183351,0.119601,0.000000,-0.867869,0.094162,0.015190,0.000000,0.000000,0.000000,0.942674
2106,go2_001,141505000000,1776853930668457470,1776853930684393641,31144355976605,1776853789163.458,15.936,50.024,-0.181098,0.114838,0.000000,-0.821641,0.097467,0.010821,0.000000,0.000000,0.000000,1.102379
2107,go2_001,141565000000,1776853930729853360,1776853930734375124,31144405957761,1776853789164.853,4.522,49.981,-0.176578,0.105754,0.000000,-0.767451,0.107921,0.004020,0.000000,0.000000,0.000000,0.829595
2108,go2_001,141605000000,1776853930770930761,1776853930784367149,31144455949589,1776853789165.931,13.436,49.992,-0.165600,0.096908,0.000000,-0.746666,0.130132,0.009751,0.000000,0.000000,0.000000,0.515735
2109,go2_001,141665000000,1776853930833149784,1776853930834374354,31144505956942,1776853789168.150,1.225,50.007,-0.165220,0.098089,0.000000,-0.733651,0.112035,0.008421,0.000000,0.000000,0.000000,0.173457
2110,go2_001,141725000000,1776853930884140977,1776853930884308426,31144555890783,1776853789159.141,0.167,49.934,-0.161683,0.095333,0.000000,-0.709664,0.107809,0.007290,0.000000,0.000000,0.000000,0.434453
2111,go2_001,141765000000,1776853930925218625,1776853930934382154,31144605964536,1776853789160.219,9.164,50.074,-0.156236,0.093154,0.000000,-0.702452,0.110413,0.011386,0.000000,0.000000,0.000000,0.233220
2112,go2_001,141805000000,1776853930966116306,1776853930984345499,31144655927905,1776853789161.116,18.229,49.963,-0.148947,0.089450,0.000000,-0.698309,0.118485,0.015567,0.000000,0.000000,0.000000,0.139934
2113,go2_001,141865000000,1776853931027941080,1776853931034348236,31144705930617,1776853789162.941,6.407,50.003,-0.143140,0.081583,0.000000,-0.684790,0.124665,0.008997,0.000000,0.000000,0.000000,0.293382
2114,go2_001,141905000000,1776853931068898646,1776853931084416149,31144755998703,1776853789163.899,15.518,50.068,-0.143156,0.082128,0.000000,-0.666267,0.112753,0.008144,0.000000,0.000000,0.000000,0.450056
2115,go2_001,141965000000,1776853931130390085,1776853931134387162,31144805969597,1776853789165.390,3.997,49.971,-0.143167,0.082883,0.000000,-0.617583,0.096651,0.006992,0.000000,0.000000,0.000000,0.848680
2116,go2_001,142005000000,1776853931171574249,1776853931184374860,31144855957260,1776853789166.574,12.801,49.988,-0.136408,0.081565,0.000000,-0.565332,0.101571,0.013291,0.000000,0.000000,0.000000,1.048882
2117,go2_001,142065000000,1776853931233267672,1776853931234340043,31144905922596,1776853789168.268,1.072,49.965,-0.125739,0.073141,0.000000,-0.508421,0.119322,0.010032,0.000000,0.000000,0.000000,0.936909
2118,go2_001,142105000000,1776853931264325181,1776853931284409306,31144955992118,1776853789159.325,20.084,50.069,-0.118404,0.067892,0.000000,-0.485374,0.129594,0.008252,0.000000,0.000000,0.000000,0.683161
2119,go2_001,142165000000,1776853931325878491,1776853931334346061,31145005928448,1776853789160.879,8.468,49.937,-0.118310,0.069143,0.000000,-0.465013,0.111471,0.007078,0.000000,0.000000,0.000000,0.362769
2120,go2_001,142205000000,1776853931377965481,1776853931384456371,31145056038942,1776853789172.965,6.491,50.110,-0.118285,0.069844,0.000000,-0.447374,0.100591,0.006374,0.000000,0.000000,0.000000,0.377780
2121,go2_001,142235000000,1776853931421074834,1776853931434434751,31145106017335,1776853789186.075,13.360,49.978,-0.115096,0.068236,0.000000,-0.438194,0.102101,0.005887,0.000000,0.000000,0.000000,0.201277
2122,go2_001,142295000000,1776853931462517467,1776853931484401021,31145155983640,1776853789167.517,21.884,49.966,-0.105677,0.067212,0.000000,-0.443830,0.108097,0.012906,0.000000,0.000000,0.000000,-0.028122
2123,go2_001,142360000000,1776853931534059612,1776853931534226398,31145205808630,1776853789174.060,0.167,49.825,-0.106311,0.061739,0.000000,-0.443088,0.096571,-0.001992,0.000000,0.000000,0.000000,0.176334
2124,go2_001,142400000000,1776853931575133603,1776853931584387741,31145255970524,1776853789175.134,9.254,50.161,-0.106382,0.062095,0.000000,-0.418994,0.086911,-0.001967,0.000000,0.000000,0.000000,0.550124
2125,go2_001,142440000000,1776853931616494341,1776853931634389200,31145305971747,1776853789176.494,17.895,50.001,-0.106441,0.062436,0.000000,-0.391422,0.078029,-0.001940,0.000000,0.000000,0.000000,0.645451
2126,go2_001,142500000000,1776853931678288320,1776853931684423876,31145356006404,1776853789178.288,6.136,50.035,-0.098062,0.062663,0.000000,-0.332858,0.083858,0.006207,0.000000,0.000000,0.000000,1.018240
2127,go2_001,142540000000,1776853931719355739,1776853931734371565,31145405954022,1776853789179.356,15.016,49.948,-0.090076,0.058971,0.000000,-0.263440,0.096302,0.004602,0.000000,0.000000,0.000000,1.154009
2128,go2_001,142600000000,1776853931781082982,1776853931784321625,31145455903822,1776853789181.083,3.239,49.950,-0.086013,0.053024,0.000000,-0.223978,0.096694,-0.006911,0.000000,0.000000,0.000000,0.637123
2129,go2_001,142660000000,1776853931832482018,1776853931834278706,31145505861139,1776853789172.482,1.797,49.957,-0.086016,0.053971,0.000000,-0.207235,0.082495,-0.006267,0.000000,0.000000,0.000000,0.332353
2130,go2_001,142700000000,1776853931873684308,1776853931884353491,31145555935982,1776853789173.684,10.669,50.075,-0.086040,0.054484,0.000000,-0.192898,0.073983,-0.005875,0.000000,0.000000,0.000000,0.365357
2131,go2_001,142740000000,1776853931914734063,1776853931934412013,31145605994591,1776853789174.734,19.678,50.059,-0.080236,0.052547,0.000000,-0.186511,0.080718,-0.006468,0.000000,0.000000,0.000000,0.164186
2132,go2_001,142800000000,1776853931976406666,1776853931984400068,31145655982652,1776853789176.407,7.993,49.988,-0.069044,0.053621,0.000000,-0.199021,0.093151,0.002921,0.000000,0.000000,0.000000,-0.225139
2133,go2_001,142840000000,1776853932017488988,1776853932034427973,31145706010499,1776853789177.489,16.939,50.028,-0.059023,0.052659,0.000000,-0.203782,0.107472,0.006049,0.000000,0.000000,0.000000,-0.061214
2134,go2_001,142900000000,1776853932080118924,1776853932084372708,31145755955154,1776853789180.119,4.254,49.945,-0.059353,0.053140,0.000000,-0.165270,0.092036,0.005185,0.000000,0.000000,0.000000,0.658021
2135,go2_001,142960000000,1776853932131701324,1776853932134334238,31145805916670,1776853789171.701,2.633,49.962,-0.059634,0.053636,0.000000,-0.112085,0.078431,0.004424,0.000000,0.000000,0.000000,0.967295
2136,go2_001,143000000000,1776853932174143446,1776853932184412651,31145855995160,1776853789174.144,10.269,50.078,-0.057333,0.054947,0.000000,-0.074775,0.075543,0.007412,0.000000,0.000000,0.000000,1.080796
2137,go2_001,143040000000,1776853932215067785,1776853932234369255,31145905951854,1776853789175.068,19.301,49.957,-0.054586,0.051431,0.000000,-0.028495,0.076219,-0.000907,0.000000,0.000000,0.000000,1.096202
2138,go2_001,143100000000,1776853932277017244,1776853932284372700,31145955955161,1776853789177.017,7.355,50.003,-0.036932,0.052087,0.000000,0.014584,0.104992,0.005382,0.000000,0.000000,0.000000,0.663173
2139,go2_001,143140000000,1776853932318199628,1776853932334360465,31146005942924,1776853789178.199,16.161,49.988,-0.037197,0.052709,0.000000,0.028140,0.094715,0.004852,0.000000,0.000000,0.000000,0.370912
2140,go2_001,143200000000,1776853932379744675,1776853932384400155,31146055982838,1776853789179.745,4.655,50.040,-0.037561,0.053469,0.000000,0.048840,0.080834,0.004136,0.000000,0.000000,0.000000,0.347895
2141,go2_001,143240000000,1776853932420522859,1776853932434351687,31146105934458,1776853789180.523,13.829,49.952,-0.033392,0.053550,0.000000,0.057070,0.082960,0.003674,0.000000,0.000000,0.000000,0.202270
2142,go2_001,143295000000,1776853932472055811,1776853932484346026,31146155928500,1776853789177.056,12.290,49.994,-0.020847,0.055622,0.000000,0.042254,0.100793,0.008275,0.000000,0.000000,0.000000,-0.219674
2143,go2_001,143355000000,1776853932533555162,1776853932534279471,31146205861699,1776853789178.555,0.724,49.933,-0.012333,0.052695,0.000000,0.046765,0.106202,-0.000057,0.000000,0.000000,0.000000,0.169799
2144,go2_001,143395000000,1776853932574508062,1776853932584389341,31146255971729,1776853789179.508,9.881,50.110,-0.009874,0.052542,0.000000,0.071269,0.102098,-0.001036,0.000000,0.000000,0.000000,0.583999
2145,go2_001,143435000000,1776853932615413261,1776853932634356224,31146305938988,1776853789180.413,18.943,49.967,-0.010117,0.052842,0.000000,0.111285,0.092118,-0.001047,0.000000,0.000000,0.000000,0.911234
2146,go2_001,143495000000,1776853932677465412,1776853932684336894,31146355919380,1776853789182.466,6.871,49.981,-0.002771,0.052894,0.000000,0.174091,0.096221,-0.003069,0.000000,0.000000,0.000000,1.050185
2147,go2_001,143535000000,1776853932718276719,1776853932734359225,31146405941752,1776853789183.277,16.083,50.022,-0.005573,0.048071,0.000000,0.221573,0.080051,-0.014950,0.000000,0.000000,0.000000,1.118526
2148,go2_001,143595000000,1776853932779847573,1776853932784344782,31146455927230,1776853789184.848,4.497,49.986,-0.005702,0.044074,0.000000,0.269738,0.067373,-0.024095,0.000000,0.000000,0.000000,0.563617
2149,go2_001,143635000000,1776853932820935686,1776853932834431675,31146506014363,1776853789185.936,13.496,50.087,-0.003657,0.045938,0.000000,0.283209,0.065411,-0.019626,0.000000,0.000000,0.000000,0.379028
2150,go2_001,143715000000,1776853932882929688,1776853932884281511,31146555863779,1776853789167.930,1.352,49.850,-0.003885,0.046709,0.000000,0.318813,0.051916,-0.016703,0.000000,0.000000,0.000000,0.484492
2151,go2_001,143735000000,1776853932913863650,1776853932934446248,31146606028804,1776853789178.864,20.583,50.165,-0.000650,0.047295,0.000000,0.323626,0.056782,-0.016421,0.000000,0.000000,0.000000,0.579401
2152,go2_001,143795000000,1776853932975973860,1776853932984330326,31146655912735,1776853789180.974,8.356,49.884,0.008756,0.050663,0.000000,0.334690,0.070607,-0.012277,0.000000,0.000000,0.000000,0.127547
2153,go2_001,143835000000,1776853933016942926,1776853933034347352,31146705929759,1776853789181.943,17.404,50.017,0.015412,0.054579,0.000000,0.342282,0.080714,-0.006749,0.000000,0.000000,0.000000,0.209690
2154,go2_001,143895000000,1776853933078594579,1776853933084353447,31146755936003,1776853789183.594,5.759,50.006,0.015038,0.054984,0.000000,0.366920,0.068639,-0.005989,0.000000,0.000000,0.000000,0.388247
2155,go2_001,143935000000,1776853933119779384,1776853933134375129,31146805957742,1776853789184.779,14.596,50.022,0.014818,0.055211,0.000000,0.389097,0.061402,-0.005530,0.000000,0.000000,0.000000,0.541677
2156,go2_001,143995000000,1776853933181324110,1776853933184330590,31146855913073,1776853789186.324,3.006,49.955,0.018597,0.056017,0.000000,0.457955,0.061226,-0.006854,0.000000,0.000000,0.000000,1.139047
2157,go2_001,144055000000,1776853933222357668,1776853933234354786,31146905937413,1776853789167.358,11.997,50.024,0.032524,0.059857,0.000000,0.515029,0.085069,-0.009458,0.000000,0.000000,0.000000,0.924717
2158,go2_001,144095000000,1776853933273798034,1776853933284348077,31146955930447,1776853789178.798,10.550,49.993,0.039884,0.067685,0.000000,0.525079,0.099577,0.001094,0.000000,0.000000,0.000000,0.635936
2159,go2_001,144135000000,1776853933315142972,1776853933334370441,31147005952770,1776853789180.143,19.227,50.022,0.039406,0.068090,0.000000,0.542475,0.089878,0.000996,0.000000,0.000000,0.000000,0.421457
2160,go2_001,144195000000,1776853933376956158,1776853933384398117,31147055980663,1776853789181.956,7.442,50.028,0.038779,0.068581,0.000000,0.572007,0.076775,0.000863,0.000000,0.000000,0.000000,0.497433
2161,go2_001,144235000000,1776853933418139745,1776853933434360324,31147105942731,1776853789183.140,16.221,49.962,0.041938,0.070559,0.000000,0.589119,0.078246,0.000822,0.000000,0.000000,0.000000,0.389286
2162,go2_001,144295000000,1776853933479769218,1776853933484347641,31147155930298,1776853789184.769,4.578,49.987,0.044752,0.079342,0.000000,0.593674,0.082703,0.014241,0.000000,0.000000,0.000000,0.066749
2163,go2_001,144335000000,1776853933520698190,1776853933534372427,31147205954813,1776853789185.698,13.674,50.025,0.053808,0.083285,0.000000,0.600106,0.097994,0.010402,0.000000,0.000000,0.000000,0.208079
2164,go2_001,144415000000,1776853933582263174,1776853933584379166,31147255961607,1776853789167.263,2.116,50.007,0.053881,0.085792,0.000000,0.644102,0.083644,0.011941,0.000000,0.000000,0.000000,0.535022
2165,go2_001,144455000000,1776853933633550127,1776853933634285158,31147305867500,1776853789178.550,0.735,49.906,0.053512,0.085881,0.000000,0.674973,0.075242,0.010950,0.000000,0.000000,0.000000,0.894141
2166,go2_001,144495000000,1776853933674650945,1776853933684417229,31147355999811,1776853789179.651,9.766,50.132,0.062876,0.090922,0.000000,0.718809,0.092731,0.007361,0.000000,0.000000,0.000000,0.956275
2167,go2_001,144535000000,1776853933715706393,1776853933734341998,31147405924722,1776853789180.706,18.636,49.925,0.071865,0.094340,0.000000,0.753750,0.106200,0.000463,0.000000,0.000000,0.000000,0.876520
2168,go2_001,144595000000,1776853933777187879,1776853933784358171,31147455940659,1776853789182.188,7.170,50.016,0.081295,0.107413,0.000000,0.792294,0.127303,0.010077,0.000000,0.000000,0.000000,0.562328
2169,go2_001,144635000000,1776853933818302333,1776853933834388380,31147505970777,1776853789183.302,16.086,50.030,0.080281,0.110357,0.000000,0.809578,0.118604,0.014410,0.000000,0.000000,0.000000,0.439654
2170,go2_001,144695000000,1776853933880034687,1776853933884325120,31147555907397,1776853789185.035,4.290,49.937,0.081334,0.112545,0.000000,0.838284,0.108782,0.012940,0.000000,0.000000,0.000000,0.472855
2171,go2_001,144735000000,1776853933921165046,1776853933934390637,31147605973040,1776853789186.165,13.226,50.066,0.083755,0.116048,0.000000,0.855647,0.109031,0.013088,0.000000,0.000000,0.000000,0.290305
2172,go2_001,144815000000,1776853933982872568,1776853933984344529,31147655927008,1776853789167.873,1.472,49.954,0.094053,0.129598,0.000000,0.868085,0.128280,0.015067,0.000000,0.000000,0.000000,0.193464
2173,go2_001,144855000000,1776853934024140181,1776853934034528533,31147706110966,1776853789169.140,10.388,50.184,0.097333,0.133562,0.000000,0.878694,0.129019,0.014119,0.000000,0.000000,0.000000,0.325171
2174,go2_001,144895000000,1776853934075333155,1776853934084388111,31147755970600,1776853789180.333,9.055,49.860,0.096720,0.133585,0.000000,0.901216,0.116881,0.012916,0.000000,0.000000,0.000000,0.461877
2175,go2_001,144935000000,1776853934116390882,1776853934134390765,31147805973322,1776853789181.391,18.000,50.003,0.096150,0.133604,0.000000,0.930432,0.105711,0.011806,0.000000,0.000000,0.000000,0.682427
2176,go2_001,144995000000,1776853934178293692,1776853934184367146,31147855949535,1776853789183.294,6.073,49.976,0.096635,0.135489,0.000000,0.990616,0.095947,0.010840,0.000000,0.000000,0.000000,1.004626
2177,go2_001,145035000000,1776853934219495350,1776853934234385509,31147905968151,1776853789184.495,14.890,50.018,0.102660,0.142039,0.000000,1.033555,0.108051,0.007917,0.000000,0.000000,0.000000,1.050311
2178,go2_001,145095000000,1776853934281749513,1776853934284306696,31147955889161,1776853789186.750,2.557,49.921,0.107933,0.149962,0.000000,1.079341,0.115140,0.006508,0.000000,0.000000,0.000000,0.662613
2179,go2_001,145155000000,1776853934323026253,1776853934334492609,31148006075251,1776853789168.026,11.466,50.186,0.107143,0.150546,0.000000,1.100542,0.100143,0.005580,0.000000,0.000000,0.000000,0.447061
2180,go2_001,145215000000,1776853934384425957,1776853934384757858,31148056340378,1776853789169.426,0.332,50.265,0.106216,0.150611,0.000000,1.127818,0.085672,0.004801,0.000000,0.000000,0.000000,0.484925
2181,go2_001,145255000000,1776853934425504263,1776853934434375463,31148105957868,1776853789170.504,8.871,49.618,0.110124,0.157610,0.000000,1.132269,0.096114,0.004566,0.000000,0.000000,0.000000,0.103381
2182,go2_001,145295000000,1776853934476394619,1776853934484371129,31148155953751,1776853789181.395,7.977,49.996,0.110301,0.165286,0.000000,1.124596,0.102803,0.012236,0.000000,0.000000,0.000000,-0.141409
2183,go2_001,145335000000,1776853934517536109,1776853934534380339,31148205962777,1776853789182.536,16.844,50.009,0.114387,0.174405,0.000000,1.120812,0.116616,0.012961,0.000000,0.000000,0.000000,-0.027866
2184,go2_001,145395000000,1776853934580047365,1776853934584319444,31148255901777,1776853789185.047,4.272,49.939,0.115823,0.170689,0.000000,1.152575,0.095808,0.003504,0.000000,0.000000,0.000000,0.568625
2185,go2_001,145435000000,1776853934620752553,1776853934634372682,31148305955085,1776853789185.753,13.620,50.053,0.115415,0.170595,0.000000,1.188833,0.086301,0.003135,0.000000,0.000000,0.000000,0.851387
2186,go2_001,145515000000,1776853934682741645,1776853934684340626,31148355922904,1776853789167.742,1.599,49.968,0.117149,0.176173,0.000000,1.266849,0.084194,0.002831,0.000000,0.000000,0.000000,1.191044
2187,go2_001,145555000000,1776853934723820550,1776853934734380740,31148405963257,1776853789168.821,10.560,50.040,0.120722,0.184728,0.000000,1.317300,0.097818,0.002180,0.000000,0.000000,0.000000,1.199320
2188,go2_001,145595000000,1776853934765213305,1776853934784367238,31148455949938,1776853789170.213,19.154,49.986,0.123227,0.189124,0.000000,1.351429,0.100401,-0.000906,0.000000,0.000000,0.000000,0.881334
2189,go2_001,145635000000,1776853934816377395,1776853934834364526,31148505947222,1776853789181.377,17.987,49.997,0.122489,0.189086,0.000000,1.376087,0.090535,-0.000915,0.000000,0.000000,0.000000,0.461110
2190,go2_001,145695000000,1776853934877987523,1776853934884409400,31148555991894,1776853789182.988,6.422,50.045,0.121567,0.189004,0.000000,1.397301,0.077211,-0.000924,0.000000,0.000000,0.000000,0.376134
2191,go2_001,145735000000,1776853934919066635,1776853934934418040,31148606006763,1776853789184.067,15.351,50.009,0.124756,0.195872,0.000000,1.401128,0.087245,-0.004118,0.000000,0.000000,0.000000,0.076268
2192,go2_001,145795000000,1776853934980706308,1776853934984342834,31148655925663,1776853789185.706,3.637,49.925,0.120703,0.203923,0.000000,1.387951,0.090756,0.009016,0.000000,0.000000,0.000000,-0.224752
2193,go2_001,145830000000,1776853935021523273,1776853935034387974,31148705970280,1776853789191.523,12.865,50.045,0.122194,0.215013,0.000000,1.386467,0.109318,0.011173,0.000000,0.000000,0.000000,0.024181
2194,go2_001,145910000000,1776853935083142842,1776853935084333397,31148755915841,1776853789173.143,1.191,49.945,0.121246,0.214639,0.000000,1.423368,0.089102,0.009925,0.000000,0.000000,0.000000,0.648685
2195,go2_001,145950000000,1776853935124174924,1776853935134343307,31148805925894,1776853789174.175,10.168,50.010,0.120934,0.214458,0.000000,1.461318,0.080226,0.009051,0.000000,0.000000,0.000000,0.911645
2196,go2_001,145990000000,1776853935165248661,1776853935184359616,31148855942096,1776853789175.249,19.111,50.016,0.120688,0.216215,0.000000,1.507239,0.076589,0.008904,0.000000,0.000000,0.000000,0.990413
2197,go2_001,146030000000,1776853935206601885,1776853935235656531,31148907239723,1776853789176.602,29.055,51.297,0.123773,0.225481,0.000000,1.559937,0.091852,0.003951,0.000000,0.000000,0.000000,1.143208
2198,go2_001,146080000000,1776853935278855451,1776853935284365983,31148955948385,1776853789198.855,5.511,48.709,0.122876,0.240707,0.000000,1.604759,0.115798,0.009160,0.000000,0.000000,0.000000,0.748519
2199,go2_001,146140000000,1776853935330233118,1776853935334350060,31149005932360,1776853789190.233,4.117,49.984,0.115332,0.239754,0.000000,1.629597,0.096877,0.022221,0.000000,0.000000,0.000000,0.377490
2200,go2_001,146180000000,1776853935371260350,1776853935384401128,31149055983741,1776853789191.260,13.141,50.051,0.114798,0.239478,0.000000,1.640719,0.087487,0.020376,0.000000,0.000000,0.000000,0.311204
2201,go2_001,146240000000,1776853935433028167,1776853935434321233,31149105903649,1776853789193.028,1.293,49.920,0.114178,0.239102,0.000000,1.652702,0.074730,0.017856,0.000000,0.000000,0.000000,0.115693
2202,go2_001,146280000000,1776853935474131293,1776853935484363228,31149155945656,1776853789194.131,10.232,50.042,0.115391,0.238971,0.000000,1.650424,0.067091,0.012749,0.000000,0.000000,0.000000,-0.095917
2203,go2_001,146320000000,1776853935515543021,1776853935534401294,31149205983836,1776853789195.543,18.858,50.038,0.115725,0.249660,0.000000,1.653992,0.085549,0.010543,0.000000,0.000000,0.000000,0.104047
2204,go2_001,146380000000,1776853935576736452,1776853935584395877,31149255978508,1776853789196.737,7.659,49.995,0.115305,0.259077,0.000000,1.675151,0.094749,0.009166,0.000000,0.000000,0.000000,0.429098
2205,go2_001,146420000000,1776853935617800674,1776853935634441999,31149306024635,1776853789197.801,16.641,50.046,0.115025,0.258828,0.000000,1.710298,0.085437,0.008317,0.000000,0.000000,0.000000,0.818793
2206,go2_001,146480000000,1776853935669230219,1776853935684798239,31149356380978,1776853789189.230,15.568,50.356,0.112018,0.262612,0.000000,1.767798,0.083115,0.012590,0.000000,0.000000,0.000000,1.018426
2207,go2_001,146540000000,1776853935731325328,1776853935734451015,31149406033349,1776853789191.325,3.126,49.653,0.121179,0.261596,0.000000,1.830776,0.067175,-0.011003,0.000000,0.000000,0.000000,1.093047
2208,go2_001,146580000000,1776853935772888319,1776853935784367368,31149455949915,1776853789192.888,11.479,49.916,0.124458,0.263716,0.000000,1.870322,0.064308,-0.019386,0.000000,0.000000,0.000000,0.960849
2209,go2_001,146640000000,1776853935834437974,1776853935834651659,31149506233925,1776853789194.438,0.214,50.284,0.123417,0.269332,0.000000,1.902613,0.067346,-0.018389,0.000000,0.000000,0.000000,0.486028
2210,go2_001,146680000000,1776853935875862591,1776853935884336610,31149555919071,1776853789195.863,8.474,49.685,0.122975,0.269183,0.000000,1.914984,0.060237,-0.017001,0.000000,0.000000,0.000000,0.328129
2211,go2_001,146720000000,1776853935916391161,1776853935934400535,31149605982876,1776853789196.391,18.009,50.064,0.122603,0.269046,0.000000,1.931052,0.053708,-0.015716,0.000000,0.000000,0.000000,0.383474
2212,go2_001,146780000000,1776853935978362537,1776853935984411539,31149655994124,1776853789198.363,6.049,50.011,0.118167,0.280302,0.000000,1.944117,0.072451,-0.011106,0.000000,0.000000,0.000000,0.165263
2213,go2_001,146840000000,1776853936030250974,1776853936034350561,31149705933068,1776853789190.251,4.100,49.939,0.113943,0.291895,0.000000,1.948647,0.090123,-0.008911,0.000000,0.000000,0.000000,0.181269
2214,go2_001,146880000000,1776853936071254815,1776853936084439072,31149756022117,1776853789191.255,13.184,50.089,0.113650,0.291597,0.000000,1.965680,0.081210,-0.008252,0.000000,0.000000,0.000000,0.390833
2215,go2_001,146940000000,1776853936133068658,1776853936134279566,31149805861839,1776853789193.069,1.211,49.840,0.113263,0.291192,0.000000,2.006363,0.069172,-0.007354,0.000000,0.000000,0.000000,0.667856
2216,go2_001,146980000000,1776853936174170678,1776853936184374517,31149855956903,1776853789194.171,10.204,50.095,0.112501,0.291499,0.000000,2.040693,0.063612,-0.006102,0.000000,0.000000,0.000000,0.860110
2217,go2_001,147020000000,1776853936215158891,1776853936234337431,31149905919850,1776853789195.159,19.179,49.963,0.111021,0.298216,0.000000,2.083670,0.073122,-0.008754,0.000000,0.000000,0.000000,1.047918
2218,go2_001,147080000000,1776853936276816434,1776853936284328362,31149955910945,1776853789196.816,7.512,49.991,0.103321,0.312970,0.000000,2.137362,0.100489,-0.005514,0.000000,0.000000,0.000000,0.683467
2219,go2_001,147120000000,1776853936317840782,1776853936334354366,31150005936956,1776853789197.841,16.514,50.026,0.102902,0.312704,0.000000,2.156938,0.091212,-0.005415,0.000000,0.000000,0.000000,0.500801
2220,go2_001,147180000000,1776853936369219177,1776853936384348495,31150055931305,1776853789189.219,15.129,49.994,0.102322,0.312037,0.000000,2.187463,0.078012,-0.004820,0.000000,0.000000,0.000000,0.564021
2221,go2_001,147240000000,1776853936430823437,1776853936434360224,31150105942731,1776853789190.823,3.537,50.012,0.098186,0.317449,0.000000,2.216271,0.082622,-0.003244,0.000000,0.000000,0.000000,0.471206
2222,go2_001,147280000000,1776853936471842554,1776853936484660188,31150156246094,1776853789191.843,12.818,50.300,0.093825,0.321919,0.000000,2.221935,0.088945,-0.000278,0.000000,0.000000,0.000000,0.174744
2223,go2_001,147340000000,1776853936533339894,1776853936534288179,31150205870504,1776853789193.340,0.948,49.628,0.087455,0.326781,0.000000,2.235147,0.093506,0.005220,0.000000,0.000000,0.000000,0.351328
2224,go2_001,147380000000,1776853936574440206,1776853936584362486,31150255945029,1776853789194.440,9.922,50.074,0.084995,0.326526,0.000000,2.252881,0.087495,0.008981,0.000000,0.000000,0.000000,0.506893
2225,go2_001,147420000000,1776853936615728667,1776853936634342032,31150305924402,1776853789195.729,18.613,49.980,0.084860,0.326089,0.000000,2.284261,0.078813,0.008229,0.000000,0.000000,0.000000,0.681238
2226,go2_001,147480000000,1776853936677248008,1776853936684696469,31150356279802,1776853789197.248,7.448,50.354,0.082885,0.327135,0.000000,2.348699,0.072762,0.008267,0.000000,0.000000,0.000000,0.939824
2227,go2_001,147520000000,1776853936718447603,1776853936734409017,31150405992318,1776853789198.448,15.961,49.713,0.078499,0.335598,0.000000,2.388160,0.087836,0.002967,0.000000,0.000000,0.000000,0.968386
2228,go2_001,147580000000,1776853936769829219,1776853936784365074,31150455947527,1776853789189.829,14.536,49.956,0.067833,0.344910,0.000000,2.423424,0.107824,0.006694,0.000000,0.000000,0.000000,0.693865
2229,go2_001,147640000000,1776853936831436794,1776853936834340425,31150505922884,1776853789191.437,2.904,49.975,0.066627,0.342351,0.000000,2.454465,0.091332,0.009452,0.000000,0.000000,0.000000,0.498911
2230,go2_001,147680000000,1776853936872315185,1776853936884351165,31150555933751,1776853789192.315,12.036,50.011,0.066476,0.341759,0.000000,2.469933,0.082339,0.008649,0.000000,0.000000,0.000000,0.380258
2231,go2_001,147740000000,1776853936933992373,1776853936934183894,31150605766285,1776853789193.992,0.192,49.833,0.061126,0.345516,0.000000,2.493131,0.086074,0.008927,0.000000,0.000000,0.000000,0.372300
2232,go2_001,147780000000,1776853936974891013,1776853936984359323,31150655941934,1776853789194.891,9.468,50.175,0.058895,0.337765,0.000000,2.507413,0.069257,0.023756,0.000000,0.000000,0.000000,0.412701
2233,go2_001,147820000000,1776853937016137388,1776853937034337402,31150705919841,1776853789196.137,18.200,49.978,0.053415,0.338281,0.000000,2.515226,0.072727,0.029076,0.000000,0.000000,0.000000,0.266210
2234,go2_001,147880000000,1776853937077777564,1776853937084880213,31150756464382,1776853789197.778,7.103,50.543,0.047902,0.338481,0.000000,2.537092,0.072734,0.032795,0.000000,0.000000,0.000000,0.444493
2235,go2_001,147920000000,1776853937118973858,1776853937134373343,31150805955811,1776853789198.974,15.399,49.493,0.048036,0.338095,0.000000,2.564204,0.065263,0.030075,0.000000,0.000000,0.000000,0.600783
2236,go2_001,147980000000,1776853937171623461,1776853937184369180,31150855951680,1776853789191.624,12.746,49.996,0.048223,0.337544,0.000000,2.626285,0.055185,0.026382,0.000000,0.000000,0.000000,1.151852
2237,go2_001,148040000000,1776853937232959834,1776853937234271918,31150905854445,1776853789192.960,1.312,49.903,0.041115,0.345548,0.000000,2.689339,0.071289,0.017082,0.000000,0.000000,0.000000,1.047699
2238,go2_001,148080000000,1776853937274982814,1776853937284381105,31150955963516,1776853789194.983,9.398,50.109,0.029704,0.353485,0.000000,2.719223,0.097061,0.014808,0.000000,0.000000,0.000000,0.781745
2239,go2_001,148115000000,1776853937316006425,1776853937334334686,31151005917163,1776853789201.006,18.328,49.954,0.019550,0.351186,0.000000,2.738881,0.106247,0.030128,0.000000,0.000000,0.000000,0.498089
2240,go2_001,148175000000,1776853937378772270,1776853937384398816,31151055981787,1776853789203.772,5.627,50.064,0.019700,0.350086,0.000000,2.755708,0.091444,0.026413,0.000000,0.000000,0.000000,0.252472
2241,go2_001,148215000000,1776853937419999346,1776853937434472740,31151106055192,1776853789205.000,14.473,50.074,0.019817,0.349504,0.000000,2.761669,0.082563,0.024177,0.000000,0.000000,0.000000,0.088407
2242,go2_001,148280000000,1776853937471321875,1776853937484362573,31151155945009,1776853789191.322,13.041,49.890,0.019643,0.348868,0.000000,2.774546,0.070429,0.021146,0.000000,0.000000,0.000000,0.206057
2243,go2_001,148340000000,1776853937532900507,1776853937534249124,31151205831853,1776853789192.901,1.349,49.887,0.019886,0.348385,0.000000,2.782503,0.059727,0.018415,0.000000,0.000000,0.000000,0.094124
2244,go2_001,148380000000,1776853937573882241,1776853937584341340,31151255923728,1776853789193.882,10.459,50.092,0.020036,0.348147,0.000000,2.793032,0.053324,0.016774,0.000000,0.000000,0.000000,0.265965
2245,go2_001,148420000000,1776853937615093984,1776853937634374731,31151305957272,1776853789195.094,19.281,50.033,0.020175,0.347944,0.000000,2.820499,0.047452,0.015263,0.000000,0.000000,0.000000,0.656187
2246,go2_001,148480000000,1776853937676551365,1776853937684339685,31151355922119,1776853789196.552,7.788,49.965,0.020361,0.347640,0.000000,2.880773,0.039549,0.013218,0.000000,0.000000,0.000000,0.975936
2247,go2_001,148520000000,1776853937718151018,1776853937734461326,31151406043831,1776853789198.151,16.310,50.122,0.020474,0.347431,0.000000,2.927757,0.034830,0.011990,0.000000,0.000000,0.000000,1.173102
2248,go2_001,148575000000,1776853937779568620,1776853937784418327,31151456014371,1776853789204.569,4.850,49.957,0.020788,0.347131,0.000000,2.992328,0.028634,0.010337,0.000000,0.000000,0.000000,0.964113
2249,go2_001,148635000000,1776853937832405367,1776853937834339307,31151505921861,1776853789197.406,1.934,49.921,0.020915,0.346842,0.000000,3.024194,0.023103,0.008885,0.000000,0.000000,0.000000,0.392953
2250,go2_001,148675000000,1776853937873843324,1776853937884366786,31151555949269,1776853789198.844,10.523,50.027,0.020988,0.346699,0.000000,3.030849,0.019802,0.008011,0.000000,0.000000,0.000000,0.236109
2251,go2_001,148720000000,1776853937914774400,1776853937934395373,31151605978567,1776853789194.774,19.621,50.029,0.020961,0.346567,0.000000,3.039951,0.016635,0.007199,0.000000,0.000000,0.000000,0.239157
2252,go2_001,148780000000,1776853937976089714,1776853937984401348,31151655983954,1776853789196.090,8.312,50.006,0.021046,0.346467,0.000000,3.038914,0.012594,0.006103,0.000000,0.000000,0.000000,-0.095219
2253,go2_001,148820000000,1776853938017393084,1776853938034377003,31151705959520,1776853789197.393,16.984,49.976,0.021090,0.346431,0.000000,3.028889,0.010198,0.005449,0.000000,0.000000,0.000000,-0.220523
2254,go2_001,148880000000,1776853938078952640,1776853938084384099,31151755966861,1776853789198.953,5.431,50.007,0.021134,0.346406,0.000000,3.050127,0.007006,0.004567,0.000000,0.000000,0.000000,0.459616
2255,go2_001,148920000000,1776853938120010685,1776853938134343487,31151805926099,1776853789200.011,14.333,49.959,0.021153,0.346396,0.000000,3.087967,0.005124,0.004039,0.000000,0.000000,0.000000,0.828915
2256,go2_001,148975000000,1776853938182083279,1776853938184352918,31151855935337,1776853789207.083,2.270,50.009,0.021198,0.346402,0.000000,-3.139055,0.002772,0.003345,0.000000,0.000000,0.000000,0.944063
2257,go2_001,149035000000,1776853938233169548,1776853938234252823,31151905835365,1776853789198.170,1.083,49.900,0.021208,0.346400,0.000000,-3.085717,0.000606,0.002726,0.000000,0.000000,0.000000,1.077886
2258,go2_001,149075000000,1776853938274221261,1776853938284402711,31151955985238,1776853789199.221,10.181,50.150,0.021209,0.346407,0.000000,-3.050406,-0.000664,0.002356,0.000000,0.000000,0.000000,0.758076
2259,go2_001,149115000000,1776853938315390883,1776853938334386092,31152005968796,1776853789200.391,18.995,49.983,0.021205,0.346420,0.000000,-3.036954,-0.001808,0.002018,0.000000,0.000000,0.000000,0.388564
2260,go2_001,149175000000,1776853938377085383,1776853938384353741,31152055936155,1776853789202.085,7.268,49.968,0.021188,0.346449,0.000000,-3.014596,-0.003309,0.001565,0.000000,0.000000,0.000000,0.438482
2261,go2_001,149215000000,1776853938418120460,1776853938434373248,31152105955897,1776853789203.120,16.253,50.020,0.021171,0.346472,0.000000,-2.992477,-0.004180,0.001296,0.000000,0.000000,0.000000,0.502726
2262,go2_001,149275000000,1776853938480028246,1776853938484410974,31152155993416,1776853789205.028,4.383,50.038,0.021136,0.346510,0.000000,-2.995076,-0.005312,0.000937,0.000000,0.000000,0.000000,-0.167329
2263,go2_001,149315000000,1776853938521302021,1776853938534357160,31152205939660,1776853789206.302,13.055,49.946,0.021107,0.346531,0.000000,-2.997368,-0.005962,0.000724,0.000000,0.000000,0.000000,-0.056839
2264,go2_001,149380000000,1776853938572571105,1776853938584355302,31152255937929,1776853789192.571,11.784,49.998,0.021090,0.346561,0.000000,-2.975951,-0.006939,0.000425,0.000000,0.000000,0.000000,0.428320
2265,go2_001,149435000000,1776853938634106800,1776853938634258403,31152305840650,1776853789199.107,0.152,49.903,0.021003,0.346586,0.000000,-2.935936,-0.007472,0.000197,0.000000,0.000000,0.000000,0.766646
2266,go2_001,149475000000,1776853938674969611,1776853938684374505,31152355957054,1776853789199.969,9.405,50.116,0.020964,0.346611,0.000000,-2.894297,-0.007856,0.000053,0.000000,0.000000,0.000000,1.067937
2267,go2_001,149515000000,1776853938716210680,1776853938734345864,31152405928551,1776853789201.211,18.135,49.971,0.020921,0.346644,0.000000,-2.840411,-0.008186,-0.000076,0.000000,0.000000,0.000000,1.268973
2268,go2_001,149575000000,1776853938777716473,1776853938784394396,31152455977150,1776853789202.716,6.678,50.049,0.020847,0.346706,0.000000,-2.795320,-0.008591,-0.000246,0.000000,0.000000,0.000000,0.683738
2269,go2_001,149615000000,1776853938818823066,1776853938834499313,31152506082448,1776853789203.823,15.676,50.105,0.020795,0.346748,0.000000,-2.778633,-0.008808,-0.000345,0.000000,0.000000,0.000000,0.432676
2270,go2_001,149675000000,1776853938880428563,1776853938884345463,31152555927838,1776853789205.428,3.917,49.846,0.020715,0.346806,0.000000,-2.755522,-0.009061,-0.000475,0.000000,0.000000,0.000000,0.387376
2271,go2_001,149715000000,1776853938921550114,1776853938934331278,31152605913552,1776853789206.550,12.781,49.986,0.020661,0.346841,0.000000,-2.740103,-0.009187,-0.000549,0.000000,0.000000,0.000000,0.385074
2272,go2_001,149775000000,1776853938973016433,1776853938984358656,31152655941118,1776853789198.017,11.342,50.027,0.020580,0.346885,0.000000,-2.729522,-0.009319,-0.000646,0.000000,0.000000,0.000000,0.189008
2273,go2_001,149815000000,1776853939014069470,1776853939034378714,31152705961419,1776853789199.069,20.309,50.020,0.020528,0.346908,0.000000,-2.726172,-0.009374,-0.000700,0.000000,0.000000,0.000000,0.074184
2274,go2_001,149875000000,1776853939075677273,1776853939084341017,31152755923318,1776853789200.677,8.664,49.962,0.020453,0.346933,0.000000,-2.709360,-0.009412,-0.000770,0.000000,0.000000,0.000000,0.289337
2275,go2_001,149915000000,1776853939127489254,1776853939134413892,31152805996365,1776853789212.489,6.925,50.073,0.020403,0.346946,0.000000,-2.687948,-0.009412,-0.000809,0.000000,0.000000,0.000000,0.548634
2276,go2_001,149970000000,1776853939169952231,1776853939184347680,31152855929976,1776853789199.952,14.395,49.934,0.020293,0.346948,0.000000,-2.647952,-0.009287,-0.000845,0.000000,0.000000,0.000000,0.809251
2277,go2_001,150010000000,1776853939221307586,1776853939234348948,31152905931774,1776853789211.308,13.041,50.001,0.020240,0.346971,0.000000,-2.590416,-0.009263,-0.000874,0.000000,0.000000,0.000000,1.027488
2278,go2_001,150095000000,1776853939283152569,1776853939284289517,31152955871799,1776853789188.153,1.137,49.941,0.020150,0.347053,0.000000,-2.522406,-0.009239,-0.000927,0.000000,0.000000,0.000000,0.835539
2279,go2_001,150135000000,1776853939323982356,1776853939334347804,31153005930267,1776853789188.982,10.365,50.058,0.020084,0.347079,0.000000,-2.502641,-0.009153,-0.000941,0.000000,0.000000,0.000000,0.545690
2280,go2_001,150175000000,1776853939375182660,1776853939384317770,31153055900014,1776853789200.183,9.135,49.970,0.020020,0.347103,0.000000,-2.486683,-0.009057,-0.000951,0.000000,0.000000,0.000000,0.387665
2281,go2_001,150215000000,1776853939416187159,1776853939434360131,31153105942483,1776853789201.187,18.173,50.042,0.019957,0.347124,0.000000,-2.465568,-0.008954,-0.000959,0.000000,0.000000,0.000000,0.474476
2282,go2_001,150275000000,1776853939477863257,1776853939484341976,31153155924350,1776853789202.863,6.479,49.982,0.019866,0.347149,0.000000,-2.451101,-0.008786,-0.000966,0.000000,0.000000,0.000000,0.128489
2283,go2_001,150315000000,1776853939519029772,1776853939534366557,31153205949018,1776853789204.030,15.337,50.025,0.019810,0.347160,0.000000,-2.445201,-0.008666,-0.000967,0.000000,0.000000,0.000000,0.153231
2284,go2_001,150375000000,1776853939580553299,1776853939584371444,31153255953823,1776853789205.553,3.818,50.005,0.019733,0.347169,0.000000,-2.418054,-0.008478,-0.000966,0.000000,0.000000,0.000000,0.481455
2285,go2_001,150415000000,1776853939621668434,1776853939634389435,31153305972416,1776853789206.668,12.721,50.018,0.019681,0.347175,0.000000,-2.385747,-0.008347,-0.000963,0.000000,0.000000,0.000000,0.631442
2286,go2_001,150495000000,1776853939683599468,1776853939684277834,31153355860634,1776853789188.600,0.678,49.888,0.019577,0.347186,0.000000,-2.334598,-0.008076,-0.000952,0.000000,0.000000,0.000000,0.838261
2287,go2_001,150515000000,1776853939703999316,1776853939734402489,31153405985098,1776853789189.000,30.403,50.125,0.019549,0.347189,0.000000,-2.314325,-0.008007,-0.000949,0.000000,0.000000,0.000000,0.898571
2288,go2_001,150575000000,1776853939776208626,1776853939784370298,31153455952699,1776853789201.208,8.162,49.968,0.019461,0.347202,0.000000,-2.254842,-0.007796,-0.000936,0.000000,0.000000,0.000000,0.736742
2289,go2_001,150615000000,1776853939816947635,1776853939834363233,31153505946090,1776853789201.948,17.416,49.993,0.019402,0.347210,0.000000,-2.238606,-0.007654,-0.000927,0.000000,0.000000,0.000000,0.475478
2290,go2_001,150675000000,1776853939878756880,1776853939884349780,31153555932341,1776853789203.757,5.593,49.987,0.019318,0.347218,0.000000,-2.208661,-0.007439,-0.000911,0.000000,0.000000,0.000000,0.550740
2291,go2_001,150715000000,1776853939919995642,1776853939934348771,31153605931114,1776853789204.996,14.353,49.999,0.019263,0.347221,0.000000,-2.184013,-0.007295,-0.000900,0.000000,0.000000,0.000000,0.584229
2292,go2_001,150775000000,1776853939981685551,1776853939984351069,31153655933641,1776853789206.686,2.666,50.002,0.019186,0.347222,0.000000,-2.164443,-0.007079,-0.000881,0.000000,0.000000,0.000000,0.236258
2293,go2_001,150835000000,1776853940022808467,1776853940034365348,31153705948393,1776853789187.809,11.557,50.014,0.019117,0.347218,0.000000,-2.154775,-0.006864,-0.000862,0.000000,0.000000,0.000000,0.211691
2294,go2_001,150875000000,1776853940063995919,1776853940084357397,31153755939779,1776853789188.996,20.361,49.992,0.019076,0.347212,0.000000,-2.136393,-0.006722,-0.000848,0.000000,0.000000,0.000000,0.443564
2295,go2_001,150915000000,1776853940115156024,1776853940134394914,31153805977596,1776853789200.156,19.239,50.038,0.019035,0.347205,0.000000,-2.112346,-0.006580,-0.000834,0.000000,0.000000,0.000000,0.488556
2296,go2_001,150975000000,1776853940176616949,1776853940184333446,31153855915718,1776853789201.617,7.716,49.939,0.018974,0.347195,0.000000,-2.065323,-0.006369,-0.000813,0.000000,0.000000,0.000000,0.808397
2297,go2_001,151015000000,1776853940217775649,1776853940234356302,31153905938656,1776853789202.776,16.581,50.023,0.018932,0.347188,0.000000,-2.027191,-0.006231,-0.000799,0.000000,0.000000,0.000000,0.926924
2298,go2_001,151075000000,1776853940279570044,1776853940284347366,31153955929831,1776853789204.570,4.777,49.991,0.018863,0.347180,0.000000,-1.971312,-0.006026,-0.000777,0.000000,0.000000,0.000000,0.841992
2299,go2_001,151115000000,1776853940320560567,1776853940334352724,31154005935277,1776853789205.561,13.792,50.005,0.018816,0.347173,0.000000,-1.947668,-0.005891,-0.000762,0.000000,0.000000,0.000000,0.591291
2300,go2_001,151195000000,1776853940382260509,1776853940384328378,31154055910631,1776853789187.260,2.068,49.976,0.018729,0.347157,0.000000,-1.915023,-0.005627,-0.000733,0.000000,0.000000,0.000000,0.390059
2301,go2_001,151235000000,1776853940423630216,1776853940434362423,31154105944792,1776853789188.630,10.732,50.034,0.018693,0.347147,0.000000,-1.912522,-0.005497,-0.000718,0.000000,0.000000,0.000000,0.235502
2302,go2_001,151275000000,1776853940474758405,1776853940484372358,31154155955018,1776853789199.758,9.614,50.010,0.018659,0.347135,0.000000,-1.909139,-0.005370,-0.000703,0.000000,0.000000,0.000000,0.058864
2303,go2_001,151315000000,1776853940515860708,1776853940534361812,31154205944354,1776853789200.861,18.501,49.989,0.018630,0.347123,0.000000,-1.901300,-0.005245,-0.000689,0.000000,0.000000,0.000000,0.126198
2304,go2_001,151375000000,1776853940577452248,1776853940584344226,31154255926611,1776853789202.452,6.892,49.982,0.018592,0.347103,0.000000,-1.886823,-0.005061,-0.000667,0.000000,0.000000,0.000000,0.268343
2305,go2_001,151415000000,1776853940618404622,1776853940634348055,31154305930324,1776853789203.405,15.943,50.004,0.018570,0.347089,0.000000,-1.867050,-0.004941,-0.000653,0.000000,0.000000,0.000000,0.483555
2306,go2_001,151475000000,1776853940680374041,1776853940684312814,31154355895110,1776853789205.374,3.939,49.965,0.018534,0.347068,0.000000,-1.801202,-0.004765,-0.000631,0.000000,0.000000,0.000000,1.175361
2307,go2_001,151515000000,1776853940721327968,1776853940734340649,31154405923123,1776853789206.328,13.013,50.028,0.018504,0.347054,0.000000,-1.745168,-0.004650,-0.000617,0.000000,0.000000,0.000000,1.230838
2308,go2_001,151595000000,1776853940783197958,1776853940784294987,31154455877743,1776853789188.198,1.097,49.954,0.018437,0.347027,0.000000,-1.683638,-0.004428,-0.000590,0.000000,0.000000,0.000000,0.844509
2309,go2_001,151635000000,1776853940834417951,1776853940834621794,31154506204253,1776853789199.418,0.204,50.327,0.018404,0.347013,0.000000,-1.656985,-0.004320,-0.000577,0.000000,0.000000,0.000000,0.576145
2310,go2_001,151675000000,1776853940875356982,1776853940884375675,31154555958157,1776853789200.357,9.019,49.754,0.018373,0.346998,0.000000,-1.647041,-0.004214,-0.000563,0.000000,0.000000,0.000000,0.258674
2311,go2_001,151715000000,1776853940916699374,1776853940934330661,31154605912977,1776853789201.699,17.631,49.955,0.018347,0.346983,0.000000,-1.643224,-0.004110,-0.000550,0.000000,0.000000,0.000000,0.144420
2312,go2_001,151775000000,1776853940978300476,1776853940984308563,31154655890978,1776853789203.300,6.008,49.978,0.018314,0.346961,0.000000,-1.641997,-0.003959,-0.000531,0.000000,0.000000,0.000000,0.011226
2313,go2_001,151815000000,1776853941019418250,1776853941034347032,31154705929357,1776853789204.418,14.929,50.038,0.018297,0.346947,0.000000,-1.637358,-0.003861,-0.000519,0.000000,0.000000,0.000000,0.064447
2314,go2_001,151875000000,1776853941081266020,1776853941084378037,31154755960844,1776853789206.266,3.112,50.031,0.018276,0.346925,0.000000,-1.622221,-0.003717,-0.000500,0.000000,0.000000,0.000000,0.324089
2315,go2_001,151935000000,1776853941122404024,1776853941134563376,31154806148819,1776853789187.404,12.159,50.185,0.018256,0.346903,0.000000,-1.571658,-0.003578,-0.000482,0.000000,0.000000,0.000000,0.701382
2316,go2_001,151975000000,1776853941164461229,1776853941184372484,31154855955017,1776853789189.461,19.911,49.809,0.018243,0.346889,0.000000,-1.548806,-0.003489,-0.000471,0.000000,0.000000,0.000000,0.866753
2317,go2_001,152035000000,1776853941226588705,1776853941234353649,31154905936112,1776853789191.589,7.765,49.981,0.018219,0.346866,0.000000,-1.481145,-0.003358,-0.000454,0.000000,0.000000,0.000000,1.132485
2318,go2_001,152075000000,1776853941278042205,1776853941284400851,31154955983501,1776853789203.042,6.359,50.047,0.018199,0.346850,0.000000,-1.430128,-0.003273,-0.000443,0.000000,0.000000,0.000000,0.952580
2319,go2_001,152115000000,1776853941319093679,1776853941334366825,31155005949222,1776853789204.094,15.273,49.966,0.018179,0.346834,0.000000,-1.410643,-0.003190,-0.000432,0.000000,0.000000,0.000000,0.498653
2320,go2_001,152175000000,1776853941381038957,1776853941384366912,31155055949247,1776853789206.039,3.328,50.000,0.018152,0.346810,0.000000,-1.393677,-0.003069,-0.000416,0.000000,0.000000,0.000000,0.301139
2321,go2_001,152215000000,1776853941422342128,1776853941434354885,31155105937339,1776853789207.342,12.013,49.988,0.018137,0.346795,0.000000,-1.374888,-0.002991,-0.000406,0.000000,0.000000,0.000000,0.478027
2322,go2_001,152295000000,1776853941483849740,1776853941484234047,31155155816424,1776853789188.850,0.384,49.879,0.018111,0.346765,0.000000,-1.364382,-0.002840,-0.000386,0.000000,0.000000,0.000000,-0.031224
2323,go2_001,152335000000,1776853941525161619,1776853941534362911,31155205945408,1776853789190.162,9.201,50.129,0.018103,0.346752,0.000000,-1.371415,-0.002767,-0.000376,0.000000,0.000000,0.000000,-0.149655
2324,go2_001,152375000000,1776853941566357622,1776853941584400087,31155255982599,1776853789191.358,18.042,50.037,0.018096,0.346739,0.000000,-1.360509,-0.002696,-0.000367,0.000000,0.000000,0.000000,0.250282
2325,go2_001,152415000000,1776853941617953309,1776853941634386286,31155305968946,1776853789202.953,16.433,49.986,0.018090,0.346727,0.000000,-1.329636,-0.002627,-0.000357,0.000000,0.000000,0.000000,0.641790
2326,go2_001,152475000000,1776853941679487360,1776853941684356839,31155355939178,1776853789204.487,4.869,49.971,0.018080,0.346707,0.000000,-1.272889,-0.002526,-0.000344,0.000000,0.000000,0.000000,0.952242
2327,go2_001,152515000000,1776853941720593616,1776853941734379962,31155405962953,1776853789205.594,13.786,50.023,0.018071,0.346694,0.000000,-1.226860,-0.002461,-0.000335,0.000000,0.000000,0.000000,1.093426
2328,go2_001,152595000000,1776853941782280172,1776853941784324688,31155455907134,1776853789187.280,2.045,49.945,0.018050,0.346665,0.000000,-1.164032,-0.002336,-0.000319,0.000000,0.000000,0.000000,0.683206
2329,go2_001,152635000000,1776853941823474164,1776853941834339224,31155505921593,1776853789188.474,10.865,50.015,0.018042,0.346651,0.000000,-1.156562,-0.002275,-0.000310,0.000000,0.000000,0.000000,0.447826
2330,go2_001,152675000000,1776853941864453388,1776853941884404872,31155555987271,1776853789189.453,19.951,50.066,0.018034,0.346637,0.000000,-1.137865,-0.002216,-0.000303,0.000000,0.000000,0.000000,0.474544
2331,go2_001,152735000000,1776853941926023023,1776853941934363601,31155605946108,1776853789191.023,8.341,49.959,0.018023,0.346617,0.000000,-1.103703,-0.002131,-0.000291,0.000000,0.000000,0.000000,0.544973
2332,go2_001,152775000000,1776853941977439479,1776853941984342303,31155655924793,1776853789202.439,6.903,49.979,0.018016,0.346604,0.000000,-1.093941,-0.002076,-0.000284,0.000000,0.000000,0.000000,0.127944
2333,go2_001,152815000000,1776853942018615538,1776853942034350044,31155705932449,1776853789203.615,15.735,50.008,0.018011,0.346592,0.000000,-1.094581,-0.002022,-0.000276,0.000000,0.000000,0.000000,-0.008922
2334,go2_001,152875000000,1776853942080207409,1776853942084399843,31155755982393,1776853789205.207,4.192,50.050,0.018006,0.346576,0.000000,-1.072500,-0.001943,-0.000266,0.000000,0.000000,0.000000,0.413638
2335,go2_001,152930000000,1776853942123098687,1776853942134382832,31155805965543,1776853789193.099,11.284,49.983,0.018007,0.346553,0.000000,-1.043127,-0.001851,-0.000253,0.000000,0.000000,0.000000,0.504096
2336,go2_001,152975000000,1776853942163963853,1776853942184387642,31155855970016,1776853789188.964,20.424,50.005,0.017999,0.346550,0.000000,-1.011569,-0.001821,-0.000249,0.000000,0.000000,0.000000,0.864978
2337,go2_001,153030000000,1776853942225896595,1776853942234395624,31155905978081,1776853789195.896,8.499,50.008,0.017999,0.346527,0.000000,-0.948418,-0.001736,-0.000238,0.000000,0.000000,0.000000,0.923579
2338,go2_001,153070000000,1776853942267112306,1776853942284373593,31155955956124,1776853789197.112,17.261,49.978,0.017994,0.346516,0.000000,-0.922125,-0.001693,-0.000232,0.000000,0.000000,0.000000,0.680172
2339,go2_001,153110000000,1776853942318501473,1776853942334327970,31156005910442,1776853789208.501,15.826,49.954,0.017990,0.346505,0.000000,-0.891943,-0.001651,-0.000226,0.000000,0.000000,0.000000,0.566693
2340,go2_001,153170000000,1776853942380202358,1776853942384365141,31156055947614,1776853789210.202,4.163,50.037,0.017984,0.346488,0.000000,-0.867856,-0.001589,-0.000218,0.000000,0.000000,0.000000,0.440815
2341,go2_001,153210000000,1776853942421176037,1776853942434411096,31156105994323,1776853789211.176,13.235,50.046,0.017980,0.346478,0.000000,-0.847478,-0.001549,-0.000212,0.000000,0.000000,0.000000,0.490613
2342,go2_001,153290000000,1776853942483234792,1776853942484315111,31156155897927,1776853789193.235,1.080,49.904,0.017976,0.346459,0.000000,-0.828967,-0.001471,-0.000202,0.000000,0.000000,0.000000,0.240130
2343,go2_001,153310000000,1776853942503740444,1776853942534623512,31156206206262,1776853789193.740,30.883,50.308,0.017975,0.346454,0.000000,-0.822750,-0.001452,-0.000199,0.000000,0.000000,0.000000,0.244417
2344,go2_001,153365000000,1776853942566202042,1776853942584411626,31156255994323,1776853789201.202,18.210,49.788,0.017979,0.346438,0.000000,-0.803789,-0.001387,-0.000190,0.000000,0.000000,0.000000,0.330349
2345,go2_001,153425000000,1776853942628239395,1776853942634301332,31156305883818,1776853789203.240,6.062,49.890,0.017978,0.346427,0.000000,-0.774525,-0.001336,-0.000183,0.000000,0.000000,0.000000,0.494299
2346,go2_001,153465000000,1776853942669626905,1776853942684362913,31156355946112,1776853789204.627,14.736,50.062,0.017977,0.346420,0.000000,-0.739001,-0.001303,-0.000179,0.000000,0.000000,0.000000,0.770640
2347,go2_001,153530000000,1776853942731801002,1776853942734399970,31156405983103,1776853789201.801,2.599,50.037,0.017971,0.346410,0.000000,-0.666926,-0.001263,-0.000173,0.000000,0.000000,0.000000,1.071919
2348,go2_001,153590000000,1776853942782994050,1776853942784271833,31156455854299,1776853789192.994,1.278,49.872,0.017969,0.346396,0.000000,-0.623898,-0.001213,-0.000166,0.000000,0.000000,0.000000,0.786288
2349,go2_001,153630000000,1776853942824114768,1776853942834469720,31156506052335,1776853789194.115,10.355,50.198,0.017969,0.346387,0.000000,-0.605123,-0.001181,-0.000162,0.000000,0.000000,0.000000,0.456741
2350,go2_001,153670000000,1776853942865228687,1776853942884604477,31156556187204,1776853789195.229,19.376,50.135,0.017969,0.346378,0.000000,-0.596667,-0.001149,-0.000158,0.000000,0.000000,0.000000,0.261384
2351,go2_001,153730000000,1776853942926661624,1776853942934468107,31156606051392,1776853789196.662,7.806,49.864,0.017969,0.346367,0.000000,-0.583649,-0.001104,-0.000152,0.000000,0.000000,0.000000,0.204029
2352,go2_001,153770000000,1776853942968115101,1776853942984491772,31156656074884,1776853789198.115,16.377,50.024,0.017970,0.346360,0.000000,-0.580338,-0.001075,-0.000148,0.000000,0.000000,0.000000,0.121830
2353,go2_001,153835000000,1776853943030183400,1776853943034389983,31156705972711,1776853789195.183,4.207,49.898,0.017967,0.346354,0.000000,-0.566020,-0.001041,-0.000143,0.000000,0.000000,0.000000,0.152813
2354,go2_001,153875000000,1776853943081727483,1776853943084417521,31156755999968,1776853789206.728,2.690,50.028,0.017970,0.346348,0.000000,-0.551874,-0.001012,-0.000139,0.000000,0.000000,0.000000,0.304332
2355,go2_001,153920000000,1776853943123188479,1776853943134389636,31156805972406,1776853789203.188,11.201,49.972,0.017968,0.346345,0.000000,-0.522166,-0.000991,-0.000136,0.000000,0.000000,0.000000,0.688395
2356,go2_001,153965000000,1776853943164400820,1776853943184378372,31156855960775,1776853789199.401,19.978,49.989,0.017966,0.346341,0.000000,-0.476912,-0.000971,-0.000133,0.000000,0.000000,0.000000,0.953225
2357,go2_001,154030000000,1776853943226404788,1776853943234449419,31156906031839,1776853789196.405,8.045,50.071,0.017965,0.346332,0.000000,-0.400648,-0.000935,-0.000128,0.000000,0.000000,0.000000,1.184150
2358,go2_001,154070000000,1776853943268200233,1776853943284625580,31156956209818,1776853789198.200,16.425,50.176,0.017968,0.346324,0.000000,-0.365021,-0.000905,-0.000124,0.000000,0.000000,0.000000,1.021833
2359,go2_001,154115000000,1776853943309052279,1776853943334450213,31157006032512,1776853789194.052,25.398,49.825,0.017966,0.346317,0.000000,-0.331633,-0.000884,-0.000121,0.000000,0.000000,0.000000,0.615109
2360,go2_001,154180000000,1776853943381159308,1776853943384347727,31157055930185,1776853789201.159,3.188,49.898,0.017966,0.346306,0.000000,-0.310904,-0.000850,-0.000117,0.000000,0.000000,0.000000,0.247722
2361,go2_001,154225000000,1776853943422413727,1776853943434404336,31157105987229,1776853789197.414,11.991,50.057,0.017966,0.346301,0.000000,-0.297803,-0.000829,-0.000114,0.000000,0.000000,0.000000,0.345365
2362,go2_001,154290000000,1776853943484374878,1776853943484552564,31157156134797,1776853789194.375,0.178,50.148,0.017968,0.346292,0.000000,-0.292292,-0.000796,-0.000109,0.000000,0.000000,0.000000,0.045992
2363,go2_001,154330000000,1776853943525918278,1776853943534394974,31157205977855,1776853789195.918,8.477,49.842,0.017972,0.346288,0.000000,-0.302579,-0.000770,-0.000106,0.000000,0.000000,0.000000,-0.236171
2364,go2_001,154355000000,1776853943567241139,1776853943584470815,31157256053836,1776853789212.241,17.230,50.076,0.017970,0.346286,0.000000,-0.306030,-0.000763,-0.000105,0.000000,0.000000,0.000000,-0.113836
2365,go2_001,154420000000,1776853943629144167,1776853943634429056,31157306011557,1776853789209.144,5.285,49.958,0.017973,0.346282,0.000000,-0.256807,-0.000732,-0.000101,0.000000,0.000000,0.000000,0.762780
2366,go2_001,154460000000,1776853943670339938,1776853943684448116,31157356030645,1776853789210.340,14.108,50.019,0.017977,0.346278,0.000000,-0.217861,-0.000707,-0.000097,0.000000,0.000000,0.000000,1.000887
2367,go2_001,154525000000,1776853943722225437,1776853943734455267,31157406038534,1776853789197.226,12.230,50.007,0.017980,0.346271,0.000000,-0.153048,-0.000678,-0.000093,0.000000,0.000000,0.000000,1.260659
2368,go2_001,154570000000,1776853943784376897,1776853943784728701,31157456311377,1776853789214.377,0.352,50.273,0.017981,0.346266,0.000000,-0.100692,-0.000661,-0.000091,0.000000,0.000000,0.000000,0.946546
2369,go2_001,154615000000,1776853943825824149,1776853943834449701,31157506032503,1776853789210.824,8.626,49.721,0.017982,0.346261,0.000000,-0.071102,-0.000644,-0.000089,0.000000,0.000000,0.000000,0.489568
2370,go2_001,154655000000,1776853943867349469,1776853943884493636,31157556076397,1776853789212.349,17.144,50.044,0.017986,0.346256,0.000000,-0.062166,-0.000623,-0.000086,0.000000,0.000000,0.000000,0.317252
2371,go2_001,154720000000,1776853943929144582,1776853943934425895,31157606008447,1776853789209.145,5.281,49.932,0.017990,0.346250,0.000000,-0.046648,-0.000597,-0.000082,0.000000,0.000000,0.000000,0.314209
2372,go2_001,154765000000,1776853943970474934,1776853943984468801,31157656051561,1776853789205.475,13.994,50.043,0.017991,0.346246,0.000000,-0.035406,-0.000582,-0.000080,0.000000,0.000000,0.000000,0.230107
2373,go2_001,154830000000,1776853944032237891,1776853944034357874,31157705940158,1776853789202.238,2.120,49.889,0.017994,0.346242,0.000000,-0.036494,-0.000558,-0.000077,0.000000,0.000000,0.000000,0.005530
2374,go2_001,154870000000,1776853944084059867,1776853944084332241,31157755914550,1776853789214.060,0.272,49.974,0.017998,0.346240,0.000000,-0.022500,-0.000539,-0.000074,0.000000,0.000000,0.000000,0.302106
2375,go2_001,154915000000,1776853944125087470,1776853944134454887,31157806037492,1776853789210.087,9.367,50.123,0.018000,0.346237,0.000000,0.001694,-0.000525,-0.000072,0.000000,0.000000,0.000000,0.576561
2376,go2_001,154960000000,1776853944166250025,1776853944184446873,31157856029689,1776853789206.250,18.197,49.992,0.018001,0.346235,0.000000,0.038418,-0.000512,-0.000070,0.000000,0.000000,0.000000,0.756554
2377,go2_001,155025000000,1776853944228379400,1776853944234396734,31157905979318,1776853789203.379,6.017,49.950,0.018005,0.346231,0.000000,0.099960,-0.000491,-0.000067,0.000000,0.000000,0.000000,1.086052
2378,go2_001,155065000000,1776853944269556324,1776853944284415715,31157955998290,1776853789204.556,14.859,50.019,0.018009,0.346229,0.000000,0.137337,-0.000474,-0.000065,0.000000,0.000000,0.000000,0.988830
2379,go2_001,155130000000,1776853944331364905,1776853944334443140,31158006025628,1776853789201.365,3.078,50.027,0.018012,0.346224,0.000000,0.177440,-0.000454,-0.000062,0.000000,0.000000,0.000000,0.448158
2380,go2_001,155175000000,1776853944373108677,1776853944384527439,31158056110330,1776853789198.109,11.419,50.084,0.018014,0.346221,0.000000,0.187741,-0.000442,-0.000061,0.000000,0.000000,0.000000,0.328673
2381,go2_001,155220000000,1776853944424863708,1776853944434505770,31158106088214,1776853789204.864,9.642,49.978,0.018016,0.346219,0.000000,0.213708,-0.000431,-0.000059,0.000000,0.000000,0.000000,0.509240
2382,go2_001,155260000000,1776853944466149468,1776853944484409862,31158155992728,1776853789206.149,18.260,49.904,0.018019,0.346217,0.000000,0.226523,-0.000416,-0.000057,0.000000,0.000000,0.000000,0.373526
2383,go2_001,155325000000,1776853944528401350,1776853944534437287,31158206019841,1776853789203.401,6.036,50.027,0.018023,0.346214,0.000000,0.227351,-0.000399,-0.000055,0.000000,0.000000,0.000000,-0.013171
2384,go2_001,155370000000,1776853944569587713,1776853944584424264,31158256006738,1776853789199.588,14.837,49.987,0.018024,0.346213,0.000000,0.237470,-0.000388,-0.000053,0.000000,0.000000,0.000000,0.238734
2385,go2_001,155435000000,1776853944631480213,1776853944634377124,31158305959523,1776853789196.480,2.897,49.953,0.018027,0.346211,0.000000,0.270462,-0.000372,-0.000051,0.000000,0.000000,0.000000,0.552873
2386,go2_001,155480000000,1776853944683191225,1776853944684396302,31158355978662,1776853789203.191,1.205,50.019,0.018029,0.346210,0.000000,0.315572,-0.000362,-0.000050,0.000000,0.000000,0.000000,0.876850
2387,go2_001,155520000000,1776853944724446990,1776853944734479503,31158406062862,1776853789204.447,10.033,50.083,0.018032,0.346209,0.000000,0.363083,-0.000350,-0.000048,0.000000,0.000000,0.000000,1.089745
2388,go2_001,155565000000,1776853944766053128,1776853944784439238,31158456022168,1776853789201.053,18.386,49.960,0.018034,0.346207,0.000000,0.401939,-0.000341,-0.000047,0.000000,0.000000,0.000000,0.921006
2389,go2_001,155630000000,1776853944828374105,1776853944834402568,31158505985111,1776853789198.374,6.028,49.963,0.018037,0.346205,0.000000,0.430448,-0.000326,-0.000045,0.000000,0.000000,0.000000,0.397802
2390,go2_001,155675000000,1776853944869447953,1776853944884459578,31158556042212,1776853789194.448,15.012,50.057,0.018039,0.346203,0.000000,0.445400,-0.000318,-0.000044,0.000000,0.000000,0.000000,0.329926
2391,go2_001,155715000000,1776853944931699736,1776853944934377302,31158605959711,1776853789216.700,2.678,49.918,0.018042,0.346202,0.000000,0.487143,-0.000307,-0.000042,0.000000,0.000000,0.000000,0.696063
2392,go2_001,155780000000,1776853944983131231,1776853944984345155,31158655927453,1776853789203.131,1.214,49.968,0.018045,0.346200,0.000000,0.503108,-0.000294,-0.000040,0.000000,0.000000,0.000000,0.191333
2393,go2_001,155825000000,1776853945024391519,1776853945034390262,31158705972760,1776853789199.392,9.999,50.045,0.018047,0.346199,0.000000,0.507410,-0.000287,-0.000039,0.000000,0.000000,0.000000,0.087662
2394,go2_001,155870000000,1776853945065528077,1776853945084448379,31158756046362,1776853789195.528,18.920,50.058,0.018048,0.346198,0.000000,0.514099,-0.000279,-0.000038,0.000000,0.000000,0.000000,0.144273
2395,go2_001,155910000000,1776853945107027279,1776853945134414193,31158805996671,1776853789197.027,27.387,49.966,0.018051,0.346198,0.000000,0.528080,-0.000270,-0.000037,0.000000,0.000000,0.000000,0.349734
2396,go2_001,155955000000,1776853945168935549,1776853945184450449,31158856032954,1776853789213.936,15.515,50.036,0.018052,0.346198,0.000000,0.568886,-0.000263,-0.000036,0.000000,0.000000,0.000000,0.777623
2397,go2_001,156020000000,1776853945230701954,1776853945234387126,31158905969542,1776853789210.702,3.685,49.937,0.018055,0.346197,0.000000,0.645341,-0.000251,-0.000035,0.000000,0.000000,0.000000,1.019036
2398,go2_001,156065000000,1776853945272132899,1776853945284454915,31158956037311,1776853789207.133,12.322,50.068,0.018056,0.346195,0.000000,0.678432,-0.000245,-0.000034,0.000000,0.000000,0.000000,0.741309
2399,go2_001,156130000000,1776853945323817989,1776853945334439485,31159006022326,1776853789193.818,10.621,49.985,0.018059,0.346194,0.000000,0.703196,-0.000235,-0.000032,0.000000,0.000000,0.000000,0.414362
2400,go2_001,156150000000,1776853945364998455,1776853945384426568,31159056008969,1776853789214.999,19.428,49.987,0.018061,0.346194,0.000000,0.707345,-0.000230,-0.000032,0.000000,0.000000,0.000000,0.315558
2401,go2_001,156215000000,1776853945427142767,1776853945434400499,31159105983453,1776853789212.143,7.258,49.974,0.018063,0.346194,0.000000,0.734164,-0.000221,-0.000030,0.000000,0.000000,0.000000,0.511456
2402,go2_001,156260000000,1776853945468510648,1776853945484430284,31159156013065,1776853789208.511,15.920,50.030,0.018064,0.346193,0.000000,0.756190,-0.000215,-0.000030,0.000000,0.000000,0.000000,0.444940
2403,go2_001,156325000000,1776853945532179995,1776853945534445774,31159206029205,1776853789207.180,2.266,50.015,0.018067,0.346193,0.000000,0.765796,-0.000206,-0.000028,0.000000,0.000000,0.000000,0.133968
2404,go2_001,156365000000,1776853945574117622,1776853945584904865,31159256487599,1776853789209.118,10.787,50.459,0.018068,0.346193,0.000000,0.775173,-0.000199,-0.000027,0.000000,0.000000,0.000000,0.228461
2405,go2_001,156400000000,1776853945617270172,1776853945634428565,31159306011545,1776853789217.270,17.158,49.524,0.018070,0.346194,0.000000,0.788794,-0.000191,-0.000026,0.000000,0.000000,0.000000,0.396955
2406,go2_001,156460000000,1776853945679325067,1776853945684457408,31159356040265,1776853789219.325,5.132,50.029,0.018072,0.346195,0.000000,0.825779,-0.000182,-0.000025,0.000000,0.000000,0.000000,0.644687
2407,go2_001,156505000000,1776853945720328860,1776853945734427821,31159406010732,1776853789215.329,14.099,49.970,0.018073,0.346195,0.000000,0.867078,-0.000178,-0.000024,0.000000,0.000000,0.000000,0.956049
2408,go2_001,156570000000,1776853945782362610,1776853945784339660,31159455922093,1776853789212.363,1.977,49.912,0.018075,0.346194,0.000000,0.927654,-0.000171,-0.000024,0.000000,0.000000,0.000000,0.995154
2409,go2_001,156615000000,1776853945823882601,1776853945834342530,31159505924903,1776853789208.883,10.460,50.003,0.018076,0.346194,0.000000,0.964833,-0.000167,-0.000023,0.000000,0.000000,0.000000,0.627687
2410,go2_001,156635000000,1776853945844326337,1776853945884394753,31159555977180,1776853789209.326,40.068,50.052,0.018077,0.346194,0.000000,0.971532,-0.000164,-0.000023,0.000000,0.000000,0.000000,0.560984
2411,go2_001,156700000000,1776853945916713495,1776853945934452383,31159606035284,1776853789216.713,17.739,50.058,0.018079,0.346194,0.000000,0.997985,-0.000158,-0.000022,0.000000,0.000000,0.000000,0.440473
2412,go2_001,156765000000,1776853945978533868,1776853945984450728,31159656033752,1776853789213.534,5.917,49.998,0.018081,0.346194,0.000000,1.016727,-0.000151,-0.000021,0.000000,0.000000,0.000000,0.260854
2413,go2_001,156810000000,1776853946019805184,1776853946034403873,31159705986260,1776853789209.805,14.599,49.953,0.018082,0.346193,0.000000,1.026230,-0.000148,-0.000020,0.000000,0.000000,0.000000,0.165642
2414,go2_001,156850000000,1776853946060938829,1776853946084440445,31159756022929,1776853789210.939,23.502,50.037,0.018083,0.346194,0.000000,1.031109,-0.000143,-0.000020,0.000000,0.000000,0.000000,0.102458
2415,go2_001,156895000000,1776853946122618745,1776853946134406704,31159805989078,1776853789227.619,11.788,49.966,0.018083,0.346194,0.000000,1.054308,-0.000139,-0.000019,0.000000,0.000000,0.000000,0.472591
2416,go2_001,156940000000,1776853946164042092,1776853946184299763,31159855882184,1776853789224.042,20.258,49.893,0.018084,0.346194,0.000000,1.089183,-0.000136,-0.000019,0.000000,0.000000,0.000000,0.589770
2417,go2_001,157005000000,1776853946225797165,1776853946234422032,31159906004529,1776853789220.797,8.625,50.122,0.018085,0.346194,0.000000,1.147836,-0.000130,-0.000018,0.000000,0.000000,0.000000,0.966838
2418,go2_001,157065000000,1776853946277401150,1776853946284371557,31159955954142,1776853789212.401,6.970,49.950,0.018087,0.346195,0.000000,1.216534,-0.000123,-0.000017,0.000000,0.000000,0.000000,1.211280
2419,go2_001,157090000000,1776853946318675862,1776853946334444546,31160006027028,1776853789228.676,15.769,50.073,0.018087,0.346195,0.000000,1.244521,-0.000122,-0.000017,0.000000,0.000000,0.000000,0.992309
2420,go2_001,157155000000,1776853946380637942,1776853946384454543,31160056037678,1776853789225.638,3.817,50.010,0.018089,0.346195,0.000000,1.273562,-0.000117,-0.000016,0.000000,0.000000,0.000000,0.345024
2421,go2_001,157195000000,1776853946421898107,1776853946434457442,31160106040341,1776853789226.898,12.559,50.003,0.018090,0.346195,0.000000,1.281351,-0.000113,-0.000016,0.000000,0.000000,0.000000,0.275019
2422,go2_001,157260000000,1776853946483733281,1776853946484259410,31160155841787,1776853789223.733,0.526,49.802,0.018091,0.346196,0.000000,1.292111,-0.000109,-0.000015,0.000000,0.000000,0.000000,0.137754
2423,go2_001,157305000000,1776853946525145600,1776853946534377823,31160205960265,1776853789220.146,9.232,50.118,0.018092,0.346196,0.000000,1.282817,-0.000106,-0.000015,0.000000,0.000000,0.000000,-0.220916
2424,go2_001,157350000000,1776853946566403617,1776853946584407568,31160255989946,1776853789216.404,18.004,50.030,0.018092,0.346196,0.000000,1.273058,-0.000103,-0.000014,0.000000,0.000000,0.000000,-0.230936
2425,go2_001,157390000000,1776853946618067709,1776853946635213260,31160306796012,1776853789228.068,17.146,50.806,0.018093,0.346196,0.000000,1.289887,-0.000100,-0.000014,0.000000,0.000000,0.000000,0.357408
2426,go2_001,157455000000,1776853946680693894,1776853946684438319,31160356021631,1776853789225.694,3.744,49.225,0.018094,0.346197,0.000000,1.338425,-0.000095,-0.000013,0.000000,0.000000,0.000000,0.735668
2427,go2_001,157500000000,1776853946722213233,1776853946734723592,31160406306527,1776853789222.213,12.510,50.285,0.018094,0.346197,0.000000,1.380809,-0.000093,-0.000013,0.000000,0.000000,0.000000,1.029239
2428,go2_001,157565000000,1776853946784213859,1776853946784483211,31160456065797,1776853789219.214,0.269,49.760,0.018095,0.346198,0.000000,1.459965,-0.000089,-0.000012,0.000000,0.000000,0.000000,1.191975
2429,go2_001,157610000000,1776853946825717991,1776853946834430983,31160506013706,1776853789215.718,8.713,49.948,0.018096,0.346198,0.000000,1.501785,-0.000087,-0.000012,0.000000,0.000000,0.000000,0.716972
2430,go2_001,157650000000,1776853946867310898,1776853946884426413,31160556008708,1776853789217.311,17.116,49.995,0.018096,0.346198,0.000000,1.512788,-0.000084,-0.000012,0.000000,0.000000,0.000000,0.422670
2431,go2_001,157695000000,1776853946918765446,1776853946934446416,31160606029730,1776853789223.766,15.681,50.020,0.018097,0.346198,0.000000,1.532042,-0.000081,-0.000011,0.000000,0.000000,0.000000,0.411293
2432,go2_001,157760000000,1776853946980679416,1776853946984390129,31160655972472,1776853789220.679,3.711,49.944,0.018098,0.346199,0.000000,1.549459,-0.000078,-0.000011,0.000000,0.000000,0.000000,0.191100
2433,go2_001,157805000000,1776853947022419805,1776853947034362199,31160705944695,1776853789217.420,11.942,49.972,0.018098,0.346199,0.000000,1.542816,-0.000076,-0.000010,0.000000,0.000000,0.000000,-0.130904
2434,go2_001,157870000000,1776853947083935821,1776853947084243790,31160755826025,1776853789213.936,0.308,49.882,0.018098,0.346200,0.000000,1.540177,-0.000073,-0.000010,0.000000,0.000000,0.000000,0.039947
2435,go2_001,157910000000,1776853947125182057,1776853947134454733,31160806037243,1776853789215.182,9.273,50.211,0.018099,0.346200,0.000000,1.560586,-0.000070,-0.000010,0.000000,0.000000,0.000000,0.413869
2436,go2_001,157955000000,1776853947166503155,1776853947184383551,31160855966409,1776853789211.503,17.880,49.929,0.018099,0.346200,0.000000,1.588918,-0.000068,-0.000009,0.000000,0.000000,0.000000,0.698013
2437,go2_001,158000000000,1776853947218477186,1776853947234447080,31160906029531,1776853789218.477,15.970,50.064,0.018099,0.346201,0.000000,1.640315,-0.000067,-0.000009,0.000000,0.000000,0.000000,1.012899
2438,go2_001,158065000000,1776853947280398798,1776853947284428360,31160956010829,1776853789215.399,4.030,49.981,0.018100,0.346201,0.000000,1.717558,-0.000064,-0.000009,0.000000,0.000000,0.000000,0.981481
2439,go2_001,158105000000,1776853947321962407,1776853947334430850,31161006013335,1776853789216.962,12.468,50.002,0.018100,0.346202,0.000000,1.738349,-0.000062,-0.000008,0.000000,0.000000,0.000000,0.645690
2440,go2_001,158170000000,1776853947383874841,1776853947384249515,31161055831873,1776853789213.875,0.375,49.819,0.018101,0.346202,0.000000,1.756085,-0.000059,-0.000008,0.000000,0.000000,0.000000,0.300376
2441,go2_001,158195000000,1776853947404432560,1776853947434406093,31161105988577,1776853789209.433,29.974,50.157,0.018101,0.346202,0.000000,1.763813,-0.000058,-0.000008,0.000000,0.000000,0.000000,0.283635
2442,go2_001,158235000000,1776853947466174591,1776853947484419846,31161156002349,1776853789231.175,18.245,50.014,0.018101,0.346203,0.000000,1.780104,-0.000056,-0.000008,0.000000,0.000000,0.000000,0.186016
2443,go2_001,158300000000,1776853947517984974,1776853947534446996,31161206029615,1776853789217.985,16.462,50.027,0.018101,0.346203,0.000000,1.778338,-0.000054,-0.000007,0.000000,0.000000,0.000000,-0.033066
2444,go2_001,158365000000,1776853947580039284,1776853947584454617,31161256037114,1776853789215.039,4.415,50.008,0.018102,0.346203,0.000000,1.783132,-0.000052,-0.000007,0.000000,0.000000,0.000000,0.080951
2445,go2_001,158410000000,1776853947621279276,1776853947634374041,31161305956595,1776853789211.279,13.095,49.919,0.018102,0.346204,0.000000,1.795833,-0.000050,-0.000007,0.000000,0.000000,0.000000,0.314489
2446,go2_001,158455000000,1776853947683339813,1776853947684330027,31161355912438,1776853789228.340,0.990,49.956,0.018102,0.346204,0.000000,1.845526,-0.000049,-0.000007,0.000000,0.000000,0.000000,0.795008
2447,go2_001,158495000000,1776853947724429162,1776853947734448936,31161406031386,1776853789229.429,10.020,50.119,0.018102,0.346204,0.000000,1.891697,-0.000047,-0.000007,0.000000,0.000000,0.000000,1.073715
2448,go2_001,158540000000,1776853947765807560,1776853947784452010,31161456034539,1776853789225.808,18.644,50.003,0.018102,0.346204,0.000000,1.941249,-0.000046,-0.000006,0.000000,0.000000,0.000000,1.013620
2449,go2_001,158605000000,1776853947817327314,1776853947834515449,31161506098159,1776853789212.327,17.188,50.063,0.018102,0.346205,0.000000,1.991790,-0.000044,-0.000006,0.000000,0.000000,0.000000,0.845006
2450,go2_001,158650000000,1776853947858927108,1776853947884605653,31161556188174,1776853789208.927,25.679,50.090,0.018103,0.346205,0.000000,2.012860,-0.000043,-0.000006,0.000000,0.000000,0.000000,0.541206
2451,go2_001,158690000000,1776853947921460244,1776853947934463703,31161606046221,1776853789231.460,13.003,49.858,0.018103,0.346205,0.000000,2.029944,-0.000042,-0.000006,0.000000,0.000000,0.000000,0.345385
2452,go2_001,158755000000,1776853947983212765,1776853947984448081,31161656030675,1776853789228.213,1.235,49.984,0.018103,0.346206,0.000000,2.061082,-0.000040,-0.000005,0.000000,0.000000,0.000000,0.544860
2453,go2_001,158800000000,1776853948024521100,1776853948034495765,31161706078594,1776853789224.521,9.975,50.048,0.018103,0.346206,0.000000,2.069813,-0.000039,-0.000005,0.000000,0.000000,0.000000,0.215682
2454,go2_001,158845000000,1776853948065957451,1776853948085030218,31161756612851,1776853789220.958,19.073,50.534,0.018103,0.346206,0.000000,2.075834,-0.000038,-0.000005,0.000000,0.000000,0.000000,0.132178
2455,go2_001,158905000000,1776853948128774913,1776853948134678096,31161806260666,1776853789223.775,5.903,49.648,0.018103,0.346207,0.000000,2.104151,-0.000036,-0.000005,0.000000,0.000000,0.000000,0.454863
2456,go2_001,158945000000,1776853948170654902,1776853948185434671,31161857017340,1776853789225.655,14.780,50.757,0.018103,0.346207,0.000000,2.132788,-0.000035,-0.000005,0.000000,0.000000,0.000000,0.692434
2457,go2_001,159010000000,1776853948232196120,1776853948234374365,31161905957156,1776853789222.196,2.178,48.940,0.018103,0.346207,0.000000,2.191737,-0.000033,-0.000005,0.000000,0.000000,0.000000,0.957754
2458,go2_001,159055000000,1776853948275013655,1776853948284453768,31161956036342,1776853789220.014,9.440,50.079,0.018104,0.346208,0.000000,2.237376,-0.000033,-0.000004,0.000000,0.000000,0.000000,0.949658
2459,go2_001,159095000000,1776853948325953950,1776853948334656556,31162006239331,1776853789230.954,8.703,50.203,0.018104,0.346208,0.000000,2.264246,-0.000031,-0.000004,0.000000,0.000000,0.000000,0.675994
2460,go2_001,159140000000,1776853948377963390,1776853948384450640,31162056033135,1776853789237.963,6.487,49.794,0.018104,0.346208,0.000000,2.285863,-0.000031,-0.000004,0.000000,0.000000,0.000000,0.485770
2461,go2_001,159205000000,1776853948430552607,1776853948434469372,31162106051915,1776853789225.553,3.917,50.019,0.018104,0.346208,0.000000,2.309193,-0.000029,-0.000004,0.000000,0.000000,0.000000,0.399465
2462,go2_001,159245000000,1776853948473525994,1776853948484526169,31162156109314,1776853789228.526,11.000,50.057,0.018104,0.346209,0.000000,2.325919,-0.000028,-0.000004,0.000000,0.000000,0.000000,0.377062
2463,go2_001,159285000000,1776853948515644523,1776853948534419709,31162206002449,1776853789230.645,18.775,49.894,0.018104,0.346209,0.000000,2.332822,-0.000028,-0.000004,0.000000,0.000000,0.000000,0.223668
2464,go2_001,159330000000,1776853948557547109,1776853948584620664,31162256203547,1776853789227.547,27.074,50.201,0.018104,0.346209,0.000000,2.340379,-0.000027,-0.000004,0.000000,0.000000,0.000000,0.115959
2465,go2_001,159400000000,1776853948633037557,1776853948634326496,31162305908823,1776853789233.038,1.289,49.706,0.018104,0.346209,0.000000,2.370651,-0.000026,-0.000004,0.000000,0.000000,0.000000,0.447257
2466,go2_001,159445000000,1776853948677155989,1776853948684677559,31162356260223,1776853789232.156,7.522,50.351,0.018104,0.346209,0.000000,2.398818,-0.000025,-0.000003,0.000000,0.000000,0.000000,0.634989
2467,go2_001,159480000000,1776853948718815001,1776853948734459754,31162406042205,1776853789238.815,15.645,49.782,0.018104,0.346210,0.000000,2.439831,-0.000024,-0.000003,0.000000,0.000000,0.000000,0.964587
2468,go2_001,159545000000,1776853948772520928,1776853948784750840,31162456333944,1776853789227.521,12.230,50.291,0.018104,0.346210,0.000000,2.485940,-0.000023,-0.000003,0.000000,0.000000,0.000000,0.822162
2469,go2_001,159590000000,1776853948813447465,1776853948834421778,31162506004524,1776853789223.448,20.974,49.671,0.018104,0.346210,0.000000,2.516086,-0.000023,-0.000003,0.000000,0.000000,0.000000,0.811160
2470,go2_001,159650000000,1776853948879052571,1776853948884594131,31162556176680,1776853789229.053,5.542,50.172,0.018104,0.346210,0.000000,2.549163,-0.000022,-0.000003,0.000000,0.000000,0.000000,0.527721
2471,go2_001,159695000000,1776853948920848791,1776853948934509529,31162606092316,1776853789225.849,13.661,49.915,0.018104,0.346210,0.000000,2.572848,-0.000021,-0.000003,0.000000,0.000000,0.000000,0.482885
2472,go2_001,159740000000,1776853948972599655,1776853948984466765,31162656049378,1776853789232.600,11.867,49.957,0.018104,0.346211,0.000000,2.599196,-0.000021,-0.000003,0.000000,0.000000,0.000000,0.471627
2473,go2_001,159780000000,1776853949014267973,1776853949034636952,31162706219494,1776853789234.268,20.369,50.170,0.018104,0.346211,0.000000,2.603499,-0.000020,-0.000003,0.000000,0.000000,0.000000,0.139862
2474,go2_001,159845000000,1776853949077597308,1776853949084512349,31162756094950,1776853789232.597,6.915,49.875,0.018104,0.346211,0.000000,2.608687,-0.000019,-0.000003,0.000000,0.000000,0.000000,0.062284
2475,go2_001,159890000000,1776853949118937506,1776853949134560217,31162806143137,1776853789228.938,15.623,50.048,0.018104,0.346211,0.000000,2.624934,-0.000019,-0.000003,0.000000,0.000000,0.000000,0.404317
2476,go2_001,159955000000,1776853949182131239,1776853949184454343,31162856036859,1776853789227.131,2.323,49.894,0.018104,0.346211,0.000000,2.663043,-0.000018,-0.000002,0.000000,0.000000,0.000000,0.605003
2477,go2_001,159995000000,1776853949226791099,1776853949234484978,31162906067729,1776853789231.791,7.694,50.031,0.018104,0.346211,0.000000,2.694642,-0.000017,-0.000002,0.000000,0.000000,0.000000,0.762647
2478,go2_001,160040000000,1776853949279500279,1776853949284639790,31162956222406,1776853789239.500,5.140,50.155,0.018104,0.346211,0.000000,2.753833,-0.000017,-0.000002,0.000000,0.000000,0.000000,1.178763
2479,go2_001,160080000000,1776853949321308122,1776853949334602284,31163006185100,1776853789241.308,13.294,49.962,0.018104,0.346212,0.000000,2.795419,-0.000016,-0.000002,0.000000,0.000000,0.000000,0.967683
2480,go2_001,160145000000,1776853949383967941,1776853949384205164,31163055787583,1776853789238.968,0.237,49.603,0.018104,0.346212,0.000000,2.833245,-0.000016,-0.000002,0.000000,0.000000,0.000000,0.425796
2481,go2_001,160190000000,1776853949426123177,1776853949434462322,31163106045226,1776853789236.123,8.339,50.257,0.018104,0.346212,0.000000,2.845004,-0.000015,-0.000002,0.000000,0.000000,0.000000,0.318230
2482,go2_001,160225000000,1776853949466490556,1776853949484462615,31163156045253,1776853789241.490,17.972,50.000,0.018104,0.346212,0.000000,2.858101,-0.000015,-0.000002,0.000000,0.000000,0.000000,0.347231
2483,go2_001,160275000000,1776853949508339366,1776853949534420125,31163206002638,1776853789233.339,26.081,49.958,0.018104,0.346212,0.000000,2.853342,-0.000014,-0.000002,0.000000,0.000000,0.000000,-0.089487
2484,go2_001,160320000000,1776853949560067028,1776853949584471732,31163256054647,1776853789240.067,24.405,50.052,0.018104,0.346212,0.000000,2.840916,-0.000014,-0.000002,0.000000,0.000000,0.000000,-0.214878
2485,go2_001,160385000000,1776853949623374211,1776853949634446946,31163306029701,1776853789238.374,11.073,49.975,0.018104,0.346212,0.000000,2.863628,-0.000013,-0.000002,0.000000,0.000000,0.000000,0.443720
2486,go2_001,160425000000,1776853949674994143,1776853949684512458,31163356095247,1776853789249.994,9.518,50.066,0.018104,0.346212,0.000000,2.885946,-0.000013,-0.000002,0.000000,0.000000,0.000000,0.628872
2487,go2_001,160470000000,1776853949707644574,1776853949734507208,31163406090189,1776853789237.645,26.863,49.995,0.018104,0.346212,0.000000,2.924252,-0.000013,-0.000002,0.000000,0.000000,0.000000,0.733030
2488,go2_001,160535000000,1776853949781974677,1776853949784485239,31163456069087,1776853789246.975,2.511,49.978,0.018103,0.346212,0.000000,3.002062,-0.000012,-0.000002,0.000000,0.000000,0.000000,1.200906
2489,go2_001,160575000000,1776853949825651296,1776853949834806143,31163506388904,1776853789250.651,9.155,50.321,0.018103,0.346213,0.000000,3.046812,-0.000012,-0.000002,0.000000,0.000000,0.000000,1.072726
2490,go2_001,160620000000,1776853949868228347,1776853949884588850,31163556171348,1776853789248.228,16.361,49.783,0.018103,0.346213,0.000000,3.072769,-0.000011,-0.000002,0.000000,0.000000,0.000000,0.629374
2491,go2_001,160685000000,1776853949931113037,1776853949934474798,31163606057399,1776853789246.113,3.362,49.886,0.018103,0.346213,0.000000,3.096073,-0.000011,-0.000001,0.000000,0.000000,0.000000,0.337552
2492,go2_001,160745000000,1776853949983088129,1776853949984678076,31163656260633,1776853789238.088,1.590,50.203,0.018103,0.346213,0.000000,3.111726,-0.000010,-0.000001,0.000000,0.000000,0.000000,0.319612
2493,go2_001,160770000000,1776853950025623509,1776853950034633496,31163706216285,1776853789255.624,9.010,49.955,0.018103,0.346213,0.000000,3.110517,-0.000010,-0.000001,0.000000,0.000000,0.000000,0.024736
2494,go2_001,160810000000,1776853950067539986,1776853950084937590,31163756521323,1776853789257.540,17.398,50.304,0.018103,0.346213,0.000000,3.098526,-0.000010,-0.000001,0.000000,0.000000,0.000000,-0.183044
2495,go2_001,160875000000,1776853950129674744,1776853950134687995,31163806270517,1776853789254.675,5.013,49.750,0.018103,0.346213,0.000000,3.115202,-0.000010,-0.000001,0.000000,0.000000,0.000000,0.300264
2496,go2_001,160920000000,1776853950171405033,1776853950184729015,31163856311960,1776853789251.405,13.324,50.041,0.018103,0.346213,0.000000,3.133575,-0.000009,-0.000001,0.000000,0.000000,0.000000,0.461292
2497,go2_001,160985000000,1776853950223672188,1776853950234646948,31163906229454,1776853789238.672,10.975,49.918,0.018103,0.346213,0.000000,-3.096029,-0.000009,-0.000001,0.000000,0.000000,0.000000,0.990766
2498,go2_001,161030000000,1776853950265106093,1776853950284573061,31163956155939,1776853789235.106,19.467,49.926,0.018103,0.346213,0.000000,-3.036940,-0.000009,-0.000001,0.000000,0.000000,0.000000,1.288017
2499,go2_001,161070000000,1776853950328742962,1776853950334586119,31164006168647,1776853789258.743,5.843,50.013,0.018103,0.346213,0.000000,-2.980196,-0.000008,-0.000001,0.000000,0.000000,0.000000,0.844980
2500,go2_001,161110000000,1776853950370051986,1776853950384603628,31164056186357,1776853789260.052,14.552,50.018,0.018103,0.346213,0.000000,-2.963042,-0.000008,-0.000001,0.000000,0.000000,0.000000,0.532238
2501,go2_001,161175000000,1776853950432195769,1776853950434484108,31164106067210,1776853789257.196,2.288,49.880,0.018103,0.346213,0.000000,-2.952077,-0.000008,-0.000001,0.000000,0.000000,0.000000,0.184515
2502,go2_001,161220000000,1776853950474201464,1776853950484600350,31164156183034,1776853789254.201,10.399,50.116,0.018103,0.346213,0.000000,-2.944708,-0.000008,-0.000001,0.000000,0.000000,0.000000,0.212701
2503,go2_001,161285000000,1776853950528320712,1776853950534427572,31164206010119,1776853789243.321,6.107,49.827,0.018103,0.346213,0.000000,-2.938183,-0.000007,-0.000001,0.000000,0.000000,0.000000,0.002621
2504,go2_001,161325000000,1776853950571672344,1776853950584696634,31164256279456,1776853789246.672,13.024,50.269,0.018103,0.346213,0.000000,-2.933469,-0.000007,-0.000001,0.000000,0.000000,0.000000,0.073703
2505,go2_001,161370000000,1776853950613638764,1776853950634781429,31164306364304,1776853789243.639,21.143,50.085,0.018103,0.346213,0.000000,-2.923186,-0.000007,-0.000001,0.000000,0.000000,0.000000,0.218295
2506,go2_001,161435000000,1776853950676488402,1776853950684527760,31164356110551,1776853789241.488,8.039,49.746,0.018103,0.346213,0.000000,-2.895681,-0.000007,-0.000001,0.000000,0.000000,0.000000,0.558990
2507,go2_001,161475000000,1776853950719103953,1776853950734482938,31164406065643,1776853789244.104,15.379,49.955,0.018103,0.346213,0.000000,-2.863328,-0.000006,-0.000001,0.000000,0.000000,0.000000,0.767354
2508,go2_001,161520000000,1776853950773842183,1776853950784494356,31164456077217,1776853789253.842,10.652,50.011,0.018103,0.346213,0.000000,-2.788224,-0.000006,-0.000001,0.000000,0.000000,0.000000,1.043509
2509,go2_001,161560000000,1776853950815687710,1776853950834615707,31164506198859,1776853789255.688,18.928,50.121,0.018102,0.346213,0.000000,-2.759489,-0.000006,-0.000001,0.000000,0.000000,0.000000,0.977233
2510,go2_001,161625000000,1776853950879086927,1776853950884653358,31164556238697,1776853789254.087,5.566,50.038,0.018102,0.346214,0.000000,-2.710564,-0.000006,-0.000001,0.000000,0.000000,0.000000,0.677394
2511,go2_001,161670000000,1776853950921622285,1776853950935696981,31164607279791,1776853789251.622,14.075,51.044,0.018102,0.346214,0.000000,-2.683506,-0.000006,-0.000001,0.000000,0.000000,0.000000,0.635351
2512,go2_001,161735000000,1776853950983468872,1776853950984599565,31164656182035,1776853789248.469,1.131,48.903,0.018102,0.346214,0.000000,-2.644410,-0.000005,-0.000001,0.000000,0.000000,0.000000,0.599812
2513,go2_001,161755000000,1776853951014672489,1776853951034473207,31164706055795,1776853789259.673,19.801,49.874,0.018102,0.346214,0.000000,-2.630202,-0.000005,-0.000001,0.000000,0.000000,0.000000,0.673506
2514,go2_001,161815000000,1776853951078530970,1776853951084617602,31164756200485,1776853789263.531,6.087,50.144,0.018102,0.346214,0.000000,-2.607534,-0.000005,-0.000001,0.000000,0.000000,0.000000,0.260907
2515,go2_001,161860000000,1776853951121014752,1776853951134492431,31164806075218,1776853789261.015,13.478,49.875,0.018102,0.346214,0.000000,-2.594742,-0.000005,-0.000001,0.000000,0.000000,0.000000,0.309040
2516,go2_001,161925000000,1776853951183643300,1776853951184686548,31164856269332,1776853789258.643,1.043,50.194,0.018102,0.346214,0.000000,-2.564286,-0.000005,-0.000001,0.000000,0.000000,0.000000,0.459370
2517,go2_001,161970000000,1776853951225565956,1776853951234582086,31164906164725,1776853789255.566,9.016,49.896,0.018102,0.346214,0.000000,-2.537405,-0.000005,-0.000001,0.000000,0.000000,0.000000,0.571302
2518,go2_001,162010000000,1776853951277443058,1776853951284424799,31164956007260,1776853789267.443,6.982,49.843,0.018102,0.346214,0.000000,-2.498796,-0.000004,-0.000001,0.000000,0.000000,0.000000,0.858035
2519,go2_001,162050000000,1776853951310371347,1776853951334501972,31165006084998,1776853789260.371,24.131,50.077,0.018102,0.346214,0.000000,-2.467349,-0.000004,-0.000001,0.000000,0.000000,0.000000,0.909497
2520,go2_001,162095000000,1776853951362988454,1776853951384491537,31165056074312,1776853789267.989,21.503,49.990,0.018102,0.346214,0.000000,-2.427860,-0.000004,-0.000001,0.000000,0.000000,0.000000,0.572078
2521,go2_001,162160000000,1776853951428441129,1776853951434463781,31165106046706,1776853789268.441,6.023,49.972,0.018102,0.346214,0.000000,-2.400433,-0.000004,-0.000001,0.000000,0.000000,0.000000,0.479528
2522,go2_001,162200000000,1776853951469842185,1776853951484344936,31165155927620,1776853789269.842,14.503,49.881,0.018102,0.346214,0.000000,-2.379282,-0.000004,-0.000001,0.000000,0.000000,0.000000,0.620969
2523,go2_001,162260000000,1776853951533752364,1776853951534575062,31165206157643,1776853789273.752,0.823,50.230,0.018102,0.346214,0.000000,-2.344647,-0.000004,-0.000001,0.000000,0.000000,0.000000,0.383866
2524,go2_001,162305000000,1776853951564935644,1776853951584678176,31165256260698,1776853789259.936,19.743,50.103,0.018102,0.346214,0.000000,-2.337494,-0.000004,-0.000000,0.000000,0.000000,0.000000,0.181908
2525,go2_001,162350000000,1776853951627277006,1776853951634401254,31165305984020,1776853789277.277,7.124,49.723,0.018102,0.346214,0.000000,-2.324143,-0.000004,-0.000000,0.000000,0.000000,0.000000,0.291124
2526,go2_001,162390000000,1776853951669859464,1776853951684563174,31165356145911,1776853789279.859,14.704,50.162,0.018102,0.346214,0.000000,-2.304641,-0.000003,-0.000000,0.000000,0.000000,0.000000,0.497721
2527,go2_001,162455000000,1776853951731632985,1776853951734566120,31165406148693,1776853789276.633,2.933,50.003,0.018102,0.346214,0.000000,-2.259810,-0.000003,-0.000000,0.000000,0.000000,0.000000,0.771960
2528,go2_001,162500000000,1776853951773748164,1776853951784434316,31165456017302,1776853789273.748,10.686,49.868,0.018102,0.346214,0.000000,-2.221177,-0.000003,-0.000000,0.000000,0.000000,0.000000,0.874856
2529,go2_001,162545000000,1776853951816328703,1776853951834457540,31165506040118,1776853789271.329,18.129,50.023,0.018102,0.346214,0.000000,-2.169354,-0.000003,-0.000000,0.000000,0.000000,0.000000,1.005002
2530,go2_001,162610000000,1776853951868010783,1776853951884702965,31165556286081,1776853789258.011,16.692,50.245,0.018102,0.346214,0.000000,-2.128902,-0.000003,-0.000000,0.000000,0.000000,0.000000,0.686465
2531,go2_001,162655000000,1776853951930826450,1776853951934413964,31165605996599,1776853789275.826,3.588,49.711,0.018102,0.346214,0.000000,-2.107716,-0.000003,-0.000000,0.000000,0.000000,0.000000,0.439138
2532,go2_001,162695000000,1776853951972791428,1776853951984740127,31165656322782,1776853789277.792,11.949,50.326,0.018102,0.346214,0.000000,-2.087367,-0.000003,-0.000000,0.000000,0.000000,0.000000,0.504415
2533,go2_001,162740000000,1776853952026519055,1776853952034473687,31165706056354,1776853789286.519,7.955,49.734,0.018102,0.346214,0.000000,-2.074838,-0.000003,-0.000000,0.000000,0.000000,0.000000,0.213296
2534,go2_001,162795000000,1776853952080336073,1776853952085256644,31165756839391,1776853789285.336,4.921,50.783,0.018102,0.346214,0.000000,-2.059883,-0.000003,-0.000000,0.000000,0.000000,0.000000,0.263681
2535,go2_001,162865000000,1776853952132511293,1776853952134360425,31165805942951,1776853789267.511,1.849,49.104,0.018102,0.346214,0.000000,-2.041915,-0.000002,-0.000000,0.000000,0.000000,0.000000,0.261508
2536,go2_001,162905000000,1776853952175059618,1776853952184525589,31165856108528,1776853789270.060,9.466,50.165,0.018102,0.346214,0.000000,-2.025219,-0.000002,-0.000000,0.000000,0.000000,0.000000,0.424826
2537,go2_001,162950000000,1776853952215695896,1776853952234498287,31165906081081,1776853789265.696,18.802,49.973,0.018102,0.346214,0.000000,-1.996027,-0.000002,-0.000000,0.000000,0.000000,0.000000,0.695366
2538,go2_001,162995000000,1776853952257926089,1776853952284838243,31165956420862,1776853789262.926,26.912,50.340,0.018102,0.346214,0.000000,-1.946031,-0.000002,-0.000000,0.000000,0.000000,0.000000,0.980241
2539,go2_001,163060000000,1776853952330019485,1776853952334552751,31166006135602,1776853789270.020,4.533,49.715,0.018101,0.346214,0.000000,-1.866544,-0.000002,-0.000000,0.000000,0.000000,0.000000,1.128688
2540,go2_001,163105000000,1776853952372284664,1776853952384538220,31166056120969,1776853789267.285,12.254,49.985,0.018101,0.346214,0.000000,-1.828961,-0.000002,-0.000000,0.000000,0.000000,0.000000,0.904130
2541,go2_001,163145000000,1776853952413901530,1776853952434568235,31166106151791,1776853789268.902,20.667,50.030,0.018101,0.346214,0.000000,-1.806647,-0.000002,-0.000000,0.000000,0.000000,0.000000,0.589524
2542,go2_001,163215000000,1776853952476574796,1776853952484909682,31166156492425,1776853789261.575,8.335,50.341,0.018101,0.346214,0.000000,-1.785641,-0.000002,-0.000000,0.000000,0.000000,0.000000,0.329330
2543,go2_001,163255000000,1776853952518019430,1776853952534614361,31166206196961,1776853789263.020,16.595,49.705,0.018101,0.346214,0.000000,-1.776129,-0.000002,-0.000000,0.000000,0.000000,0.000000,0.242413
2544,go2_001,163300000000,1776853952570103556,1776853952584490223,31166256072907,1776853789270.104,14.387,49.876,0.018101,0.346214,0.000000,-1.782111,-0.000002,-0.000000,0.000000,0.000000,0.000000,-0.186841
2545,go2_001,163365000000,1776853952633218451,1776853952634367555,31166305950112,1776853789268.218,1.149,49.877,0.018101,0.346214,0.000000,-1.789457,-0.000002,-0.000000,0.000000,0.000000,0.000000,-0.030657
2546,go2_001,163410000000,1776853952674224412,1776853952684816498,31166356399678,1776853789264.225,10.592,50.449,0.018101,0.346214,0.000000,-1.763930,-0.000002,-0.000000,0.000000,0.000000,0.000000,0.529801
2547,go2_001,163450000000,1776853952715903497,1776853952734611648,31166406194358,1776853789265.904,18.708,49.795,0.018101,0.346214,0.000000,-1.733321,-0.000002,-0.000000,0.000000,0.000000,0.000000,0.815307
2548,go2_001,163515000000,1776853952778896181,1776853952784825639,31166456408165,1776853789263.896,5.929,50.214,0.018101,0.346214,0.000000,-1.658610,-0.000002,-0.000000,0.000000,0.000000,0.000000,0.991542
2549,go2_001,163535000000,1776853952799544704,1776853952834993590,31166506576560,1776853789264.545,35.449,50.168,0.018101,0.346214,0.000000,-1.635975,-0.000002,-0.000000,0.000000,0.000000,0.000000,1.038090
2550,go2_001,163600000000,1776853952872787370,1776853952884472559,31166556055330,1776853789272.787,11.685,49.479,0.018101,0.346214,0.000000,-1.564873,-0.000002,-0.000000,0.000000,0.000000,0.000000,0.696208
2551,go2_001,163640000000,1776853952914215756,1776853952934730363,31166606313484,1776853789274.216,20.515,50.258,0.018101,0.346214,0.000000,-1.558382,-0.000001,-0.000000,0.000000,0.000000,0.000000,0.381911
2552,go2_001,163705000000,1776853952976596270,1776853952984525863,31166656108517,1776853789271.596,7.930,49.795,0.018101,0.346214,0.000000,-1.540920,-0.000001,-0.000000,0.000000,0.000000,0.000000,0.376703
2553,go2_001,163750000000,1776853953018839061,1776853953034500678,31166706083233,1776853789268.839,15.662,49.975,0.018101,0.346214,0.000000,-1.522236,-0.000001,-0.000000,0.000000,0.000000,0.000000,0.425579
2554,go2_001,163815000000,1776853953081352089,1776853953084414831,31166755997766,1776853789266.352,3.063,49.914,0.018101,0.346214,0.000000,-1.523325,-0.000001,-0.000000,0.000000,0.000000,0.000000,-0.080248
2555,go2_001,163860000000,1776853953134567058,1776853953134846025,31166806428914,1776853789274.567,0.279,50.431,0.018101,0.346214,0.000000,-1.516378,-0.000001,-0.000000,0.000000,0.000000,0.000000,0.207213
2556,go2_001,163880000000,1776853953154363607,1776853953184477839,31166856060511,1776853789274.364,30.114,49.632,0.018101,0.346214,0.000000,-1.507417,-0.000001,-0.000000,0.000000,0.000000,0.000000,0.378153
2557,go2_001,163945000000,1776853953218244288,1776853953234604003,31166906186595,1776853789273.244,16.360,50.126,0.018101,0.346214,0.000000,-1.461823,-0.000001,-0.000000,0.000000,0.000000,0.000000,0.737584
2558,go2_001,163985000000,1776853953263111577,1776853953284530073,31166956112975,1776853789278.112,21.418,49.926,0.018101,0.346214,0.000000,-1.427853,-0.000001,-0.000000,0.000000,0.000000,0.000000,0.864521
2559,go2_001,164030000000,1776853953316374432,1776853953334460805,31167006043605,1776853789286.375,18.086,49.931,0.018101,0.346214,0.000000,-1.352906,-0.000001,-0.000000,0.000000,0.000000,0.000000,1.115600
2560,go2_001,164100000000,1776853953378636943,1776853953384400997,31167055983504,1776853789278.637,5.764,49.940,0.018101,0.346214,0.000000,-1.303254,-0.000001,-0.000000,0.000000,0.000000,0.000000,0.688471
2561,go2_001,164140000000,1776853953419820263,1776853953434554329,31167106136863,1776853789279.820,14.734,50.153,0.018101,0.346214,0.000000,-1.290919,-0.000001,-0.000000,0.000000,0.000000,0.000000,0.417861
2562,go2_001,164205000000,1776853953483509301,1776853953484263450,31167155846042,1776853789278.509,0.754,49.709,0.018101,0.346214,0.000000,-1.277293,-0.000001,-0.000000,0.000000,0.000000,0.000000,0.313175
2563,go2_001,164245000000,1776853953525340975,1776853953534568445,31167206151145,1776853789280.341,9.227,50.305,0.018101,0.346214,0.000000,-1.263109,-0.000001,-0.000000,0.000000,0.000000,0.000000,0.260175
2564,go2_001,164290000000,1776853953576679303,1776853953584462158,31167256044893,1776853789286.679,7.783,49.894,0.018101,0.346214,0.000000,-1.261457,-0.000001,-0.000000,0.000000,0.000000,0.000000,0.010966
2565,go2_001,164335000000,1776853953618317782,1776853953634525900,31167306108483,1776853789283.318,16.208,50.064,0.018101,0.346214,0.000000,-1.260229,-0.000001,-0.000000,0.000000,0.000000,0.000000,0.004379
2566,go2_001,164400000000,1776853953681300701,1776853953684579457,31167356161933,1776853789281.301,3.279,50.054,0.018101,0.346214,0.000000,-1.235972,-0.000001,-0.000000,0.000000,0.000000,0.000000,0.406570
2567,go2_001,164445000000,1776853953713894469,1776853953734508517,31167406091260,1776853789268.895,20.614,49.929,0.018101,0.346214,0.000000,-1.208656,-0.000001,-0.000000,0.000000,0.000000,0.000000,0.720202
2568,go2_001,164505000000,1776853953776904155,1776853953784472931,31167456055523,1776853789271.904,7.569,49.964,0.018101,0.346214,0.000000,-1.144082,-0.000001,-0.000000,0.000000,0.000000,0.000000,1.149330
2569,go2_001,164550000000,1776853953818397677,1776853953834487104,31167506069635,1776853789268.397,16.089,50.014,0.018101,0.346214,0.000000,-1.102331,-0.000001,-0.000000,0.000000,0.000000,0.000000,0.994102
2570,go2_001,164595000000,1776853953880207285,1776853953884417295,31167555999701,1776853789285.207,4.210,49.930,0.018101,0.346214,0.000000,-1.056850,-0.000001,-0.000000,0.000000,0.000000,0.000000,0.883691
2571,go2_001,164635000000,1776853953924633488,1776853953934503825,31167606086588,1776853789289.634,9.870,50.087,0.018101,0.346214,0.000000,-1.030683,-0.000001,-0.000000,0.000000,0.000000,0.000000,0.475805
2572,go2_001,164680000000,1776853953965865200,1776853953984646014,31167656228460,1776853789285.865,18.781,50.142,0.018101,0.346214,0.000000,-1.017413,-0.000001,-0.000000,0.000000,0.000000,0.000000,0.451022
2573,go2_001,164740000000,1776853954018101712,1776853954034339585,31167705921852,1776853789278.102,16.238,49.694,0.018101,0.346214,0.000000,-0.984210,-0.000001,-0.000000,0.000000,0.000000,0.000000,0.533620
2574,go2_001,164805000000,1776853954079546061,1776853954084577040,31167756159802,1776853789274.546,5.031,50.237,0.018101,0.346214,0.000000,-0.972367,-0.000001,-0.000000,0.000000,0.000000,0.000000,0.089709
2575,go2_001,164845000000,1776853954120887823,1776853954134870977,31167806453581,1776853789275.888,13.983,50.294,0.018101,0.346213,0.000000,-0.966445,-0.000001,-0.000000,0.000000,0.000000,0.000000,0.141933
2576,go2_001,164905000000,1776853954173220847,1776853954184396180,31167855978875,1776853789268.221,11.175,49.525,0.018101,0.346213,0.000000,-0.944208,-0.000001,-0.000000,0.000000,0.000000,0.000000,0.417590
2577,go2_001,164945000000,1776853954214585969,1776853954234421309,31167906003788,1776853789269.586,19.835,50.025,0.018101,0.346213,0.000000,-0.919187,-0.000001,-0.000000,0.000000,0.000000,0.000000,0.609379
2578,go2_001,165005000000,1776853954277338688,1776853954285086545,31167956668862,1776853789272.339,7.748,50.665,0.018101,0.346213,0.000000,-0.848904,-0.000001,-0.000000,0.000000,0.000000,0.000000,1.114230
2579,go2_001,165045000000,1776853954318977984,1776853954334405338,31168005988434,1776853789273.978,15.427,49.319,0.018101,0.346213,0.000000,-0.808818,-0.000001,-0.000000,0.000000,0.000000,0.000000,0.971499
2580,go2_001,165085000000,1776853954360356478,1776853954384675706,31168056260181,1776853789275.356,24.319,50.270,0.018101,0.346213,0.000000,-0.772108,-0.000001,-0.000000,0.000000,0.000000,0.000000,0.763810
2581,go2_001,165140000000,1776853954422298440,1776853954434582879,31168106166194,1776853789282.298,12.284,49.907,0.018101,0.346213,0.000000,-0.755245,-0.000001,-0.000000,0.000000,0.000000,0.000000,0.305122
2582,go2_001,165200000000,1776853954483690168,1776853954484244677,31168155827040,1776853789283.690,0.555,49.662,0.018101,0.346213,0.000000,-0.734566,-0.000000,-0.000000,0.000000,0.000000,0.000000,0.473753
2583,go2_001,165240000000,1776853954526478198,1776853954534553168,31168206135667,1776853789286.478,8.075,50.308,0.018101,0.346213,0.000000,-0.713818,-0.000000,-0.000000,0.000000,0.000000,0.000000,0.411966
2584,go2_001,165280000000,1776853954568016460,1776853954584410174,31168255992705,1776853789288.016,16.394,49.857,0.018101,0.346213,0.000000,-0.703080,-0.000000,-0.000000,0.000000,0.000000,0.000000,0.272862
2585,go2_001,165340000000,1776853954619263371,1776853954634804197,31168306386652,1776853789279.263,15.541,50.394,0.018101,0.346213,0.000000,-0.693611,-0.000000,-0.000000,0.000000,0.000000,0.000000,0.165187
2586,go2_001,165400000000,1776853954681307734,1776853954684407111,31168355989678,1776853789281.308,3.099,49.603,0.018101,0.346213,0.000000,-0.666943,-0.000000,-0.000000,0.000000,0.000000,0.000000,0.501777
2587,go2_001,165440000000,1776853954723224013,1776853954734903840,31168406486332,1776853789283.224,11.680,50.497,0.018101,0.346213,0.000000,-0.635235,-0.000000,-0.000000,0.000000,0.000000,0.000000,0.642830
2588,go2_001,165480000000,1776853954764566894,1776853954784447392,31168456030202,1776853789284.567,19.880,49.544,0.018101,0.346213,0.000000,-0.592187,-0.000000,-0.000000,0.000000,0.000000,0.000000,1.038045
2589,go2_001,165540000000,1776853954826855800,1776853954834489645,31168506072377,1776853789286.856,7.634,50.042,0.018101,0.346213,0.000000,-0.529021,-0.000000,-0.000000,0.000000,0.000000,0.000000,1.042598
2590,go2_001,165600000000,1776853954878540108,1776853954884593475,31168556176241,1776853789278.540,6.053,50.104,0.018101,0.346213,0.000000,-0.482499,-0.000000,-0.000000,0.000000,0.000000,0.000000,0.725899
2591,go2_001,165640000000,1776853954929820485,1776853954934374280,31168605956826,1776853789289.820,4.554,49.781,0.018101,0.346213,0.000000,-0.460158,-0.000000,-0.000000,0.000000,0.000000,0.000000,0.527415
2592,go2_001,165700000000,1776853954981439902,1776853954984484454,31168656067176,1776853789281.440,3.045,50.110,0.018101,0.346213,0.000000,-0.438021,-0.000000,-0.000000,0.000000,0.000000,0.000000,0.416484
2593,go2_001,165740000000,1776853955023602096,1776853955034427319,31168706009848,1776853789283.602,10.825,49.943,0.018101,0.346213,0.000000,-0.422171,-0.000000,-0.000000,0.000000,0.000000,0.000000,0.319558
2594,go2_001,165780000000,1776853955065570300,1776853955084529704,31168756112416,1776853789285.570,18.959,50.102,0.018101,0.346213,0.000000,-0.419504,-0.000000,-0.000000,0.000000,0.000000,0.000000,0.067949
2595,go2_001,165835000000,1776853955127044096,1776853955134462081,31168806044578,1776853789292.044,7.418,49.932,0.018101,0.346213,0.000000,-0.419470,-0.000000,-0.000000,0.000000,0.000000,0.000000,0.004159
2596,go2_001,165875000000,1776853955167916755,1776853955184611056,31168856193575,1776853789292.917,16.694,50.149,0.018101,0.346213,0.000000,-0.401668,-0.000000,-0.000000,0.000000,0.000000,0.000000,0.465924
2597,go2_001,165940000000,1776853955220171393,1776853955234343374,31168905925744,1776853789280.172,14.172,49.732,0.018101,0.346213,0.000000,-0.357816,-0.000000,-0.000000,0.000000,0.000000,0.000000,0.712035
2598,go2_001,166000000000,1776853955283571263,1776853955284352368,31168955935110,1776853789283.571,0.781,50.009,0.018101,0.346213,0.000000,-0.311445,-0.000000,-0.000000,0.000000,0.000000,0.000000,0.894277
2599,go2_001,166040000000,1776853955325480554,1776853955334638553,31169006221171,1776853789285.480,9.158,50.286,0.018101,0.346213,0.000000,-0.236825,-0.000000,-0.000000,0.000000,0.000000,0.000000,1.278275
2600,go2_001,166080000000,1776853955368095944,1776853955384386459,31169055968935,1776853789288.096,16.291,49.748,0.018101,0.346213,0.000000,-0.199959,-0.000000,-0.000000,0.000000,0.000000,0.000000,1.067511
2601,go2_001,166135000000,1776853955429323843,1776853955434772008,31169106354984,1776853789294.324,5.448,50.386,0.018101,0.346213,0.000000,-0.168239,-0.000000,-0.000000,0.000000,0.000000,0.000000,0.494832
2602,go2_001,166175000000,1776853955470431585,1776853955484373034,31169155955749,1776853789295.432,13.941,49.601,0.018101,0.346213,0.000000,-0.151544,-0.000000,-0.000000,0.000000,0.000000,0.000000,0.437810
2603,go2_001,166235000000,1776853955511703665,1776853955535645847,31169207228578,1776853789276.704,23.942,51.273,0.018101,0.346213,0.000000,-0.133411,-0.000000,-0.000000,0.000000,0.000000,0.000000,0.437524
2604,go2_001,166295000000,1776853955573774695,1776853955585132828,31169256715525,1776853789278.775,11.358,49.487,0.018101,0.346213,0.000000,-0.142483,-0.000000,-0.000000,0.000000,0.000000,0.000000,-0.160096
2605,go2_001,166315000000,1776853955593907556,1776853955634405988,31169305988498,1776853789278.908,40.498,49.273,0.018101,0.346213,0.000000,-0.146012,-0.000000,-0.000000,0.000000,0.000000,0.000000,-0.243426
2606,go2_001,166375000000,1776853955667388065,1776853955684415802,31169355998405,1776853789292.388,17.028,50.010,0.018101,0.346213,0.000000,-0.125969,-0.000000,-0.000000,0.000000,0.000000,0.000000,0.394965
2607,go2_001,166435000000,1776853955730991894,1776853955734404021,31169405986648,1776853789295.992,3.412,49.988,0.018101,0.346213,0.000000,-0.090868,-0.000000,-0.000000,0.000000,0.000000,0.000000,0.658303
2608,go2_001,166490000000,1776853955770937384,1776853955784383566,31169455966016,1776853789280.938,13.446,49.980,0.018101,0.346213,0.000000,-0.040892,-0.000000,-0.000000,0.000000,0.000000,0.000000,0.847726
2609,go2_001,166555000000,1776853955834284866,1776853955834527976,31169506110402,1776853789279.285,0.243,50.144,0.018101,0.346213,0.000000,0.025985,-0.000000,-0.000000,0.000000,0.000000,0.000000,1.161776
2610,go2_001,166575000000,1776853955865137187,1776853955885833367,31169557416008,1776853789290.137,20.696,51.305,0.018101,0.346213,0.000000,0.050541,-0.000000,-0.000000,0.000000,0.000000,0.000000,0.862844
2611,go2_001,166630000000,1776853955916626176,1776853955936949122,31169608531549,1776853789286.626,20.323,51.116,0.018101,0.346213,0.000000,0.085358,-0.000000,-0.000000,0.000000,0.000000,0.000000,0.556373
2612,go2_001,166665000000,1776853955959686054,1776853955984395764,31169655978376,1776853789294.686,24.710,47.447,0.018101,0.346213,0.000000,0.094012,-0.000000,-0.000000,0.000000,0.000000,0.000000,0.426192
2613,go2_001,166730000000,1776853956011568995,1776853956034388520,31169705971073,1776853789281.569,22.820,49.993,0.018101,0.346213,0.000000,0.107757,-0.000000,-0.000000,0.000000,0.000000,0.000000,0.208260
2614,go2_001,166790000000,1776853956073836132,1776853956084359435,31169755942059,1776853789283.836,10.523,49.971,0.018101,0.346213,0.000000,0.096772,-0.000000,-0.000000,0.000000,0.000000,0.000000,-0.231900
2615,go2_001,166830000000,1776853956126033995,1776853956134333188,31169805915571,1776853789296.034,8.299,49.974,0.018101,0.346213,0.000000,0.099539,-0.000000,-0.000000,0.000000,0.000000,0.000000,0.068419
2616,go2_001,166875000000,1776853956167361427,1776853956184365705,31169855948056,1776853789292.362,17.004,50.033,0.018101,0.346213,0.000000,0.116450,-0.000000,-0.000000,0.000000,0.000000,0.000000,0.278506
2617,go2_001,166930000000,1776853956228956068,1776853956234300533,31169905882781,1776853789298.956,5.344,49.935,0.018101,0.346213,0.000000,0.151420,-0.000000,-0.000000,0.000000,0.000000,0.000000,0.650121
2618,go2_001,166970000000,1776853956270576651,1776853956284343205,31169955925559,1776853789300.577,13.767,50.043,0.018101,0.346213,0.000000,0.194573,-0.000000,-0.000000,0.000000,0.000000,0.000000,1.019507
2619,go2_001,167030000000,1776853956311849194,1776853956334356596,31170005938912,1776853789281.849,22.507,50.013,0.018101,0.346213,0.000000,0.247197,-0.000000,-0.000000,0.000000,0.000000,0.000000,1.262260
2620,go2_001,167090000000,1776853956373316222,1776853956384370084,31170055952558,1776853789283.316,11.054,50.013,0.018101,0.346213,0.000000,0.308936,-0.000000,-0.000000,0.000000,0.000000,0.000000,0.969938
2621,go2_001,167130000000,1776853956415821756,1776853956434360717,31170105943156,1776853789285.822,18.539,49.991,0.018101,0.346213,0.000000,0.338399,-0.000000,-0.000000,0.000000,0.000000,0.000000,0.708842
2622,go2_001,167170000000,1776853956466995529,1776853956484336379,31170155919019,1776853789296.996,17.341,49.976,0.018101,0.346213,0.000000,0.356479,-0.000000,-0.000000,0.000000,0.000000,0.000000,0.291274
2623,go2_001,167230000000,1776853956528951216,1776853956534362602,31170205944996,1776853789298.951,5.411,50.026,0.018101,0.346213,0.000000,0.374065,-0.000000,-0.000000,0.000000,0.000000,0.000000,0.311920
2624,go2_001,167290000000,1776853956570777088,1776853956584339506,31170255921842,1776853789280.777,13.562,49.977,0.018101,0.346213,0.000000,0.382407,-0.000000,-0.000000,0.000000,0.000000,0.000000,0.133450
2625,go2_001,167350000000,1776853956632817955,1776853956634368597,31170305950947,1776853789282.818,1.551,50.029,0.018101,0.346213,0.000000,0.377966,-0.000000,-0.000000,0.000000,0.000000,0.000000,-0.013909
2626,go2_001,167390000000,1776853956683983865,1776853956684245244,31170355827890,1776853789293.984,0.261,49.877,0.018101,0.346213,0.000000,0.386548,-0.000000,-0.000000,0.000000,0.000000,0.000000,0.205223
2627,go2_001,167430000000,1776853956715431897,1776853956734411921,31170405994507,1776853789285.432,18.980,50.167,0.018101,0.346213,0.000000,0.412739,-0.000000,-0.000000,0.000000,0.000000,0.000000,0.572050
2628,go2_001,167490000000,1776853956777634879,1776853956784712041,31170456294874,1776853789287.635,7.077,50.300,0.018101,0.346213,0.000000,0.462202,-0.000000,-0.000000,0.000000,0.000000,0.000000,0.858863
2629,go2_001,167525000000,1776853956819056859,1776853956834519786,31170506102337,1776853789294.057,15.463,49.808,0.018101,0.346213,0.000000,0.501322,-0.000000,-0.000000,0.000000,0.000000,0.000000,1.060053
2630,go2_001,167585000000,1776853956871550642,1776853956884497664,31170556080120,1776853789286.551,12.947,49.978,0.018101,0.346213,0.000000,0.566709,-0.000000,-0.000000,0.000000,0.000000,0.000000,0.842340
2631,go2_001,167625000000,1776853956913146274,1776853956934508643,31170606091176,1776853789288.146,21.362,50.011,0.018101,0.346213,0.000000,0.578080,-0.000000,-0.000000,0.000000,0.000000,0.000000,0.469109
2632,go2_001,167685000000,1776853956977135488,1776853956984556096,31170656139461,1776853789292.135,7.421,50.047,0.018101,0.346213,0.000000,0.601026,-0.000000,-0.000000,0.000000,0.000000,0.000000,0.413826
2633,go2_001,167725000000,1776853957020012607,1776853957034341772,31170705924202,1776853789295.013,14.329,49.786,0.018101,0.346213,0.000000,0.628580,-0.000000,-0.000000,0.000000,0.000000,0.000000,0.675698
2634,go2_001,167785000000,1776853957071569867,1776853957085262685,31170756845101,1776853789286.570,13.693,50.921,0.018101,0.346213,0.000000,0.660028,-0.000000,-0.000000,0.000000,0.000000,0.000000,0.401778
2635,go2_001,167825000000,1776853957112924629,1776853957134403239,31170805985816,1776853789287.925,21.479,49.141,0.018101,0.346213,0.000000,0.667406,-0.000000,-0.000000,0.000000,0.000000,0.000000,0.188443
2636,go2_001,167885000000,1776853957176622070,1776853957184623522,31170856206093,1776853789291.622,8.001,50.220,0.018101,0.346213,0.000000,0.696583,-0.000000,-0.000000,0.000000,0.000000,0.000000,0.371568
2637,go2_001,167925000000,1776853957217682536,1776853957234366348,31170905948682,1776853789292.683,16.684,49.743,0.018101,0.346213,0.000000,0.714505,-0.000000,-0.000000,0.000000,0.000000,0.000000,0.407499
2638,go2_001,167990000000,1776853957280189033,1776853957284371673,31170955954476,1776853789290.189,4.183,50.005,0.018101,0.346213,0.000000,0.764951,-0.000000,-0.000000,0.000000,0.000000,0.000000,0.825746
2639,go2_001,168030000000,1776853957331626951,1776853957334302676,31171005885104,1776853789301.627,2.676,49.931,0.018101,0.346213,0.000000,0.811262,-0.000000,-0.000000,0.000000,0.000000,0.000000,0.849622
2640,go2_001,168085000000,1776853957383012851,1776853957384228766,31171055811082,1776853789298.013,1.216,49.926,0.018101,0.346213,0.000000,0.841056,-0.000000,-0.000000,0.000000,0.000000,0.000000,0.686751
2641,go2_001,168125000000,1776853957414931135,1776853957434357739,31171105940181,1776853789289.931,19.427,50.129,0.018101,0.346213,0.000000,0.857274,-0.000000,-0.000000,0.000000,0.000000,0.000000,0.504676
2642,go2_001,168185000000,1776853957476809643,1776853957484377948,31171155960338,1776853789291.810,7.568,50.020,0.018101,0.346213,0.000000,0.883571,-0.000000,-0.000000,0.000000,0.000000,0.000000,0.470730
2643,go2_001,168225000000,1776853957518675424,1776853957534338615,31171205920976,1776853789293.676,15.663,49.961,0.018101,0.346213,0.000000,0.904437,-0.000000,-0.000000,0.000000,0.000000,0.000000,0.514342
2644,go2_001,168285000000,1776853957580331277,1776853957584358787,31171255941140,1776853789295.331,4.028,50.020,0.018101,0.346213,0.000000,0.923562,-0.000000,-0.000000,0.000000,0.000000,0.000000,0.281721
2645,go2_001,168325000000,1776853957622227634,1776853957634376928,31171305959460,1776853789297.228,12.149,50.018,0.018101,0.346213,0.000000,0.939210,-0.000000,-0.000000,0.000000,0.000000,0.000000,0.299066
2646,go2_001,168385000000,1776853957673807423,1776853957684372532,31171355955184,1776853789288.807,10.565,49.996,0.018101,0.346213,0.000000,0.968021,-0.000000,-0.000000,0.000000,0.000000,0.000000,0.495189
2647,go2_001,168425000000,1776853957715017355,1776853957734374068,31171405956436,1776853789290.017,19.357,50.002,0.018101,0.346213,0.000000,0.987304,-0.000000,-0.000000,0.000000,0.000000,0.000000,0.527986
2648,go2_001,168465000000,1776853957756529957,1776853957784345453,31171455927881,1776853789291.530,27.815,49.971,0.018101,0.346213,0.000000,1.014050,-0.000000,-0.000000,0.000000,0.000000,0.000000,0.638576
2649,go2_001,168525000000,1776853957818018864,1776853957834381565,31171505964009,1776853789293.019,16.363,50.036,0.018101,0.346213,0.000000,1.083628,-0.000000,-0.000000,0.000000,0.000000,0.000000,1.098127
2650,go2_001,168565000000,1776853957860552640,1776853957884362336,31171555944666,1776853789295.552,23.810,49.981,0.018101,0.346213,0.000000,1.120114,-0.000000,-0.000000,0.000000,0.000000,0.000000,1.046393
2651,go2_001,168645000000,1776853957934034704,1776853957934208757,31171605790962,1776853789289.035,0.174,49.846,0.018101,0.346213,0.000000,1.175212,-0.000000,-0.000000,0.000000,0.000000,0.000000,0.534541
2652,go2_001,168685000000,1776853957975533588,1776853957984375329,31171655957639,1776853789290.534,8.842,50.167,0.018101,0.346213,0.000000,1.186449,-0.000000,-0.000000,0.000000,0.000000,0.000000,0.315719
2653,go2_001,168725000000,1776853958016668565,1776853958034348393,31171705930989,1776853789291.668,17.680,49.973,0.018101,0.346213,0.000000,1.191634,-0.000000,-0.000000,0.000000,0.000000,0.000000,0.174056
2654,go2_001,168765000000,1776853958058034054,1776853958084347393,31171755929877,1776853789293.034,26.313,49.999,0.018101,0.346213,0.000000,1.192758,-0.000000,-0.000000,0.000000,0.000000,0.000000,0.006891
2655,go2_001,168825000000,1776853958120331318,1776853958134383157,31171805965576,1776853789295.331,14.052,50.036,0.018101,0.346213,0.000000,1.196838,-0.000000,-0.000000,0.000000,0.000000,0.000000,0.074413
2656,go2_001,168885000000,1776853958182016831,1776853958184286099,31171855868386,1776853789297.017,2.269,49.903,0.018101,0.346213,0.000000,1.218190,-0.000000,-0.000000,0.000000,0.000000,0.000000,0.365607
2657,go2_001,168925000000,1776853958222925520,1776853958234380735,31171905963295,1776853789297.926,11.455,50.095,0.018101,0.346213,0.000000,1.242100,-0.000000,-0.000000,0.000000,0.000000,0.000000,0.647424
2658,go2_001,168985000000,1776853958274695686,1776853958284397655,31171955980297,1776853789289.696,9.702,50.017,0.018101,0.346213,0.000000,1.308955,-0.000000,-0.000000,0.000000,0.000000,0.000000,0.913998
2659,go2_001,169025000000,1776853958316292596,1776853958334401174,31172005983670,1776853789291.293,18.109,50.004,0.018101,0.346213,0.000000,1.343794,-0.000000,-0.000000,0.000000,0.000000,0.000000,1.078695
2660,go2_001,169085000000,1776853958377965534,1776853958384402802,31172055985231,1776853789292.966,6.437,50.002,0.018101,0.346213,0.000000,1.426439,-0.000000,-0.000000,0.000000,0.000000,0.000000,1.122438
2661,go2_001,169120000000,1776853958420283047,1776853958434374360,31172105956766,1776853789300.283,14.091,49.972,0.018101,0.346213,0.000000,1.447735,-0.000000,-0.000000,0.000000,0.000000,0.000000,0.686455
2662,go2_001,169180000000,1776853958481636249,1776853958484313905,31172155896358,1776853789301.636,2.678,49.940,0.018101,0.346213,0.000000,1.462930,-0.000000,-0.000000,0.000000,0.000000,0.000000,0.239296
2663,go2_001,169220000000,1776853958522959081,1776853958534382853,31172205965227,1776853789302.959,11.424,50.069,0.018101,0.346213,0.000000,1.473106,-0.000000,-0.000000,0.000000,0.000000,0.000000,0.263232
2664,go2_001,169265000000,1776853958554059389,1776853958584554091,31172256137004,1776853789289.059,30.495,50.171,0.018101,0.346213,0.000000,1.477721,-0.000000,-0.000000,0.000000,0.000000,0.000000,0.059296
2665,go2_001,169325000000,1776853958615894968,1776853958634338481,31172305920835,1776853789290.895,18.444,49.784,0.018101,0.346213,0.000000,1.464115,-0.000000,-0.000000,0.000000,0.000000,0.000000,-0.268363
2666,go2_001,169380000000,1776853958677336202,1776853958684414415,31172355997027,1776853789297.336,7.078,50.076,0.018101,0.346213,0.000000,1.476483,-0.000000,-0.000000,0.000000,0.000000,0.000000,0.311488
2667,go2_001,169420000000,1776853958718874955,1776853958734458239,31172406041489,1776853789298.875,15.583,50.044,0.018101,0.346213,0.000000,1.503938,-0.000000,-0.000000,0.000000,0.000000,0.000000,0.666209
2668,go2_001,169480000000,1776853958783871654,1776853958784278807,31172455861263,1776853789303.872,0.407,49.821,0.018101,0.346213,0.000000,1.550266,-0.000000,-0.000000,0.000000,0.000000,0.000000,0.761319
2669,go2_001,169520000000,1776853958826661767,1776853958834438493,31172506021493,1776853789306.662,7.777,50.160,0.018101,0.346213,0.000000,1.595732,-0.000000,-0.000000,0.000000,0.000000,0.000000,1.050390
2670,go2_001,169580000000,1776853958878904161,1776853958884384656,31172555967331,1776853789298.904,5.480,49.946,0.018101,0.346213,0.000000,1.660805,-0.000000,-0.000000,0.000000,0.000000,0.000000,0.897996
2671,go2_001,169620000000,1776853958919689048,1776853958934404286,31172605986836,1776853789299.689,14.715,50.020,0.018101,0.346213,0.000000,1.675577,-0.000000,-0.000000,0.000000,0.000000,0.000000,0.474465
2672,go2_001,169680000000,1776853958981636847,1776853958984326970,31172655909307,1776853789301.637,2.690,49.923,0.018101,0.346213,0.000000,1.697036,-0.000000,-0.000000,0.000000,0.000000,0.000000,0.394203
2673,go2_001,169720000000,1776853959023415284,1776853959034494592,31172706077502,1776853789303.415,11.079,50.168,0.018101,0.346213,0.000000,1.720456,-0.000000,-0.000000,0.000000,0.000000,0.000000,0.584196
2674,go2_001,169760000000,1776853959065049643,1776853959084433417,31172756016758,1776853789305.050,19.384,49.939,0.018101,0.346213,0.000000,1.737331,-0.000000,-0.000000,0.000000,0.000000,0.000000,0.433186
2675,go2_001,169820000000,1776853959127323492,1776853959134456269,31172806038763,1776853789307.323,7.133,50.023,0.018101,0.346213,0.000000,1.737776,-0.000000,-0.000000,0.000000,0.000000,0.000000,-0.028912
2676,go2_001,169880000000,1776853959180847132,1776853959184384004,31172855966422,1776853789300.847,3.537,49.928,0.018101,0.346213,0.000000,1.752614,-0.000000,-0.000000,0.000000,0.000000,0.000000,0.289775
2677,go2_001,169920000000,1776853959222269013,1776853959234476256,31172906059440,1776853789302.269,12.207,50.092,0.018101,0.346213,0.000000,1.773776,-0.000000,-0.000000,0.000000,0.000000,0.000000,0.508164
2678,go2_001,169980000000,1776853959283802081,1776853959284253235,31172955835553,1776853789303.802,0.451,49.777,0.018101,0.346213,0.000000,1.820433,-0.000000,-0.000000,0.000000,0.000000,0.000000,0.795760
2679,go2_001,170015000000,1776853959327332205,1776853959334380590,31173005963086,1776853789312.332,7.048,50.127,0.018101,0.346213,0.000000,1.861319,-0.000000,-0.000000,0.000000,0.000000,0.000000,1.008506
2680,go2_001,170055000000,1776853959369207219,1776853959384425074,31173056007855,1776853789314.207,15.218,50.044,0.018101,0.346213,0.000000,1.896032,-0.000000,-0.000000,0.000000,0.000000,0.000000,0.810442
2681,go2_001,170115000000,1776853959422242579,1776853959434550209,31173106133057,1776853789307.242,12.308,50.125,0.018101,0.346213,0.000000,1.943867,-0.000000,-0.000000,0.000000,0.000000,0.000000,0.713499
2682,go2_001,170175000000,1776853959474187939,1776853959484512907,31173156095471,1776853789299.188,10.325,49.963,0.018101,0.346213,0.000000,1.962451,-0.000000,-0.000000,0.000000,0.000000,0.000000,0.497748
2683,go2_001,170190000000,1776853959494778466,1776853959534385213,31173205967768,1776853789304.779,39.607,49.872,0.018101,0.346213,0.000000,1.966377,-0.000000,-0.000000,0.000000,0.000000,0.000000,0.390239
2684,go2_001,170270000000,1776853959576345881,1776853959584370341,31173255952752,1776853789306.346,8.024,49.985,0.018101,0.346213,0.000000,1.995924,-0.000000,-0.000000,0.000000,0.000000,0.000000,0.310806
2685,go2_001,170290000000,1776853959597216762,1776853959634560516,31173306143296,1776853789307.217,37.344,50.190,0.018101,0.346213,0.000000,1.998498,-0.000000,-0.000000,0.000000,0.000000,0.000000,0.196070
2686,go2_001,170370000000,1776853959670999159,1776853959684381172,31173355963636,1776853789300.999,13.382,49.821,0.018101,0.346213,0.000000,2.004507,-0.000000,-0.000000,0.000000,0.000000,0.000000,0.050267
2687,go2_001,170430000000,1776853959734141063,1776853959734399567,31173405981923,1776853789304.141,0.259,50.018,0.018101,0.346213,0.000000,2.030250,-0.000000,-0.000000,0.000000,0.000000,0.000000,0.476576
2688,go2_001,170470000000,1776853959778013360,1776853959784375849,31173455958355,1776853789308.013,6.362,49.976,0.018101,0.346213,0.000000,2.059311,-0.000000,-0.000000,0.000000,0.000000,0.000000,0.701716
2689,go2_001,170490000000,1776853959797362329,1776853959834758224,31173506340560,1776853789307.362,37.396,50.382,0.018101,0.346213,0.000000,2.077803,-0.000000,-0.000000,0.000000,0.000000,0.000000,0.820568
2690,go2_001,170565000000,1776853959880853366,1776853959884384793,31173555967031,1776853789315.853,3.531,49.627,0.018101,0.346213,0.000000,2.165958,-0.000000,-0.000000,0.000000,0.000000,0.000000,1.046170
2691,go2_001,170605000000,1776853959913469248,1776853959934375570,31173605957981,1776853789308.469,20.906,49.991,0.018101,0.346213,0.000000,2.199447,-0.000000,-0.000000,0.000000,0.000000,0.000000,0.788744
2692,go2_001,170665000000,1776853959977772158,1776853959984403098,31173655985711,1776853789312.772,6.631,50.028,0.018101,0.346213,0.000000,2.222694,-0.000000,-0.000000,0.000000,0.000000,0.000000,0.377366
2693,go2_001,170705000000,1776853960020426691,1776853960035714988,31173707297537,1776853789315.427,15.288,51.312,0.018101,0.346213,0.000000,2.243328,-0.000000,-0.000000,0.000000,0.000000,0.000000,0.507220
2694,go2_001,170765000000,1776853960074095603,1776853960084533433,31173756116444,1776853789309.096,10.438,48.818,0.018101,0.346213,0.000000,2.276422,-0.000000,-0.000000,0.000000,0.000000,0.000000,0.537224
2695,go2_001,170805000000,1776853960116886472,1776853960134363837,31173805946438,1776853789311.886,17.477,49.830,0.018101,0.346213,0.000000,2.285446,-0.000000,-0.000000,0.000000,0.000000,0.000000,0.207012
2696,go2_001,170865000000,1776853960180928537,1776853960184588498,31173856170942,1776853789315.928,3.660,50.225,0.018101,0.346213,0.000000,2.301609,-0.000000,-0.000000,0.000000,0.000000,0.000000,0.353781
2697,go2_001,170905000000,1776853960224850381,1776853960234391791,31173905974361,1776853789319.851,9.541,49.803,0.018101,0.346213,0.000000,2.323323,-0.000000,-0.000000,0.000000,0.000000,0.000000,0.508363
2698,go2_001,170940000000,1776853960267007897,1776853960284401096,31173955983822,1776853789327.008,17.393,50.009,0.018101,0.346213,0.000000,2.344085,-0.000000,-0.000000,0.000000,0.000000,0.000000,0.587787
2699,go2_001,171010000000,1776853960331106508,1776853960334850228,31174006433098,1776853789321.106,3.744,50.449,0.018101,0.346213,0.000000,2.413969,-0.000000,-0.000000,0.000000,0.000000,0.000000,0.862307
2700,go2_001,171050000000,1776853960372958987,1776853960384403792,31174055986460,1776853789322.959,11.445,49.554,0.018101,0.346213,0.000000,2.449732,-0.000000,-0.000000,0.000000,0.000000,0.000000,0.891899
2701,go2_001,171090000000,1776853960426285124,1776853960434451553,31174106034938,1776853789336.285,8.166,50.048,0.018101,0.346213,0.000000,2.476212,-0.000000,-0.000000,0.000000,0.000000,0.000000,0.875869
2702,go2_001,171145000000,1776853960480721404,1776853960484882357,31174156465280,1776853789335.721,4.161,50.431,0.018101,0.346213,0.000000,2.509780,-0.000000,-0.000000,0.000000,0.000000,0.000000,0.525478
2703,go2_001,171180000000,1776853960523616100,1776853960534425293,31174206007973,1776853789343.616,10.809,49.543,0.018101,0.346213,0.000000,2.522111,-0.000000,-0.000000,0.000000,0.000000,0.000000,0.406413
2704,go2_001,171240000000,1776853960579242477,1776853960584735831,31174256318440,1776853789339.242,5.493,50.311,0.018101,0.346213,0.000000,2.547745,-0.000000,-0.000000,0.000000,0.000000,0.000000,0.309467
2705,go2_001,171280000000,1776853960622398985,1776853960634900493,31174306483133,1776853789342.399,12.502,50.165,0.018101,0.346213,0.000000,2.549237,-0.000000,-0.000000,0.000000,0.000000,0.000000,0.057723
2706,go2_001,171320000000,1776853960665814879,1776853960684589577,31174356172230,1776853789345.815,18.775,49.689,0.018101,0.346213,0.000000,2.555141,-0.000000,-0.000000,0.000000,0.000000,0.000000,0.122510
2707,go2_001,171375000000,1776853960728642291,1776853960734838910,31174406422161,1776853789353.642,6.197,50.249,0.018101,0.346213,0.000000,2.571077,-0.000000,-0.000000,0.000000,0.000000,0.000000,0.325754
2708,go2_001,171415000000,1776853960770479984,1776853960784503636,31174456086652,1776853789355.480,14.024,49.665,0.018101,0.346213,0.000000,2.599916,-0.000000,-0.000000,0.000000,0.000000,0.000000,0.564493
2709,go2_001,171475000000,1776853960825331472,1776853960834453941,31174506036794,1776853789350.331,9.122,49.950,0.018101,0.346213,0.000000,2.655933,-0.000000,-0.000000,0.000000,0.000000,0.000000,0.916629
2710,go2_001,171515000000,1776853960868547788,1776853960884624797,31174556207311,1776853789353.548,16.077,50.171,0.018101,0.346213,0.000000,2.693447,-0.000000,-0.000000,0.000000,0.000000,0.000000,1.039800
2711,go2_001,171590000000,1776853960931654380,1776853960934715324,31174606298075,1776853789341.654,3.061,50.091,0.018101,0.346213,0.000000,2.770026,-0.000000,-0.000000,0.000000,0.000000,0.000000,1.008886
2712,go2_001,171630000000,1776853960973135478,1776853960984716402,31174656299059,1776853789343.135,11.581,50.001,0.018101,0.346213,0.000000,2.797267,-0.000000,-0.000000,0.000000,0.000000,0.000000,0.768010
2713,go2_001,171660000000,1776853961027273338,1776853961034456838,31174706039512,1776853789367.273,7.184,49.740,0.018101,0.346213,0.000000,2.802427,-0.000000,-0.000000,0.000000,0.000000,0.000000,0.396889
2714,go2_001,171695000000,1776853961068764164,1776853961084487825,31174756070686,1776853789373.764,15.724,50.031,0.018101,0.346213,0.000000,2.816216,-0.000000,-0.000000,0.000000,0.000000,0.000000,0.358388
2715,go2_001,171755000000,1776853961112703832,1776853961134713063,31174806295867,1776853789357.704,22.009,50.225,0.018101,0.346213,0.000000,2.834249,-0.000000,-0.000000,0.000000,0.000000,0.000000,0.211224
2716,go2_001,171795000000,1776853961164071078,1776853961184531736,31174856114402,1776853789369.071,20.461,49.819,0.018101,0.346213,0.000000,2.836839,-0.000000,-0.000000,0.000000,0.000000,0.000000,0.112142
2717,go2_001,171850000000,1776853961217959124,1776853961234494017,31174906076908,1776853789367.959,16.535,49.962,0.018101,0.346213,0.000000,2.829885,-0.000000,-0.000000,0.000000,0.000000,0.000000,-0.159627
2718,go2_001,171880000000,1776853961261557500,1776853961284557054,31174956140274,1776853789381.558,23.000,50.063,0.018101,0.346213,0.000000,2.829490,-0.000000,-0.000000,0.000000,0.000000,0.000000,-0.005079
2719,go2_001,171940000000,1776853961327175017,1776853961334560556,31175006142919,1776853789387.175,7.386,50.004,0.018101,0.346213,0.000000,2.871001,-0.000000,-0.000000,0.000000,0.000000,0.000000,0.701693
2720,go2_001,171985000000,1776853961381963920,1776853961384348315,31175055930876,1776853789396.964,2.384,49.788,0.018101,0.346213,0.000000,2.914413,-0.000000,-0.000000,0.000000,0.000000,0.000000,0.885605
2721,go2_001,172025000000,1776853961413387824,1776853961435089143,31175106671911,1776853789388.388,21.701,50.741,0.018101,0.346213,0.000000,2.939585,-0.000000,-0.000000,0.000000,0.000000,0.000000,0.982435
2722,go2_001,172085000000,1776853961480911730,1776853961484412436,31175155994986,1776853789395.912,3.501,49.323,0.018101,0.346213,0.000000,2.998634,-0.000000,-0.000000,0.000000,0.000000,0.000000,0.931146
2723,go2_001,172120000000,1776853961521247334,1776853961535126296,31175206709329,1776853789401.247,13.879,50.714,0.018101,0.346213,0.000000,3.032244,-0.000000,-0.000000,0.000000,0.000000,0.000000,0.698915
2724,go2_001,172160000000,1776853961566661949,1776853961584437933,31175256020673,1776853789406.662,17.776,49.312,0.018101,0.346213,0.000000,3.051119,-0.000000,-0.000000,0.000000,0.000000,0.000000,0.493728
2725,go2_001,172215000000,1776853961630345601,1776853961634444111,31175306026831,1776853789415.346,4.099,50.006,0.018101,0.346213,0.000000,3.073237,-0.000000,-0.000000,0.000000,0.000000,0.000000,0.348664
2726,go2_001,172275000000,1776853961683630632,1776853961684342487,31175355925089,1776853789408.631,0.712,49.898,0.018101,0.346213,0.000000,3.074310,-0.000000,-0.000000,0.000000,0.000000,0.000000,0.030395
2727,go2_001,172315000000,1776853961724205316,1776853961734454035,31175406037007,1776853789409.205,10.249,50.112,0.018101,0.346213,0.000000,3.067789,-0.000000,-0.000000,0.000000,0.000000,0.000000,-0.187432
2728,go2_001,172355000000,1776853961765537397,1776853961784884470,31175456466998,1776853789410.537,19.347,50.430,0.018101,0.346213,0.000000,3.072566,-0.000000,-0.000000,0.000000,0.000000,0.000000,0.088878
2729,go2_001,172415000000,1776853961829327719,1776853961834416371,31175505999058,1776853789414.328,5.089,49.532,0.018101,0.346213,0.000000,3.096718,-0.000000,-0.000000,0.000000,0.000000,0.000000,0.466641
2730,go2_001,172475000000,1776853961870859814,1776853961884497679,31175556080302,1776853789395.860,13.638,50.081,0.018101,0.346213,0.000000,-3.127875,-0.000000,-0.000000,0.000000,0.000000,0.000000,0.838501
2731,go2_001,172515000000,1776853961912334007,1776853961934375239,31175605958047,1776853789397.334,22.041,49.878,0.018101,0.346213,0.000000,-3.082764,-0.000000,-0.000000,0.000000,0.000000,0.000000,1.412195
2732,go2_001,172575000000,1776853961984337430,1776853961984520891,31175656103218,1776853789409.337,0.183,50.146,0.018101,0.346213,0.000000,-3.013994,-0.000000,-0.000000,0.000000,0.000000,0.000000,0.874427
2733,go2_001,172620000000,1776853962025716672,1776853962034495104,31175706077626,1776853789405.717,8.778,49.974,0.018101,0.346213,0.000000,-2.985830,-0.000000,-0.000000,0.000000,0.000000,0.000000,0.567997
2734,go2_001,172660000000,1776853962067316231,1776853962084444368,31175756026888,1776853789407.316,17.128,49.949,0.018101,0.346213,0.000000,-2.974731,-0.000000,-0.000000,0.000000,0.000000,0.000000,0.311897
2735,go2_001,172695000000,1776853962108042445,1776853962134380394,31175805962827,1776853789413.042,26.338,49.936,0.018101,0.346213,0.000000,-2.962420,-0.000000,-0.000000,0.000000,0.000000,0.000000,0.283102
2736,go2_001,172755000000,1776853962169917821,1776853962184461033,31175856044084,1776853789414.918,14.543,50.081,0.018101,0.346213,0.000000,-2.951632,-0.000000,-0.000000,0.000000,0.000000,0.000000,0.182025
2737,go2_001,172810000000,1776853962224955253,1776853962234416635,31175905999129,1776853789414.955,9.461,49.956,0.018101,0.346213,0.000000,-2.950911,-0.000000,-0.000000,0.000000,0.000000,0.000000,0.008296
2738,go2_001,172860000000,1776853962276763876,1776853962284358210,31175955940548,1776853789416.764,7.594,49.942,0.018101,0.346213,0.000000,-2.949327,-0.000000,-0.000000,0.000000,0.000000,0.000000,0.011843
2739,go2_001,172905000000,1776853962317784067,1776853962334387050,31176005969624,1776853789412.784,16.603,50.029,0.018101,0.346213,0.000000,-2.933424,-0.000000,-0.000000,0.000000,0.000000,0.000000,0.361683
2740,go2_001,172950000000,1776853962369067215,1776853962384388315,31176055970865,1776853789419.067,15.321,50.001,0.018101,0.346213,0.000000,-2.897428,-0.000000,-0.000000,0.000000,0.000000,0.000000,0.749176
2741,go2_001,173030000000,1776853962430843998,1776853962434394142,31176105976564,1776853789400.844,3.550,50.006,0.018101,0.346213,0.000000,-2.809228,-0.000000,-0.000000,0.000000,0.000000,0.000000,0.992060
2742,go2_001,173070000000,1776853962471728650,1776853962484358455,31176155940910,1776853789401.729,12.630,49.964,0.018101,0.346213,0.000000,-2.785103,-0.000000,-0.000000,0.000000,0.000000,0.000000,1.073879
2743,go2_001,173130000000,1776853962533517446,1776853962534279086,31176205861322,1776853789403.517,0.762,49.921,0.018101,0.346213,0.000000,-2.730315,-0.000000,-0.000000,0.000000,0.000000,0.000000,0.627749
2744,go2_001,173170000000,1776853962574748900,1776853962584373034,31176255955602,1776853789404.749,9.624,50.094,0.018101,0.346213,0.000000,-2.713503,-0.000000,-0.000000,0.000000,0.000000,0.000000,0.491784
2745,go2_001,173210000000,1776853962625849310,1776853962634394275,31176305976919,1776853789415.849,8.545,50.021,0.018101,0.346213,0.000000,-2.688442,-0.000000,-0.000000,0.000000,0.000000,0.000000,0.530888
2746,go2_001,173250000000,1776853962667120143,1776853962684397943,31176355980485,1776853789417.120,17.278,50.004,0.018101,0.346213,0.000000,-2.663063,-0.000000,-0.000000,0.000000,0.000000,0.000000,0.544768
2747,go2_001,173310000000,1776853962728683851,1776853962734359417,31176405941741,1776853789418.684,5.676,49.961,0.018101,0.346213,0.000000,-2.651145,-0.000000,-0.000000,0.000000,0.000000,0.000000,0.181141
2748,go2_001,173350000000,1776853962769765848,1776853962784357824,31176455940126,1776853789419.766,14.592,49.998,0.018101,0.346213,0.000000,-2.639756,-0.000000,-0.000000,0.000000,0.000000,0.000000,0.264991
2749,go2_001,173430000000,1776853962831400982,1776853962834288268,31176505870557,1776853789401.401,2.887,49.930,0.018101,0.346213,0.000000,-2.616847,-0.000000,-0.000000,0.000000,0.000000,0.000000,0.410440
2750,go2_001,173470000000,1776853962872339432,1776853962884373548,31176555955865,1776853789402.339,12.034,50.085,0.018101,0.346213,0.000000,-2.583014,-0.000000,-0.000000,0.000000,0.000000,0.000000,0.686209
2751,go2_001,173530000000,1776853962934041227,1776853962934198551,31176605780798,1776853789404.041,0.157,49.825,0.018101,0.346213,0.000000,-2.520939,-0.000000,-0.000000,0.000000,0.000000,0.000000,0.955980
2752,go2_001,173570000000,1776853962975114043,1776853962984370598,31176655952966,1776853789405.114,9.257,50.172,0.018101,0.346213,0.000000,-2.485654,-0.000000,-0.000000,0.000000,0.000000,0.000000,0.863842
2753,go2_001,173610000000,1776853963026490630,1776853963034354100,31176705936475,1776853789416.491,7.863,49.984,0.018101,0.346213,0.000000,-2.455548,-0.000000,-0.000000,0.000000,0.000000,0.000000,0.554093
2754,go2_001,173650000000,1776853963067675050,1776853963084394904,31176755977336,1776853789417.675,16.720,50.041,0.018101,0.346213,0.000000,-2.437300,-0.000000,-0.000000,0.000000,0.000000,0.000000,0.480512
2755,go2_001,173710000000,1776853963129295940,1776853963134354230,31176805936522,1776853789419.296,5.058,49.959,0.018101,0.346213,0.000000,-2.404979,-0.000000,-0.000000,0.000000,0.000000,0.000000,0.567684
2756,go2_001,173770000000,1776853963170521203,1776853963184366112,31176855948561,1776853789400.521,13.845,50.012,0.018101,0.346213,0.000000,-2.376951,-0.000000,-0.000000,0.000000,0.000000,0.000000,0.427743
2757,go2_001,173830000000,1776853963231980548,1776853963234301974,31176905884278,1776853789401.981,2.321,49.936,0.018101,0.346213,0.000000,-2.372448,-0.000000,-0.000000,0.000000,0.000000,0.000000,0.150086
2758,go2_001,173870000000,1776853963273057838,1776853963284368390,31176955950752,1776853789403.058,11.311,50.066,0.018101,0.346213,0.000000,-2.357609,-0.000000,-0.000000,0.000000,0.000000,0.000000,0.307953
2759,go2_001,173910000000,1776853963314117805,1776853963334384645,31177005966979,1776853789404.118,20.267,50.016,0.018101,0.346213,0.000000,-2.338924,-0.000000,-0.000000,0.000000,0.000000,0.000000,0.454853
2760,go2_001,173950000000,1776853963355197763,1776853963384370757,31177055953087,1776853789405.198,29.173,49.986,0.018101,0.346213,0.000000,-2.313400,-0.000000,-0.000000,0.000000,0.000000,0.000000,0.599082
2761,go2_001,174010000000,1776853963427079717,1776853963434335355,31177105917601,1776853789417.080,7.256,49.965,0.018101,0.346213,0.000000,-2.249558,-0.000000,-0.000000,0.000000,0.000000,0.000000,0.870926
2762,go2_001,174050000000,1776853963468068958,1776853963484348910,31177155931177,1776853789418.069,16.280,50.014,0.018101,0.346213,0.000000,-2.209129,-0.000000,-0.000000,0.000000,0.000000,0.000000,0.951974
2763,go2_001,174110000000,1776853963529617461,1776853963534349732,31177205931954,1776853789419.617,4.732,50.001,0.018101,0.346213,0.000000,-2.166317,-0.000000,-0.000000,0.000000,0.000000,0.000000,0.634698
2764,go2_001,174170000000,1776853963570747056,1776853963584355008,31177255937306,1776853789400.747,13.608,50.005,0.018101,0.346213,0.000000,-2.143385,-0.000000,-0.000000,0.000000,0.000000,0.000000,0.390792
2765,go2_001,174230000000,1776853963632390722,1776853963634276007,31177305858272,1776853789402.391,1.885,49.921,0.018101,0.346213,0.000000,-2.123313,-0.000000,-0.000000,0.000000,0.000000,0.000000,0.462720
2766,go2_001,174270000000,1776853963673552819,1776853963684339360,31177355921759,1776853789403.553,10.787,50.063,0.018101,0.346213,0.000000,-2.112974,-0.000000,-0.000000,0.000000,0.000000,0.000000,0.227431
2767,go2_001,174310000000,1776853963715155450,1776853963734392867,31177405975538,1776853789405.155,19.237,50.054,0.018101,0.346213,0.000000,-2.103829,-0.000000,-0.000000,0.000000,0.000000,0.000000,0.192398
2768,go2_001,174350000000,1776853963766286988,1776853963784433699,31177456016444,1776853789416.287,18.147,50.041,0.018101,0.346213,0.000000,-2.095104,-0.000000,-0.000000,0.000000,0.000000,0.000000,0.147079
2769,go2_001,174410000000,1776853963828236675,1776853963834366723,31177505949287,1776853789418.237,6.130,49.933,0.018101,0.346213,0.000000,-2.067851,-0.000000,-0.000000,0.000000,0.000000,0.000000,0.527152
2770,go2_001,174450000000,1776853963869304637,1776853963884490955,31177556073581,1776853789419.305,15.186,50.124,0.018101,0.346213,0.000000,-2.034741,-0.000000,-0.000000,0.000000,0.000000,0.000000,0.768516
2771,go2_001,174530000000,1776853963932080595,1776853963934363751,31177605946276,1776853789402.081,2.283,49.873,0.018101,0.346213,0.000000,-1.971901,-0.000000,-0.000000,0.000000,0.000000,0.000000,1.059800
2772,go2_001,174570000000,1776853963973311028,1776853963984388554,31177655971038,1776853789403.311,11.078,50.025,0.018101,0.346213,0.000000,-1.916626,-0.000000,-0.000000,0.000000,0.000000,0.000000,1.053903
2773,go2_001,174610000000,1776853964015229777,1776853964034409507,31177705992166,1776853789405.230,19.180,50.021,0.018101,0.346213,0.000000,-1.881889,-0.000000,-0.000000,0.000000,0.000000,0.000000,0.843741
2774,go2_001,174650000000,1776853964066241541,1776853964084347777,31177755930162,1776853789416.242,18.106,49.938,0.018101,0.346213,0.000000,-1.859637,-0.000000,-0.000000,0.000000,0.000000,0.000000,0.524870
2775,go2_001,174710000000,1776853964127914187,1776853964134370316,31177805952788,1776853789417.914,6.456,50.023,0.018101,0.346213,0.000000,-1.836071,-0.000000,-0.000000,0.000000,0.000000,0.000000,0.404105
2776,go2_001,174750000000,1776853964168933371,1776853964184367096,31177855949567,1776853789418.933,15.434,49.997,0.018101,0.346213,0.000000,-1.827847,-0.000000,-0.000000,0.000000,0.000000,0.000000,0.148485
2777,go2_001,174830000000,1776853964230853185,1776853964234269481,31177905851877,1776853789400.853,3.416,49.902,0.018101,0.346213,0.000000,-1.829578,-0.000000,-0.000000,0.000000,0.000000,0.000000,-0.071430
2778,go2_001,174870000000,1776853964272093611,1776853964284344736,31177955927308,1776853789402.094,12.251,50.075,0.018101,0.346213,0.000000,-1.829463,-0.000000,-0.000000,0.000000,0.000000,0.000000,-0.033356
2779,go2_001,174930000000,1776853964333716901,1776853964334263082,31178005845311,1776853789403.717,0.546,49.918,0.018101,0.346213,0.000000,-1.797445,-0.000000,-0.000000,0.000000,0.000000,0.000000,0.562805
2780,go2_001,174970000000,1776853964374765152,1776853964384398531,31178055981497,1776853789404.765,9.633,50.135,0.018101,0.346213,0.000000,-1.757271,-0.000000,-0.000000,0.000000,0.000000,0.000000,0.944719
2781,go2_001,175010000000,1776853964416103134,1776853964434380709,31178105963152,1776853789406.103,18.278,49.982,0.018101,0.346213,0.000000,-1.706312,-0.000000,-0.000000,0.000000,0.000000,0.000000,1.259977
2782,go2_001,175050000000,1776853964467371398,1776853964484361494,31178155943982,1776853789417.371,16.990,49.981,0.018101,0.346213,0.000000,-1.648909,-0.000000,-0.000000,0.000000,0.000000,0.000000,1.040532
2783,go2_001,175110000000,1776853964529282802,1776853964534384519,31178205967009,1776853789419.283,5.102,50.023,0.018101,0.346213,0.000000,-1.611442,-0.000000,-0.000000,0.000000,0.000000,0.000000,0.548504
2784,go2_001,175150000000,1776853964570334698,1776853964584336613,31178255918982,1776853789420.334,14.002,49.952,0.018101,0.346213,0.000000,-1.598949,-0.000000,-0.000000,0.000000,0.000000,0.000000,0.342171
2785,go2_001,175230000000,1776853964632212295,1776853964634281067,31178305863306,1776853789402.212,2.069,49.944,0.018101,0.346213,0.000000,-1.584488,-0.000000,-0.000000,0.000000,0.000000,0.000000,0.311493
2786,go2_001,175270000000,1776853964673395897,1776853964684358840,31178355941221,1776853789403.396,10.963,50.078,0.018101,0.346213,0.000000,-1.575849,-0.000000,-0.000000,0.000000,0.000000,0.000000,0.134766
2787,go2_001,175310000000,1776853964714476019,1776853964734405797,31178405988457,1776853789404.476,19.930,50.047,0.018101,0.346213,0.000000,-1.580529,-0.000000,-0.000000,0.000000,0.000000,0.000000,-0.101407
2788,go2_001,175370000000,1776853964776282443,1776853964784436315,31178456019555,1776853789406.282,8.154,50.031,0.018101,0.346213,0.000000,-1.575060,-0.000000,-0.000000,0.000000,0.000000,0.000000,0.139758
2789,go2_001,175410000000,1776853964827667716,1776853964834436818,31178506019381,1776853789417.668,6.769,50.001,0.018101,0.346213,0.000000,-1.550369,-0.000000,-0.000000,0.000000,0.000000,0.000000,0.555122
2790,go2_001,175450000000,1776853964868940881,1776853964884374392,31178555956923,1776853789418.941,15.434,49.938,0.018101,0.346213,0.000000,-1.513421,-0.000000,-0.000000,0.000000,0.000000,0.000000,0.871186
2791,go2_001,175530000000,1776853964930917794,1776853964934352539,31178605934991,1776853789400.918,3.435,49.978,0.018101,0.346213,0.000000,-1.428422,-0.000000,-0.000000,0.000000,0.000000,0.000000,1.016816
2792,go2_001,175570000000,1776853964971868121,1776853964984388968,31178655971369,1776853789401.868,12.521,50.036,0.018101,0.346213,0.000000,-1.411741,-0.000000,-0.000000,0.000000,0.000000,0.000000,0.881509
2793,go2_001,175630000000,1776853965033581550,1776853965034250438,31178705832750,1776853789403.582,0.669,49.861,0.018101,0.346213,0.000000,-1.366196,-0.000000,-0.000000,0.000000,0.000000,0.000000,0.688911
2794,go2_001,175670000000,1776853965074830130,1776853965084369170,31178755951550,1776853789404.830,9.539,50.119,0.018101,0.346213,0.000000,-1.346378,-0.000000,-0.000000,0.000000,0.000000,0.000000,0.400057
2795,go2_001,175710000000,1776853965115922213,1776853965134410079,31178805992404,1776853789405.922,18.488,50.041,0.018101,0.346213,0.000000,-1.333723,-0.000000,-0.000000,0.000000,0.000000,0.000000,0.367545
2796,go2_001,175750000000,1776853965167042266,1776853965184374941,31178855957418,1776853789417.042,17.333,49.965,0.018101,0.346213,0.000000,-1.316581,-0.000000,-0.000000,0.000000,0.000000,0.000000,0.295744
2797,go2_001,175810000000,1776853965228664400,1776853965234362019,31178905944347,1776853789418.665,5.698,49.987,0.018101,0.346213,0.000000,-1.319176,-0.000000,-0.000000,0.000000,0.000000,0.000000,-0.091739
2798,go2_001,175850000000,1776853965269647480,1776853965284337561,31178955919912,1776853789419.647,14.690,49.976,0.018101,0.346213,0.000000,-1.312212,-0.000000,-0.000000,0.000000,0.000000,0.000000,0.149293
2799,go2_001,175930000000,1776853965331478058,1776853965334330790,31179005912979,1776853789401.478,2.853,49.993,0.018101,0.346213,0.000000,-1.288127,-0.000000,-0.000000,0.000000,0.000000,0.000000,0.482969
2800,go2_001,175970000000,1776853965372388389,1776853965384353449,31179055935676,1776853789402.388,11.965,50.023,0.018101,0.346213,0.000000,-1.257790,-0.000000,-0.000000,0.000000,0.000000,0.000000,0.736290
2801,go2_001,176030000000,1776853965433925534,1776853965434231879,31179105814125,1776853789403.926,0.306,49.878,0.018101,0.346213,0.000000,-1.191841,-0.000000,-0.000000,0.000000,0.000000,0.000000,1.135764
2802,go2_001,176070000000,1776853965475087626,1776853965484386998,31179155969809,1776853789405.088,9.299,50.155,0.018101,0.346213,0.000000,-1.150722,-0.000000,-0.000000,0.000000,0.000000,0.000000,0.975130
2803,go2_001,176110000000,1776853965516026122,1776853965534361388,31179205943668,1776853789406.026,18.335,49.974,0.018101,0.346213,0.000000,-1.113388,-0.000000,-0.000000,0.000000,0.000000,0.000000,0.658114
2804,go2_001,176150000000,1776853965557076469,1776853965584369272,31179255951719,1776853789407.076,27.293,50.008,0.018101,0.346213,0.000000,-1.101040,-0.000000,-0.000000,0.000000,0.000000,0.000000,0.380697
2805,go2_001,176210000000,1776853965628958559,1776853965634362792,31179305945222,1776853789418.958,5.404,49.994,0.018101,0.346213,0.000000,-1.067965,-0.000000,-0.000000,0.000000,0.000000,0.000000,0.556807
2806,go2_001,176250000000,1776853965669870267,1776853965684375677,31179355958076,1776853789419.870,14.505,50.013,0.018101,0.346213,0.000000,-1.046389,-0.000000,-0.000000,0.000000,0.000000,0.000000,0.488010
2807,go2_001,176330000000,1776853965731585865,1776853965734315945,31179405898310,1776853789401.586,2.730,49.940,0.018101,0.346213,0.000000,-1.042229,-0.000000,-0.000000,0.000000,0.000000,0.000000,0.022914
2808,go2_001,176370000000,1776853965772728811,1776853965784345134,31179455927501,1776853789402.729,11.616,50.029,0.018101,0.346213,0.000000,-1.033812,-0.000000,-0.000000,0.000000,0.000000,0.000000,0.213555
2809,go2_001,176430000000,1776853965834291157,1776853965834455921,31179506038264,1776853789404.291,0.165,50.111,0.018101,0.346213,0.000000,-1.005357,-0.000000,-0.000000,0.000000,0.000000,0.000000,0.501798
2810,go2_001,176470000000,1776853965875524435,1776853965884364104,31179555946491,1776853789405.524,8.840,49.908,0.018101,0.346213,0.000000,-0.972535,-0.000000,-0.000000,0.000000,0.000000,0.000000,0.740443
2811,go2_001,176510000000,1776853965916618694,1776853965934342076,31179605924381,1776853789406.619,17.723,49.978,0.018101,0.346213,0.000000,-0.929636,-0.000000,-0.000000,0.000000,0.000000,0.000000,0.916936
2812,go2_001,176550000000,1776853965968018871,1776853965984369870,31179655952526,1776853789418.019,16.351,50.028,0.018101,0.346213,0.000000,-0.887776,-0.000000,-0.000000,0.000000,0.000000,0.000000,0.862187
2813,go2_001,176610000000,1776853966029605234,1776853966034363208,31179705945646,1776853789419.605,4.758,49.993,0.018101,0.346213,0.000000,-0.845253,-0.000000,-0.000000,0.000000,0.000000,0.000000,0.580248
2814,go2_001,176665000000,1776853966082378335,1776853966084428223,31179756011142,1776853789417.378,2.050,50.065,0.018101,0.346213,0.000000,-0.816343,-0.000000,-0.000000,0.000000,0.000000,0.000000,0.433184
2815,go2_001,176700000000,1776853966123392109,1776853966134376395,31179805958806,1776853789423.392,10.984,49.948,0.018101,0.346213,0.000000,-0.801106,-0.000000,-0.000000,0.000000,0.000000,0.000000,0.541830
2816,go2_001,176765000000,1776853966174777189,1776853966184366213,31179855948661,1776853789409.777,9.589,49.990,0.018101,0.346213,0.000000,-0.778670,-0.000000,-0.000000,0.000000,0.000000,0.000000,0.412060
2817,go2_001,176805000000,1776853966215544338,1776853966234366780,31179905949143,1776853789410.544,18.822,50.001,0.018101,0.346213,0.000000,-0.772789,-0.000000,-0.000000,0.000000,0.000000,0.000000,0.161290
2818,go2_001,176865000000,1776853966277165455,1776853966284280593,31179955863065,1776853789412.165,7.115,49.914,0.018101,0.346213,0.000000,-0.754751,-0.000000,-0.000000,0.000000,0.000000,0.000000,0.335507
2819,go2_001,176905000000,1776853966318136692,1776853966334376310,31180005958681,1776853789413.137,16.240,50.096,0.018101,0.346213,0.000000,-0.734601,-0.000000,-0.000000,0.000000,0.000000,0.000000,0.405016
2820,go2_001,176965000000,1776853966379855377,1776853966384395213,31180055978020,1776853789414.855,4.540,50.019,0.018101,0.346213,0.000000,-0.692219,-0.000000,-0.000000,0.000000,0.000000,0.000000,0.738083
2821,go2_001,177030000000,1776853966431240483,1776853966434429839,31180106012695,1776853789401.240,3.189,50.035,0.018101,0.346213,0.000000,-0.637984,-0.000000,-0.000000,0.000000,0.000000,0.000000,1.096842
2822,go2_001,177070000000,1776853966472295402,1776853966484439009,31180156021541,1776853789402.295,12.144,50.009,0.018101,0.346213,0.000000,-0.599892,-0.000000,-0.000000,0.000000,0.000000,0.000000,0.956087
2823,go2_001,177130000000,1776853966533997962,1776853966534353006,31180205935344,1776853789403.998,0.355,49.914,0.018101,0.346213,0.000000,-0.559878,-0.000000,-0.000000,0.000000,0.000000,0.000000,0.597550
2824,go2_001,177170000000,1776853966575126376,1776853966584354460,31180255937215,1776853789405.126,9.228,50.001,0.018101,0.346213,0.000000,-0.545848,-0.000000,-0.000000,0.000000,0.000000,0.000000,0.369284
2825,go2_001,177210000000,1776853966616476040,1776853966634469704,31180306052296,1776853789406.476,17.994,50.115,0.018101,0.346213,0.000000,-0.533943,-0.000000,-0.000000,0.000000,0.000000,0.000000,0.315299
2826,go2_001,177270000000,1776853966678057324,1776853966684344236,31180355926718,1776853789408.057,6.287,49.875,0.018101,0.346213,0.000000,-0.525586,-0.000000,-0.000000,0.000000,0.000000,0.000000,0.057716
2827,go2_001,177310000000,1776853966719172291,1776853966734491903,31180406074451,1776853789409.172,15.320,50.148,0.018101,0.346213,0.000000,-0.525624,-0.000000,-0.000000,0.000000,0.000000,0.000000,-0.009709
2828,go2_001,177370000000,1776853966770555282,1776853966784467293,31180456049713,1776853789400.555,13.912,49.975,0.018101,0.346213,0.000000,-0.508360,-0.000000,-0.000000,0.000000,0.000000,0.000000,0.239392
2829,go2_001,177425000000,1776853966832195913,1776853966834312865,31180505895254,1776853789407.196,2.117,49.846,0.018101,0.346213,0.000000,-0.483615,-0.000000,-0.000000,0.000000,0.000000,0.000000,0.588191
2830,go2_001,177465000000,1776853966873129018,1776853966884412641,31180555995008,1776853789408.129,11.284,50.100,0.018101,0.346213,0.000000,-0.446594,-0.000000,-0.000000,0.000000,0.000000,0.000000,0.806991
2831,go2_001,177505000000,1776853966914284254,1776853966934349292,31180605931687,1776853789409.284,20.065,49.937,0.018101,0.346213,0.000000,-0.402795,-0.000000,-0.000000,0.000000,0.000000,0.000000,1.067194
2832,go2_001,177565000000,1776853966975814304,1776853966984355959,31180655938338,1776853789410.814,8.542,50.007,0.018101,0.346213,0.000000,-0.336263,-0.000000,-0.000000,0.000000,0.000000,0.000000,1.115116
2833,go2_001,177605000000,1776853967016745391,1776853967034350242,31180705932600,1776853789411.745,17.605,49.994,0.018101,0.346213,0.000000,-0.298545,-0.000000,-0.000000,0.000000,0.000000,0.000000,0.919886
2834,go2_001,177665000000,1776853967078393686,1776853967084338685,31180755920927,1776853789413.394,5.945,49.988,0.018101,0.346213,0.000000,-0.267470,-0.000000,-0.000000,0.000000,0.000000,0.000000,0.433190
2835,go2_001,177705000000,1776853967119816455,1776853967134374729,31180805957139,1776853789414.816,14.558,50.036,0.018101,0.346213,0.000000,-0.254867,-0.000000,-0.000000,0.000000,0.000000,0.000000,0.310614
2836,go2_001,177765000000,1776853967171114018,1776853967184368907,31180855951333,1776853789406.114,13.255,49.994,0.018101,0.346213,0.000000,-0.244933,-0.000000,-0.000000,0.000000,0.000000,0.000000,0.183251
2837,go2_001,177825000000,1776853967232757752,1776853967234308315,31180905891184,1776853789407.758,1.551,49.939,0.018101,0.346213,0.000000,-0.241222,-0.000000,-0.000000,0.000000,0.000000,0.000000,-0.012715
2838,go2_001,177865000000,1776853967273700308,1776853967284339770,31180955922275,1776853789408.700,10.639,50.031,0.018101,0.346213,0.000000,-0.242258,-0.000000,-0.000000,0.000000,0.000000,0.000000,-0.018706
2839,go2_001,177905000000,1776853967315742654,1776853967334373777,31181005956291,1776853789410.742,18.631,50.034,0.018101,0.346213,0.000000,-0.230167,-0.000000,-0.000000,0.000000,0.000000,0.000000,0.305221
2840,go2_001,177965000000,1776853967376502569,1776853967384364977,31181055947332,1776853789411.503,7.862,49.991,0.018101,0.346213,0.000000,-0.184676,-0.000000,-0.000000,0.000000,0.000000,0.000000,0.787072
2841,go2_001,178005000000,1776853967417765444,1776853967434365896,31181105948185,1776853789412.765,16.600,50.001,0.018101,0.346213,0.000000,-0.141985,-0.000000,-0.000000,0.000000,0.000000,0.000000,1.028879
2842,go2_001,178065000000,1776853967479200006,1776853967484324998,31181155907255,1776853789414.200,5.125,49.959,0.018101,0.346213,0.000000,-0.062695,-0.000000,-0.000000,0.000000,0.000000,0.000000,1.029646
2843,go2_001,178125000000,1776853967530673942,1776853967534349665,31181205931991,1776853789405.674,3.676,50.025,0.018101,0.346213,0.000000,-0.015269,-0.000000,-0.000000,0.000000,0.000000,0.000000,0.665143
2844,go2_001,178165000000,1776853967571949281,1776853967584360778,31181255943441,1776853789406.949,12.411,50.011,0.018101,0.346213,0.000000,-0.013385,-0.000000,-0.000000,0.000000,0.000000,0.000000,0.353802
2845,go2_001,178225000000,1776853967633500937,1776853967634293882,31181305876579,1776853789408.501,0.793,49.933,0.018101,0.346213,0.000000,0.001486,-0.000000,-0.000000,0.000000,0.000000,0.000000,0.318984
2846,go2_001,178265000000,1776853967674490965,1776853967684366395,31181355948698,1776853789409.491,9.875,50.073,0.018101,0.346213,0.000000,0.009005,-0.000000,-0.000000,0.000000,0.000000,0.000000,0.149447
2847,go2_001,178305000000,1776853967715954320,1776853967734362727,31181405945136,1776853789410.954,18.408,49.996,0.018101,0.346213,0.000000,0.005341,-0.000000,-0.000000,0.000000,0.000000,0.000000,-0.106781
2848,go2_001,178365000000,1776853967777189132,1776853967784355244,31181455938011,1776853789412.189,7.166,49.993,0.018101,0.346213,0.000000,0.001966,-0.000000,-0.000000,0.000000,0.000000,0.000000,-0.015235
2849,go2_001,178405000000,1776853967818380562,1776853967834368013,31181505950472,1776853789413.381,15.987,50.013,0.018101,0.346213,0.000000,0.020130,-0.000000,-0.000000,0.000000,0.000000,0.000000,0.395275
2850,go2_001,178465000000,1776853967880048582,1776853967884345031,31181555927334,1776853789415.049,4.296,49.977,0.018101,0.346213,0.000000,0.080769,-0.000000,-0.000000,0.000000,0.000000,0.000000,0.976302
2851,go2_001,178525000000,1776853967931310001,1776853967934366463,31181605948919,1776853789406.310,3.056,50.021,0.018101,0.346213,0.000000,0.131515,-0.000000,-0.000000,0.000000,0.000000,0.000000,0.985582
2852,go2_001,178565000000,1776853967972485222,1776853967984376697,31181655959585,1776853789407.485,11.891,50.010,0.018101,0.346213,0.000000,0.169066,-0.000000,-0.000000,0.000000,0.000000,0.000000,0.862155
2853,go2_001,178625000000,1776853968033988610,1776853968034254380,31181705836607,1776853789408.989,0.266,49.878,0.018101,0.346213,0.000000,0.214903,-0.000000,-0.000000,0.000000,0.000000,0.000000,0.673902
2854,go2_001,178665000000,1776853968075161557,1776853968084331171,31181755913608,1776853789410.162,9.170,50.077,0.018101,0.346213,0.000000,0.229657,-0.000000,-0.000000,0.000000,0.000000,0.000000,0.398716
2855,go2_001,178705000000,1776853968116201043,1776853968134376281,31181805958663,1776853789411.201,18.175,50.045,0.018101,0.346213,0.000000,0.243716,-0.000000,-0.000000,0.000000,0.000000,0.000000,0.407457
2856,go2_001,178765000000,1776853968177824784,1776853968184301163,31181855883467,1776853789412.825,6.476,49.925,0.018101,0.346213,0.000000,0.270665,-0.000000,-0.000000,0.000000,0.000000,0.000000,0.369501
2857,go2_001,178805000000,1776853968218879705,1776853968234320576,31181905902917,1776853789413.880,15.441,50.019,0.018101,0.346213,0.000000,0.267618,-0.000000,-0.000000,0.000000,0.000000,0.000000,-0.101017
2858,go2_001,178845000000,1776853968260232405,1776853968284363106,31181955946051,1776853789415.232,24.131,50.043,0.018101,0.346213,0.000000,0.263159,-0.000000,-0.000000,0.000000,0.000000,0.000000,-0.116143
2859,go2_001,178925000000,1776853968332267208,1776853968334390251,31182005972763,1776853789407.267,2.123,50.027,0.018101,0.346213,0.000000,0.286219,-0.000000,-0.000000,0.000000,0.000000,0.000000,0.453585
2860,go2_001,178965000000,1776853968373755602,1776853968384551571,31182056134038,1776853789408.756,10.796,50.161,0.018101,0.346213,0.000000,0.319356,-0.000000,-0.000000,0.000000,0.000000,0.000000,0.810854
2861,go2_001,178985000000,1776853968394266814,1776853968434401443,31182105983864,1776853789409.267,40.135,49.850,0.018101,0.346213,0.000000,0.339067,-0.000000,-0.000000,0.000000,0.000000,0.000000,0.919762
2862,go2_001,179065000000,1776853968477264070,1776853968484403939,31182155986348,1776853789412.264,7.140,50.002,0.018101,0.346213,0.000000,0.422767,-0.000000,-0.000000,0.000000,0.000000,0.000000,0.967651
2863,go2_001,179105000000,1776853968518143314,1776853968534396015,31182205978438,1776853789413.143,16.253,49.992,0.018101,0.346213,0.000000,0.452037,-0.000000,-0.000000,0.000000,0.000000,0.000000,0.705796
2864,go2_001,179160000000,1776853968581336109,1776853968584340572,31182255922743,1776853789421.336,3.004,49.945,0.018101,0.346213,0.000000,0.474193,-0.000000,-0.000000,0.000000,0.000000,0.000000,0.313898
2865,go2_001,179200000000,1776853968622620155,1776853968634356344,31182305938992,1776853789422.620,11.736,50.016,0.018101,0.346213,0.000000,0.489746,-0.000000,-0.000000,0.000000,0.000000,0.000000,0.430646
2866,go2_001,179265000000,1776853968684271899,1776853968684438267,31182356020698,1776853789419.272,0.166,50.082,0.018101,0.346213,0.000000,0.530207,-0.000000,-0.000000,0.000000,0.000000,0.000000,0.481680
2867,go2_001,179305000000,1776853968714934076,1776853968734351770,31182405934174,1776853789409.934,19.418,49.914,0.018101,0.346213,0.000000,0.533769,-0.000000,-0.000000,0.000000,0.000000,0.000000,0.200355
2868,go2_001,179365000000,1776853968776664161,1776853968784447233,31182456030448,1776853789411.664,7.783,50.095,0.018101,0.346213,0.000000,0.543941,-0.000000,-0.000000,0.000000,0.000000,0.000000,0.180392
2869,go2_001,179405000000,1776853968818024856,1776853968834440794,31182506023339,1776853789413.025,16.416,49.994,0.018101,0.346213,0.000000,0.562258,-0.000000,-0.000000,0.000000,0.000000,0.000000,0.386050
2870,go2_001,179460000000,1776853968879857538,1776853968885400989,31182556983611,1776853789419.858,5.543,50.960,0.018101,0.346213,0.000000,0.598493,-0.000000,-0.000000,0.000000,0.000000,0.000000,0.579404
2871,go2_001,179500000000,1776853968921030450,1776853968934368513,31182605950938,1776853789421.031,13.338,48.968,0.018101,0.346213,0.000000,0.638946,-0.000000,-0.000000,0.000000,0.000000,0.000000,1.038630
2872,go2_001,179545000000,1776853968964745887,1776853968984585795,31182656168925,1776853789419.746,19.840,50.217,0.018101,0.346213,0.000000,0.682309,-0.000000,-0.000000,0.000000,0.000000,0.000000,1.032266
2873,go2_001,179600000000,1776853969025867637,1776853969034416294,31182705999116,1776853789425.867,8.549,49.830,0.018101,0.346213,0.000000,0.721754,-0.000000,-0.000000,0.000000,0.000000,0.000000,0.715626
2874,go2_001,179635000000,1776853969067234234,1776853969084373394,31182755955903,1776853789432.234,17.139,49.957,0.018101,0.346213,0.000000,0.742601,-0.000000,-0.000000,0.000000,0.000000,0.000000,0.448567
2875,go2_001,179695000000,1776853969129301813,1776853969134366074,31182805948492,1776853789434.302,5.064,49.993,0.018101,0.346213,0.000000,0.757327,-0.000000,-0.000000,0.000000,0.000000,0.000000,0.235534
2876,go2_001,179755000000,1776853969171101506,1776853969184395241,31182855977923,1776853789416.102,13.294,50.029,0.018101,0.346213,0.000000,0.777450,-0.000000,-0.000000,0.000000,0.000000,0.000000,0.336142
2877,go2_001,179795000000,1776853969222392490,1776853969234377667,31182905960348,1776853789427.393,11.985,49.982,0.018101,0.346213,0.000000,0.789217,-0.000000,-0.000000,0.000000,0.000000,0.000000,0.248527
2878,go2_001,179840000000,1776853969264081577,1776853969284496641,31182956079262,1776853789424.082,20.415,50.119,0.018101,0.346213,0.000000,0.796003,-0.000000,-0.000000,0.000000,0.000000,0.000000,0.171047
2879,go2_001,179900000000,1776853969326773510,1776853969334362232,31183005944647,1776853789426.773,7.589,49.866,0.018101,0.346213,0.000000,0.818646,-0.000000,-0.000000,0.000000,0.000000,0.000000,0.380817
2880,go2_001,179940000000,1776853969367946572,1776853969384437341,31183056019917,1776853789427.947,16.491,50.075,0.018101,0.346213,0.000000,0.841550,-0.000000,-0.000000,0.000000,0.000000,0.000000,0.553116
2881,go2_001,180000000000,1776853969430787331,1776853969435187869,31183106770674,1776853789430.787,4.401,50.751,0.018101,0.346213,0.000000,0.900551,-0.000000,-0.000000,0.000000,0.000000,0.000000,1.076368
2882,go2_001,180035000000,1776853969451703138,1776853969485383672,31183156966599,1776853789416.703,33.681,50.196,0.018101,0.346213,0.000000,0.933243,-0.000000,-0.000000,0.000000,0.000000,0.000000,0.969038
2883,go2_001,180070000000,1776853969504697784,1776853969535037487,31183206620089,1776853789434.698,30.340,49.654,0.018101,0.346213,0.000000,0.963016,-0.000000,-0.000000,0.000000,0.000000,0.000000,0.920995
2884,go2_001,180145000000,1776853969577838970,1776853969584400959,31183255983920,1776853789432.839,6.562,49.363,0.018101,0.346213,0.000000,1.011133,-0.000000,-0.000000,0.000000,0.000000,0.000000,0.498633
2885,go2_001,180185000000,1776853969618036703,1776853969634779974,31183306362729,1776853789433.037,16.743,50.379,0.018101,0.346213,0.000000,1.028994,-0.000000,-0.000000,0.000000,0.000000,0.000000,0.451184
2886,go2_001,180245000000,1776853969680371994,1776853969684709612,31183356292261,1776853789435.372,4.338,49.930,0.018101,0.346213,0.000000,1.055073,-0.000000,-0.000000,0.000000,0.000000,0.000000,0.384394
2887,go2_001,180285000000,1776853969721815816,1776853969734482932,31183406065785,1776853789436.816,12.667,49.773,0.018101,0.346213,0.000000,1.061159,-0.000000,-0.000000,0.000000,0.000000,0.000000,0.144239
2888,go2_001,180320000000,1776853969765278137,1776853969785417641,31183457005668,1776853789445.278,20.140,50.935,0.018101,0.346213,0.000000,1.062616,-0.000000,-0.000000,0.000000,0.000000,0.000000,0.022606
2889,go2_001,180375000000,1776853969828879745,1776853969834583847,31183506166457,1776853789453.880,5.704,49.166,0.018101,0.346213,0.000000,1.077009,-0.000000,-0.000000,0.000000,0.000000,0.000000,0.290885
2890,go2_001,180410000000,1776853969879859031,1776853969886149714,31183557732367,1776853789469.859,6.291,51.566,0.018101,0.346213,0.000000,1.097478,-0.000000,-0.000000,0.000000,0.000000,0.000000,0.497583
2891,go2_001,180490000000,1776853969932698281,1776853969934592112,31183606174955,1776853789442.698,1.894,48.442,0.018101,0.346213,0.000000,1.163708,-0.000000,-0.000000,0.000000,0.000000,0.000000,0.782297
2892,go2_001,180535000000,1776853969973862808,1776853969984349461,31183655931809,1776853789438.863,10.487,49.757,0.018101,0.346213,0.000000,1.202011,-0.000000,-0.000000,0.000000,0.000000,0.000000,1.146019
2893,go2_001,180575000000,1776853970025088308,1776853970034360025,31183705942502,1776853789450.088,9.272,50.011,0.018101,0.346213,0.000000,1.266171,-0.000000,-0.000000,0.000000,0.000000,0.000000,0.985569
2894,go2_001,180620000000,1776853970066531914,1776853970084471911,31183756054379,1776853789446.532,17.940,50.112,0.018101,0.346213,0.000000,1.294626,-0.000000,-0.000000,0.000000,0.000000,0.000000,0.615242
2895,go2_001,180680000000,1776853970128122329,1776853970134386776,31183805969268,1776853789448.122,6.264,49.915,0.018101,0.346213,0.000000,1.307613,-0.000000,-0.000000,0.000000,0.000000,0.000000,0.267392
2896,go2_001,180740000000,1776853970179826836,1776853970184325661,31183855907983,1776853789439.827,4.499,49.939,0.018101,0.346213,0.000000,1.314627,-0.000000,-0.000000,0.000000,0.000000,0.000000,0.094582
2897,go2_001,180780000000,1776853970220809475,1776853970234320588,31183905902899,1776853789440.810,13.511,49.995,0.018101,0.346213,0.000000,1.322106,-0.000000,-0.000000,0.000000,0.000000,0.000000,0.153026
2898,go2_001,180840000000,1776853970282837501,1776853970284340366,31183955922877,1776853789442.837,1.503,50.020,0.018101,0.346213,0.000000,1.333594,-0.000000,-0.000000,0.000000,0.000000,0.000000,0.151204
2899,go2_001,180880000000,1776853970325002762,1776853970334516428,31184006099021,1776853789445.003,9.514,50.176,0.018101,0.346213,0.000000,1.346001,-0.000000,-0.000000,0.000000,0.000000,0.000000,0.290374
2900,go2_001,180915000000,1776853970365746053,1776853970384395638,31184055978040,1776853789450.746,18.650,49.879,0.018101,0.346213,0.000000,1.364368,-0.000000,-0.000000,0.000000,0.000000,0.000000,0.514944
2901,go2_001,180980000000,1776853970427428487,1776853970434353880,31184105936317,1776853789447.429,6.925,49.958,0.018101,0.346213,0.000000,1.424295,-0.000000,-0.000000,0.000000,0.000000,0.000000,0.940386
2902,go2_001,181040000000,1776853970478811086,1776853970484352835,31184155935252,1776853789438.811,5.542,49.999,0.018101,0.346213,0.000000,1.473507,-0.000000,-0.000000,0.000000,0.000000,0.000000,1.023747
2903,go2_001,181080000000,1776853970519958241,1776853970534327808,31184205910074,1776853789439.958,14.370,49.975,0.018101,0.346213,0.000000,1.521735,-0.000000,-0.000000,0.000000,0.000000,0.000000,1.032676
2904,go2_001,181140000000,1776853970581411034,1776853970584298677,31184255882216,1776853789441.411,2.888,49.971,0.018101,0.346213,0.000000,1.571757,-0.000000,-0.000000,0.000000,0.000000,0.000000,0.733910
2905,go2_001,181180000000,1776853970622713753,1776853970634422900,31184306005207,1776853789442.714,11.709,50.124,0.018101,0.346213,0.000000,1.587236,-0.000000,-0.000000,0.000000,0.000000,0.000000,0.424555
2906,go2_001,181240000000,1776853970684435816,1776853970684656597,31184356239289,1776853789444.436,0.221,50.234,0.018101,0.346213,0.000000,1.602947,-0.000000,-0.000000,0.000000,0.000000,0.000000,0.286795
2907,go2_001,181280000000,1776853970725427153,1776853970734370209,31184405952938,1776853789445.427,8.943,49.714,0.018101,0.346213,0.000000,1.602012,-0.000000,-0.000000,0.000000,0.000000,0.000000,-0.022577
2908,go2_001,181320000000,1776853970766835283,1776853970784490628,31184456073228,1776853789446.835,17.655,50.120,0.018101,0.346213,0.000000,1.590683,-0.000000,-0.000000,0.000000,0.000000,0.000000,-0.258886
2909,go2_001,181380000000,1776853970818227822,1776853970834395068,31184505977727,1776853789438.228,16.167,49.904,0.018101,0.346213,0.000000,1.592660,-0.000000,-0.000000,0.000000,0.000000,0.000000,0.093135
2910,go2_001,181440000000,1776853970879848636,1776853970884346993,31184555929371,1776853789439.849,4.498,49.952,0.018101,0.346213,0.000000,1.636429,-0.000000,-0.000000,0.000000,0.000000,0.000000,0.769509
2911,go2_001,181480000000,1776853970920813657,1776853970934358137,31184605940765,1776853789440.813,13.544,50.011,0.018101,0.346213,0.000000,1.674950,-0.000000,-0.000000,0.000000,0.000000,0.000000,0.890454
2912,go2_001,181540000000,1776853970982408283,1776853970984307169,31184655889820,1776853789442.408,1.899,49.949,0.018101,0.346213,0.000000,1.734663,-0.000000,-0.000000,0.000000,0.000000,0.000000,1.009627
2913,go2_001,181580000000,1776853971023605327,1776853971034364035,31184705946413,1776853789443.605,10.759,50.057,0.018101,0.346213,0.000000,1.778712,-0.000000,-0.000000,0.000000,0.000000,0.000000,1.040458
2914,go2_001,181620000000,1776853971064611381,1776853971084351433,31184755933686,1776853789444.611,19.740,49.987,0.018101,0.346213,0.000000,1.812417,-0.000000,-0.000000,0.000000,0.000000,0.000000,0.824746
2915,go2_001,181680000000,1776853971126208226,1776853971134366270,31184805948600,1776853789446.208,8.158,50.015,0.018101,0.346213,0.000000,1.837783,-0.000000,-0.000000,0.000000,0.000000,0.000000,0.400386
2916,go2_001,181720000000,1776853971167486401,1776853971184367308,31184855949728,1776853789447.487,16.881,50.001,0.018101,0.346213,0.000000,1.850780,-0.000000,-0.000000,0.000000,0.000000,0.000000,0.390303
2917,go2_001,181780000000,1776853971218956558,1776853971234400587,31184905983251,1776853789438.957,15.444,50.033,0.018101,0.346213,0.000000,1.872531,-0.000000,-0.000000,0.000000,0.000000,0.000000,0.407774
2918,go2_001,181840000000,1776853971280633146,1776853971284359229,31184955941888,1776853789440.633,3.726,49.959,0.018101,0.346213,0.000000,1.875566,-0.000000,-0.000000,0.000000,0.000000,0.000000,0.002045
2919,go2_001,181880000000,1776853971321349714,1776853971334366893,31185005949555,1776853789441.350,13.017,50.008,0.018101,0.346213,0.000000,1.887259,-0.000000,-0.000000,0.000000,0.000000,0.000000,0.234972
2920,go2_001,181940000000,1776853971383130080,1776853971384312155,31185055894403,1776853789443.130,1.182,49.945,0.018101,0.346213,0.000000,1.911118,-0.000000,-0.000000,0.000000,0.000000,0.000000,0.446574
2921,go2_001,181980000000,1776853971424113435,1776853971434319821,31185105902469,1776853789444.114,10.206,50.008,0.018101,0.346213,0.000000,1.935854,-0.000000,-0.000000,0.000000,0.000000,0.000000,0.636625
2922,go2_001,182020000000,1776853971465086623,1776853971484375203,31185155957736,1776853789445.087,19.289,50.055,0.018101,0.346213,0.000000,1.975360,-0.000000,-0.000000,0.000000,0.000000,0.000000,0.936345
2923,go2_001,182080000000,1776853971526954992,1776853971534339696,31185205922084,1776853789446.955,7.385,49.964,0.018101,0.346213,0.000000,2.038401,-0.000000,-0.000000,0.000000,0.000000,0.000000,0.924519
2924,go2_001,182140000000,1776853971578400756,1776853971584447924,31185256030408,1776853789438.401,6.047,50.108,0.018101,0.346213,0.000000,2.065911,-0.000000,-0.000000,0.000000,0.000000,0.000000,0.457095
2925,go2_001,182180000000,1776853971619696420,1776853971634370112,31185305952791,1776853789439.696,14.674,49.922,0.018101,0.346213,0.000000,2.082413,-0.000000,-0.000000,0.000000,0.000000,0.000000,0.383128
2926,go2_001,182240000000,1776853971681028519,1776853971684346188,31185355928612,1776853789441.029,3.318,49.976,0.018101,0.346213,0.000000,2.121276,-0.000000,-0.000000,0.000000,0.000000,0.000000,0.706130
2927,go2_001,182280000000,1776853971722138895,1776853971734395857,31185405978265,1776853789442.139,12.257,50.050,0.018101,0.346213,0.000000,2.141605,-0.000000,-0.000000,0.000000,0.000000,0.000000,0.479891
2928,go2_001,182340000000,1776853971783864481,1776853971784299233,31185455881828,1776853789443.865,0.435,49.903,0.018101,0.346213,0.000000,2.155864,-0.000000,-0.000000,0.000000,0.000000,0.000000,0.229308
2929,go2_001,182380000000,1776853971824943806,1776853971834367020,31185505949422,1776853789444.944,9.423,50.068,0.018101,0.346213,0.000000,2.171491,-0.000000,-0.000000,0.000000,0.000000,0.000000,0.334809
2930,go2_001,182420000000,1776853971865808016,1776853971884373340,31185555955996,1776853789445.808,18.565,50.006,0.018101,0.346213,0.000000,2.181456,-0.000000,-0.000000,0.000000,0.000000,0.000000,0.266760
2931,go2_001,182480000000,1776853971927449694,1776853971934379302,31185605961916,1776853789447.450,6.930,50.006,0.018101,0.346213,0.000000,2.220215,-0.000000,-0.000000,0.000000,0.000000,0.000000,0.757313
2932,go2_001,182540000000,1776853971978761480,1776853971984380415,31185655962735,1776853789438.761,5.619,50.001,0.018101,0.346213,0.000000,2.273716,-0.000000,-0.000000,0.000000,0.000000,0.000000,1.059063
2933,go2_001,182580000000,1776853972019979587,1776853972034413783,31185705996119,1776853789439.979,14.434,50.033,0.018101,0.346213,0.000000,2.314198,-0.000000,-0.000000,0.000000,0.000000,0.000000,0.748135
2934,go2_001,182640000000,1776853972081662290,1776853972084342323,31185755924681,1776853789441.662,2.680,49.929,0.018101,0.346213,0.000000,2.343412,-0.000000,-0.000000,0.000000,0.000000,0.000000,0.408363
2935,go2_001,182680000000,1776853972122815148,1776853972134382402,31185805964827,1776853789442.815,11.567,50.040,0.018101,0.346213,0.000000,2.352305,-0.000000,-0.000000,0.000000,0.000000,0.000000,0.268280
2936,go2_001,182740000000,1776853972184424797,1776853972184604050,31185856187141,1776853789444.425,0.179,50.222,0.018101,0.346213,0.000000,2.373470,-0.000000,-0.000000,0.000000,0.000000,0.000000,0.428759
2937,go2_001,182780000000,1776853972225468355,1776853972234345135,31185905927546,1776853789445.469,8.877,49.741,0.018101,0.346213,0.000000,2.390744,-0.000000,-0.000000,0.000000,0.000000,0.000000,0.396333
2938,go2_001,182820000000,1776853972266515259,1776853972284397680,31185955980542,1776853789446.515,17.882,50.053,0.018101,0.346213,0.000000,2.403841,-0.000000,-0.000000,0.000000,0.000000,0.000000,0.290835
2939,go2_001,182880000000,1776853972318291910,1776853972334368979,31186005951454,1776853789438.292,16.077,49.971,0.018101,0.346213,0.000000,2.415252,-0.000000,-0.000000,0.000000,0.000000,0.000000,0.182396
2940,go2_001,182940000000,1776853972379879819,1776853972384352833,31186055935529,1776853789439.880,4.473,49.984,0.018101,0.346213,0.000000,2.437111,-0.000000,-0.000000,0.000000,0.000000,0.000000,0.435492
2941,go2_001,182980000000,1776853972420947802,1776853972434572551,31186106155142,1776853789440.948,13.625,50.220,0.018101,0.346213,0.000000,2.471267,-0.000000,-0.000000,0.000000,0.000000,0.000000,0.804331
2942,go2_001,183040000000,1776853972482505069,1776853972484332283,31186155914655,1776853789442.505,1.827,49.760,0.018101,0.346213,0.000000,2.542759,-0.000000,-0.000000,0.000000,0.000000,0.000000,1.105432
2943,go2_001,183080000000,1776853972523942184,1776853972534449999,31186206032359,1776853789443.942,10.508,50.118,0.018101,0.346213,0.000000,2.581070,-0.000000,-0.000000,0.000000,0.000000,0.000000,0.947607
2944,go2_001,183120000000,1776853972565546233,1776853972584374521,31186255956923,1776853789445.546,18.828,49.925,0.018101,0.346213,0.000000,2.609546,-0.000000,-0.000000,0.000000,0.000000,0.000000,0.700070
2945,go2_001,183180000000,1776853972628006804,1776853972634343298,31186305925912,1776853789448.007,6.336,49.969,0.018101,0.346213,0.000000,2.630180,-0.000000,-0.000000,0.000000,0.000000,0.000000,0.327980
2946,go2_001,183220000000,1776853972674508355,1776853972685308847,31186356891552,1776853789454.508,10.800,50.966,0.018101,0.346213,0.000000,2.645165,-0.000000,-0.000000,0.000000,0.000000,0.000000,0.408376
2947,go2_001,183265000000,1776853972721352625,1776853972734399400,31186405981911,1776853789456.353,13.047,49.091,0.018101,0.346213,0.000000,2.653789,-0.000000,-0.000000,0.000000,0.000000,0.000000,0.228071
2948,go2_001,183330000000,1776853972771337551,1776853972784371886,31186455954383,1776853789441.338,13.034,49.972,0.018101,0.346213,0.000000,2.653143,-0.000000,-0.000000,0.000000,0.000000,0.000000,-0.019164
2949,go2_001,183390000000,1776853972832460338,1776853972834330069,31186505912659,1776853789442.460,1.870,49.958,0.018101,0.346213,0.000000,2.659902,-0.000000,-0.000000,0.000000,0.000000,0.000000,0.238063
2950,go2_001,183430000000,1776853972874043106,1776853972884375943,31186555958428,1776853789444.043,10.333,50.046,0.018101,0.346213,0.000000,2.684116,-0.000000,-0.000000,0.000000,0.000000,0.000000,0.588979
2951,go2_001,183475000000,1776853972914684303,1776853972934397528,31186605980538,1776853789439.684,19.713,50.022,0.018101,0.346213,0.000000,2.721460,-0.000000,-0.000000,0.000000,0.000000,0.000000,0.808806
2952,go2_001,183515000000,1776853972966106538,1776853972984414672,31186655997402,1776853789451.106,18.308,50.017,0.018101,0.346213,0.000000,2.787165,-0.000000,-0.000000,0.000000,0.000000,0.000000,1.120413
2953,go2_001,183575000000,1776853973027449656,1776853973034355214,31186705937620,1776853789452.449,6.906,49.941,0.018101,0.346213,0.000000,2.856190,-0.000000,-0.000000,0.000000,0.000000,0.000000,1.041207
2954,go2_001,183615000000,1776853973068709686,1776853973084407989,31186755990617,1776853789453.709,15.698,50.053,0.018101,0.346213,0.000000,2.888298,-0.000000,-0.000000,0.000000,0.000000,0.000000,0.770813
2955,go2_001,183675000000,1776853973130128678,1776853973134378611,31186805961086,1776853789455.129,4.250,49.971,0.018101,0.346213,0.000000,2.908195,-0.000000,-0.000000,0.000000,0.000000,0.000000,0.332631
2956,go2_001,183735000000,1776853973171423864,1776853973184460121,31186856043071,1776853789436.424,13.036,50.082,0.018101,0.346213,0.000000,2.920205,-0.000000,-0.000000,0.000000,0.000000,0.000000,0.317914
2957,go2_001,183795000000,1776853973232892228,1776853973234336469,31186905919240,1776853789437.892,1.444,49.876,0.018101,0.346213,0.000000,2.925698,-0.000000,-0.000000,0.000000,0.000000,0.000000,0.054872
2958,go2_001,183830000000,1776853973274600377,1776853973284927254,31186956509933,1776853789444.600,10.327,50.591,0.018101,0.346213,0.000000,2.920033,-0.000000,-0.000000,0.000000,0.000000,0.000000,-0.176265
2959,go2_001,183870000000,1776853973325791908,1776853973334342998,31187005925342,1776853789455.792,8.551,49.416,0.018101,0.346213,0.000000,2.920765,-0.000000,-0.000000,0.000000,0.000000,0.000000,0.034585
2960,go2_001,183915000000,1776853973377414386,1776853973384374014,31187055956841,1776853789462.414,6.960,50.031,0.018101,0.346213,0.000000,2.951232,-0.000000,-0.000000,0.000000,0.000000,0.000000,0.596579
2961,go2_001,183970000000,1776853973428881668,1776853973434265941,31187105848163,1776853789458.882,5.384,49.892,0.018101,0.346213,0.000000,3.009902,-0.000000,-0.000000,0.000000,0.000000,0.000000,1.005833
2962,go2_001,184010000000,1776853973469889652,1776853973484428460,31187156011134,1776853789459.890,14.539,50.163,0.018101,0.346213,0.000000,3.051913,-0.000000,-0.000000,0.000000,0.000000,0.000000,1.035271
2963,go2_001,184090000000,1776853973531628482,1776853973534359400,31187205941996,1776853789441.628,2.731,49.931,0.018101,0.346213,0.000000,3.119518,-0.000000,-0.000000,0.000000,0.000000,0.000000,0.992817
2964,go2_001,184130000000,1776853973573575041,1776853973584471807,31187256054748,1776853789443.575,10.897,50.112,0.018101,0.346213,0.000000,-3.137388,-0.000000,-0.000000,0.000000,0.000000,0.000000,0.641656
2965,go2_001,184170000000,1776853973614544137,1776853973634367218,31187305949612,1776853789444.544,19.823,49.895,0.018101,0.346213,0.000000,-3.128718,-0.000000,-0.000000,0.000000,0.000000,0.000000,0.289611
2966,go2_001,184210000000,1776853973655974536,1776853973684369267,31187355951730,1776853789445.975,28.395,50.002,0.018101,0.346213,0.000000,-3.120204,-0.000000,-0.000000,0.000000,0.000000,0.000000,0.246834
2967,go2_001,184270000000,1776853973727956987,1776853973734380861,31187405963609,1776853789457.957,6.424,50.012,0.018101,0.346213,0.000000,-3.110763,-0.000000,-0.000000,0.000000,0.000000,0.000000,-0.072412
2968,go2_001,184310000000,1776853973768947615,1776853973784408441,31187455991046,1776853789458.948,15.461,50.028,0.018101,0.346213,0.000000,-3.123583,-0.000000,-0.000000,0.000000,0.000000,0.000000,-0.288330
2969,go2_001,184390000000,1776853973830596647,1776853973834297322,31187505879640,1776853789440.597,3.701,49.889,0.018101,0.346213,0.000000,-3.112828,-0.000000,-0.000000,0.000000,0.000000,0.000000,0.215858
2970,go2_001,184430000000,1776853973872268333,1776853973884347285,31187555929769,1776853789442.268,12.079,50.050,0.018101,0.346213,0.000000,-3.095241,-0.000000,-0.000000,0.000000,0.000000,0.000000,0.548255
2971,go2_001,184490000000,1776853973933798148,1776853973934239994,31187605822618,1776853789443.798,0.442,49.893,0.018101,0.346213,0.000000,-3.036352,-0.000000,-0.000000,0.000000,0.000000,0.000000,0.976365
2972,go2_001,184530000000,1776853973975117958,1776853973984381606,31187655964084,1776853789445.118,9.264,50.142,0.018101,0.346213,0.000000,-2.992045,-0.000000,-0.000000,0.000000,0.000000,0.000000,1.089637
2973,go2_001,184570000000,1776853974026644709,1776853974034349790,31187705932270,1776853789456.645,7.705,49.968,0.018101,0.346213,0.000000,-2.944448,-0.000000,-0.000000,0.000000,0.000000,0.000000,0.993143
2974,go2_001,184610000000,1776853974067772089,1776853974084380073,31187755962421,1776853789457.772,16.608,50.030,0.018101,0.346213,0.000000,-2.905689,-0.000000,-0.000000,0.000000,0.000000,0.000000,0.608024
2975,go2_001,184670000000,1776853974129198298,1776853974134351056,31187805933985,1776853789459.198,5.153,49.971,0.018101,0.346213,0.000000,-2.887513,-0.000000,-0.000000,0.000000,0.000000,0.000000,0.348624
2976,go2_001,184730000000,1776853974170383160,1776853974184349513,31187855932386,1776853789440.383,13.966,49.998,0.018101,0.346213,0.000000,-2.859965,-0.000000,-0.000000,0.000000,0.000000,0.000000,0.444861
2977,go2_001,184790000000,1776853974231979267,1776853974234271144,31187905853386,1776853789441.979,2.292,49.922,0.018101,0.346213,0.000000,-2.849487,-0.000000,-0.000000,0.000000,0.000000,0.000000,0.223016
2978,go2_001,184830000000,1776853974273200489,1776853974284362455,31187955944889,1776853789443.200,11.162,50.091,0.018101,0.346213,0.000000,-2.857774,-0.000000,-0.000000,0.000000,0.000000,0.000000,-0.153040
2979,go2_001,184870000000,1776853974314150219,1776853974334376481,31188005959173,1776853789444.150,20.226,50.014,0.018101,0.346213,0.000000,-2.856964,-0.000000,-0.000000,0.000000,0.000000,0.000000,0.006911
2980,go2_001,184930000000,1776853974375758225,1776853974384382827,31188055965194,1776853789445.758,8.625,50.006,0.018101,0.346213,0.000000,-2.826046,-0.000000,-0.000000,0.000000,0.000000,0.000000,0.563651
2981,go2_001,184970000000,1776853974427148386,1776853974434358907,31188105941369,1776853789457.148,7.211,49.976,0.018101,0.346213,0.000000,-2.777209,-0.000000,-0.000000,0.000000,0.000000,0.000000,0.880404
2982,go2_001,185010000000,1776853974468478151,1776853974484355027,31188155937449,1776853789458.478,15.877,49.996,0.018101,0.346213,0.000000,-2.731889,-0.000000,-0.000000,0.000000,0.000000,0.000000,0.974391
2983,go2_001,185070000000,1776853974530060012,1776853974534321019,31188205903286,1776853789460.060,4.261,49.966,0.018101,0.346213,0.000000,-2.677971,-0.000000,-0.000000,0.000000,0.000000,0.000000,0.790297
2984,go2_001,185130000000,1776853974571040232,1776853974584357387,31188255939719,1776853789441.040,13.317,50.036,0.018101,0.346213,0.000000,-2.654932,-0.000000,-0.000000,0.000000,0.000000,0.000000,0.588842
2985,go2_001,185190000000,1776853974632895751,1776853974634247509,31188305829671,1776853789442.896,1.352,49.890,0.018101,0.346213,0.000000,-2.628740,-0.000000,-0.000000,0.000000,0.000000,0.000000,0.443315
2986,go2_001,185230000000,1776853974673857723,1776853974684363423,31188355945784,1776853789443.858,10.506,50.116,0.018101,0.346213,0.000000,-2.609707,-0.000000,-0.000000,0.000000,0.000000,0.000000,0.503362
2987,go2_001,185270000000,1776853974715226171,1776853974734346278,31188405928719,1776853789445.226,19.120,49.983,0.018101,0.346213,0.000000,-2.590795,-0.000000,-0.000000,0.000000,0.000000,0.000000,0.464041
2988,go2_001,185330000000,1776853974777001253,1776853974784328211,31188455910600,1776853789447.001,7.327,49.982,0.018101,0.346213,0.000000,-2.582911,-0.000000,-0.000000,0.000000,0.000000,0.000000,0.056198
2989,go2_001,185370000000,1776853974828194776,1776853974834372952,31188505955356,1776853789458.195,6.178,50.045,0.018101,0.346213,0.000000,-2.574150,-0.000000,-0.000000,0.000000,0.000000,0.000000,0.166722
2990,go2_001,185410000000,1776853974869235300,1776853974884325755,31188555908026,1776853789459.235,15.090,49.953,0.018101,0.346213,0.000000,-2.556311,-0.000000,-0.000000,0.000000,0.000000,0.000000,0.383524
2991,go2_001,185490000000,1776853974930915610,1776853974934276571,31188605858735,1776853789440.916,3.361,49.951,0.018101,0.346213,0.000000,-2.502602,-0.000000,-0.000000,0.000000,0.000000,0.000000,1.032954
2992,go2_001,185530000000,1776853974972117304,1776853974984363810,31188655946126,1776853789442.117,12.247,50.087,0.018101,0.346213,0.000000,-2.455338,-0.000000,-0.000000,0.000000,0.000000,0.000000,1.221570
2993,go2_001,185590000000,1776853975033709338,1776853975034234407,31188705816660,1776853789443.709,0.525,49.871,0.018101,0.346213,0.000000,-2.405530,-0.000000,-0.000000,0.000000,0.000000,0.000000,0.740321
2994,go2_001,185630000000,1776853975074974660,1776853975084346351,31188755928798,1776853789444.975,9.372,50.112,0.018101,0.346213,0.000000,-2.382868,-0.000000,-0.000000,0.000000,0.000000,0.000000,0.532473
2995,go2_001,185670000000,1776853975116057209,1776853975134368271,31188805950737,1776853789446.057,18.311,50.022,0.018101,0.346213,0.000000,-2.370892,-0.000000,-0.000000,0.000000,0.000000,0.000000,0.313846
2996,go2_001,185710000000,1776853975157182531,1776853975184361323,31188855943698,1776853789447.183,27.179,49.993,0.018101,0.346213,0.000000,-2.362202,-0.000000,-0.000000,0.000000,0.000000,0.000000,0.260030
2997,go2_001,185770000000,1776853975229186218,1776853975234343624,31188905925965,1776853789459.186,5.157,49.982,0.018101,0.346213,0.000000,-2.340028,-0.000000,-0.000000,0.000000,0.000000,0.000000,0.146198
2998,go2_001,185810000000,1776853975270053693,1776853975284368769,31188955951112,1776853789460.054,14.315,50.025,0.018101,0.346213,0.000000,-2.336958,-0.000000,-0.000000,0.000000,0.000000,0.000000,0.058076
2999,go2_001,185890000000,1776853975331898957,1776853975334269688,31189005852069,1776853789441.899,2.371,49.901,0.018101,0.346213,0.000000,-2.324617,-0.000000,-0.000000,0.000000,0.000000,0.000000,0.251148
3000,go2_001,185930000000,1776853975372768387,1776853975384363823,31189055946268,1776853789442.768,11.595,50.094,0.018101,0.346213,0.000000,-2.304545,-0.000000,-0.000000,0.000000,0.000000,0.000000,0.517470
3001,go2_001,185990000000,1776853975434343154,1776853975434502559,31189106084806,1776853789444.343,0.159,50.139,0.018101,0.346213,0.000000,-2.258556,-0.000000,-0.000000,0.000000,0.000000,0.000000,0.747150
3002,go2_001,186030000000,1776853975475560911,1776853975484343018,31189155925358,1776853789445.561,8.782,49.840,0.018101,0.346213,0.000000,-2.213634,-0.000000,-0.000000,0.000000,0.000000,0.000000,1.009095
3003,go2_001,186070000000,1776853975516583506,1776853975534377685,31189205960531,1776853789446.583,17.794,50.035,0.018101,0.346213,0.000000,-2.163552,-0.000000,-0.000000,0.000000,0.000000,0.000000,1.146630
3004,go2_001,186110000000,1776853975567912146,1776853975584571462,31189256154029,1776853789457.912,16.659,50.194,0.018101,0.346213,0.000000,-2.124140,-0.000000,-0.000000,0.000000,0.000000,0.000000,0.839178
3005,go2_001,186170000000,1776853975629593687,1776853975634435185,31189306017799,1776853789459.594,4.841,49.864,0.018101,0.346213,0.000000,-2.086375,-0.000000,-0.000000,0.000000,0.000000,0.000000,0.484493
3006,go2_001,186230000000,1776853975670840024,1776853975684626240,31189356208565,1776853789440.840,13.786,50.191,0.018101,0.346213,0.000000,-2.060171,-0.000000,-0.000000,0.000000,0.000000,0.000000,0.421349
3007,go2_001,186290000000,1776853975732195196,1776853975734354400,31189405936570,1776853789442.195,2.159,49.728,0.018101,0.346213,0.000000,-2.056269,-0.000000,-0.000000,0.000000,0.000000,0.000000,0.128731
3008,go2_001,186330000000,1776853975773554357,1776853975784374743,31189455957292,1776853789443.554,10.820,50.020,0.018101,0.346213,0.000000,-2.062409,-0.000000,-0.000000,0.000000,0.000000,0.000000,-0.162340
3009,go2_001,186370000000,1776853975814464768,1776853975834362296,31189505944614,1776853789444.465,19.898,49.988,0.018101,0.346213,0.000000,-2.058575,-0.000000,-0.000000,0.000000,0.000000,0.000000,0.108978
3010,go2_001,186430000000,1776853975876384897,1776853975884326062,31189555908649,1776853789446.385,7.941,49.964,0.018101,0.346213,0.000000,-2.026997,-0.000000,-0.000000,0.000000,0.000000,0.000000,0.575920
3011,go2_001,186470000000,1776853975927582292,1776853975934323501,31189605905833,1776853789457.582,6.741,49.997,0.018101,0.346213,0.000000,-1.991560,-0.000000,-0.000000,0.000000,0.000000,0.000000,0.789747
3012,go2_001,186510000000,1776853975968590605,1776853975984401316,31189655983792,1776853789458.591,15.811,50.078,0.018101,0.346213,0.000000,-1.944956,-0.000000,-0.000000,0.000000,0.000000,0.000000,0.993917
3013,go2_001,186570000000,1776853976029977281,1776853976034441433,31189706023832,1776853789459.977,4.464,50.040,0.018101,0.346213,0.000000,-1.857621,-0.000000,-0.000000,0.000000,0.000000,0.000000,1.064577
3014,go2_001,186630000000,1776853976071031154,1776853976084377488,31189755961159,1776853789441.031,13.346,49.936,0.018101,0.346213,0.000000,-1.828607,-0.000000,-0.000000,0.000000,0.000000,0.000000,0.702819
3015,go2_001,186690000000,1776853976132944542,1776853976134277572,31189805859862,1776853789442.945,1.333,49.900,0.018101,0.346213,0.000000,-1.810067,-0.000000,-0.000000,0.000000,0.000000,0.000000,0.300179
3016,go2_001,186730000000,1776853976174099140,1776853976184346238,31189855928562,1776853789444.099,10.247,50.069,0.018101,0.346213,0.000000,-1.799136,-0.000000,-0.000000,0.000000,0.000000,0.000000,0.303745
3017,go2_001,186770000000,1776853976215405624,1776853976234372054,31189905954853,1776853789445.406,18.966,50.026,0.018101,0.346213,0.000000,-1.795419,-0.000000,-0.000000,0.000000,0.000000,0.000000,0.056173
3018,go2_001,186810000000,1776853976258359939,1776853976284430556,31189956013285,1776853789448.360,26.071,50.059,0.018101,0.346213,0.000000,-1.803581,-0.000000,-0.000000,0.000000,0.000000,0.000000,-0.204472
3019,go2_001,186860000000,1776853976319837613,1776853976334353862,31190005936343,1776853789459.838,14.516,49.923,0.018101,0.346213,0.000000,-1.798597,-0.000000,-0.000000,0.000000,0.000000,0.000000,0.219149
3020,go2_001,186920000000,1776853976381170103,1776853976384355866,31190055938344,1776853789461.170,3.186,50.002,0.018101,0.346213,0.000000,-1.761580,-0.000000,-0.000000,0.000000,0.000000,0.000000,0.612571
3021,go2_001,186965000000,1776853976422199737,1776853976434373835,31190105956229,1776853789457.200,12.174,50.018,0.018101,0.346213,0.000000,-1.720791,-0.000000,-0.000000,0.000000,0.000000,0.000000,0.876235
3022,go2_001,187025000000,1776853976483875458,1776853976484233604,31190155816218,1776853789458.875,0.358,49.860,0.018101,0.346213,0.000000,-1.666116,-0.000000,-0.000000,0.000000,0.000000,0.000000,0.944449
3023,go2_001,187065000000,1776853976514689732,1776853976534368631,31190205951031,1776853789449.690,19.679,50.135,0.018101,0.346213,0.000000,-1.625380,-0.000000,-0.000000,0.000000,0.000000,0.000000,1.058320
3024,go2_001,187125000000,1776853976576557407,1776853976584343069,31190255925380,1776853789451.557,7.786,49.974,0.018101,0.346213,0.000000,-1.572274,-0.000000,-0.000000,0.000000,0.000000,0.000000,0.698746
3025,go2_001,187165000000,1776853976618519940,1776853976634381097,31190305963899,1776853789453.520,15.861,50.038,0.018101,0.346213,0.000000,-1.559482,-0.000000,-0.000000,0.000000,0.000000,0.000000,0.382398
3026,go2_001,187225000000,1776853976680386723,1776853976684315313,31190355897583,1776853789455.387,3.929,49.934,0.018101,0.346213,0.000000,-1.536996,-0.000000,-0.000000,0.000000,0.000000,0.000000,0.403002
3027,go2_001,187265000000,1776853976721596719,1776853976734383026,31190405965879,1776853789456.597,12.786,50.068,0.018101,0.346213,0.000000,-1.530334,-0.000000,-0.000000,0.000000,0.000000,0.000000,0.144319
3028,go2_001,187325000000,1776853976773374370,1776853976784342319,31190455924757,1776853789448.374,10.968,49.959,0.018101,0.346213,0.000000,-1.528563,-0.000000,-0.000000,0.000000,0.000000,0.000000,0.003945
3029,go2_001,187365000000,1776853976814369017,1776853976834380944,31190505963222,1776853789449.369,20.012,50.039,0.018101,0.346213,0.000000,-1.523831,-0.000000,-0.000000,0.000000,0.000000,0.000000,0.083837
3030,go2_001,187425000000,1776853976876002248,1776853976884402858,31190555985467,1776853789451.002,8.401,50.022,0.018101,0.346213,0.000000,-1.492261,-0.000000,-0.000000,0.000000,0.000000,0.000000,0.580512
3031,go2_001,187465000000,1776853976916971753,1776853976934357300,31190605939681,1776853789451.972,17.386,49.954,0.018101,0.346213,0.000000,-1.454906,-0.000000,-0.000000,0.000000,0.000000,0.000000,0.866794
3032,go2_001,187525000000,1776853976978764465,1776853976984312941,31190655895414,1776853789453.764,5.548,49.956,0.018101,0.346213,0.000000,-1.383516,-0.000000,-0.000000,0.000000,0.000000,0.000000,1.210331
3033,go2_001,187565000000,1776853977020045627,1776853977034361677,31190705944009,1776853789455.046,14.316,50.049,0.018101,0.346213,0.000000,-1.343260,-0.000000,-0.000000,0.000000,0.000000,0.000000,1.004972
3034,go2_001,187625000000,1776853977081519708,1776853977084323514,31190755906222,1776853789456.520,2.804,49.962,0.018101,0.346213,0.000000,-1.299395,-0.000000,-0.000000,0.000000,0.000000,0.000000,0.661276
3035,go2_001,187685000000,1776853977133216142,1776853977134267556,31190805850331,1776853789448.216,1.051,49.944,0.018101,0.346213,0.000000,-1.280543,-0.000000,-0.000000,0.000000,0.000000,0.000000,0.329692
3036,go2_001,187725000000,1776853977174384517,1776853977184381514,31190855963967,1776853789449.385,9.997,50.114,0.018101,0.346213,0.000000,-1.269658,-0.000000,-0.000000,0.000000,0.000000,0.000000,0.299516
3037,go2_001,187765000000,1776853977215504680,1776853977234364014,31190905946399,1776853789450.505,18.859,49.983,0.018101,0.346213,0.000000,-1.255110,-0.000000,-0.000000,0.000000,0.000000,0.000000,0.298996
3038,go2_001,187825000000,1776853977277656034,1776853977284352334,31190955934696,1776853789452.656,6.696,49.988,0.018101,0.346213,0.000000,-1.259979,-0.000000,-0.000000,0.000000,0.000000,0.000000,-0.134000
3039,go2_001,187865000000,1776853977318903720,1776853977334371044,31191005953424,1776853789453.904,15.467,50.019,0.018101,0.346213,0.000000,-1.260390,-0.000000,-0.000000,0.000000,0.000000,0.000000,-0.016829
3040,go2_001,187925000000,1776853977380227190,1776853977384296083,31191055878334,1776853789455.227,4.069,49.925,0.018101,0.346213,0.000000,-1.235838,-0.000000,-0.000000,0.000000,0.000000,0.000000,0.474908
3041,go2_001,187965000000,1776853977421484526,1776853977434488962,31191106071641,1776853789456.485,13.004,50.193,0.018101,0.346213,0.000000,-1.203863,-0.000000,-0.000000,0.000000,0.000000,0.000000,0.765389
3042,go2_001,188025000000,1776853977483386834,1776853977484262797,31191155845155,1776853789458.387,0.876,49.774,0.018101,0.346213,0.000000,-1.142815,-0.000000,-0.000000,0.000000,0.000000,0.000000,1.040818
3043,go2_001,188065000000,1776853977514126221,1776853977534373253,31191205955599,1776853789449.126,20.247,50.110,0.018101,0.346213,0.000000,-1.104972,-0.000000,-0.000000,0.000000,0.000000,0.000000,0.981320
3044,go2_001,188125000000,1776853977575749572,1776853977584339137,31191255921595,1776853789450.750,8.590,49.966,0.018101,0.346213,0.000000,-1.059749,-0.000000,-0.000000,0.000000,0.000000,0.000000,0.546391
3045,go2_001,188165000000,1776853977616833360,1776853977634366724,31191305949169,1776853789451.833,17.533,50.028,0.018101,0.346213,0.000000,-1.048892,-0.000000,-0.000000,0.000000,0.000000,0.000000,0.337524
3046,go2_001,188225000000,1776853977678740191,1776853977684347043,31191355929411,1776853789453.740,5.607,49.980,0.018101,0.346213,0.000000,-1.018698,-0.000000,-0.000000,0.000000,0.000000,0.000000,0.567009
3047,go2_001,188265000000,1776853977719654773,1776853977734334603,31191405917051,1776853789454.655,14.680,49.988,0.018101,0.346213,0.000000,-0.994519,-0.000000,-0.000000,0.000000,0.000000,0.000000,0.547647
3048,go2_001,188325000000,1776853977781863794,1776853977784321441,31191455903816,1776853789456.864,2.458,49.987,0.018101,0.346213,0.000000,-0.985028,-0.000000,-0.000000,0.000000,0.000000,0.000000,0.104952
3049,go2_001,188360000000,1776853977823057931,1776853977834446448,31191506028968,1776853789463.058,11.389,50.125,0.018101,0.346213,0.000000,-0.977617,-0.000000,-0.000000,0.000000,0.000000,0.000000,0.170753
3050,go2_001,188400000000,1776853977864153591,1776853977884470531,31191556053393,1776853789464.154,20.317,50.024,0.018101,0.346213,0.000000,-0.960120,-0.000000,-0.000000,0.000000,0.000000,0.000000,0.399125
3051,go2_001,188465000000,1776853977915608286,1776853977934431937,31191606015071,1776853789450.608,18.824,49.961,0.018101,0.346213,0.000000,-0.933698,-0.000000,-0.000000,0.000000,0.000000,0.000000,0.580911
3052,go2_001,188520000000,1776853977977158469,1776853977984362836,31191655945311,1776853789457.158,7.204,49.931,0.018101,0.346213,0.000000,-0.873567,-0.000000,-0.000000,0.000000,0.000000,0.000000,0.889962
3053,go2_001,188560000000,1776853978018209254,1776853978034416716,31191705999043,1776853789458.209,16.207,50.054,0.018101,0.346213,0.000000,-0.832575,-0.000000,-0.000000,0.000000,0.000000,0.000000,0.822443
3054,go2_001,188625000000,1776853978079982551,1776853978084317539,31191755899858,1776853789454.983,4.335,49.901,0.018101,0.346213,0.000000,-0.790917,-0.000000,-0.000000,0.000000,0.000000,0.000000,0.594593
3055,go2_001,188660000000,1776853978120915062,1776853978134314007,31191805896320,1776853789460.915,13.399,49.996,0.018101,0.346213,0.000000,-0.778141,-0.000000,-0.000000,0.000000,0.000000,0.000000,0.426643
3056,go2_001,188720000000,1776853978182459530,1776853978184284230,31191855866414,1776853789462.460,1.825,49.970,0.018101,0.346213,0.000000,-0.754262,-0.000000,-0.000000,0.000000,0.000000,0.000000,0.444503
3057,go2_001,188760000000,1776853978223364859,1776853978234367440,31191905950278,1776853789463.365,11.003,50.083,0.018101,0.346213,0.000000,-0.736807,-0.000000,-0.000000,0.000000,0.000000,0.000000,0.445634
3058,go2_001,188800000000,1776853978264627041,1776853978284368835,31191955951798,1776853789464.627,19.742,50.001,0.018101,0.346213,0.000000,-0.721040,-0.000000,-0.000000,0.000000,0.000000,0.000000,0.383931
3059,go2_001,188865000000,1776853978316179199,1776853978334392621,31192005975067,1776853789451.179,18.213,50.024,0.018101,0.346213,0.000000,-0.708654,-0.000000,-0.000000,0.000000,0.000000,0.000000,0.199053
3060,go2_001,188920000000,1776853978378597278,1776853978384382581,31192055965109,1776853789458.597,5.785,49.990,0.018101,0.346213,0.000000,-0.683635,-0.000000,-0.000000,0.000000,0.000000,0.000000,0.394289
3061,go2_001,188960000000,1776853978419671647,1776853978434360025,31192105942375,1776853789459.672,14.688,49.977,0.018101,0.346213,0.000000,-0.661450,-0.000000,-0.000000,0.000000,0.000000,0.000000,0.599576
3062,go2_001,189020000000,1776853978481249864,1776853978484258302,31192155840833,1776853789461.250,3.008,49.898,0.018101,0.346213,0.000000,-0.594226,-0.000000,-0.000000,0.000000,0.000000,0.000000,1.108607
3063,go2_001,189060000000,1776853978522470982,1776853978534345183,31192205927496,1776853789462.471,11.874,50.087,0.018101,0.346213,0.000000,-0.555961,-0.000000,-0.000000,0.000000,0.000000,0.000000,0.963762
3064,go2_001,189120000000,1776853978584190473,1776853978584347375,31192255929649,1776853789464.190,0.157,50.002,0.018101,0.346213,0.000000,-0.513591,-0.000000,-0.000000,0.000000,0.000000,0.000000,0.629669
3065,go2_001,189160000000,1776853978615042086,1776853978634363925,31192305946507,1776853789455.042,19.322,50.017,0.018101,0.346213,0.000000,-0.500722,-0.000000,-0.000000,0.000000,0.000000,0.000000,0.395400
3066,go2_001,189220000000,1776853978676792756,1776853978684298673,31192355880986,1776853789456.793,7.506,49.935,0.018101,0.346213,0.000000,-0.480983,-0.000000,-0.000000,0.000000,0.000000,0.000000,0.383786
3067,go2_001,189265000000,1776853978717705826,1776853978734344817,31192405927172,1776853789452.706,16.639,50.046,0.018101,0.346213,0.000000,-0.472192,-0.000000,-0.000000,0.000000,0.000000,0.000000,0.207086
3068,go2_001,189320000000,1776853978779366886,1776853978784373176,31192455956027,1776853789459.367,5.006,50.028,0.018101,0.346213,0.000000,-0.464538,-0.000000,-0.000000,0.000000,0.000000,0.000000,0.114734
3069,go2_001,189360000000,1776853978820876358,1776853978834440218,31192506022928,1776853789460.876,13.564,50.067,0.018101,0.346213,0.000000,-0.457001,-0.000000,-0.000000,0.000000,0.000000,0.000000,0.183258
3070,go2_001,189420000000,1776853978882473598,1776853978884295780,31192555878073,1776853789462.473,1.822,49.856,0.018101,0.346213,0.000000,-0.436928,-0.000000,-0.000000,0.000000,0.000000,0.000000,0.415452
3071,go2_001,189460000000,1776853978923439910,1776853978934329105,31192605912103,1776853789463.440,10.889,50.033,0.018101,0.346213,0.000000,-0.402916,-0.000000,-0.000000,0.000000,0.000000,0.000000,0.756032
3072,go2_001,189500000000,1776853978964627043,1776853978984365415,31192655947821,1776853789464.627,19.738,50.036,0.018101,0.346213,0.000000,-0.354185,-0.000000,-0.000000,0.000000,0.000000,0.000000,1.169438
3073,go2_001,189540000000,1776853978995644986,1776853979034388548,31192705971118,1776853789455.645,38.744,50.023,0.018101,0.346213,0.000000,-0.312337,-0.000000,-0.000000,0.000000,0.000000,0.000000,1.199728
3074,go2_001,189620000000,1776853979077833122,1776853979084440684,31192756024605,1776853789457.833,6.608,50.052,0.018101,0.346213,0.000000,-0.236279,-0.000000,-0.000000,0.000000,0.000000,0.000000,0.738758
3075,go2_001,189660000000,1776853979118937667,1776853979134507589,31192806090083,1776853789458.938,15.570,50.067,0.018101,0.346213,0.000000,-0.219070,-0.000000,-0.000000,0.000000,0.000000,0.000000,0.429917
3076,go2_001,189720000000,1776853979180790967,1776853979184339040,31192855921368,1776853789460.791,3.548,49.831,0.018101,0.346213,0.000000,-0.207051,-0.000000,-0.000000,0.000000,0.000000,0.000000,0.225914
3077,go2_001,189760000000,1776853979221863590,1776853979234354885,31192905937251,1776853789461.864,12.491,50.016,0.018101,0.346213,0.000000,-0.201180,-0.000000,-0.000000,0.000000,0.000000,0.000000,0.126744
3078,go2_001,189820000000,1776853979283382698,1776853979284275400,31192955857768,1776853789463.383,0.893,49.921,0.018101,0.346213,0.000000,-0.203012,-0.000000,-0.000000,0.000000,0.000000,0.000000,-0.120130
3079,go2_001,189860000000,1776853979324713846,1776853979334370084,31193005952735,1776853789464.714,9.656,50.095,0.018101,0.346213,0.000000,-0.207819,-0.000000,-0.000000,0.000000,0.000000,0.000000,-0.112127
3080,go2_001,189900000000,1776853979367965951,1776853979384796985,31193056379686,1776853789467.966,16.831,50.427,0.018101,0.346213,0.000000,-0.194702,-0.000000,-0.000000,0.000000,0.000000,0.000000,0.313356
3081,go2_001,189950000000,1776853979430830546,1776853979434426308,31193106008941,1776853789480.831,3.596,49.629,0.018101,0.346213,0.000000,-0.150157,-0.000000,-0.000000,0.000000,0.000000,0.000000,0.819134
3082,go2_001,190010000000,1776853979472817959,1776853979485007784,31193156590775,1776853789462.818,12.190,50.581,0.018101,0.346213,0.000000,-0.107486,-0.000000,-0.000000,0.000000,0.000000,0.000000,0.916387
3083,go2_001,190070000000,1776853979533828945,1776853979534239391,31193205821718,1776853789463.829,0.410,49.232,0.018101,0.346213,0.000000,-0.039583,-0.000000,-0.000000,0.000000,0.000000,0.000000,1.140485
3084,go2_001,190095000000,1776853979554413903,1776853979584332691,31193255915022,1776853789459.414,29.919,50.093,0.018101,0.346213,0.000000,-0.011532,-0.000000,-0.000000,0.000000,0.000000,0.000000,1.078435
3085,go2_001,190155000000,1776853979626272318,1776853979634467435,31193306050074,1776853789471.272,8.195,50.135,0.018101,0.346213,0.000000,0.023015,-0.000000,-0.000000,0.000000,0.000000,0.000000,0.353318
3086,go2_001,190195000000,1776853979667380581,1776853979684382880,31193355965359,1776853789472.381,17.002,49.915,0.018101,0.346213,0.000000,0.029935,-0.000000,-0.000000,0.000000,0.000000,0.000000,0.231867
3087,go2_001,190255000000,1776853979729053659,1776853979734329700,31193405911972,1776853789474.054,5.276,49.947,0.018101,0.346213,0.000000,0.046923,-0.000000,-0.000000,0.000000,0.000000,0.000000,0.224999
3088,go2_001,190315000000,1776853979770363722,1776853979784374971,31193455957322,1776853789455.364,14.011,50.045,0.018101,0.346213,0.000000,0.042174,-0.000000,-0.000000,0.000000,0.000000,0.000000,-0.081896
3089,go2_001,190375000000,1776853979832329942,1776853979834281045,31193505863287,1776853789457.330,1.951,49.906,0.018101,0.346213,0.000000,0.031736,-0.000000,-0.000000,0.000000,0.000000,0.000000,-0.139171
3090,go2_001,190415000000,1776853979873799922,1776853979884370718,31193555953181,1776853789458.800,10.571,50.090,0.018101,0.346213,0.000000,0.043864,-0.000000,-0.000000,0.000000,0.000000,0.000000,0.292798
3091,go2_001,190455000000,1776853979924863224,1776853979934372060,31193605954450,1776853789469.863,9.509,50.001,0.018101,0.346213,0.000000,0.078814,-0.000000,-0.000000,0.000000,0.000000,0.000000,0.717650
3092,go2_001,190495000000,1776853979966403125,1776853979984352413,31193655934895,1776853789471.403,17.949,49.980,0.018101,0.346213,0.000000,0.131278,-0.000000,-0.000000,0.000000,0.000000,0.000000,1.008061
3093,go2_001,190555000000,1776853980027822593,1776853980034372614,31193705954904,1776853789472.823,6.550,50.020,0.018101,0.346213,0.000000,0.195596,-0.000000,-0.000000,0.000000,0.000000,0.000000,0.916018
3094,go2_001,190595000000,1776853980069098734,1776853980084343225,31193755925549,1776853789474.099,15.244,49.971,0.018101,0.346213,0.000000,0.227073,-0.000000,-0.000000,0.000000,0.000000,0.000000,0.757880
3095,go2_001,190675000000,1776853980130654905,1776853980134317798,31193805900129,1776853789455.655,3.663,49.975,0.018101,0.346213,0.000000,0.255615,-0.000000,-0.000000,0.000000,0.000000,0.000000,0.348460
3096,go2_001,190715000000,1776853980171809518,1776853980184355974,31193855938301,1776853789456.810,12.546,50.038,0.018101,0.346213,0.000000,0.262496,-0.000000,-0.000000,0.000000,0.000000,0.000000,0.376892
3097,go2_001,190775000000,1776853980233467774,1776853980234301231,31193905883523,1776853789458.468,0.833,49.945,0.018101,0.346213,0.000000,0.293498,-0.000000,-0.000000,0.000000,0.000000,0.000000,0.486371
3098,go2_001,190795000000,1776853980254198801,1776853980284359557,31193955942000,1776853789459.199,30.161,50.058,0.018101,0.346213,0.000000,0.299701,-0.000000,-0.000000,0.000000,0.000000,0.000000,0.375190
3099,go2_001,190855000000,1776853980326131174,1776853980334463583,31194006046505,1776853789471.131,8.332,50.104,0.018101,0.346213,0.000000,0.305531,-0.000000,-0.000000,0.000000,0.000000,0.000000,0.115951
3100,go2_001,190895000000,1776853980366989361,1776853980384468880,31194056051590,1776853789471.989,17.480,50.005,0.018101,0.346213,0.000000,0.317815,-0.000000,-0.000000,0.000000,0.000000,0.000000,0.285473
3101,go2_001,190950000000,1776853980429829741,1776853980434808219,31194106390849,1776853789479.830,4.978,50.339,0.018101,0.346213,0.000000,0.347123,-0.000000,-0.000000,0.000000,0.000000,0.000000,0.636217
3102,go2_001,191010000000,1776853980472030981,1776853980484386774,31194155969272,1776853789462.031,12.356,49.579,0.018101,0.346213,0.000000,0.417570,-0.000000,-0.000000,0.000000,0.000000,0.000000,1.061936
3103,go2_001,191070000000,1776853980532655717,1776853980534355837,31194205938048,1776853789462.656,1.700,49.969,0.018101,0.346213,0.000000,0.460368,-0.000000,-0.000000,0.000000,0.000000,0.000000,0.909490
3104,go2_001,191110000000,1776853980573959394,1776853980584377387,31194255959874,1776853789463.959,10.418,50.022,0.018101,0.346213,0.000000,0.491307,-0.000000,-0.000000,0.000000,0.000000,0.000000,0.757522
3105,go2_001,191150000000,1776853980616016207,1776853980634438638,31194306021355,1776853789466.016,18.422,50.061,0.018101,0.346213,0.000000,0.511165,-0.000000,-0.000000,0.000000,0.000000,0.000000,0.497541
3106,go2_001,191210000000,1776853980678324535,1776853980684685730,31194356268252,1776853789468.325,6.361,50.247,0.018101,0.346213,0.000000,0.529077,-0.000000,-0.000000,0.000000,0.000000,0.000000,0.335528
3107,go2_001,191250000000,1776853980719194535,1776853980734487273,31194406070112,1776853789469.195,15.293,49.802,0.018101,0.346213,0.000000,0.546526,-0.000000,-0.000000,0.000000,0.000000,0.000000,0.457120
3108,go2_001,191290000000,1776853980770411291,1776853980784421632,31194456004221,1776853789480.411,14.010,49.934,0.018101,0.346213,0.000000,0.556978,-0.000000,-0.000000,0.000000,0.000000,0.000000,0.121501
3109,go2_001,191365000000,1776853980832946612,1776853980834408314,31194505990684,1776853789467.947,1.462,49.987,0.018101,0.346213,0.000000,0.561712,-0.000000,-0.000000,0.000000,0.000000,0.000000,0.095353
3110,go2_001,191405000000,1776853980874741475,1776853980884391665,31194555974305,1776853789469.741,9.650,49.983,0.018101,0.346213,0.000000,0.578897,-0.000000,-0.000000,0.000000,0.000000,0.000000,0.388350
3111,go2_001,191445000000,1776853980916886784,1776853980935628085,31194607210844,1776853789471.887,18.741,51.236,0.018101,0.346213,0.000000,0.602673,-0.000000,-0.000000,0.000000,0.000000,0.000000,0.591171
3112,go2_001,191485000000,1776853980958275255,1776853980984452098,31194656034957,1776853789473.275,26.177,48.824,0.018101,0.346213,0.000000,0.636731,-0.000000,-0.000000,0.000000,0.000000,0.000000,0.837745
3113,go2_001,191545000000,1776853981020052051,1776853981034382386,31194705965147,1776853789475.052,14.330,49.930,0.018101,0.346213,0.000000,0.703104,-0.000000,-0.000000,0.000000,0.000000,0.000000,1.025062
3114,go2_001,191600000000,1776853981076620735,1776853981084556864,31194756139898,1776853789476.621,7.936,50.174,0.018101,0.346213,0.000000,0.753031,-0.000000,-0.000000,0.000000,0.000000,0.000000,0.844194
3115,go2_001,191640000000,1776853981127551952,1776853981134444893,31194806028228,1776853789487.552,6.893,49.888,0.018101,0.346213,0.000000,0.779012,-0.000000,-0.000000,0.000000,0.000000,0.000000,0.518560
3116,go2_001,191700000000,1776853981179963740,1776853981184525403,31194856108201,1776853789479.964,4.562,50.081,0.018101,0.346213,0.000000,0.803656,-0.000000,-0.000000,0.000000,0.000000,0.000000,0.530787
3117,go2_001,191740000000,1776853981221894577,1776853981234441330,31194906023924,1776853789481.895,12.547,49.916,0.018101,0.346213,0.000000,0.825766,-0.000000,-0.000000,0.000000,0.000000,0.000000,0.535533
3118,go2_001,191800000000,1776853981284022476,1776853981284285398,31194955868459,1776853789484.022,0.263,49.844,0.018101,0.346213,0.000000,0.836984,-0.000000,-0.000000,0.000000,0.000000,0.000000,0.143692
3119,go2_001,191840000000,1776853981324754167,1776853981334349622,31195005933173,1776853789484.754,9.595,50.064,0.018101,0.346213,0.000000,0.842001,-0.000000,-0.000000,0.000000,0.000000,0.000000,0.097620
3120,go2_001,191880000000,1776853981365949538,1776853981384510193,31195056093065,1776853789485.949,18.561,50.161,0.018101,0.346213,0.000000,0.865372,-0.000000,-0.000000,0.000000,0.000000,0.000000,0.470309
3121,go2_001,191940000000,1776853981428877157,1776853981434346034,31195105928503,1776853789488.877,5.469,49.836,0.018101,0.346213,0.000000,0.900400,-0.000000,-0.000000,0.000000,0.000000,0.000000,0.630915
3122,go2_001,192000000000,1776853981480082526,1776853981484455370,31195156038074,1776853789480.083,4.373,50.109,0.018101,0.346213,0.000000,0.938622,-0.000000,-0.000000,0.000000,0.000000,0.000000,0.716965
3123,go2_001,192040000000,1776853981520932051,1776853981534704062,31195206287089,1776853789480.932,13.772,50.249,0.018101,0.346213,0.000000,0.983441,-0.000000,-0.000000,0.000000,0.000000,0.000000,0.969919
3124,go2_001,192095000000,1776853981583335374,1776853981585096017,31195256678500,1776853789488.335,1.761,50.392,0.018101,0.346213,0.000000,1.033527,-0.000000,-0.000000,0.000000,0.000000,0.000000,0.756250
3125,go2_001,192140000000,1776853981624650080,1776853981634406343,31195305989034,1776853789484.650,9.756,49.310,0.018101,0.346213,0.000000,1.056288,-0.000000,-0.000000,0.000000,0.000000,0.000000,0.502900
3126,go2_001,192180000000,1776853981665801466,1776853981684449774,31195356032858,1776853789485.802,18.648,50.043,0.018101,0.346213,0.000000,1.076711,-0.000000,-0.000000,0.000000,0.000000,0.000000,0.532887
3127,go2_001,192240000000,1776853981718357341,1776853981734383863,31195405966293,1776853789478.357,16.027,49.934,0.018101,0.346213,0.000000,1.110368,-0.000000,-0.000000,0.000000,0.000000,0.000000,0.603870
3128,go2_001,192300000000,1776853981780967081,1776853981784550361,31195456132873,1776853789480.967,3.583,50.166,0.018101,0.346213,0.000000,1.115252,-0.000000,-0.000000,0.000000,0.000000,0.000000,0.060883
3129,go2_001,192340000000,1776853981822184845,1776853981834757198,31195506339803,1776853789482.185,12.572,50.207,0.018101,0.346213,0.000000,1.118640,-0.000000,-0.000000,0.000000,0.000000,0.000000,0.058147
3130,go2_001,192400000000,1776853981884101512,1776853981884337399,31195555920270,1776853789484.102,0.236,49.580,0.018101,0.346213,0.000000,1.142997,-0.000000,-0.000000,0.000000,0.000000,0.000000,0.448545
3131,go2_001,192435000000,1776853981925556844,1776853981934385623,31195605968108,1776853789490.557,8.829,50.048,0.018101,0.346213,0.000000,1.166683,-0.000000,-0.000000,0.000000,0.000000,0.000000,0.651813
3132,go2_001,192480000000,1776853981966412924,1776853981984551205,31195656133961,1776853789486.413,18.138,50.166,0.018101,0.346213,0.000000,1.206281,-0.000000,-0.000000,0.000000,0.000000,0.000000,0.856372
3133,go2_001,192540000000,1776853982030795634,1776853982034379321,31195705961781,1776853789490.795,3.584,49.828,0.018101,0.346213,0.000000,1.267978,-0.000000,-0.000000,0.000000,0.000000,0.000000,1.112121
3134,go2_001,192600000000,1776853982084084757,1776853982084335279,31195755917747,1776853789484.085,0.251,49.956,0.018101,0.346213,0.000000,1.327628,-0.000000,-0.000000,0.000000,0.000000,0.000000,0.864566
3135,go2_001,192635000000,1776853982125533099,1776853982134393654,31195805976196,1776853789490.533,8.861,50.058,0.018101,0.346213,0.000000,1.350708,-0.000000,-0.000000,0.000000,0.000000,0.000000,0.629298
3136,go2_001,192675000000,1776853982167338021,1776853982184386589,31195855969112,1776853789492.338,17.049,49.993,0.018101,0.346213,0.000000,1.370427,-0.000000,-0.000000,0.000000,0.000000,0.000000,0.456220
3137,go2_001,192735000000,1776853982229850311,1776853982234534983,31195906117723,1776853789494.850,4.685,50.148,0.018101,0.346213,0.000000,1.385956,-0.000000,-0.000000,0.000000,0.000000,0.000000,0.208720
3138,go2_001,192795000000,1776853982271305173,1776853982284397031,31195955979927,1776853789476.305,13.092,49.862,0.018101,0.346213,0.000000,1.387575,-0.000000,-0.000000,0.000000,0.000000,0.000000,0.052950
3139,go2_001,192835000000,1776853982323934137,1776853982334484423,31196006067110,1776853789488.934,10.550,50.087,0.018101,0.346213,0.000000,1.396740,-0.000000,-0.000000,0.000000,0.000000,0.000000,0.164891
3140,go2_001,192875000000,1776853982365830018,1776853982384427617,31196056010848,1776853789490.830,18.598,49.943,0.018101,0.346213,0.000000,1.413131,-0.000000,-0.000000,0.000000,0.000000,0.000000,0.354743
3141,go2_001,192915000000,1776853982408181205,1776853982434396327,31196105978774,1776853789493.181,26.215,49.969,0.018101,0.346213,0.000000,1.434368,-0.000000,-0.000000,0.000000,0.000000,0.000000,0.548297
3142,go2_001,192975000000,1776853982470433164,1776853982484966000,31196156548537,1776853789495.433,14.533,50.570,0.018101,0.346213,0.000000,1.491967,-0.000000,-0.000000,0.000000,0.000000,0.000000,0.971790
3143,go2_001,193055000000,1776853982532534989,1776853982534695183,31196206277656,1776853789477.535,2.160,49.729,0.018101,0.346213,0.000000,1.556647,-0.000000,-0.000000,0.000000,0.000000,0.000000,1.112262
3144,go2_001,193090000000,1776853982574641968,1776853982584402151,31196255984943,1776853789484.642,9.760,49.707,0.018101,0.346213,0.000000,1.599015,-0.000000,-0.000000,0.000000,0.000000,0.000000,1.029152
3145,go2_001,193135000000,1776853982628169766,1776853982634819040,31196306401755,1776853789493.170,6.649,50.417,0.018101,0.346213,0.000000,1.646021,-0.000000,-0.000000,0.000000,0.000000,0.000000,0.607618
3146,go2_001,193170000000,1776853982652766389,1776853982685039449,31196356622246,1776853789482.766,32.273,50.220,0.018101,0.346213,0.000000,1.655901,-0.000000,-0.000000,0.000000,0.000000,0.000000,0.414730
3147,go2_001,193230000000,1776853982714414098,1776853982734475906,31196406059053,1776853789484.414,20.062,49.436,0.018101,0.346213,0.000000,1.669898,-0.000000,-0.000000,0.000000,0.000000,0.000000,0.409197
3148,go2_001,193270000000,1776853982766463329,1776853982784514578,31196456097249,1776853789496.463,18.051,50.039,0.018101,0.346213,0.000000,1.684876,-0.000000,-0.000000,0.000000,0.000000,0.000000,0.293868
3149,go2_001,193335000000,1776853982828641689,1776853982834483159,31196506066143,1776853789493.642,5.841,49.969,0.018101,0.346213,0.000000,1.679756,-0.000000,-0.000000,0.000000,0.000000,0.000000,-0.191561
3150,go2_001,193370000000,1776853982870319380,1776853982884596173,31196556178802,1776853789500.320,14.277,50.113,0.018101,0.346213,0.000000,1.684220,-0.000000,-0.000000,0.000000,0.000000,0.000000,0.131043
3151,go2_001,193455000000,1776853982932210803,1776853982934351409,31196605933810,1776853789477.211,2.141,49.755,0.018101,0.346213,0.000000,1.720324,-0.000000,-0.000000,0.000000,0.000000,0.000000,0.671900
3152,go2_001,193495000000,1776853982973825772,1776853982984488254,31196656070720,1776853789478.826,10.662,50.137,0.018101,0.346213,0.000000,1.755308,-0.000000,-0.000000,0.000000,0.000000,0.000000,0.833189
3153,go2_001,193515000000,1776853983005074429,1776853983034383692,31196705965982,1776853789490.074,29.309,49.895,0.018101,0.346213,0.000000,1.779322,-0.000000,-0.000000,0.000000,0.000000,0.000000,0.912947
