seq,robot_id,source_timestamp_ns,adapter_receive_time_ns,adapter_publish_time_ns,adapter_publish_monotonic_ns,source_to_receive_ms,receive_to_publish_ms,publish_period_ms,x,y,z,yaw_rad,v_linear_x,v_linear_y,v_linear_z,v_angular_x,v_angular_y,v_angular_z
0,go2_001,31160000000,1776933960529337744,1776933960548071759,1264360449988,1776933929369.338,18.734,,-0.058539,0.057616,0.000000,0.042280,0.066452,-0.007290,0.000000,0.000000,0.000000,1.229453
1,go2_001,31220000000,1776933960591304858,1776933960598248549,1264410626343,1776933929371.305,6.944,50.177,-0.044263,0.057964,0.000000,0.093558,0.089418,-0.004331,0.000000,0.000000,0.000000,0.738738
2,go2_001,31260000000,1776933960633231315,1776933960648129414,1264460507272,1776933929373.231,14.898,49.881,-0.044860,0.057556,0.000000,0.110069,0.079961,-0.006109,0.000000,0.000000,0.000000,0.374474
3,go2_001,31320000000,1776933960695990508,1776933960698138626,1264510516578,1776933929375.990,2.148,50.009,-0.045086,0.058206,0.000000,0.128952,0.068426,-0.005303,0.000000,0.000000,0.000000,0.345106
4,go2_001,31355000000,1776933960737289140,1776933960748103049,1264560481706,1776933929382.289,10.814,49.964,-0.045538,0.058536,0.000000,0.143780,0.061588,-0.004819,0.000000,0.000000,0.000000,0.402480
5,go2_001,31395000000,1776933960777985146,1776933960798217143,1264610594680,1776933929382.985,20.232,50.114,-0.039430,0.058485,0.000000,0.156183,0.069685,-0.005619,0.000000,0.000000,0.000000,0.255453
6,go2_001,31455000000,1776933960820171316,1776933960848073292,1264660451041,1776933929365.171,27.902,49.856,-0.025683,0.065264,0.000000,0.157107,0.092248,0.007837,0.000000,0.000000,0.000000,0.077950
7,go2_001,31520000000,1776933960892221212,1776933960898137786,1264710515706,1776933929372.221,5.917,50.064,-0.018470,0.066226,0.000000,0.178077,0.095129,0.006816,0.000000,0.000000,0.000000,0.395716
8,go2_001,31555000000,1776933960933432325,1776933960948064598,1264760442135,1776933929378.432,14.632,49.927,-0.013840,0.066997,0.000000,0.203764,0.098382,0.006494,0.000000,0.000000,0.000000,0.617290
9,go2_001,31615000000,1776933960995599247,1776933960998211022,1264810589529,1776933929380.599,2.612,50.146,-0.014283,0.067463,0.000000,0.253624,0.084654,0.005806,0.000000,0.000000,0.000000,0.870936
10,go2_001,31655000000,1776933961036358778,1776933961048079250,1264860456905,1776933929381.359,11.720,49.868,-0.005975,0.070628,0.000000,0.299123,0.097027,0.008839,0.000000,0.000000,0.000000,1.052320
11,go2_001,31690000000,1776933961078846629,1776933961098187726,1264910565613,1776933929388.847,19.341,50.108,0.004931,0.071081,0.000000,0.327695,0.114986,0.003906,0.000000,0.000000,0.000000,0.839456
12,go2_001,31770000000,1776933961141999664,1776933961148289201,1264960667149,1776933929372.000,6.290,50.101,0.018725,0.078495,0.000000,0.361210,0.128833,0.010455,0.000000,0.000000,0.000000,0.404988
13,go2_001,31810000000,1776933961183487725,1776933961198143310,1265010521127,1776933929373.488,14.656,49.854,0.018232,0.079015,0.000000,0.375756,0.117052,0.009656,0.000000,0.000000,0.000000,0.373375
14,go2_001,31870000000,1776933961246474730,1776933961248153214,1265060530865,1776933929376.475,1.678,50.010,0.022310,0.081177,0.000000,0.419690,0.112953,0.008875,0.000000,0.000000,0.000000,0.609087
15,go2_001,31910000000,1776933961288051016,1776933961298281106,1265110659331,1776933929378.051,10.230,50.128,0.025597,0.083920,0.000000,0.428131,0.112410,0.010781,0.000000,0.000000,0.000000,0.202836
16,go2_001,31945000000,1776933961329498903,1776933961348139126,1265160517129,1776933929384.499,18.640,49.858,0.033979,0.088633,0.000000,0.427323,0.125815,0.013497,0.000000,0.000000,0.000000,0.007284
17,go2_001,32005000000,1776933961382464525,1776933961398178111,1265210555831,1776933929377.465,15.714,50.039,0.037526,0.093209,0.000000,0.433267,0.120761,0.017897,0.000000,0.000000,0.000000,0.216019
18,go2_001,32070000000,1776933961444551744,1776933961450963536,1265263341422,1776933929374.552,6.412,52.785,0.037349,0.093808,0.000000,0.463672,0.104157,0.015820,0.000000,0.000000,0.000000,0.527194
19,go2_001,32110000000,1776933961485608158,1776933961498082495,1265310460293,1776933929375.608,12.474,47.119,0.036916,0.093982,0.000000,0.500448,0.094132,0.014539,0.000000,0.000000,0.000000,0.860883
20,go2_001,32170000000,1776933961548219468,1776933961548626386,1265361004282,1776933929378.219,0.407,50.544,0.047440,0.097799,0.000000,0.568945,0.107414,0.009608,0.000000,0.000000,0.000000,0.897391
21,go2_001,32190000000,1776933961568720052,1776933961598106356,1265410484964,1776933929378.720,29.386,49.480,0.051353,0.100367,0.000000,0.583293,0.113606,0.010206,0.000000,0.000000,0.000000,0.794862
22,go2_001,32270000000,1776933961641711105,1776933961648287231,1265460664987,1776933929371.711,6.576,50.181,0.062234,0.107584,0.000000,0.617117,0.122819,0.009414,0.000000,0.000000,0.000000,0.426367
23,go2_001,32305000000,1776933961682907858,1776933961698273790,1265510651797,1776933929377.908,15.366,49.987,0.061170,0.107556,0.000000,0.631276,0.111312,0.008621,0.000000,0.000000,0.000000,0.375114
24,go2_001,32365000000,1776933961745052297,1776933961748119894,1265560497738,1776933929380.052,3.068,49.846,0.064120,0.110319,0.000000,0.662892,0.106255,0.007915,0.000000,0.000000,0.000000,0.582907
25,go2_001,32405000000,1776933961788433460,1776933961798380961,1265610758861,1776933929383.434,9.948,50.261,0.062603,0.113792,0.000000,0.679011,0.097789,0.014930,0.000000,0.000000,0.000000,0.410579
26,go2_001,32445000000,1776933961828590103,1776933961848136028,1265660514168,1776933929383.590,19.546,49.755,0.067497,0.119945,0.000000,0.688757,0.106408,0.018711,0.000000,0.000000,0.000000,0.186565
27,go2_001,32505000000,1776933961890681410,1776933961899723664,1265712101286,1776933929385.681,9.042,51.588,0.069237,0.124088,0.000000,0.702737,0.100840,0.020982,0.000000,0.000000,0.000000,0.320762
28,go2_001,32565000000,1776933961944697273,1776933961948177784,1265760555433,1776933929379.697,3.481,48.454,0.068577,0.124174,0.000000,0.724206,0.086450,0.018430,0.000000,0.000000,0.000000,0.428870
29,go2_001,32605000000,1776933961987196627,1776933961998140384,1265810518288,1776933929382.197,10.944,49.963,0.068182,0.124217,0.000000,0.759528,0.077805,0.016890,0.000000,0.000000,0.000000,0.850302
30,go2_001,32645000000,1776933962028943019,1776933962048142105,1265860520477,1776933929383.943,19.199,50.002,0.070291,0.128032,0.000000,0.805329,0.080053,0.018812,0.000000,0.000000,0.000000,1.071969
31,go2_001,32705000000,1776933962090979122,1776933962098179970,1265910558042,1776933929385.979,7.201,50.038,0.080820,0.137044,0.000000,0.866826,0.100955,0.015773,0.000000,0.000000,0.000000,0.819779
32,go2_001,32745000000,1776933962134048859,1776933962148208939,1265960586871,1776933929389.049,14.160,50.029,0.088094,0.149305,0.000000,0.887868,0.123632,0.023504,0.000000,0.000000,0.000000,0.526029
33,go2_001,32800000000,1776933962186096206,1776933962198233705,1266010611506,1776933929386.096,12.137,50.025,0.085170,0.151737,0.000000,0.901653,0.108254,0.027225,0.000000,0.000000,0.000000,0.273590
34,go2_001,32840000000,1776933962228085777,1776933962248105988,1266060483689,1776933929388.086,20.020,49.872,0.084534,0.151809,0.000000,0.916579,0.097919,0.024961,0.000000,0.000000,0.000000,0.408252
35,go2_001,32900000000,1776933962289370318,1776933962298337580,1266110715278,1776933929389.370,8.967,50.232,0.086843,0.154947,0.000000,0.930320,0.094347,0.021625,0.000000,0.000000,0.000000,0.193057
36,go2_001,32940000000,1776933962330863190,1776933962348195243,1266160573006,1776933929390.863,17.332,49.858,0.082047,0.144678,0.000000,0.934086,0.060580,0.010917,0.000000,0.000000,0.000000,0.077173
37,go2_001,33000000000,1776933962393966056,1776933962398049837,1266210428045,1776933929393.966,4.084,49.855,0.090712,0.147574,0.000000,0.950532,0.069148,-0.001908,0.000000,0.000000,0.000000,0.335820
38,go2_001,33040000000,1776933962445653305,1776933962448193724,1266260571380,1776933929405.653,2.540,50.144,0.090422,0.147613,0.000000,0.976215,0.061905,-0.001870,0.000000,0.000000,0.000000,0.594041
39,go2_001,33075000000,1776933962477006846,1776933962498176718,1266310554808,1776933929402.007,21.170,49.983,0.089981,0.147431,0.000000,1.002814,0.055361,-0.001815,0.000000,0.000000,0.000000,0.682161
40,go2_001,33135000000,1776933962540029878,1776933962548234299,1266360612152,1776933929405.030,8.204,50.058,0.089587,0.147550,0.000000,1.070550,0.046412,-0.001760,0.000000,0.000000,0.000000,1.032886
41,go2_001,33195000000,1776933962591729799,1776933962598404658,1266410782495,1776933929396.730,6.675,50.170,0.095267,0.157125,0.000000,1.125784,0.064490,-0.000480,0.000000,0.000000,0.000000,1.053617
42,go2_001,33235000000,1776933962644055099,1776933962648122868,1266460501087,1776933929409.055,4.068,49.718,0.098381,0.156319,0.000000,1.159109,0.060589,-0.008584,0.000000,0.000000,0.000000,0.709425
43,go2_001,33295000000,1776933962695763196,1776933962698173307,1266510551837,1776933929400.763,2.410,50.050,0.098649,0.156981,0.000000,1.181766,0.052938,-0.008730,0.000000,0.000000,0.000000,0.395738
44,go2_001,33335000000,1776933962739069741,1776933962748174363,1266560552237,1776933929404.070,9.105,50.001,0.098327,0.157085,0.000000,1.197557,0.047093,-0.008121,0.000000,0.000000,0.000000,0.416401
45,go2_001,33390000000,1776933962791097210,1776933962798392580,1266610770662,1776933929401.097,7.295,50.218,0.102804,0.164576,0.000000,1.208066,0.060302,-0.009019,0.000000,0.000000,0.000000,0.156005
46,go2_001,33450000000,1776933962842702227,1776933962848175904,1266660553701,1776933929392.702,5.474,49.783,0.102832,0.175949,0.000000,1.190623,0.074714,0.002946,0.000000,0.000000,0.000000,-0.243342
47,go2_001,33470000000,1776933962862939954,1776933962898152411,1266710530246,1776933929392.940,35.212,49.977,0.103525,0.171100,0.000000,1.184837,0.061424,-0.004101,0.000000,0.000000,0.000000,-0.315066
48,go2_001,33550000000,1776933962948288496,1776933962948577474,1266760955322,1776933929398.288,0.289,50.425,0.104983,0.166816,0.000000,1.219980,0.042568,-0.010950,0.000000,0.000000,0.000000,0.657527
49,go2_001,33590000000,1776933962987788534,1776933962998151025,1266810528969,1776933929397.788,10.362,49.574,0.104817,0.166835,0.000000,1.264945,0.037626,-0.010137,0.000000,0.000000,0.000000,0.953583
50,go2_001,33625000000,1776933963039039097,1776933963048388957,1266860767050,1776933929414.039,9.350,50.238,0.104836,0.168268,0.000000,1.308060,0.036907,-0.008596,0.000000,0.000000,0.000000,1.033998
51,go2_001,33685000000,1776933963093358699,1776933963098131971,1266910509884,1776933929408.359,4.773,49.743,0.106761,0.178491,0.000000,1.378577,0.053902,-0.004410,0.000000,0.000000,0.000000,1.171664
52,go2_001,33745000000,1776933963144894619,1776933963148298287,1266960677105,1776933929399.895,3.404,50.166,0.112734,0.184494,0.000000,1.423630,0.062634,-0.013566,0.000000,0.000000,0.000000,0.731287
53,go2_001,33785000000,1776933963186482379,1776933963198093956,1267010471684,1776933929401.482,11.612,49.796,0.112309,0.184561,0.000000,1.439598,0.056144,-0.012524,0.000000,0.000000,0.000000,0.432704
54,go2_001,33825000000,1776933963237813027,1776933963248128153,1267060505972,1776933929412.813,10.315,50.034,0.111943,0.184607,0.000000,1.454629,0.050175,-0.011559,0.000000,0.000000,0.000000,0.398131
55,go2_001,33885000000,1776933963289450865,1776933963298124137,1267110501757,1776933929404.451,8.673,49.996,0.114410,0.192145,0.000000,1.471844,0.060767,-0.012737,0.000000,0.000000,0.000000,0.131183
56,go2_001,33925000000,1776933963330892125,1776933963348196613,1267160574551,1776933929405.892,17.304,50.072,0.113730,0.200749,0.000000,1.459352,0.074056,-0.006453,0.000000,0.000000,0.000000,-0.237285
57,go2_001,33985000000,1776933963392789002,1776933963398183506,1267210561813,1776933929407.789,5.395,49.987,0.114450,0.213801,0.000000,1.460093,0.093361,-0.002537,0.000000,0.000000,0.000000,0.176710
58,go2_001,34025000000,1776933963423615565,1776933963448094388,1267260472056,1776933929398.615,24.479,49.911,0.114147,0.213635,0.000000,1.472969,0.084404,-0.002352,0.000000,0.000000,0.000000,0.358548
59,go2_001,34085000000,1776933963486094378,1776933963498139692,1267310517584,1776933929401.094,12.045,50.045,0.113719,0.213408,0.000000,1.521595,0.072325,-0.002101,0.000000,0.000000,0.000000,0.739384
60,go2_001,34105000000,1776933963506212928,1776933963548873790,1267361251988,1776933929401.213,42.661,50.734,0.113581,0.213337,0.000000,1.531826,0.068608,-0.002022,0.000000,0.000000,0.000000,0.826267
61,go2_001,34155000000,1776933963578762814,1776933963598206247,1267410584615,1776933929423.763,19.443,49.332,0.117454,0.227998,0.000000,1.596327,0.095363,-0.007568,0.000000,0.000000,0.000000,1.242893
62,go2_001,34230000000,1776933963641523597,1776933963648129619,1267460507572,1776933929411.524,6.606,49.923,0.116924,0.249118,0.000000,1.652917,0.127475,-0.003519,0.000000,0.000000,0.000000,0.713800
63,go2_001,34265000000,1776933963683053120,1776933963698145945,1267510524253,1776933929418.053,15.093,50.016,0.111735,0.248186,0.000000,1.706710,0.115163,0.007105,0.000000,0.000000,0.000000,0.386482
64,go2_001,34330000000,1776933963745161026,1776933963748077294,1267560454999,1776933929415.161,2.916,49.931,0.110660,0.248394,0.000000,1.701942,0.099689,0.006284,0.000000,0.000000,0.000000,0.253576
65,go2_001,34370000000,1776933963786460469,1776933963798210408,1267610588397,1776933929416.460,11.750,50.133,0.110197,0.248176,0.000000,1.705244,0.090285,0.005775,0.000000,0.000000,0.000000,0.226513
66,go2_001,34410000000,1776933963838201747,1776933963848355668,1267660733894,1776933929428.202,10.154,50.145,0.109844,0.247974,0.000000,1.701618,0.081602,0.005302,0.000000,0.000000,0.000000,0.009420
67,go2_001,34450000000,1776933963879267239,1776933963898114427,1267710492424,1776933929429.267,18.847,49.759,0.109262,0.256340,0.000000,1.703358,0.093797,0.004655,0.000000,0.000000,0.000000,0.103218
68,go2_001,34530000000,1776933963941786869,1776933963948111988,1267760489440,1776933929411.787,6.325,49.998,0.107738,0.272042,0.000000,1.717912,0.112256,0.003989,0.000000,0.000000,0.000000,0.244470
69,go2_001,34570000000,1776933963993126133,1776933963998566348,1267810944109,1776933929423.126,5.440,50.454,0.107528,0.271775,0.000000,1.733098,0.101736,0.003652,0.000000,0.000000,0.000000,0.471879
70,go2_001,34600000000,1776933964034611146,1776933964048059432,1267860437089,1776933929434.611,13.448,49.493,0.107490,0.270618,0.000000,1.760998,0.092139,0.003334,0.000000,0.000000,0.000000,0.818289
71,go2_001,34650000000,1776933964086125010,1776933964098191867,1267910569875,1776933929436.125,12.067,50.132,0.108445,0.272649,0.000000,1.846173,0.086043,-0.001123,0.000000,0.000000,0.000000,1.272078
72,go2_001,34690000000,1776933964140162191,1776933964148100014,1267960477797,1776933929450.162,7.938,49.908,0.113101,0.272337,0.000000,1.885737,0.075622,-0.012814,0.000000,0.000000,0.000000,0.953694
73,go2_001,34750000000,1776933964193459634,1776933964198282650,1268010660508,1776933929443.459,4.823,50.183,0.111157,0.281936,0.000000,1.929261,0.087772,-0.012523,0.000000,0.000000,0.000000,0.707584
74,go2_001,34810000000,1776933964246048967,1776933964248070245,1268060448971,1776933929436.049,2.021,49.788,0.110483,0.281722,0.000000,1.933802,0.075400,-0.011095,0.000000,0.000000,0.000000,0.266881
75,go2_001,34850000000,1776933964297580629,1776933964298052994,1268110430771,1776933929447.581,0.472,49.983,0.110119,0.281582,0.000000,1.947014,0.067919,-0.010225,0.000000,0.000000,0.000000,0.238820
76,go2_001,34870000000,1776933964318060387,1776933964348118642,1268160496674,1776933929448.060,30.058,50.066,0.109965,0.281515,0.000000,1.948142,0.064396,-0.009813,0.000000,0.000000,0.000000,0.157603
77,go2_001,34945000000,1776933964390223052,1776933964398121713,1268210499768,1776933929445.223,7.899,50.003,0.102606,0.294251,0.000000,1.938158,0.085661,-0.001336,0.000000,0.000000,0.000000,-0.178218
78,go2_001,34985000000,1776933964432881756,1776933964448125310,1268260503808,1776933929447.882,15.244,50.004,0.101304,0.303398,0.000000,1.939759,0.099172,-0.005352,0.000000,0.000000,0.000000,0.120519
79,go2_001,35040000000,1776933964494850291,1776933964498120665,1268310498629,1776933929454.850,3.270,49.995,0.101174,0.302714,0.000000,1.972813,0.085513,-0.004716,0.000000,0.000000,0.000000,0.593350
80,go2_001,35075000000,1776933964536328228,1776933964548384310,1268360762739,1776933929461.328,12.056,50.264,0.101124,0.302200,0.000000,1.994368,0.077318,-0.004329,0.000000,0.000000,0.000000,0.765111
81,go2_001,35110000000,1776933964579535784,1776933964599041209,1268411419319,1776933929469.536,19.505,50.657,0.101035,0.301742,0.000000,2.033848,0.069833,-0.003974,0.000000,0.000000,0.000000,0.974818
82,go2_001,35190000000,1776933964644720828,1776933964648233044,1268460611592,1776933929454.721,3.512,49.192,0.097057,0.316890,0.000000,2.103871,0.092775,-0.009849,0.000000,0.000000,0.000000,1.028117
83,go2_001,35230000000,1776933964685674476,1776933964699120081,1268511498039,1776933929455.674,13.446,50.887,0.089896,0.324688,0.000000,2.134014,0.107936,-0.002076,0.000000,0.000000,0.000000,0.767857
84,go2_001,35270000000,1776933964727379887,1776933964748130106,1268560507842,1776933929457.380,20.750,49.010,0.088099,0.327033,0.000000,2.157820,0.104942,-0.001748,0.000000,0.000000,0.000000,0.483881
85,go2_001,35320000000,1776933964792579547,1776933964798259099,1268610636962,1776933929472.580,5.680,50.129,0.087983,0.325747,0.000000,2.185586,0.090647,-0.001519,0.000000,0.000000,0.000000,0.492637
86,go2_001,35355000000,1776933964836706580,1776933964848585949,1268660964120,1776933929481.707,11.879,50.327,0.087841,0.325154,0.000000,2.200409,0.082133,-0.001382,0.000000,0.000000,0.000000,0.627447
87,go2_001,35390000000,1776933964868118888,1776933964898136188,1268710514005,1776933929478.119,30.017,49.550,0.083965,0.330636,0.000000,2.218822,0.091184,-0.000424,0.000000,0.000000,0.000000,0.488188
88,go2_001,35445000000,1776933964929433730,1776933964948111054,1268760488890,1776933929484.434,18.677,49.975,0.076144,0.338605,0.000000,2.220915,0.105094,0.004598,0.000000,0.000000,0.000000,0.123629
89,go2_001,35495000000,1776933964993713892,1776933964998060315,1268810437899,1776933929498.714,4.346,49.949,0.071647,0.345352,0.000000,2.236116,0.112222,0.003723,0.000000,0.000000,0.000000,0.426152
90,go2_001,35535000000,1776933965038503374,1776933965048423081,1268860801021,1776933929503.503,9.920,50.363,0.071272,0.345170,0.000000,2.259910,0.102194,0.003459,0.000000,0.000000,0.000000,0.495311
91,go2_001,35575000000,1776933965072179201,1776933965098134466,1268910512288,1776933929497.179,25.955,49.711,0.070942,0.344967,0.000000,2.284777,0.092829,0.003210,0.000000,0.000000,0.000000,0.663210
92,go2_001,35645000000,1776933965145277494,1776933965148130994,1268960508856,1776933929500.278,2.853,49.997,0.068100,0.346871,0.000000,2.340945,0.085875,0.003978,0.000000,0.000000,0.000000,0.888242
93,go2_001,35685000000,1776933965187504243,1776933965198515632,1269010893410,1776933929502.504,11.011,50.385,0.063903,0.355979,0.000000,2.375890,0.101301,-0.002766,0.000000,0.000000,0.000000,0.886900
94,go2_001,35720000000,1776933965228579123,1776933965248104622,1269060482442,1776933929508.579,19.525,49.589,0.056618,0.361695,0.000000,2.412266,0.114876,0.001272,0.000000,0.000000,0.000000,0.777469
95,go2_001,35760000000,1776933965271453763,1776933965298415841,1269110794177,1776933929511.454,26.962,50.311,0.051848,0.363193,0.000000,2.432972,0.114458,0.005973,0.000000,0.000000,0.000000,0.538432
96,go2_001,35815000000,1776933965344174061,1776933965348171765,1269160549818,1776933929529.174,3.998,49.756,0.051630,0.362256,0.000000,2.456950,0.099117,0.005295,0.000000,0.000000,0.000000,0.589615
97,go2_001,35855000000,1776933965377411101,1776933965398227768,1269210605719,1776933929522.411,20.817,50.056,0.051257,0.361869,0.000000,2.480930,0.089881,0.004894,0.000000,0.000000,0.000000,0.489352
98,go2_001,35895000000,1776933965429193939,1776933965448164664,1269260542527,1776933929534.194,18.971,49.937,0.045935,0.365890,0.000000,2.493990,0.097271,0.005686,0.000000,0.000000,0.000000,0.310694
99,go2_001,35960000000,1776933965492316843,1776933965498199428,1269310577862,1776933929532.317,5.883,50.035,0.031427,0.373727,0.000000,2.505386,0.120371,0.012920,0.000000,0.000000,0.000000,0.241973
100,go2_001,36005000000,1776933965533399734,1776933965548444943,1269360823179,1776933929528.400,15.045,50.246,0.026598,0.377582,0.000000,2.525438,0.122949,0.011408,0.000000,0.000000,0.000000,0.452134
101,go2_001,36065000000,1776933965585009119,1776933965598544104,1269410921815,1776933929520.009,13.535,50.099,0.024160,0.379163,0.000000,2.555324,0.113846,0.009223,0.000000,0.000000,0.000000,0.603819
102,go2_001,36120000000,1776933965647752848,1776933965648083274,1269460461398,1776933929527.753,0.330,49.539,0.016837,0.386778,0.000000,2.605766,0.125639,0.003034,0.000000,0.000000,0.000000,0.838554
103,go2_001,36160000000,1776933965690035111,1776933965699300096,1269511678406,1776933929530.035,9.265,51.217,0.010417,0.389798,0.000000,2.647236,0.131036,0.004757,0.000000,0.000000,0.000000,0.997405
104,go2_001,36215000000,1776933965741990350,1776933965748256363,1269560634416,1776933929526.990,6.266,48.956,-0.003352,0.398781,0.000000,2.700868,0.154253,0.003596,0.000000,0.000000,0.000000,0.975182
105,go2_001,36255000000,1776933965793576292,1776933965798137618,1269610515614,1776933929538.576,4.561,49.881,-0.009946,0.397169,0.000000,2.722875,0.151604,0.013158,0.000000,0.000000,0.000000,0.571554
106,go2_001,36295000000,1776933965835654642,1776933965848192486,1269660570265,1776933929540.655,12.538,50.055,-0.010243,0.396282,0.000000,2.746921,0.137985,0.012103,0.000000,0.000000,0.000000,0.571456
107,go2_001,36335000000,1776933965887805918,1776933965898290004,1269710669411,1776933929552.806,10.484,50.098,-0.010467,0.395468,0.000000,2.767539,0.125363,0.011122,0.000000,0.000000,0.000000,0.488762
108,go2_001,36415000000,1776933965940797766,1776933965948269813,1269760647486,1776933929525.798,7.472,49.980,-0.020727,0.396670,0.000000,2.771788,0.126876,0.015554,0.000000,0.000000,0.000000,0.092976
109,go2_001,36455000000,1776933965982481395,1776933965998266911,1269810645000,1776933929527.481,15.786,49.997,-0.030306,0.401688,0.000000,2.778699,0.141352,0.012747,0.000000,0.000000,0.000000,0.169980
110,go2_001,36495000000,1776933966035678260,1776933966048216787,1269860595027,1776933929540.678,12.539,49.950,-0.036281,0.404358,0.000000,2.794838,0.144315,0.011115,0.000000,0.000000,0.000000,0.413919
111,go2_001,36555000000,1776933966096581441,1776933966098579525,1269910957542,1776933929541.582,1.998,50.363,-0.039235,0.403862,0.000000,2.834410,0.131186,0.011773,0.000000,0.000000,0.000000,0.694981
112,go2_001,36595000000,1776933966138450050,1776933966148323733,1269960702061,1776933929543.450,9.874,49.744,-0.039173,0.403240,0.000000,2.874710,0.118842,0.010778,0.000000,0.000000,0.000000,0.946234
113,go2_001,36635000000,1776933966179534341,1776933966198418075,1270010795925,1776933929544.534,18.884,50.094,-0.044196,0.402601,0.000000,2.920892,0.118865,0.014376,0.000000,0.000000,0.000000,1.139806
114,go2_001,36710000000,1776933966242189933,1776933966248398658,1270060776680,1776933929532.190,6.209,49.981,-0.046356,0.411376,0.000000,2.990579,0.112105,-0.007262,0.000000,0.000000,0.000000,1.021308
115,go2_001,36750000000,1776933966283617667,1776933966298110989,1270110489270,1776933929533.618,14.493,49.712,-0.059138,0.410622,0.000000,3.025989,0.129623,0.002281,0.000000,0.000000,0.000000,0.796079
116,go2_001,36810000000,1776933966348324510,1776933966348585980,1270160963533,1776933929538.324,0.261,50.475,-0.059051,0.409300,0.000000,3.045823,0.111657,0.001936,0.000000,0.000000,0.000000,0.267488
117,go2_001,36850000000,1776933966389578283,1776933966398462593,1270210840556,1776933929539.578,8.884,49.877,-0.058962,0.408585,0.000000,3.053542,0.100841,0.001728,0.000000,0.000000,0.000000,0.216061
118,go2_001,36885000000,1776933966431113564,1776933966448435126,1270260813085,1776933929546.114,17.322,49.973,-0.058403,0.407974,0.000000,3.053398,0.090994,0.001542,0.000000,0.000000,0.000000,0.020294
119,go2_001,36945000000,1776933966493285458,1776933966498071219,1270310449211,1776933929548.285,4.786,49.636,-0.060031,0.409807,0.000000,3.052122,0.082871,-0.003459,0.000000,0.000000,0.000000,-0.027406
120,go2_001,37005000000,1776933966545052625,1776933966548251965,1270360630190,1776933929540.053,3.199,50.181,-0.071297,0.412411,0.000000,3.059861,0.096983,-0.005294,0.000000,0.000000,0.000000,0.312599
121,go2_001,37040000000,1776933966595896320,1776933966598067016,1270410444777,1776933929555.896,2.171,49.815,-0.077116,0.412211,0.000000,3.087103,0.102623,-0.003103,0.000000,0.000000,0.000000,0.589592
122,go2_001,37080000000,1776933966627011941,1776933966648129381,1270460507486,1776933929547.012,21.117,50.062,-0.077005,0.411810,0.000000,3.124764,0.092643,-0.002900,0.000000,0.000000,0.000000,0.937489
123,go2_001,37140000000,1776933966688735698,1776933966698290413,1270510669537,1776933929548.736,9.555,50.161,-0.085299,0.411493,0.000000,-3.100292,0.098645,-0.001359,0.000000,0.000000,0.000000,1.141107
124,go2_001,37180000000,1776933966729708341,1776933966748096183,1270560473968,1776933929549.708,18.388,49.806,-0.081470,0.414342,0.000000,-3.043156,0.080994,-0.009997,0.000000,0.000000,0.000000,1.105345
125,go2_001,37240000000,1776933966792537935,1776933966798216030,1270610593868,1776933929552.538,5.678,50.120,-0.093048,0.415602,0.000000,-3.009945,0.095788,-0.012489,0.000000,0.000000,0.000000,0.732328
126,go2_001,37280000000,1776933966836279277,1776933966848191520,1270660569501,1776933929556.279,11.912,49.975,-0.092904,0.414981,0.000000,-2.995663,0.086273,-0.011520,0.000000,0.000000,0.000000,0.364752
127,go2_001,37335000000,1776933966898348851,1776933966898671475,1270711049543,1776933929563.349,0.323,50.480,-0.092318,0.414240,0.000000,-2.979951,0.073501,-0.010177,0.000000,0.000000,0.000000,0.384024
128,go2_001,37380000000,1776933966939609040,1776933966948127250,1270760504946,1776933929559.609,8.518,49.456,-0.093046,0.413712,0.000000,-2.964844,0.066899,-0.009165,0.000000,0.000000,0.000000,0.319324
129,go2_001,37440000000,1776933966992568815,1776933966998304064,1270810682021,1776933929552.569,5.735,50.177,-0.103263,0.411315,0.000000,-2.971637,0.080664,-0.005125,0.000000,0.000000,0.000000,-0.095924
130,go2_001,37475000000,1776933967034062947,1776933967048162836,1270860540845,1776933929559.063,14.100,49.859,-0.114034,0.409426,0.000000,-2.970431,0.099172,-0.003084,0.000000,0.000000,0.000000,0.095712
131,go2_001,37535000000,1776933967096203113,1776933967098042989,1270910420777,1776933929561.203,1.840,49.880,-0.111893,0.410600,0.000000,-2.937573,0.080593,-0.005835,0.000000,0.000000,0.000000,0.597747
132,go2_001,37575000000,1776933967137291547,1776933967148070592,1270960448323,1776933929562.292,10.779,50.028,-0.111701,0.410326,0.000000,-2.903128,0.072357,-0.005374,0.000000,0.000000,0.000000,0.721603
133,go2_001,37615000000,1776933967178401751,1776933967198052777,1271010430280,1776933929563.402,19.651,49.982,-0.113358,0.409628,0.000000,-2.876453,0.069261,-0.004576,0.000000,0.000000,0.000000,0.799678
134,go2_001,37695000000,1776933967239933111,1776933967248043722,1271060421252,1776933929544.933,8.111,49.991,-0.129896,0.408298,0.000000,-2.786202,0.093304,-0.009572,0.000000,0.000000,0.000000,0.984795
135,go2_001,37735000000,1776933967280918524,1776933967298121322,1271110499106,1776933929545.918,17.203,50.078,-0.135258,0.406157,0.000000,-2.771792,0.097532,-0.007770,0.000000,0.000000,0.000000,0.716695
136,go2_001,37775000000,1776933967332102448,1776933967348073548,1271160451018,1776933929557.102,15.971,49.952,-0.134911,0.405659,0.000000,-2.753837,0.087925,-0.007140,0.000000,0.000000,0.000000,0.418248
137,go2_001,37835000000,1776933967393635282,1776933967398075573,1271210453342,1776933929558.635,4.440,50.002,-0.134437,0.405023,0.000000,-2.717772,0.074937,-0.006283,0.000000,0.000000,0.000000,0.611348
138,go2_001,37875000000,1776933967434947854,1776933967448103162,1271260481432,1776933929559.948,13.155,50.028,-0.137361,0.403706,0.000000,-2.692985,0.075104,-0.005808,0.000000,0.000000,0.000000,0.606578
139,go2_001,37935000000,1776933967496813524,1776933967498015526,1271310393793,1776933929561.813,1.202,49.912,-0.142230,0.397845,0.000000,-2.683230,0.079507,0.002695,0.000000,0.000000,0.000000,0.168775
140,go2_001,37975000000,1776933967537862523,1776933967548057609,1271360435397,1776933929562.863,10.195,50.042,-0.144589,0.393785,0.000000,-2.674714,0.080044,0.008799,0.000000,0.000000,0.000000,0.284151
141,go2_001,38015000000,1776933967579214207,1776933967598104825,1271410482748,1776933929564.214,18.891,50.047,-0.143633,0.391859,0.000000,-2.658784,0.071956,0.012272,0.000000,0.000000,0.000000,0.367852
142,go2_001,38095000000,1776933967640750653,1776933967648037509,1271460415122,1776933929545.750,7.287,49.933,-0.143013,0.391583,0.000000,-2.613968,0.057508,0.010384,0.000000,0.000000,0.000000,0.757090
143,go2_001,38135000000,1776933967681931598,1776933967698074478,1271510452573,1776933929546.932,16.143,50.037,-0.144465,0.390431,0.000000,-2.573909,0.055907,0.010061,0.000000,0.000000,0.000000,0.954269
144,go2_001,38175000000,1776933967733779286,1776933967748065203,1271560442835,1776933929558.779,14.286,49.991,-0.151230,0.388129,0.000000,-2.534163,0.066720,0.006682,0.000000,0.000000,0.000000,0.847699
145,go2_001,38235000000,1776933967795294877,1776933967798070255,1271610448518,1776933929560.295,2.775,50.005,-0.164932,0.378846,0.000000,-2.492637,0.094886,0.009031,0.000000,0.000000,0.000000,0.606758
146,go2_001,38275000000,1776933967836335570,1776933967848105086,1271660483332,1776933929561.335,11.770,50.035,-0.164641,0.376278,0.000000,-2.475914,0.088581,0.012539,0.000000,0.000000,0.000000,0.413127
147,go2_001,38335000000,1776933967897884584,1776933967898057820,1271710435430,1776933929562.885,0.173,49.953,-0.163889,0.375964,0.000000,-2.455380,0.075615,0.011029,0.000000,0.000000,0.000000,0.424805
148,go2_001,38375000000,1776933967938919624,1776933967948073182,1271760451031,1776933929563.920,9.154,50.015,-0.169248,0.373314,0.000000,-2.436736,0.082358,0.007804,0.000000,0.000000,0.000000,0.431351
149,go2_001,38435000000,1776933967980017263,1776933967998059645,1271810437620,1776933929545.017,18.042,49.986,-0.173004,0.364184,0.000000,-2.419280,0.090105,0.018017,0.000000,0.000000,0.000000,0.303938
150,go2_001,38495000000,1776933968041701299,1776933968048016123,1271860394088,1776933929546.701,6.315,49.956,-0.181019,0.357689,0.000000,-2.414633,0.101166,0.016275,0.000000,0.000000,0.000000,0.229049
151,go2_001,38535000000,1776933968082744999,1776933968098083067,1271910460690,1776933929547.745,15.338,50.067,-0.181958,0.355764,0.000000,-2.398765,0.096465,0.016438,0.000000,0.000000,0.000000,0.364618
152,go2_001,38575000000,1776933968123740458,1776933968148063208,1271960440916,1776933929548.740,24.323,49.980,-0.181502,0.355730,0.000000,-2.374461,0.087006,0.015067,0.000000,0.000000,0.000000,0.575287
153,go2_001,38635000000,1776933968195465437,1776933968197974120,1272010351834,1776933929560.465,2.509,49.911,-0.183553,0.350900,0.000000,-2.304275,0.086368,0.017723,0.000000,0.000000,0.000000,0.980480
154,go2_001,38675000000,1776933968236927483,1776933968248059602,1272060437811,1776933929561.927,11.132,50.085,-0.189846,0.345337,0.000000,-2.266864,0.098129,0.015468,0.000000,0.000000,0.000000,0.930182
155,go2_001,38735000000,1776933968298465430,1776933968298647796,1272111025213,1776933929563.466,0.182,50.588,-0.202084,0.332366,0.000000,-2.227413,0.125862,0.014969,0.000000,0.000000,0.000000,0.574073
156,go2_001,38775000000,1776933968339219228,1776933968348099616,1272160477307,1776933929564.219,8.880,49.452,-0.202788,0.330588,0.000000,-2.214172,0.119104,0.013933,0.000000,0.000000,0.000000,0.376351
157,go2_001,38835000000,1776933968380223536,1776933968398124655,1272210502519,1776933929545.223,17.901,50.025,-0.201683,0.330424,0.000000,-2.186075,0.102488,0.012176,0.000000,0.000000,0.000000,0.452121
158,go2_001,38895000000,1776933968442009570,1776933968448068663,1272260446385,1776933929547.010,6.059,49.944,-0.203736,0.327026,0.000000,-2.170018,0.098326,0.010749,0.000000,0.000000,0.000000,0.346742
159,go2_001,38935000000,1776933968484994397,1776933968499412867,1272311791765,1776933929549.994,14.418,51.344,-0.201711,0.331025,0.000000,-2.164626,0.079763,0.006351,0.000000,0.000000,0.000000,0.116459
160,go2_001,38970000000,1776933968528151276,1776933968548108793,1272360486663,1776933929558.151,19.958,48.696,-0.208143,0.323009,0.000000,-2.164785,0.097044,0.005674,0.000000,0.000000,0.000000,0.034601
161,go2_001,39025000000,1776933968590200447,1776933968598067253,1272410445142,1776933929565.200,7.867,49.958,-0.211822,0.319328,0.000000,-2.145597,0.096468,0.002742,0.000000,0.000000,0.000000,0.413226
162,go2_001,39065000000,1776933968632468387,1776933968648047120,1272460424679,1776933929567.468,15.579,49.980,-0.211417,0.319279,0.000000,-2.111180,0.087138,0.002445,0.000000,0.000000,0.000000,0.703967
163,go2_001,39120000000,1776933968693526825,1776933968698090495,1272510468268,1776933929573.527,4.564,50.043,-0.211075,0.315321,0.000000,-2.054548,0.083342,0.007036,0.000000,0.000000,0.000000,0.989795
164,go2_001,39185000000,1776933968744692756,1776933968748108166,1272560485884,1776933929559.693,3.415,50.018,-0.219037,0.303863,0.000000,-1.986508,0.103097,0.003808,0.000000,0.000000,0.000000,1.229902
165,go2_001,39225000000,1776933968785793388,1776933968798062906,1272610440493,1776933929560.793,12.270,49.955,-0.222566,0.292931,0.000000,-1.947786,0.119878,0.008702,0.000000,0.000000,0.000000,0.984529
166,go2_001,39285000000,1776933968847234982,1776933968848007153,1272660384641,1776933929562.235,0.772,49.944,-0.222212,0.292616,0.000000,-1.914648,0.104699,0.006082,0.000000,0.000000,0.000000,0.497764
167,go2_001,39325000000,1776933968888334312,1776933968898116798,1272710494308,1776933929563.334,9.782,50.110,-0.221486,0.292589,0.000000,-1.902063,0.094570,0.005510,0.000000,0.000000,0.000000,0.343090
168,go2_001,39365000000,1776933968929310993,1776933968948068985,1272760446748,1776933929564.311,18.758,49.952,-0.220865,0.292590,0.000000,-1.885853,0.085245,0.004984,0.000000,0.000000,0.000000,0.392267
169,go2_001,39425000000,1776933968990809594,1776933968998147570,1272810525692,1776933929565.810,7.338,50.079,-0.223346,0.283889,0.000000,-1.888213,0.093863,0.006404,0.000000,0.000000,0.000000,-0.090788
170,go2_001,39465000000,1776933969032143506,1776933969048119946,1272860498150,1776933929567.143,15.976,49.972,-0.223614,0.272238,0.000000,-1.899428,0.110306,0.015529,0.000000,0.000000,0.000000,-0.177219
171,go2_001,39525000000,1776933969083301492,1776933969098077019,1272910455109,1776933929558.302,14.776,49.957,-0.225849,0.268180,0.000000,-1.877673,0.105954,0.011559,0.000000,0.000000,0.000000,0.497112
172,go2_001,39585000000,1776933969144674902,1776933969148021572,1272960399192,1776933929559.675,3.347,49.945,-0.225242,0.268437,0.000000,-1.829352,0.090861,0.010057,0.000000,0.000000,0.000000,0.899043
173,go2_001,39625000000,1776933969185622846,1776933969198102843,1273010482575,1776933929560.623,12.480,50.081,-0.224814,0.268585,0.000000,-1.789027,0.081802,0.009153,0.000000,0.000000,0.000000,0.977556
174,go2_001,39685000000,1776933969247402361,1776933969248015215,1273060392848,1776933929562.402,0.613,49.912,-0.227226,0.259306,0.000000,-1.718120,0.092661,0.008028,0.000000,0.000000,0.000000,1.132483
175,go2_001,39725000000,1776933969288387752,1776933969298089196,1273110467036,1776933929563.388,9.701,50.074,-0.228499,0.249579,0.000000,-1.686890,0.106800,0.009772,0.000000,0.000000,0.000000,0.781085
176,go2_001,39765000000,1776933969329317578,1776933969348070860,1273160448655,1776933929564.318,18.753,49.982,-0.229152,0.249083,0.000000,-1.666093,0.098834,0.006275,0.000000,0.000000,0.000000,0.496087
177,go2_001,39825000000,1776933969390912713,1776933969398095925,1273210473676,1776933929565.913,7.183,50.025,-0.228224,0.249350,0.000000,-1.647823,0.084573,0.005385,0.000000,0.000000,0.000000,0.321988
178,go2_001,39865000000,1776933969432116598,1776933969448152714,1273260530958,1776933929567.116,16.036,50.057,-0.227723,0.249521,0.000000,-1.632787,0.076018,0.004851,0.000000,0.000000,0.000000,0.273390
179,go2_001,39925000000,1776933969493427641,1776933969498070725,1273310448309,1776933929568.427,4.643,49.918,-0.226257,0.234964,0.000000,-1.641668,0.097634,0.012483,0.000000,0.000000,0.000000,-0.211949
180,go2_001,39985000000,1776933969544648800,1776933969548026344,1273360403935,1776933929559.649,3.378,49.956,-0.225432,0.225769,0.000000,-1.644772,0.104517,0.014965,0.000000,0.000000,0.000000,0.059786
181,go2_001,40025000000,1776933969586349011,1776933969599002847,1273411380784,1776933929561.349,12.654,50.977,-0.225316,0.221925,0.000000,-1.631945,0.104062,0.014507,0.000000,0.000000,0.000000,0.317841
182,go2_001,40060000000,1776933969630181221,1776933969648428565,1273460806390,1776933929570.181,18.247,49.426,-0.225081,0.222689,0.000000,-1.609958,0.093982,0.013217,0.000000,0.000000,0.000000,0.608372
183,go2_001,40100000000,1776933969682065853,1776933969699330611,1273511708312,1776933929582.066,17.265,50.902,-0.224771,0.222919,0.000000,-1.560977,0.084761,0.012054,0.000000,0.000000,0.000000,0.938157
184,go2_001,40170000000,1776933969743756052,1776933969748045375,1273560423296,1776933929573.756,4.289,48.715,-0.223745,0.215449,0.000000,-1.477263,0.088653,0.012274,0.000000,0.000000,0.000000,1.247062
185,go2_001,40210000000,1776933969784676624,1776933969798054676,1273610432186,1776933929574.677,13.378,50.009,-0.222455,0.205560,0.000000,-1.448689,0.103494,0.014184,0.000000,0.000000,0.000000,0.813875
186,go2_001,40255000000,1776933969836018849,1776933969848112720,1273660490538,1776933929581.019,12.094,50.058,-0.218623,0.199372,0.000000,-1.422454,0.107285,0.020576,0.000000,0.000000,0.000000,0.446423
187,go2_001,40315000000,1776933969897851905,1776933969898032658,1273710410442,1776933929582.852,0.181,49.920,-0.217826,0.199936,0.000000,-1.409645,0.092128,0.017974,0.000000,0.000000,0.000000,0.246460
188,go2_001,40355000000,1776933969939130561,1776933969948057674,1273760435388,1776933929584.131,8.927,50.025,-0.217424,0.200264,0.000000,-1.398844,0.083011,0.016404,0.000000,0.000000,0.000000,0.266684
189,go2_001,40415000000,1776933969980238831,1776933969998101060,1273810479112,1776933929565.239,17.862,50.043,-0.219356,0.201750,0.000000,-1.393124,0.067376,0.008835,0.000000,0.000000,0.000000,-0.088651
190,go2_001,40455000000,1776933970031788631,1776933970048078840,1273860456332,1776933929576.789,16.290,49.978,-0.223390,0.209779,0.000000,-1.395120,0.041279,-0.000283,0.000000,0.000000,0.000000,-0.097580
191,go2_001,40515000000,1776933970093449034,1776933970098051587,1273910429131,1776933929578.449,4.603,49.973,-0.230827,0.214355,0.000000,-1.382844,0.022237,-0.016410,0.000000,0.000000,0.000000,0.288826
192,go2_001,40555000000,1776933970134509100,1776933970148057612,1273960435520,1776933929579.509,13.549,50.006,-0.230724,0.214361,0.000000,-1.358061,0.018770,-0.015217,0.000000,0.000000,0.000000,0.602713
193,go2_001,40615000000,1776933970196727605,1776933970198007345,1274010385504,1776933929581.728,1.280,49.950,-0.227630,0.209996,0.000000,-1.301788,0.025455,-0.008287,0.000000,0.000000,0.000000,0.946468
194,go2_001,40635000000,1776933970229177944,1776933970248109711,1274060487731,1776933929594.178,18.932,50.102,-0.229884,0.208681,0.000000,-1.278851,0.025809,-0.013964,0.000000,0.000000,0.000000,1.057331
195,go2_001,40700000000,1776933970293000441,1776933970298040137,1274110418414,1776933929593.000,5.040,49.930,-0.240740,0.210813,0.000000,-1.211542,0.010762,-0.036187,0.000000,0.000000,0.000000,1.054402
196,go2_001,40765000000,1776933970344312389,1776933970348002424,1274160379834,1776933929579.312,3.690,49.962,-0.242614,0.211567,0.000000,-1.175097,0.003634,-0.035972,0.000000,0.000000,0.000000,0.540344
197,go2_001,40805000000,1776933970385490623,1776933970398082146,1274210459631,1776933929580.490,12.592,50.080,-0.242462,0.211389,0.000000,-1.158549,0.001830,-0.033176,0.000000,0.000000,0.000000,0.429413
198,go2_001,40865000000,1776933970447332222,1776933970447939203,1274260316681,1776933929582.332,0.607,49.857,-0.240989,0.207107,0.000000,-1.129856,0.009595,-0.029265,0.000000,0.000000,0.000000,0.498677
199,go2_001,40905000000,1776933970488403167,1776933970498071025,1274310448782,1776933929583.403,9.668,50.132,-0.239436,0.202841,0.000000,-1.115094,0.017760,-0.026893,0.000000,0.000000,0.000000,0.407086
200,go2_001,40945000000,1776933970529618332,1776933970548035439,1274360412839,1776933929584.618,18.417,49.964,-0.234474,0.196098,0.000000,-1.113830,0.033517,-0.019341,0.000000,0.000000,0.000000,0.117963
201,go2_001,41005000000,1776933970581061916,1776933970598169076,1274410547223,1776933929576.062,17.107,50.134,-0.231242,0.188222,0.000000,-1.096980,0.046683,-0.017165,0.000000,0.000000,0.000000,0.333667
202,go2_001,41065000000,1776933970643174775,1776933970648075700,1274460453336,1776933929578.175,4.901,49.907,-0.230970,0.188389,0.000000,-1.067073,0.039151,-0.015136,0.000000,0.000000,0.000000,0.555362
203,go2_001,41105000000,1776933970684634231,1776933970698063039,1274510440792,1776933929579.634,13.429,49.987,-0.230802,0.188489,0.000000,-1.034244,0.034641,-0.013910,0.000000,0.000000,0.000000,0.801142
204,go2_001,41165000000,1776933970746645825,1776933970747965850,1274560343736,1776933929581.646,1.320,49.903,-0.228318,0.179371,0.000000,-0.972094,0.050327,-0.016920,0.000000,0.000000,0.000000,1.029459
205,go2_001,41205000000,1776933970787793608,1776933970798055155,1274610432877,1776933929582.794,10.262,50.089,-0.223192,0.170533,0.000000,-0.940079,0.068910,-0.014806,0.000000,0.000000,0.000000,0.822708
206,go2_001,41245000000,1776933970828835903,1776933970848040195,1274660417906,1776933929583.836,19.204,49.985,-0.223917,0.169786,0.000000,-0.917569,0.063060,-0.016975,0.000000,0.000000,0.000000,0.556527
207,go2_001,41305000000,1776933970890447422,1776933970898113636,1274710492436,1776933929585.448,7.666,50.073,-0.223438,0.170175,0.000000,-0.883508,0.053652,-0.014915,0.000000,0.000000,0.000000,0.518199
208,go2_001,41365000000,1776933970941836610,1776933970948023002,1274760400633,1776933929576.837,6.186,49.909,-0.223052,0.170510,0.000000,-0.850366,0.045367,-0.013087,0.000000,0.000000,0.000000,0.658340
209,go2_001,41405000000,1776933970983138033,1776933970998093230,1274810471404,1776933929578.138,14.955,50.070,-0.218831,0.165216,0.000000,-0.839294,0.056211,-0.011247,0.000000,0.000000,0.000000,0.332569
210,go2_001,41465000000,1776933971044983178,1776933971048042723,1274860420160,1776933929579.983,3.060,49.949,-0.210881,0.156896,0.000000,-0.833073,0.074189,-0.007028,0.000000,0.000000,0.000000,0.179841
211,go2_001,41505000000,1776933971086267935,1776933971098094590,1274910472129,1776933929581.268,11.827,50.052,-0.210076,0.158624,0.000000,-0.818414,0.065193,-0.003334,0.000000,0.000000,0.000000,0.376407
212,go2_001,41565000000,1776933971147790018,1776933971147997790,1274960375432,1776933929582.790,0.208,49.903,-0.209891,0.159059,0.000000,-0.778968,0.055567,-0.002859,0.000000,0.000000,0.000000,0.649782
213,go2_001,41605000000,1776933971189249062,1776933971198100761,1275010478372,1776933929584.249,8.852,50.103,-0.209773,0.159329,0.000000,-0.742702,0.049796,-0.002574,0.000000,0.000000,0.000000,0.882087
214,go2_001,41645000000,1776933971230153012,1776933971248117121,1275060494963,1776933929585.153,17.964,50.016,-0.204586,0.152035,0.000000,-0.695067,0.065595,-0.004810,0.000000,0.000000,0.000000,1.020662
215,go2_001,41705000000,1776933971282472978,1776933971298197801,1275110575832,1776933929577.473,15.725,50.081,-0.194014,0.138304,0.000000,-0.648846,0.096099,-0.008883,0.000000,0.000000,0.000000,0.810499
216,go2_001,41765000000,1776933971343977635,1776933971348042760,1275160420457,1776933929578.978,4.065,49.845,-0.181061,0.135359,0.000000,-0.620126,0.108843,0.006669,0.000000,0.000000,0.000000,0.441216
217,go2_001,41805000000,1776933971385490746,1776933971398107486,1275210485069,1776933929580.491,12.617,50.065,-0.180893,0.136060,0.000000,-0.603869,0.098756,0.006188,0.000000,0.000000,0.000000,0.422222
218,go2_001,41865000000,1776933971447197968,1776933971447987037,1275260364832,1776933929582.198,0.789,49.880,-0.178197,0.134492,0.000000,-0.575289,0.093329,0.005124,0.000000,0.000000,0.000000,0.451908
219,go2_001,41905000000,1776933971488276173,1776933971498117642,1275310495458,1776933929583.276,9.841,50.131,-0.179108,0.136342,0.000000,-0.566462,0.080384,0.005511,0.000000,0.000000,0.000000,0.169067
220,go2_001,41945000000,1776933971530513657,1776933971548082695,1275360460164,1776933929585.514,17.569,49.965,-0.171589,0.133517,0.000000,-0.559411,0.090981,0.010205,0.000000,0.000000,0.000000,0.167696
221,go2_001,42005000000,1776933971581973243,1776933971598085914,1275410463304,1776933929576.973,16.113,50.003,-0.161954,0.124886,0.000000,-0.546642,0.108506,0.005945,0.000000,0.000000,0.000000,0.337493
222,go2_001,42065000000,1776933971643700323,1776933971648063682,1275460441585,1776933929578.700,4.363,49.978,-0.150971,0.122122,0.000000,-0.509651,0.119294,0.013717,0.000000,0.000000,0.000000,0.693501
223,go2_001,42105000000,1776933971684926327,1776933971698056378,1275510433821,1776933929579.926,13.130,49.993,-0.146828,0.116846,0.000000,-0.472544,0.124463,0.006804,0.000000,0.000000,0.000000,0.910843
224,go2_001,42165000000,1776933971746553260,1776933971748003204,1275560380601,1776933929581.553,1.450,49.947,-0.147323,0.114216,0.000000,-0.405492,0.111281,-0.001934,0.000000,0.000000,0.000000,1.137953
225,go2_001,42205000000,1776933971787596396,1776933971798152318,1275610530486,1776933929582.596,10.556,50.149,-0.136857,0.105404,0.000000,-0.365028,0.133187,-0.008105,0.000000,0.000000,0.000000,0.995410
226,go2_001,42245000000,1776933971828745993,1776933971848075186,1275660452675,1776933929583.746,19.329,49.923,-0.124453,0.103173,0.000000,-0.337526,0.149508,0.000476,0.000000,0.000000,0.000000,0.696175
227,go2_001,42305000000,1776933971891003734,1776933971898095885,1275710473319,1776933929586.004,7.092,50.021,-0.124392,0.104781,0.000000,-0.306440,0.129634,0.000457,0.000000,0.000000,0.000000,0.452949
228,go2_001,42365000000,1776933971942220204,1776933971948058702,1275760436092,1776933929577.220,5.838,49.963,-0.124410,0.106094,0.000000,-0.288081,0.112070,0.000439,0.000000,0.000000,0.000000,0.297234
229,go2_001,42405000000,1776933971983322209,1776933971998098732,1275810476461,1776933929578.322,14.777,50.040,-0.123470,0.110152,0.000000,-0.287089,0.100330,0.008664,0.000000,0.000000,0.000000,0.066596
230,go2_001,42465000000,1776933972045471225,1776933972048054492,1275860432112,1776933929580.471,2.583,49.956,-0.110088,0.105002,0.000000,-0.286163,0.120078,0.006973,0.000000,0.000000,0.000000,0.076975
231,go2_001,42505000000,1776933972087191661,1776933972098099122,1275910477096,1776933929582.192,10.907,50.045,-0.107830,0.107120,0.000000,-0.277713,0.112840,0.011949,0.000000,0.000000,0.000000,0.297189
232,go2_001,42545000000,1776933972128092067,1776933972148111050,1275960488735,1776933929583.092,20.019,50.012,-0.108045,0.107582,0.000000,-0.254787,0.102187,0.010997,0.000000,0.000000,0.000000,0.534008
233,go2_001,42605000000,1776933972189836617,1776933972198064752,1276010442815,1776933929584.837,8.228,49.954,-0.108336,0.108272,0.000000,-0.189534,0.087784,0.009703,0.000000,0.000000,0.000000,1.004240
234,go2_001,42645000000,1776933972231555603,1776933972248087838,1276060465785,1776933929586.556,16.532,50.023,-0.103360,0.106928,0.000000,-0.132745,0.091683,0.008209,0.000000,0.000000,0.000000,1.276885
235,go2_001,42705000000,1776933972282894681,1776933972298104927,1276110482432,1776933929577.895,15.210,50.017,-0.091850,0.101417,0.000000,-0.088546,0.108920,0.000601,0.000000,0.000000,0.000000,0.849025
236,go2_001,42765000000,1776933972344621426,1776933972348038456,1276160415946,1776933929579.621,3.417,49.934,-0.076473,0.104930,0.000000,-0.055087,0.126720,0.014275,0.000000,0.000000,0.000000,0.482779
237,go2_001,42805000000,1776933972385692150,1776933972398051541,1276210428920,1776933929580.692,12.359,50.013,-0.076801,0.105749,0.000000,-0.041291,0.114904,0.013116,0.000000,0.000000,0.000000,0.361907
238,go2_001,42865000000,1776933972447470113,1776933972447983741,1276260361136,1776933929582.470,0.514,49.932,-0.077260,0.106743,0.000000,-0.024376,0.098922,0.011542,0.000000,0.000000,0.000000,0.218124
239,go2_001,42905000000,1776933972488647878,1776933972498056755,1276310434097,1776933929583.648,9.409,50.073,-0.078989,0.106159,0.000000,-0.024280,0.086059,0.007543,0.000000,0.000000,0.000000,-0.064759
240,go2_001,42945000000,1776933972529603239,1776933972548152308,1276360529710,1776933929584.603,18.549,50.096,-0.078544,0.103744,0.000000,-0.029997,0.080258,0.000727,0.000000,0.000000,0.000000,-0.080672
241,go2_001,43005000000,1776933972591340182,1776933972598301930,1276410679486,1776933929586.340,6.962,50.150,-0.067804,0.101981,0.000000,-0.020046,0.093728,-0.001405,0.000000,0.000000,0.000000,0.336873
242,go2_001,43065000000,1776933972642943544,1776933972648203420,1276460580843,1776933929577.944,5.260,49.901,-0.062474,0.102641,0.000000,0.023223,0.092600,0.000233,0.000000,0.000000,0.000000,0.798000
243,go2_001,43105000000,1776933972684123643,1776933972698090246,1276510467728,1776933929579.124,13.967,49.887,-0.062725,0.102992,0.000000,0.060441,0.083507,0.000194,0.000000,0.000000,0.000000,0.972558
244,go2_001,43165000000,1776933972745777412,1776933972748039316,1276560416658,1776933929580.778,2.262,49.949,-0.057356,0.099732,0.000000,0.125617,0.083787,-0.008591,0.000000,0.000000,0.000000,1.118019
245,go2_001,43205000000,1776933972787295309,1776933972798100877,1276610478431,1776933929582.295,10.806,50.062,-0.058392,0.095625,0.000000,0.165359,0.073578,-0.018587,0.000000,0.000000,0.000000,0.990567
246,go2_001,43245000000,1776933972828393798,1776933972848083047,1276660460692,1776933929583.394,19.689,49.982,-0.056452,0.093375,0.000000,0.196927,0.070740,-0.023575,0.000000,0.000000,0.000000,0.761359
247,go2_001,43305000000,1776933972890345781,1776933972898056484,1276710433983,1776933929585.346,7.711,49.973,-0.056593,0.094121,0.000000,0.218738,0.059986,-0.020784,0.000000,0.000000,0.000000,0.343938
248,go2_001,43345000000,1776933972931622514,1776933972948047999,1276760425664,1776933929586.623,16.425,49.992,-0.056683,0.094532,0.000000,0.235543,0.053545,-0.019100,0.000000,0.000000,0.000000,0.368366
249,go2_001,43405000000,1776933972983127556,1776933972998077854,1276810456066,1776933929578.128,14.950,50.030,-0.054015,0.097593,0.000000,0.244715,0.051290,-0.011400,0.000000,0.000000,0.000000,0.191328
250,go2_001,43465000000,1776933973044499608,1776933973048069186,1276860446871,1776933929579.500,3.570,49.991,-0.041533,0.104256,0.000000,0.240230,0.073558,0.000097,0.000000,0.000000,0.000000,-0.029683
251,go2_001,43505000000,1776933973085547633,1776933973098067666,1276910445617,1776933929580.548,12.520,49.998,-0.041015,0.106728,0.000000,0.251554,0.068712,0.004996,0.000000,0.000000,0.000000,0.353727
252,go2_001,43565000000,1776933973147432203,1776933973147999557,1276960376967,1776933929582.432,0.567,49.932,-0.041373,0.106975,0.000000,0.289337,0.058281,0.004437,0.000000,0.000000,0.000000,0.666908
253,go2_001,43605000000,1776933973189656874,1776933973198074043,1277010451514,1776933929584.657,8.417,50.074,-0.041594,0.107143,0.000000,0.330042,0.052034,0.004098,0.000000,0.000000,0.000000,0.949743
254,go2_001,43645000000,1776933973230584281,1776933973248101133,1277060478729,1776933929585.584,17.517,50.027,-0.037242,0.110638,0.000000,0.380123,0.058105,0.008828,0.000000,0.000000,0.000000,1.181065
255,go2_001,43705000000,1776933973292558640,1776933973298050475,1277110428097,1776933929587.559,5.492,49.949,-0.029693,0.111264,0.000000,0.442932,0.067285,0.003980,0.000000,0.000000,0.000000,0.781801
256,go2_001,43765000000,1776933973344030441,1776933973348093488,1277160471135,1776933929579.031,4.063,50.043,-0.021343,0.113330,0.000000,0.467204,0.076865,0.001185,0.000000,0.000000,0.000000,0.420729
257,go2_001,43805000000,1776933973385183904,1776933973398161198,1277210539267,1776933929580.184,12.977,50.068,-0.021715,0.113673,0.000000,0.474508,0.069153,0.001100,0.000000,0.000000,0.000000,0.200362
258,go2_001,43865000000,1776933973446781583,1776933973448013201,1277260390691,1776933929581.781,1.232,49.852,-0.022184,0.114061,0.000000,0.501018,0.058742,0.000984,0.000000,0.000000,0.000000,0.513965
259,go2_001,43905000000,1776933973488071382,1776933973498068709,1277310446375,1776933929583.072,9.997,50.056,-0.016289,0.117320,0.000000,0.515705,0.068405,0.002247,0.000000,0.000000,0.000000,0.355569
260,go2_001,43945000000,1776933973529313530,1776933973548043758,1277360421848,1776933929584.314,18.730,49.975,-0.010871,0.122666,0.000000,0.519826,0.078382,0.007924,0.000000,0.000000,0.000000,0.127119
261,go2_001,44005000000,1776933973591281203,1776933973598040427,1277410417894,1776933929586.281,6.759,49.997,-0.000432,0.128031,0.000000,0.527020,0.094141,0.007457,0.000000,0.000000,0.000000,0.221464
262,go2_001,44045000000,1776933973632525249,1776933973648067745,1277460445169,1776933929587.525,15.542,50.027,-0.000834,0.128177,0.000000,0.544833,0.085052,0.006858,0.000000,0.000000,0.000000,0.437488
263,go2_001,44105000000,1776933973694069261,1776933973698023378,1277510401012,1776933929589.069,3.954,49.956,-0.001404,0.128407,0.000000,0.604634,0.072770,0.006043,0.000000,0.000000,0.000000,0.958851
264,go2_001,44165000000,1776933973745546861,1776933973748074851,1277560452530,1776933929580.547,2.528,50.051,0.006114,0.129971,0.000000,0.651972,0.079637,-0.001061,0.000000,0.000000,0.000000,0.938096
265,go2_001,44205000000,1776933973786764953,1776933973798159974,1277610537661,1776933929581.765,11.395,50.085,0.015314,0.135309,0.000000,0.686751,0.097000,-0.001949,0.000000,0.000000,0.000000,0.832936
266,go2_001,44245000000,1776933973828001873,1776933973848076363,1277660453867,1776933929583.002,20.074,49.916,0.021459,0.145040,0.000000,0.706956,0.112339,0.008747,0.000000,0.000000,0.000000,0.533527
267,go2_001,44300000000,1776933973893867401,1776933973898306812,1277710684618,1776933929593.867,4.439,50.230,0.020170,0.145085,0.000000,0.727943,0.096824,0.007687,0.000000,0.000000,0.000000,0.425661
268,go2_001,44340000000,1776933973935106573,1776933973948029833,1277760407226,1776933929595.106,12.923,49.723,0.019650,0.145325,0.000000,0.754677,0.087597,0.007064,0.000000,0.000000,0.000000,0.609415
269,go2_001,44400000000,1776933973996756154,1776933973997981241,1277810358843,1776933929596.756,1.225,49.951,0.024050,0.150045,0.000000,0.785961,0.090695,0.007425,0.000000,0.000000,0.000000,0.288656
270,go2_001,44440000000,1776933974038507273,1776933974048066398,1277860443796,1776933929598.507,9.559,50.085,0.027958,0.156336,0.000000,0.790756,0.098775,0.011785,0.000000,0.000000,0.000000,0.163902
271,go2_001,44500000000,1776933974089392858,1776933974098060860,1277910438248,1776933929589.393,8.668,49.994,0.035570,0.162911,0.000000,0.806872,0.108598,0.009685,0.000000,0.000000,0.000000,0.377524
272,go2_001,44540000000,1776933974130664153,1776933974148144574,1277960522255,1776933929590.664,17.480,50.084,0.035047,0.163016,0.000000,0.827444,0.098344,0.008884,0.000000,0.000000,0.000000,0.483553
273,go2_001,44600000000,1776933974192427204,1776933974198092423,1278010470341,1776933929592.427,5.665,49.948,0.034329,0.163150,0.000000,0.873679,0.084462,0.007794,0.000000,0.000000,0.000000,0.845470
274,go2_001,44640000000,1776933974233944117,1776933974248080946,1278060458408,1776933929593.944,14.137,49.989,0.035284,0.165078,0.000000,0.914649,0.081568,0.007935,0.000000,0.000000,0.000000,0.983281
275,go2_001,44700000000,1776933974295352237,1776933974298143704,1278110521856,1776933929595.352,2.791,50.063,0.041762,0.172352,0.000000,0.972512,0.093258,0.006573,0.000000,0.000000,0.000000,0.914167
276,go2_001,44740000000,1776933974336681417,1776933974348099003,1278160476876,1776933929596.681,11.418,49.955,0.045256,0.181871,0.000000,0.998817,0.106769,0.013794,0.000000,0.000000,0.000000,0.588221
277,go2_001,44780000000,1776933974377740218,1776933974398088497,1278210466673,1776933929597.740,20.348,49.989,0.044511,0.181983,0.000000,1.017150,0.096615,0.012644,0.000000,0.000000,0.000000,0.382224
278,go2_001,44840000000,1776933974429344025,1776933974448062472,1278260439918,1776933929589.344,18.718,49.974,0.042910,0.181890,0.000000,1.038521,0.081572,0.012010,0.000000,0.000000,0.000000,0.488390
279,go2_001,44900000000,1776933974490929212,1776933974498071842,1278310450064,1776933929590.929,7.143,50.009,0.044438,0.188237,0.000000,1.062220,0.084118,0.015386,0.000000,0.000000,0.000000,0.321357
280,go2_001,44940000000,1776933974532116730,1776933974548111327,1278360489023,1776933929592.117,15.995,50.039,0.046862,0.196064,0.000000,1.067097,0.094648,0.019466,0.000000,0.000000,0.000000,0.110253
281,go2_001,45000000000,1776933974593716312,1776933974598176828,1278410554617,1776933929593.716,4.461,50.066,0.051814,0.205462,0.000000,1.072395,0.106102,0.018897,0.000000,0.000000,0.000000,0.218062
282,go2_001,45040000000,1776933974635094419,1776933974648109335,1278460487279,1776933929595.094,13.015,49.933,0.051331,0.205341,0.000000,1.092347,0.095970,0.017305,0.000000,0.000000,0.000000,0.449768
283,go2_001,45100000000,1776933974696717471,1776933974698017843,1278510395423,1776933929596.718,1.300,49.909,0.054534,0.208679,0.000000,1.151200,0.094175,0.011663,0.000000,0.000000,0.000000,0.908060
284,go2_001,45140000000,1776933974737875819,1776933974748088168,1278560466157,1776933929597.876,10.212,50.070,0.054010,0.206877,0.000000,1.194204,0.081480,0.008520,0.000000,0.000000,0.000000,1.048966
285,go2_001,45200000000,1776933974789445401,1776933974798071782,1278610449208,1776933929589.445,8.626,49.984,0.060766,0.216491,0.000000,1.242048,0.097084,0.002869,0.000000,0.000000,0.000000,0.888127
286,go2_001,45240000000,1776933974830541755,1776933974848058851,1278660436362,1776933929590.542,17.517,49.987,0.064208,0.228660,0.000000,1.268899,0.117262,0.007065,0.000000,0.000000,0.000000,0.680926
287,go2_001,45300000000,1776933974892780757,1776933974898080345,1278710458725,1776933929592.781,5.300,50.021,0.061414,0.230791,0.000000,1.292739,0.103905,0.011478,0.000000,0.000000,0.000000,0.377027
288,go2_001,45340000000,1776933974934182224,1776933974948101751,1278760479517,1776933929594.182,13.920,50.021,0.060759,0.230663,0.000000,1.307338,0.093914,0.010466,0.000000,0.000000,0.000000,0.347097
289,go2_001,45400000000,1776933974995854051,1776933974998123106,1278810500660,1776933929595.854,2.269,50.021,0.061331,0.234083,0.000000,1.316167,0.089575,0.009286,0.000000,0.000000,0.000000,0.122811
290,go2_001,45440000000,1776933975037054176,1776933975048106044,1278860483909,1776933929597.054,11.052,49.983,0.062279,0.234655,0.000000,1.317660,0.083818,0.006066,0.000000,0.000000,0.000000,0.052492
291,go2_001,45480000000,1776933975078320969,1776933975098069772,1278910447338,1776933929598.321,19.749,49.964,0.067655,0.245125,0.000000,1.323582,0.103163,0.001190,0.000000,0.000000,0.000000,0.193880
292,go2_001,45540000000,1776933975129934534,1776933975148048347,1278960426028,1776933929589.935,18.114,49.979,0.067644,0.250813,0.000000,1.344172,0.101717,0.003857,0.000000,0.000000,0.000000,0.467064
293,go2_001,45600000000,1776933975192105400,1776933975198037676,1279010415314,1776933929592.105,5.932,49.989,0.067025,0.250530,0.000000,1.402089,0.087272,0.003266,0.000000,0.000000,0.000000,0.979331
294,go2_001,45640000000,1776933975232675942,1776933975248192720,1279060570098,1776933929592.676,15.517,50.155,0.066092,0.255601,0.000000,1.448642,0.090237,0.007299,0.000000,0.000000,0.000000,1.157499
295,go2_001,45695000000,1776933975296672670,1776933975298186285,1279110564023,1776933929601.673,1.514,49.994,0.071826,0.260296,0.000000,1.510034,0.093305,-0.005143,0.000000,0.000000,0.000000,0.968099
296,go2_001,45735000000,1776933975339062595,1776933975348145828,1279160523845,1776933929604.063,9.083,49.960,0.071519,0.274203,0.000000,1.541878,0.116129,0.001278,0.000000,0.000000,0.000000,0.681724
297,go2_001,45775000000,1776933975379598850,1776933975398052040,1279210430164,1776933929604.599,18.453,49.906,0.070304,0.280966,0.000000,1.554719,0.120632,0.005042,0.000000,0.000000,0.000000,0.342175
298,go2_001,45855000000,1776933975441810593,1776933975448136216,1279260514182,1776933929586.811,6.326,50.084,0.068948,0.280489,0.000000,1.569977,0.098936,0.004106,0.000000,0.000000,0.000000,0.257511
299,go2_001,45895000000,1776933975483106951,1776933975498232259,1279310610281,1776933929588.107,15.125,50.096,0.068457,0.280266,0.000000,1.572855,0.089346,0.003693,0.000000,0.000000,0.000000,0.055478
300,go2_001,45935000000,1776933975534561609,1776933975548053633,1279360431090,1776933929599.562,13.492,49.821,0.068665,0.287930,0.000000,1.567320,0.099011,0.003829,0.000000,0.000000,0.000000,-0.107584
301,go2_001,45995000000,1776933975596387437,1776933975597953121,1279410330559,1776933929601.387,1.566,49.899,0.069460,0.299045,0.000000,1.570771,0.110860,0.002648,0.000000,0.000000,0.000000,0.234572
302,go2_001,46035000000,1776933975637496648,1776933975648084970,1279460462577,1776933929602.497,10.588,50.132,0.069105,0.301648,0.000000,1.597388,0.106837,0.002859,0.000000,0.000000,0.000000,0.611695
303,go2_001,46075000000,1776933975679803746,1776933975698036286,1279510413728,1776933929604.804,18.233,49.951,0.068755,0.301366,0.000000,1.638270,0.096563,0.002548,0.000000,0.000000,0.000000,0.935983
304,go2_001,46155000000,1776933975741722496,1776933975748027062,1279560404525,1776933929586.723,6.305,49.991,0.069128,0.305583,0.000000,1.704930,0.089135,-0.000723,0.000000,0.000000,0.000000,1.111157
305,go2_001,46195000000,1776933975782990565,1776933975798058907,1279610436579,1776933929587.990,15.068,50.032,0.073460,0.303357,0.000000,1.743128,0.075555,-0.011809,0.000000,0.000000,0.000000,0.948217
306,go2_001,46235000000,1776933975834502728,1776933975848163554,1279660541702,1776933929599.503,13.661,50.105,0.077587,0.305806,0.000000,1.780591,0.073435,-0.021772,0.000000,0.000000,0.000000,0.820280
307,go2_001,46295000000,1776933975896252581,1776933975898098775,1279710476426,1776933929601.253,1.846,49.935,0.077324,0.308064,0.000000,1.808878,0.067540,-0.020711,0.000000,0.000000,0.000000,0.338592
308,go2_001,46335000000,1776933975937313075,1776933975948071332,1279760448854,1776933929602.313,10.758,49.973,0.076890,0.307944,0.000000,1.825574,0.060430,-0.019096,0.000000,0.000000,0.000000,0.432577
309,go2_001,46375000000,1776933975978847494,1776933975998086035,1279810463765,1776933929603.847,19.239,50.015,0.075863,0.312855,0.000000,1.842688,0.065924,-0.017567,0.000000,0.000000,0.000000,0.402347
310,go2_001,46455000000,1776933976041372489,1776933976048086093,1279860463774,1776933929586.373,6.714,50.000,0.067462,0.322925,0.000000,1.841668,0.079182,-0.001546,0.000000,0.000000,0.000000,0.020767
311,go2_001,46495000000,1776933976082282015,1776933976098237964,1279910615620,1776933929587.282,15.956,50.152,0.066447,0.327893,0.000000,1.844194,0.083296,-0.001837,0.000000,0.000000,0.000000,0.137033
312,go2_001,46555000000,1776933976144017069,1776933976148062633,1279960440292,1776933929589.017,4.046,49.825,0.066126,0.327496,0.000000,1.875223,0.071036,-0.001660,0.000000,0.000000,0.000000,0.509975
313,go2_001,46595000000,1776933976195475762,1776933976198217354,1280010595231,1776933929600.476,2.742,50.155,0.065897,0.327247,0.000000,1.926393,0.063685,-0.001553,0.000000,0.000000,0.000000,0.918551
314,go2_001,46635000000,1776933976236683666,1776933976248051602,1280060429219,1776933929601.684,11.368,49.834,0.064805,0.328828,0.000000,1.970373,0.061613,-0.000606,0.000000,0.000000,0.000000,1.069315
315,go2_001,46675000000,1776933976278090672,1776933976298205837,1280110583593,1776933929603.091,20.115,50.154,0.063988,0.337057,0.000000,2.001933,0.074420,-0.004683,0.000000,0.000000,0.000000,0.799184
316,go2_001,46735000000,1776933976339618786,1776933976348049165,1280160426597,1776933929604.619,8.430,49.843,0.057287,0.353824,0.000000,2.037080,0.105238,-0.002432,0.000000,0.000000,0.000000,0.529624
317,go2_001,46795000000,1776933976380905453,1776933976398095511,1280210473593,1776933929585.906,17.190,50.046,0.055612,0.356714,0.000000,2.050306,0.098593,-0.002611,0.000000,0.000000,0.000000,0.339657
318,go2_001,46855000000,1776933976442833114,1776933976448116656,1280260494244,1776933929587.833,5.284,50.021,0.055102,0.356088,0.000000,2.074975,0.084542,-0.002328,0.000000,0.000000,0.000000,0.520824
319,go2_001,46895000000,1776933976494224524,1776933976498042217,1280310419887,1776933929599.225,3.818,49.926,0.051413,0.359092,0.000000,2.101556,0.086149,0.002232,0.000000,0.000000,0.000000,0.566729
320,go2_001,46935000000,1776933976535705110,1776933976548137536,1280360515974,1776933929600.705,12.432,50.095,0.045884,0.365884,0.000000,2.109698,0.097930,0.006533,0.000000,0.000000,0.000000,0.140904
321,go2_001,46995000000,1776933976597928236,1776933976598422507,1280410801442,1776933929602.928,0.494,50.285,0.041942,0.374394,0.000000,2.118045,0.106004,0.004476,0.000000,0.000000,0.000000,0.264595
322,go2_001,47035000000,1776933976638936283,1776933976648078698,1280460456573,1776933929603.936,9.142,49.656,0.038786,0.375694,0.000000,2.131428,0.102400,0.008400,0.000000,0.000000,0.000000,0.327332
323,go2_001,47095000000,1776933976680289028,1776933976698266491,1280510644542,1776933929585.289,17.977,50.188,0.038558,0.375041,0.000000,2.168744,0.087866,0.007372,0.000000,0.000000,0.000000,0.574858
324,go2_001,47155000000,1776933976742225519,1776933976748026185,1280560403635,1776933929587.226,5.801,49.760,0.035079,0.381698,0.000000,2.220922,0.093494,0.004700,0.000000,0.000000,0.000000,1.012908
325,go2_001,47175000000,1776933976766118883,1776933976798469894,1280610847940,1776933929591.119,32.351,50.444,0.033544,0.385944,0.000000,2.239890,0.099695,0.002039,0.000000,0.000000,0.000000,0.950136
326,go2_001,47225000000,1776933976825651614,1776933976848035595,1280660413341,1776933929600.652,22.384,49.566,0.023979,0.399697,0.000000,2.285288,0.126868,0.002582,0.000000,0.000000,0.000000,0.691361
327,go2_001,47285000000,1776933976880365112,1776933976898184817,1280710562269,1776933929595.365,17.820,50.149,0.018150,0.402189,0.000000,2.305210,0.122302,0.007734,0.000000,0.000000,0.000000,0.377987
328,go2_001,47350000000,1776933976941938454,1776933976948059194,1280760436608,1776933929591.938,6.121,49.874,0.017318,0.401669,0.000000,2.338031,0.105514,0.006791,0.000000,0.000000,0.000000,0.565109
329,go2_001,47390000000,1776933976984039716,1776933976998101606,1280810479360,1776933929594.040,14.062,50.042,0.015980,0.402472,0.000000,2.355738,0.099546,0.006382,0.000000,0.000000,0.000000,0.410796
330,go2_001,47450000000,1776933977045460191,1776933977048014523,1280860391911,1776933929595.460,2.554,49.913,0.007815,0.407391,0.000000,2.363924,0.106998,0.011652,0.000000,0.000000,0.000000,0.160820
331,go2_001,47490000000,1776933977086656864,1776933977098128864,1280910506847,1776933929596.657,11.472,50.114,0.002459,0.415934,0.000000,2.370420,0.120786,0.006529,0.000000,0.000000,0.000000,0.216107
332,go2_001,47530000000,1776933977137959757,1776933977148075099,1280960452871,1776933929607.960,10.115,49.946,0.002355,0.415377,0.000000,2.399988,0.109349,0.005961,0.000000,0.000000,0.000000,0.536053
333,go2_001,47570000000,1776933977179356837,1776933977198144466,1281010522676,1776933929609.357,18.788,50.069,0.002245,0.414840,0.000000,2.430516,0.098824,0.005437,0.000000,0.000000,0.000000,0.639485
334,go2_001,47650000000,1776933977241670113,1776933977248011715,1281060389704,1776933929591.670,6.342,49.867,-0.001550,0.417370,0.000000,2.484799,0.092093,0.004774,0.000000,0.000000,0.000000,0.875591
335,go2_001,47690000000,1776933977283104033,1776933977298114731,1281110493375,1776933929593.104,15.011,50.103,-0.008609,0.423723,0.000000,2.527575,0.105755,0.004164,0.000000,0.000000,0.000000,1.017787
336,go2_001,47750000000,1776933977344999140,1776933977348021704,1281160399152,1776933929594.999,3.023,49.907,-0.022401,0.430512,0.000000,2.568295,0.125555,0.011608,0.000000,0.000000,0.000000,0.670545
337,go2_001,47790000000,1776933977386225275,1776933977398174906,1281210553642,1776933929596.225,11.950,50.153,-0.022521,0.429702,0.000000,2.587614,0.113700,0.010622,0.000000,0.000000,0.000000,0.510642
338,go2_001,47830000000,1776933977437828807,1776933977448073921,1281260451321,1776933929607.829,10.245,49.899,-0.022616,0.428961,0.000000,2.614024,0.102791,0.009712,0.000000,0.000000,0.000000,0.475007
339,go2_001,47870000000,1776933977478896183,1776933977498271878,1281310649362,1776933929608.896,19.376,50.198,-0.024227,0.429486,0.000000,2.624467,0.097386,0.008921,0.000000,0.000000,0.000000,0.187360
340,go2_001,47950000000,1776933977540884141,1776933977548066764,1281360444256,1776933929590.884,7.183,49.795,-0.037311,0.433461,0.000000,2.631494,0.109744,0.015774,0.000000,0.000000,0.000000,0.123139
341,go2_001,47990000000,1776933977581959393,1776933977598099511,1281410477038,1776933929591.959,16.140,50.033,-0.043426,0.439822,0.000000,2.641179,0.120190,0.009454,0.000000,0.000000,0.000000,0.295737
342,go2_001,48050000000,1776933977644390715,1776933977648052827,1281460430224,1776933929594.391,3.662,49.953,-0.043324,0.438991,0.000000,2.680740,0.103359,0.008235,0.000000,0.000000,0.000000,0.616089
343,go2_001,48090000000,1776933977685983005,1776933977698051635,1281510429192,1776933929595.983,12.069,49.999,-0.043267,0.438469,0.000000,2.712875,0.093255,0.007500,0.000000,0.000000,0.000000,0.752864
344,go2_001,48130000000,1776933977737831245,1776933977748295527,1281560672998,1776933929607.831,10.464,50.244,-0.044045,0.438132,0.000000,2.755431,0.085864,0.007441,0.000000,0.000000,0.000000,0.870244
345,go2_001,48170000000,1776933977780207844,1776933977798179794,1281610557456,1776933929610.208,17.972,49.884,-0.051709,0.443379,0.000000,2.817739,0.099464,0.003692,0.000000,0.000000,0.000000,1.241547
346,go2_001,48220000000,1776933977831308804,1776933977848044686,1281660422388,1776933929611.309,16.736,49.865,-0.064050,0.446996,0.000000,2.850440,0.117324,0.007211,0.000000,0.000000,0.000000,0.916722
347,go2_001,48285000000,1776933977892889690,1776933977898034940,1281710412529,1776933929607.890,5.145,49.990,-0.069523,0.446961,0.000000,2.887929,0.111716,0.008740,0.000000,0.000000,0.000000,0.485567
348,go2_001,48345000000,1776933977944449825,1776933977948164905,1281760542563,1776933929599.450,3.715,50.130,-0.069441,0.445853,0.000000,2.911057,0.095942,0.007598,0.000000,0.000000,0.000000,0.432996
349,go2_001,48385000000,1776933977985860174,1776933978000834887,1281813212410,1776933929600.860,14.975,52.670,-0.072595,0.446462,0.000000,2.917819,0.094692,0.007005,0.000000,0.000000,0.000000,0.094974
350,go2_001,48425000000,1776933978028191521,1776933978048268492,1281860647481,1776933929603.192,20.077,47.434,-0.079717,0.447020,0.000000,2.914422,0.102120,0.009895,0.000000,0.000000,0.000000,-0.039337
351,go2_001,48485000000,1776933978090035223,1776933978098075653,1281910453126,1776933929605.035,8.040,49.807,-0.095050,0.449875,0.000000,2.912245,0.123844,0.012147,0.000000,0.000000,0.000000,0.079961
352,go2_001,48525000000,1776933978131559647,1776933978148055823,1281960433448,1776933929606.560,16.496,49.980,-0.094828,0.449398,0.000000,2.934716,0.112088,0.011084,0.000000,0.000000,0.000000,0.490089
353,go2_001,48585000000,1776933978183143404,1776933978198152908,1282010530887,1776933929598.144,15.010,50.097,-0.094518,0.448738,0.000000,2.978831,0.096182,0.009642,0.000000,0.000000,0.000000,0.875346
354,go2_001,48645000000,1776933978247117232,1776933978248153020,1282060530540,1776933929602.117,1.036,50.000,-0.094742,0.448052,0.000000,3.036099,0.083300,0.008703,0.000000,0.000000,0.000000,0.946631
355,go2_001,48680000000,1776933978288480061,1776933978298193636,1282110571456,1776933929608.480,9.714,50.041,-0.102316,0.450018,0.000000,3.078782,0.094638,0.006656,0.000000,0.000000,0.000000,1.049504
356,go2_001,48725000000,1776933978330082503,1776933978348048434,1282160426090,1776933929605.083,17.966,49.855,-0.115114,0.451530,0.000000,3.123821,0.114999,0.007000,0.000000,0.000000,0.000000,0.882221
357,go2_001,48780000000,1776933978392401663,1776933978398008217,1282210385668,1776933929612.402,5.607,49.960,-0.120740,0.445750,0.000000,-3.130380,0.111212,0.018957,0.000000,0.000000,0.000000,0.429836
358,go2_001,48820000000,1776933978433731303,1776933978448122533,1282260500284,1776933929613.731,14.391,50.114,-0.120430,0.445063,0.000000,-3.113069,0.100519,0.017343,0.000000,0.000000,0.000000,0.434055
359,go2_001,48880000000,1776933978496337979,1776933978498032983,1282310410561,1776933929616.338,1.695,49.910,-0.119998,0.444227,0.000000,-3.097200,0.086032,0.015149,0.000000,0.000000,0.000000,0.155094
360,go2_001,48920000000,1776933978538332274,1776933978548156016,1282360533708,1776933929618.332,9.824,50.123,-0.120318,0.445370,0.000000,-3.104344,0.078612,0.010314,0.000000,0.000000,0.000000,-0.230995
361,go2_001,48980000000,1776933978590292131,1776933978598329723,1282410707442,1776933929610.292,8.038,50.174,-0.135812,0.447287,0.000000,-3.108636,0.103182,0.005441,0.000000,0.000000,0.000000,0.004523
362,go2_001,49035000000,1776933978643167284,1776933978648132883,1282460510529,1776933929608.167,4.966,49.803,-0.140519,0.447911,0.000000,-3.084492,0.100828,0.002790,0.000000,0.000000,0.000000,0.387332
363,go2_001,49075000000,1776933978696136052,1776933978698386667,1282510764317,1776933929621.136,2.251,50.254,-0.140304,0.447596,0.000000,-3.048628,0.091007,0.002455,0.000000,0.000000,0.000000,0.822082
364,go2_001,49115000000,1776933978737323833,1776933978748048797,1282560426490,1776933929622.324,10.725,49.662,-0.140085,0.447193,0.000000,-2.991340,0.081950,0.002146,0.000000,0.000000,0.000000,0.956237
365,go2_001,49155000000,1776933978779356871,1776933978798224803,1282610602632,1776933929624.357,18.868,50.176,-0.142559,0.447130,0.000000,-2.948421,0.079611,0.000690,0.000000,0.000000,0.000000,1.019876
366,go2_001,49215000000,1776933978821987470,1776933978849839839,1282662217590,1776933929606.988,27.852,51.615,-0.145836,0.450499,0.000000,-2.893984,0.075555,-0.009404,0.000000,0.000000,0.000000,0.931333
367,go2_001,49255000000,1776933978887861805,1776933978898119844,1282710497591,1776933929632.862,10.258,48.280,-0.147573,0.451960,0.000000,-2.875070,0.071896,-0.013607,0.000000,0.000000,0.000000,0.561143
368,go2_001,49305000000,1776933978936424894,1776933978948466111,1282760843778,1776933929631.425,12.041,50.346,-0.146716,0.451357,0.000000,-2.862465,0.061160,-0.012115,0.000000,0.000000,0.000000,0.349932
369,go2_001,49355000000,1776933978998220090,1776933978998520839,1282810898620,1776933929643.220,0.301,50.055,-0.146054,0.450899,0.000000,-2.837468,0.051807,-0.010802,0.000000,0.000000,0.000000,0.470344
370,go2_001,49400000000,1776933979040131889,1776933979048090837,1282860469062,1776933929640.132,7.959,49.570,-0.153581,0.449800,0.000000,-2.818621,0.063117,-0.011317,0.000000,0.000000,0.000000,0.395553
371,go2_001,49455000000,1776933979093424979,1776933979098168405,1282910546317,1776933929638.425,4.743,50.078,-0.164934,0.445105,0.000000,-2.817527,0.082038,-0.005947,0.000000,0.000000,0.000000,0.076685
372,go2_001,49495000000,1776933979136019762,1776933979148095639,1282960474034,1776933929641.020,12.076,49.927,-0.169366,0.442318,0.000000,-2.806470,0.085535,-0.002230,0.000000,0.000000,0.000000,0.293214
373,go2_001,49550000000,1776933979191445711,1776933979198374389,1283010752438,1776933929641.446,6.929,50.279,-0.168734,0.441998,0.000000,-2.772899,0.073190,-0.002057,0.000000,0.000000,0.000000,0.529150
374,go2_001,49585000000,1776933979233009337,1776933979248122369,1283060500068,1776933929648.009,15.113,49.748,-0.168278,0.441864,0.000000,-2.756222,0.065857,-0.001949,0.000000,0.000000,0.000000,0.656696
375,go2_001,49620000000,1776933979275403625,1776933979298116925,1283110494743,1776933929655.404,22.713,49.995,-0.169199,0.440935,0.000000,-2.723070,0.062770,-0.000970,0.000000,0.000000,0.000000,0.822561
376,go2_001,49670000000,1776933979342605649,1776933979349049624,1283161427255,1776933929672.606,6.444,50.933,-0.179381,0.439237,0.000000,-2.683816,0.078571,-0.005423,0.000000,0.000000,0.000000,0.882990
377,go2_001,49720000000,1776933979394829355,1776933979398174213,1283210552317,1776933929674.829,3.345,49.125,-0.185509,0.439502,0.000000,-2.642162,0.081969,-0.011737,0.000000,0.000000,0.000000,0.714193
378,go2_001,49760000000,1776933979437945611,1776933979449210048,1283261587707,1776933929677.946,11.264,51.036,-0.185171,0.439285,0.000000,-2.620483,0.073363,-0.011192,0.000000,0.000000,0.000000,0.435228
379,go2_001,49820000000,1776933979495342132,1776933979499606972,1283311985084,1776933929675.342,4.265,50.397,-0.185041,0.438746,0.000000,-2.594169,0.062672,-0.010008,0.000000,0.000000,0.000000,0.573159
380,go2_001,49855000000,1776933979539120646,1776933979548265144,1283360643072,1776933929684.121,9.144,48.658,-0.187516,0.437225,0.000000,-2.566822,0.063912,-0.009203,0.000000,0.000000,0.000000,0.689605
381,go2_001,49915000000,1776933979581270315,1776933979600129920,1283412507850,1776933929666.270,18.860,51.865,-0.191052,0.433566,0.000000,-2.533974,0.064823,-0.004922,0.000000,0.000000,0.000000,0.486701
382,go2_001,49965000000,1776933979645043883,1776933979648141017,1283460519356,1776933929680.044,3.097,48.011,-0.181756,0.427386,0.000000,-2.531559,0.044188,0.017598,0.000000,0.000000,0.000000,0.295671
383,go2_001,50005000000,1776933979686522295,1776933979699088800,1283511467145,1776933929681.522,12.567,50.948,-0.178063,0.424090,0.000000,-2.515779,0.035474,0.026952,0.000000,0.000000,0.000000,0.442642
384,go2_001,50040000000,1776933979730300596,1776933979748093942,1283560472180,1776933929690.301,17.793,49.005,-0.177842,0.424218,0.000000,-2.497704,0.031278,0.024812,0.000000,0.000000,0.000000,0.357090
385,go2_001,50100000000,1776933979792847658,1776933979798263235,1283610641210,1776933929692.848,5.416,50.169,-0.177647,0.424142,0.000000,-2.471220,0.025396,0.021939,0.000000,0.000000,0.000000,0.559459
386,go2_001,50140000000,1776933979834437678,1776933979848137304,1283660515748,1776933929694.438,13.700,49.874,-0.182966,0.420359,0.000000,-2.423945,0.037476,0.020714,0.000000,0.000000,0.000000,0.889013
387,go2_001,50200000000,1776933979897332002,1776933979898046563,1283710424857,1776933929697.332,0.715,49.909,-0.194003,0.414848,0.000000,-2.384748,0.059944,0.013511,0.000000,0.000000,0.000000,0.626009
388,go2_001,50240000000,1776933979928291305,1776933979948082593,1283760460288,1776933929688.291,19.791,50.036,-0.203768,0.406293,0.000000,-2.364879,0.084948,0.014297,0.000000,0.000000,0.000000,0.564039
389,go2_001,50300000000,1776933979989674094,1776933979998046979,1283810424629,1776933929689.674,8.373,49.964,-0.205377,0.399530,0.000000,-2.338796,0.085976,0.021124,0.000000,0.000000,0.000000,0.426337
390,go2_001,50340000000,1776933980030998836,1776933980048095562,1283860473185,1776933929690.999,17.097,50.049,-0.204974,0.399387,0.000000,-2.322181,0.077627,0.019364,0.000000,0.000000,0.000000,0.464337
391,go2_001,50400000000,1776933980092557141,1776933980098050006,1283910427489,1776933929692.557,5.493,49.954,-0.207255,0.392061,0.000000,-2.300818,0.082380,0.025559,0.000000,0.000000,0.000000,0.301464
392,go2_001,50440000000,1776933980133724478,1776933980148051393,1283960428895,1776933929693.724,14.327,50.001,-0.211940,0.381781,0.000000,-2.291942,0.099540,0.033160,0.000000,0.000000,0.000000,0.233327
393,go2_001,50500000000,1776933980196278920,1776933980198074886,1284010452583,1776933929696.279,1.796,50.023,-0.221788,0.373314,0.000000,-2.269922,0.116304,0.026455,0.000000,0.000000,0.000000,0.415549
394,go2_001,50540000000,1776933980237409160,1776933980248140679,1284060519055,1776933929697.409,10.732,50.066,-0.222845,0.370131,0.000000,-2.248816,0.113151,0.026866,0.000000,0.000000,0.000000,0.527312
395,go2_001,50600000000,1776933980289102089,1776933980298241366,1284110619156,1776933929689.102,9.139,50.101,-0.224543,0.368144,0.000000,-2.206499,0.104464,0.022633,0.000000,0.000000,0.000000,0.846007
396,go2_001,50640000000,1776933980330248808,1776933980348107358,1284160485056,1776933929690.249,17.859,49.866,-0.224001,0.368125,0.000000,-2.158575,0.094504,0.020678,0.000000,0.000000,0.000000,1.109372
397,go2_001,50700000000,1776933980392273015,1776933980398081165,1284210458545,1776933929692.273,5.808,49.974,-0.232711,0.361375,0.000000,-2.092828,0.107150,0.011112,0.000000,0.000000,0.000000,1.021789
398,go2_001,50740000000,1776933980433354751,1776933980448122008,1284260499666,1776933929693.355,14.767,50.041,-0.237746,0.349807,0.000000,-2.064523,0.126396,0.016321,0.000000,0.000000,0.000000,0.718111
399,go2_001,50800000000,1776933980495196995,1776933980498048719,1284310426318,1776933929695.197,2.852,49.927,-0.235477,0.343141,0.000000,-2.041891,0.119735,0.024741,0.000000,0.000000,0.000000,0.255722
400,go2_001,50840000000,1776933980536541349,1776933980548096484,1284360474142,1776933929696.542,11.555,50.048,-0.234693,0.343171,0.000000,-2.031449,0.108478,0.022592,0.000000,0.000000,0.000000,0.261910
401,go2_001,50880000000,1776933980577670046,1776933980598209959,1284410588266,1776933929697.670,20.540,50.113,-0.234038,0.343232,0.000000,-2.026054,0.098115,0.020609,0.000000,0.000000,0.000000,0.106998
402,go2_001,50940000000,1776933980641426687,1776933980651109204,1284463487681,1776933929701.427,9.683,52.899,-0.234758,0.347203,0.000000,-2.016467,0.077921,0.010146,0.000000,0.000000,0.000000,0.049826
403,go2_001,50980000000,1776933980695536926,1776933980698278302,1284510656044,1776933929715.537,2.741,47.169,-0.243265,0.338153,0.000000,-2.011859,0.098924,0.002430,0.000000,0.000000,0.000000,0.178741
404,go2_001,51020000000,1776933980729782495,1776933980748487378,1284560868557,1776933929709.782,18.705,50.209,-0.243720,0.332724,0.000000,-2.005013,0.101521,0.006700,0.000000,0.000000,0.000000,0.264869
405,go2_001,51080000000,1776933980791825410,1776933980798147370,1284610524804,1776933929711.825,6.322,49.660,-0.243221,0.332675,0.000000,-1.965581,0.087552,0.005689,0.000000,0.000000,0.000000,0.735799
406,go2_001,51120000000,1776933980832973539,1776933980848027812,1284660405773,1776933929712.974,15.054,49.880,-0.242840,0.332641,0.000000,-1.911960,0.079078,0.005078,0.000000,0.000000,0.000000,0.999993
407,go2_001,51180000000,1776933980894759825,1776933980898040021,1284710417694,1776933929714.760,3.280,50.012,-0.244936,0.328492,0.000000,-1.840857,0.078334,0.002511,0.000000,0.000000,0.000000,1.091676
408,go2_001,51245000000,1776933980946171805,1776933980947970662,1284760348617,1776933929701.172,1.799,49.931,-0.249797,0.328460,0.000000,-1.799330,0.071075,-0.009893,0.000000,0.000000,0.000000,0.785406
409,go2_001,51285000000,1776933980987389681,1776933980998061402,1284810438920,1776933929702.390,10.672,50.091,-0.250512,0.326183,0.000000,-1.780278,0.069493,-0.009905,0.000000,0.000000,0.000000,0.484991
410,go2_001,51325000000,1776933981028585932,1776933981048119258,1284860497236,1776933929703.586,19.533,50.058,-0.250061,0.326136,0.000000,-1.767660,0.062294,-0.009259,0.000000,0.000000,0.000000,0.340814
411,go2_001,51385000000,1776933981090325062,1776933981098037420,1284910414819,1776933929705.325,7.712,49.918,-0.251095,0.320879,0.000000,-1.753310,0.065610,-0.008036,0.000000,0.000000,0.000000,0.208274
412,go2_001,51425000000,1776933981131650171,1776933981148039335,1284960416724,1776933929706.650,16.389,50.002,-0.253338,0.315370,0.000000,-1.755428,0.072926,-0.009440,0.000000,0.000000,0.000000,-0.035977
413,go2_001,51485000000,1776933981194036077,1776933981198040218,1285010418409,1776933929709.036,4.004,50.001,-0.254210,0.302148,0.000000,-1.766610,0.092198,-0.003233,0.000000,0.000000,0.000000,-0.021214
414,go2_001,51545000000,1776933981245250679,1776933981248036229,1285060413652,1776933929700.251,2.786,49.996,-0.253757,0.302371,0.000000,-1.739971,0.078954,-0.003027,0.000000,0.000000,0.000000,0.534787
415,go2_001,51585000000,1776933981286347661,1776933981297991126,1285110369151,1776933929701.348,11.643,49.955,-0.253471,0.302503,0.000000,-1.703920,0.071006,-0.002899,0.000000,0.000000,0.000000,0.850775
416,go2_001,51640000000,1776933981348140613,1776933981348320590,1285160697934,1776933929708.141,0.180,50.329,-0.253142,0.294925,0.000000,-1.647588,0.078965,0.000685,0.000000,0.000000,0.000000,1.104129
417,go2_001,51685000000,1776933981389565608,1776933981398250152,1285210628025,1776933929704.565,8.685,49.930,-0.254353,0.286533,0.000000,-1.593464,0.090387,0.000306,0.000000,0.000000,0.000000,1.151071
418,go2_001,51725000000,1776933981430790530,1776933981448086987,1285260464498,1776933929705.791,17.296,49.837,-0.255728,0.282379,0.000000,-1.557138,0.091999,-0.002783,0.000000,0.000000,0.000000,0.691672
419,go2_001,51785000000,1776933981492900096,1776933981498114628,1285310493240,1776933929707.900,5.215,50.028,-0.256543,0.282681,0.000000,-1.537859,0.079200,-0.006288,0.000000,0.000000,0.000000,0.279376
420,go2_001,51845000000,1776933981544462577,1776933981548030788,1285360408198,1776933929699.463,3.568,49.916,-0.255865,0.282904,0.000000,-1.520647,0.067492,-0.005685,0.000000,0.000000,0.000000,0.378073
421,go2_001,51885000000,1776933981585568232,1776933981598049516,1285410426959,1776933929700.568,12.481,50.019,-0.256893,0.275721,0.000000,-1.507431,0.077709,-0.007381,0.000000,0.000000,0.000000,0.339858
422,go2_001,51945000000,1776933981647296322,1776933981648005376,1285460382745,1776933929702.296,0.709,49.956,-0.252347,0.269666,0.000000,-1.510050,0.080774,0.003169,0.000000,0.000000,0.000000,-0.104187
423,go2_001,51985000000,1776933981689131456,1776933981698722842,1285511100529,1776933929704.132,9.591,50.717,-0.248610,0.265092,0.000000,-1.511954,0.083393,0.011191,0.000000,0.000000,0.000000,0.023511
424,go2_001,52020000000,1776933981733612996,1776933981748150320,1285560528059,1776933929713.613,14.537,49.427,-0.247276,0.265862,0.000000,-1.498877,0.074858,0.012931,0.000000,0.000000,0.000000,0.333447
425,go2_001,52075000000,1776933981796793321,1776933981798169317,1285610547586,1776933929721.793,1.376,50.019,-0.245558,0.261438,0.000000,-1.453211,0.075124,0.014558,0.000000,0.000000,0.000000,0.761240
426,go2_001,52095000000,1776933981817826069,1776933981848852081,1285661229775,1776933929722.826,31.026,50.683,-0.245434,0.261547,0.000000,-1.432475,0.071304,0.013925,0.000000,0.000000,0.000000,0.917226
427,go2_001,52140000000,1776933981895958348,1776933981898052032,1285710429707,1776933929755.958,2.094,49.200,-0.245395,0.256171,0.000000,-1.377750,0.076298,0.011275,0.000000,0.000000,0.000000,1.236068
428,go2_001,52185000000,1776933981932573904,1776933981950636433,1285763014295,1776933929747.574,18.063,52.584,-0.251217,0.256500,0.000000,-1.326491,0.067102,-0.004009,0.000000,0.000000,0.000000,1.032478
429,go2_001,52245000000,1776933981987932232,1776933981998053856,1285810431485,1776933929742.932,10.122,47.417,-0.246545,0.238901,0.000000,-1.301243,0.098982,0.001560,0.000000,0.000000,0.000000,0.651938
430,go2_001,52265000000,1776933982008438455,1776933982048135793,1285860513847,1776933929743.438,39.697,50.082,-0.244481,0.236907,0.000000,-1.288562,0.099803,0.005088,0.000000,0.000000,0.000000,0.455584
431,go2_001,52345000000,1776933982085219383,1776933982098157273,1285910535485,1776933929740.219,12.938,50.021,-0.243477,0.237225,0.000000,-1.266091,0.082103,0.004162,0.000000,0.000000,0.000000,0.338613
432,go2_001,52405000000,1776933982147834099,1776933982148121351,1285960499481,1776933929742.834,0.287,49.964,-0.242954,0.237453,0.000000,-1.249660,0.070470,0.003554,0.000000,0.000000,0.000000,0.233157
433,go2_001,52445000000,1776933982189957994,1776933982198302014,1286010680721,1776933929744.958,8.344,50.181,-0.244487,0.237359,0.000000,-1.248178,0.062757,-0.001114,0.000000,0.000000,0.000000,0.008097
434,go2_001,52480000000,1776933982231896752,1776933982248253240,1286060631320,1776933929751.897,16.356,49.951,-0.241985,0.226575,0.000000,-1.241382,0.083486,-0.001796,0.000000,0.000000,0.000000,0.234171
435,go2_001,52540000000,1776933982296481788,1776933982298106898,1286110485179,1776933929756.482,1.625,49.854,-0.241448,0.220209,0.000000,-1.221740,0.085932,-0.004988,0.000000,0.000000,0.000000,0.401357
436,go2_001,52580000000,1776933982338708176,1776933982348085718,1286160463628,1776933929758.708,9.378,49.979,-0.241182,0.220365,0.000000,-1.183242,0.077626,-0.004679,0.000000,0.000000,0.000000,0.815648
437,go2_001,52640000000,1776933982392670318,1776933982398228779,1286210607186,1776933929752.670,5.558,50.143,-0.238158,0.217527,0.000000,-1.120910,0.075385,-0.000508,0.000000,0.000000,0.000000,1.113893
438,go2_001,52675000000,1776933982436396630,1776933982448095611,1286260473275,1776933929761.397,11.699,49.867,-0.243371,0.220813,0.000000,-1.082795,0.057543,-0.010623,0.000000,0.000000,0.000000,1.047769
439,go2_001,52730000000,1776933982488526301,1776933982498394215,1286310772027,1776933929758.526,9.868,50.299,-0.248822,0.218050,0.000000,-1.026323,0.051083,-0.024814,0.000000,0.000000,0.000000,0.914430
440,go2_001,52750000000,1776933982510657226,1776933982548294726,1286360672427,1776933929760.657,37.638,49.901,-0.249037,0.217464,0.000000,-1.027579,0.049287,-0.025267,0.000000,0.000000,0.000000,0.706565
441,go2_001,52820000000,1776933982593449939,1776933982601322462,1286413700654,1776933929773.450,7.873,53.028,-0.246899,0.216055,0.000000,-0.996437,0.044444,-0.020130,0.000000,0.000000,0.000000,0.400758
442,go2_001,52860000000,1776933982635719760,1776933982648341156,1286460719059,1776933929775.720,12.621,47.019,-0.246622,0.216081,0.000000,-0.972599,0.039515,-0.018615,0.000000,0.000000,0.000000,0.576792
443,go2_001,52900000000,1776933982677463053,1776933982698254354,1286510633118,1776933929777.463,20.791,49.913,-0.244571,0.211552,0.000000,-0.958872,0.046550,-0.018228,0.000000,0.000000,0.000000,0.349201
444,go2_001,52955000000,1776933982739510337,1776933982748127547,1286560505509,1776933929784.510,8.617,49.873,-0.237753,0.203345,0.000000,-0.953442,0.064020,-0.012145,0.000000,0.000000,0.000000,0.160460
445,go2_001,53015000000,1776933982781119493,1776933982798486165,1286610864914,1776933929766.119,17.367,50.359,-0.234384,0.201625,0.000000,-0.929024,0.061639,-0.006880,0.000000,0.000000,0.000000,0.403958
446,go2_001,53050000000,1776933982823339273,1776933982848209331,1286660587014,1776933929773.339,24.870,49.723,-0.234333,0.202013,0.000000,-0.917475,0.055437,-0.006337,0.000000,0.000000,0.000000,0.515830
447,go2_001,53090000000,1776933982877933759,1776933982898103494,1286710482219,1776933929787.934,20.170,49.894,-0.234131,0.202146,0.000000,-0.878706,0.049684,-0.005852,0.000000,0.000000,0.000000,0.699320
448,go2_001,53150000000,1776933982940928632,1776933982948408232,1286760786723,1776933929790.929,7.480,50.305,-0.231156,0.198325,0.000000,-0.820883,0.053510,-0.005313,0.000000,0.000000,0.000000,0.985399
449,go2_001,53205000000,1776933982985241819,1776933982998110510,1286810488363,1776933929780.242,12.869,49.702,-0.224306,0.183735,0.000000,-0.779657,0.082939,-0.012507,0.000000,0.000000,0.000000,0.896207
450,go2_001,53265000000,1776933983048202021,1776933983048527031,1286860904823,1776933929783.202,0.325,50.417,-0.215549,0.179819,0.000000,-0.744297,0.090759,-0.002326,0.000000,0.000000,0.000000,0.555315
451,go2_001,53300000000,1776933983090089312,1776933983098118978,1286910497408,1776933929790.089,8.030,49.592,-0.215502,0.180527,0.000000,-0.721309,0.082216,-0.002133,0.000000,0.000000,0.000000,0.529548
452,go2_001,53340000000,1776933983131994106,1776933983148330036,1286960708654,1776933929791.994,16.336,50.211,-0.215191,0.180887,0.000000,-0.706136,0.074339,-0.001958,0.000000,0.000000,0.000000,0.530294
453,go2_001,53395000000,1776933983195498863,1776933983198213455,1287010591167,1776933929800.499,2.715,49.883,-0.210505,0.177392,0.000000,-0.687556,0.078432,-0.000426,0.000000,0.000000,0.000000,0.192080
454,go2_001,53435000000,1776933983237830604,1776933983248155678,1287060533397,1776933929802.831,10.325,49.942,-0.202596,0.173655,0.000000,-0.682234,0.090531,0.006141,0.000000,0.000000,0.000000,0.113093
455,go2_001,53470000000,1776933983281829072,1776933983298213634,1287110591059,1776933929811.829,16.385,50.058,-0.198909,0.166479,0.000000,-0.676773,0.101662,-0.000924,0.000000,0.000000,0.000000,0.268676
456,go2_001,53550000000,1776933983345371481,1776933983348231941,1287160609318,1776933929795.372,2.860,50.018,-0.193386,0.166940,0.000000,-0.643565,0.092817,0.006845,0.000000,0.000000,0.000000,0.569948
457,go2_001,53585000000,1776933983388433223,1776933983398378130,1287210756572,1776933929803.433,9.945,50.146,-0.193603,0.167508,0.000000,-0.616196,0.084115,0.006300,0.000000,0.000000,0.000000,0.769248
458,go2_001,53625000000,1776933983429989959,1776933983448324848,1287260702433,1776933929804.990,18.335,49.947,-0.186847,0.160722,0.000000,-0.571407,0.099483,0.003130,0.000000,0.000000,0.000000,1.012710
459,go2_001,53680000000,1776933983493671740,1776933983498586326,1287310964466,1776933929813.672,4.915,50.261,-0.175718,0.150872,0.000000,-0.513609,0.122480,-0.000565,0.000000,0.000000,0.000000,1.046390
460,go2_001,53745000000,1776933983546049673,1776933983548426364,1287360804551,1776933929801.050,2.377,49.840,-0.162018,0.144733,0.000000,-0.465949,0.139529,0.004684,0.000000,0.000000,0.000000,0.771473
461,go2_001,53780000000,1776933983597630409,1776933983598176928,1287410555469,1776933929817.630,0.547,49.751,-0.161854,0.149071,0.000000,-0.437139,0.123531,0.010958,0.000000,0.000000,0.000000,0.560307
462,go2_001,53815000000,1776933983640961532,1776933983648138804,1287460516588,1776933929825.961,7.177,49.962,-0.162155,0.150043,0.000000,-0.421710,0.112360,0.010080,0.000000,0.000000,0.000000,0.405023
463,go2_001,53875000000,1776933983682256783,1776933983698239258,1287510617332,1776933929807.257,15.982,50.100,-0.161875,0.150995,0.000000,-0.407457,0.097223,0.008908,0.000000,0.000000,0.000000,0.310310
464,go2_001,53930000000,1776933983744805325,1776933983750529370,1287562907305,1776933929814.805,5.724,52.290,-0.156569,0.148813,0.000000,-0.402035,0.098862,0.008311,0.000000,0.000000,0.000000,0.095729
465,go2_001,53970000000,1776933983786600091,1776933983798144654,1287610523027,1776933929816.600,11.545,47.615,-0.147865,0.143739,0.000000,-0.401625,0.113860,0.006165,0.000000,0.000000,0.000000,0.052206
466,go2_001,54005000000,1776933983828274945,1776933983848289550,1287660670019,1776933929823.275,20.015,50.145,-0.141306,0.140537,0.000000,-0.396387,0.122239,0.005565,0.000000,0.000000,0.000000,0.204643
467,go2_001,54065000000,1776933983892145130,1776933983898181472,1287710560205,1776933929827.145,6.036,49.892,-0.141193,0.141170,0.000000,-0.353908,0.105936,0.004894,0.000000,0.000000,0.000000,0.726360
468,go2_001,54125000000,1776933983945191363,1776933983948196307,1287760574447,1776933929820.191,3.005,50.015,-0.141128,0.141807,0.000000,-0.304250,0.091384,0.004293,0.000000,0.000000,0.000000,0.940002
469,go2_001,54165000000,1776933983987069982,1776933983998567031,1287810946998,1776933929822.070,11.497,50.371,-0.133231,0.139626,0.000000,-0.260062,0.102192,0.005579,0.000000,0.000000,0.000000,1.129007
470,go2_001,54205000000,1776933984031002447,1776933984048059847,1287860438180,1776933929826.002,17.057,49.493,-0.122811,0.135705,0.000000,-0.210550,0.119379,0.004572,0.000000,0.000000,0.000000,1.060091
471,go2_001,54260000000,1776933984094380827,1776933984098511426,1287910889847,1776933929834.381,4.131,50.452,-0.111436,0.139466,0.000000,-0.172170,0.126686,0.019353,0.000000,0.000000,0.000000,0.467010
472,go2_001,54295000000,1776933984136621152,1776933984148126827,1287960504512,1776933929841.621,11.506,49.615,-0.112083,0.140313,0.000000,-0.161831,0.115094,0.017770,0.000000,0.000000,0.000000,0.340615
473,go2_001,54335000000,1776933984178458543,1776933984198821376,1288011199558,1776933929843.458,20.363,50.695,-0.112124,0.141031,0.000000,-0.142854,0.104491,0.016347,0.000000,0.000000,0.000000,0.358249
474,go2_001,54415000000,1776933984242689636,1776933984248334415,1288060713036,1776933929827.690,5.645,49.513,-0.109119,0.141006,0.000000,-0.140432,0.093608,0.013216,0.000000,0.000000,0.000000,0.081697
475,go2_001,54450000000,1776933984283959180,1776933984298259028,1288110636852,1776933929833.959,14.300,49.925,-0.098970,0.140006,0.000000,-0.143216,0.109940,0.014990,0.000000,0.000000,0.000000,-0.019960
476,go2_001,54485000000,1776933984340754380,1776933984348174658,1288160552314,1776933929855.754,7.420,49.916,-0.088048,0.135549,0.000000,-0.142664,0.129010,0.008701,0.000000,0.000000,0.000000,0.086496
477,go2_001,54535000000,1776933984382550580,1776933984398061052,1288210438432,1776933929847.551,15.510,49.886,-0.088332,0.136528,0.000000,-0.117762,0.113862,0.008736,0.000000,0.000000,0.000000,0.431444
478,go2_001,54590000000,1776933984446187986,1776933984448514787,1288260892492,1776933929856.188,2.327,50.454,-0.088826,0.137106,0.000000,-0.067362,0.098638,0.007657,0.000000,0.000000,0.000000,0.969163
479,go2_001,54610000000,1776933984469002053,1776933984498125895,1288310503501,1776933929859.002,29.124,49.611,-0.088819,0.137311,0.000000,-0.044291,0.093943,0.007326,0.000000,0.000000,0.000000,1.036384
480,go2_001,54665000000,1776933984529263319,1776933984548323300,1288360701445,1776933929864.263,19.060,50.197,-0.086441,0.135332,0.000000,0.022796,0.087832,0.000842,0.000000,0.000000,0.000000,1.131154
481,go2_001,54725000000,1776933984593100753,1776933984600173637,1288412551986,1776933929868.101,7.073,51.850,-0.087683,0.127804,0.000000,0.080378,0.074828,-0.018909,0.000000,0.000000,0.000000,0.897638
482,go2_001,54760000000,1776933984634921535,1776933984648314227,1288460691974,1776933929874.921,13.393,48.141,-0.082425,0.126831,0.000000,0.100088,0.080943,-0.020070,0.000000,0.000000,0.000000,0.577779
483,go2_001,54820000000,1776933984688946914,1776933984698109998,1288510487783,1776933929868.947,9.163,49.796,-0.082276,0.127580,0.000000,0.117325,0.069287,-0.017868,0.000000,0.000000,0.000000,0.303409
484,go2_001,54860000000,1776933984741638589,1776933984748454001,1288560831609,1776933929881.639,6.815,50.344,-0.082222,0.127984,0.000000,0.135249,0.062222,-0.016519,0.000000,0.000000,0.000000,0.399162
485,go2_001,54910000000,1776933984783297572,1776933984798071130,1288610449293,1776933929873.298,14.774,49.617,-0.076010,0.128770,0.000000,0.136349,0.068463,-0.014196,0.000000,0.000000,0.000000,0.083615
486,go2_001,54950000000,1776933984825509416,1776933984848139700,1288660517236,1776933929875.510,22.630,50.069,-0.067618,0.131896,0.000000,0.125367,0.081685,-0.006943,0.000000,0.000000,0.000000,-0.208748
487,go2_001,54995000000,1776933984877790372,1776933984900361436,1288712739530,1776933929882.790,22.571,52.222,-0.062922,0.134050,0.000000,0.130041,0.083896,-0.002443,0.000000,0.000000,0.000000,0.197243
488,go2_001,55045000000,1776933984930032066,1776933984948134201,1288760512020,1776933929885.032,18.102,47.773,-0.063793,0.134321,0.000000,0.161836,0.071912,-0.002176,0.000000,0.000000,0.000000,0.553335
489,go2_001,55110000000,1776933984982004480,1776933984998108738,1288810486548,1776933929872.005,16.104,49.975,-0.063569,0.134750,0.000000,0.227317,0.061158,-0.001957,0.000000,0.000000,0.000000,0.892581
490,go2_001,55165000000,1776933985045796453,1776933985048493809,1288860871460,1776933929880.796,2.697,50.385,-0.060379,0.131855,0.000000,0.280090,0.058778,-0.010486,0.000000,0.000000,0.000000,1.204598
491,go2_001,55205000000,1776933985086978627,1776933985098179497,1288910556984,1776933929881.979,11.201,49.686,-0.062827,0.127974,0.000000,0.313748,0.045606,-0.018662,0.000000,0.000000,0.000000,0.863391
492,go2_001,55245000000,1776933985140221100,1776933985148116937,1288960494437,1776933929895.221,7.896,49.937,-0.061155,0.123224,0.000000,0.341792,0.042206,-0.029632,0.000000,0.000000,0.000000,0.684829
493,go2_001,55305000000,1776933985192909128,1776933985198332726,1289010711050,1776933929887.909,5.424,50.216,-0.059066,0.124967,0.000000,0.364450,0.039979,-0.024293,0.000000,0.000000,0.000000,0.270906
494,go2_001,55340000000,1776933985237248612,1776933985248081672,1289060459570,1776933929897.249,10.833,49.749,-0.059265,0.125273,0.000000,0.379232,0.035371,-0.022307,0.000000,0.000000,0.000000,0.494404
495,go2_001,55380000000,1776933985276960309,1776933985298169007,1289110546866,1776933929896.960,21.209,50.087,-0.054145,0.126758,0.000000,0.402525,0.043709,-0.020733,0.000000,0.000000,0.000000,0.521414
496,go2_001,55435000000,1776933985339320112,1776933985349242664,1289161621038,1776933929904.320,9.923,51.074,-0.049544,0.131242,0.000000,0.409872,0.050405,-0.012225,0.000000,0.000000,0.000000,0.183135
497,go2_001,55495000000,1776933985383674368,1776933985398801334,1289211179445,1776933929888.674,15.127,49.559,-0.043966,0.137402,0.000000,0.415551,0.058622,-0.001787,0.000000,0.000000,0.000000,0.193887
498,go2_001,55515000000,1776933985406177889,1776933985448610209,1289260988617,1776933929891.178,42.432,49.809,-0.044036,0.137494,0.000000,0.424931,0.055497,-0.001694,0.000000,0.000000,0.000000,0.344118
499,go2_001,55590000000,1776933985492065826,1776933985498343185,1289310721712,1776933929902.066,6.277,49.733,-0.044515,0.137733,0.000000,0.474058,0.044319,-0.001362,0.000000,0.000000,0.000000,0.603836
500,go2_001,55645000000,1776933985547027997,1776933985548146555,1289360526656,1776933929902.028,1.119,49.803,-0.034742,0.140578,0.000000,0.527503,0.061774,-0.004247,0.000000,0.000000,0.000000,0.964636
501,go2_001,55685000000,1776933985588778584,1776933985598476817,1289410855340,1776933929903.779,9.698,50.330,-0.026589,0.142221,0.000000,0.555125,0.074945,-0.008697,0.000000,0.000000,0.000000,0.836604
502,go2_001,55725000000,1776933985630194830,1776933985648275874,1289460653679,1776933929905.195,18.081,49.799,-0.019339,0.147068,0.000000,0.589988,0.088147,-0.005698,0.000000,0.000000,0.000000,0.706339
503,go2_001,55785000000,1776933985694143510,1776933985698224893,1289510602537,1776933929909.144,4.081,49.949,-0.014145,0.152791,0.000000,0.617886,0.092286,-0.000108,0.000000,0.000000,0.000000,0.485566
504,go2_001,55825000000,1776933985725565797,1776933985748862971,1289561240947,1776933929900.566,23.297,50.638,-0.015532,0.153413,0.000000,0.629576,0.081731,0.001600,0.000000,0.000000,0.000000,0.370749
505,go2_001,55860000000,1776933985781238626,1776933985798435514,1289610814156,1776933929921.239,17.197,49.573,-0.016158,0.153462,0.000000,0.644762,0.073829,0.001507,0.000000,0.000000,0.000000,0.538511
506,go2_001,55930000000,1776933985847936467,1776933985848479349,1289660857293,1776933929917.936,0.543,50.044,-0.017174,0.153551,0.000000,0.671463,0.060130,0.001347,0.000000,0.000000,0.000000,0.265483
507,go2_001,55965000000,1776933985890185641,1776933985898961030,1289711338499,1776933929925.186,8.775,50.482,-0.011465,0.157552,0.000000,0.676755,0.071394,0.001543,0.000000,0.000000,0.000000,0.187056
508,go2_001,56025000000,1776933985943275351,1776933985948216676,1289760594757,1776933929918.275,4.941,49.256,-0.006655,0.162468,0.000000,0.688015,0.076449,0.003910,0.000000,0.000000,0.000000,0.218945
509,go2_001,56065000000,1776933985984884561,1776933985998588573,1289810966444,1776933929919.885,13.704,50.372,-0.006864,0.162633,0.000000,0.707781,0.069052,0.003641,0.000000,0.000000,0.000000,0.484633
510,go2_001,56125000000,1776933986047097796,1776933986047994578,1289860372008,1776933929922.098,0.897,49.406,-0.007197,0.162866,0.000000,0.772703,0.058998,0.003272,0.000000,0.000000,0.000000,1.018906
511,go2_001,56160000000,1776933986088755809,1776933986098080267,1289910457937,1776933929928.756,9.324,50.086,-0.004496,0.164045,0.000000,0.816447,0.060388,0.000614,0.000000,0.000000,0.000000,1.044909
512,go2_001,56200000000,1776933986134867033,1776933986148198743,1289960576585,1776933929934.867,13.332,50.118,-0.002483,0.159624,0.000000,0.849829,0.051663,-0.011398,0.000000,0.000000,0.000000,0.945584
513,go2_001,56255000000,1776933986196733768,1776933986198120617,1290010498718,1776933929941.734,1.387,49.922,0.000259,0.157141,0.000000,0.887147,0.045522,-0.019505,0.000000,0.000000,0.000000,0.546733
514,go2_001,56295000000,1776933986240283117,1776933986248108706,1290060486427,1776933929945.283,7.826,49.988,0.001455,0.160227,0.000000,0.897371,0.047273,-0.015180,0.000000,0.000000,0.000000,0.318894
515,go2_001,56355000000,1776933986282405512,1776933986298518387,1290110896481,1776933929927.406,16.113,50.410,0.001203,0.160544,0.000000,0.915958,0.039749,-0.013361,0.000000,0.000000,0.000000,0.468960
516,go2_001,56410000000,1776933986345461618,1776933986348350305,1290160728029,1776933929935.462,2.889,49.832,0.004071,0.164497,0.000000,0.939257,0.044933,-0.010959,0.000000,0.000000,0.000000,0.304713
517,go2_001,56450000000,1776933986386901034,1776933986398804319,1290211182185,1776933929936.901,11.903,50.454,0.007292,0.170955,0.000000,0.933527,0.056355,-0.005769,0.000000,0.000000,0.000000,0.013666
518,go2_001,56505000000,1776933986442758359,1776933986448603236,1290260980803,1776933929937.759,5.845,49.799,0.014281,0.176747,0.000000,0.948636,0.069218,-0.008927,0.000000,0.000000,0.000000,0.371926
519,go2_001,56545000000,1776933986484840489,1776933986498372242,1290310750194,1776933929939.841,13.532,49.769,0.014066,0.176875,0.000000,0.967611,0.062443,-0.008170,0.000000,0.000000,0.000000,0.531204
520,go2_001,56585000000,1776933986528955073,1776933986548507329,1290360885044,1776933929943.955,19.552,50.135,0.013854,0.176989,0.000000,0.996799,0.056178,-0.007467,0.000000,0.000000,0.000000,0.694138
521,go2_001,56640000000,1776933986591241238,1776933986598152684,1290410530711,1776933929951.241,6.911,49.645,0.013378,0.177416,0.000000,1.055331,0.048638,-0.005925,0.000000,0.000000,0.000000,0.926902
522,go2_001,56680000000,1776933986632949594,1776933986648099277,1290460477574,1776933929952.949,15.150,49.947,0.019451,0.184564,0.000000,1.101880,0.065717,-0.007582,0.000000,0.000000,0.000000,1.097426
523,go2_001,56735000000,1776933986695429847,1776933986698866286,1290511244132,1776933929960.430,3.436,50.767,0.025596,0.198075,0.000000,1.143876,0.091075,-0.001916,0.000000,0.000000,0.000000,0.619443
524,go2_001,56775000000,1776933986736697791,1776933986748168121,1290560546022,1776933929961.698,11.470,49.302,0.025067,0.198282,0.000000,1.159424,0.082607,-0.001700,0.000000,0.000000,0.000000,0.395630
525,go2_001,56835000000,1776933986781312629,1776933986798406988,1290610784739,1776933929946.313,17.094,50.239,0.024383,0.198501,0.000000,1.187281,0.071070,-0.001408,0.000000,0.000000,0.000000,0.467327
526,go2_001,56895000000,1776933986844264180,1776933986848419999,1290660797980,1776933929949.264,4.156,50.013,0.026689,0.204892,0.000000,1.201608,0.077090,0.000190,0.000000,0.000000,0.000000,0.264243
527,go2_001,56910000000,1776933986864947146,1776933986898154768,1290710533398,1776933929954.947,33.208,49.735,0.027066,0.211959,0.000000,1.199978,0.089775,0.007188,0.000000,0.000000,0.000000,0.061369
528,go2_001,56965000000,1776933986928775689,1776933986949854233,1290762232077,1776933929963.776,21.079,51.699,0.031950,0.223771,0.000000,1.198122,0.108374,0.007653,0.000000,0.000000,0.000000,0.069214
529,go2_001,57015000000,1776933986994929201,1776933986998157146,1290810534974,1776933929979.929,3.228,48.303,0.037901,0.230364,0.000000,1.221447,0.116226,0.000359,0.000000,0.000000,0.000000,0.440264
530,go2_001,57055000000,1776933987037736116,1776933987048147661,1290860526174,1776933929982.736,10.412,49.991,0.037496,0.230489,0.000000,1.249129,0.105930,0.000384,0.000000,0.000000,0.000000,0.633138
531,go2_001,57095000000,1776933987080976223,1776933987098204939,1290910582895,1776933929985.976,17.229,50.057,0.037080,0.230586,0.000000,1.283322,0.096345,0.000407,0.000000,0.000000,0.000000,0.798272
532,go2_001,57155000000,1776933987122189411,1776933987148357251,1290960735140,1776933929967.189,26.168,50.152,0.038374,0.235676,0.000000,1.323783,0.095990,0.000592,0.000000,0.000000,0.000000,1.033896
533,go2_001,57210000000,1776933987185668074,1776933987198304398,1291010682728,1776933929975.668,12.636,49.947,0.040913,0.248888,0.000000,1.397086,0.115363,0.004023,0.000000,0.000000,0.000000,1.163323
534,go2_001,57250000000,1776933987239883664,1776933987248065296,1291060443159,1776933929989.884,8.182,49.761,0.040255,0.253920,0.000000,1.440347,0.115982,0.007116,0.000000,0.000000,0.000000,0.490699
535,go2_001,57310000000,1776933987286083547,1776933987298228472,1291110606283,1776933929976.083,12.145,50.163,0.039150,0.253929,0.000000,1.445655,0.100479,0.006359,0.000000,0.000000,0.000000,0.189059
536,go2_001,57350000000,1776933987333322027,1776933987348194175,1291160572125,1776933929983.322,14.872,49.966,0.038583,0.253891,0.000000,1.453673,0.091093,0.005896,0.000000,0.000000,0.000000,0.214359
537,go2_001,57410000000,1776933987382946282,1776933987398177483,1291210555413,1776933929972.946,15.231,49.983,0.039155,0.262830,0.000000,1.455077,0.099577,0.007379,0.000000,0.000000,0.000000,-0.061461
538,go2_001,57445000000,1776933987425013803,1776933987448838043,1291261216069,1776933929980.014,23.824,50.661,0.037292,0.275120,0.000000,1.444094,0.119205,0.016559,0.000000,0.000000,0.000000,-0.218863
539,go2_001,57480000000,1776933987479099318,1776933987498151340,1291310529033,1776933929999.099,19.052,49.313,0.039825,0.281975,0.000000,1.451284,0.127232,0.012029,0.000000,0.000000,0.000000,0.220773
540,go2_001,57555000000,1776933987542658516,1776933987548138109,1291360516169,1776933929987.658,5.480,49.987,0.040240,0.285253,0.000000,1.498501,0.114262,0.009328,0.000000,0.000000,0.000000,0.536632
541,go2_001,57590000000,1776933987584607393,1776933987599635506,1291412013594,1776933929994.607,15.028,51.497,0.039902,0.284652,0.000000,1.519852,0.103883,0.008603,0.000000,0.000000,0.000000,0.767036
542,go2_001,57645000000,1776933987647498507,1776933987648034505,1291460412077,1776933930002.499,0.536,48.399,0.040351,0.292344,0.000000,1.571680,0.109454,0.007825,0.000000,0.000000,0.000000,0.950449
543,go2_001,57680000000,1776933987688824241,1776933987698551358,1291510929144,1776933930008.824,9.727,50.517,0.040217,0.298882,0.000000,1.626483,0.116445,0.007984,0.000000,0.000000,0.000000,1.107710
544,go2_001,57725000000,1776933987731431993,1776933987748149165,1291560526995,1776933930006.432,16.717,49.598,0.041962,0.307842,0.000000,1.654234,0.126520,0.003221,0.000000,0.000000,0.000000,0.888004
545,go2_001,57785000000,1776933987796414185,1776933987798415465,1291610793190,1776933930011.414,2.001,50.266,0.038191,0.315734,0.000000,1.685565,0.127430,0.009999,0.000000,0.000000,0.000000,0.458318
546,go2_001,57820000000,1776933987828081509,1776933987848082682,1291660460813,1776933930008.081,20.001,49.667,0.037620,0.314945,0.000000,1.692888,0.115819,0.009196,0.000000,0.000000,0.000000,0.297260
547,go2_001,57880000000,1776933987892543029,1776933987898049629,1291710427127,1776933930012.543,5.507,49.967,0.036788,0.314684,0.000000,1.713663,0.100102,0.008127,0.000000,0.000000,0.000000,0.322244
548,go2_001,57915000000,1776933987933930577,1776933987948150531,1291760529595,1776933930018.931,14.220,50.101,0.034265,0.323470,0.000000,1.715462,0.113253,0.012106,0.000000,0.000000,0.000000,0.085581
549,go2_001,57975000000,1776933987996521424,1776933987998222817,1291810600700,1776933930021.521,1.701,50.072,0.031360,0.341562,0.000000,1.731550,0.140751,0.013453,0.000000,0.000000,0.000000,0.313391
550,go2_001,58015000000,1776933988038960611,1776933988048235711,1291860613786,1776933930023.961,9.275,50.013,0.030898,0.349235,0.000000,1.749807,0.146662,0.011027,0.000000,0.000000,0.000000,0.403276
551,go2_001,58075000000,1776933988084305994,1776933988098077286,1291910454893,1776933930009.306,13.771,49.842,0.028382,0.353598,0.000000,1.771573,0.138202,0.012775,0.000000,0.000000,0.000000,0.535428
552,go2_001,58115000000,1776933988136380870,1776933988148157303,1291960536160,1776933930021.381,11.776,50.080,0.027924,0.353270,0.000000,1.814239,0.125528,0.011730,0.000000,0.000000,0.000000,0.896946
553,go2_001,58155000000,1776933988179643713,1776933988198254829,1292010633485,1776933930024.644,18.611,50.098,0.025427,0.357273,0.000000,1.865535,0.124926,0.013939,0.000000,0.000000,0.000000,1.134161
554,go2_001,58230000000,1776933988242446162,1776933988248516480,1292060895017,1776933930012.446,6.070,50.262,0.030982,0.359995,0.000000,1.925324,0.110261,-0.003992,0.000000,0.000000,0.000000,0.941080
555,go2_001,58265000000,1776933988285395329,1776933988298074249,1292110451810,1776933930020.395,12.679,49.558,0.028304,0.366629,0.000000,1.953114,0.117906,-0.002235,0.000000,0.000000,0.000000,0.546522
556,go2_001,58325000000,1776933988348122620,1776933988348406698,1292160784802,1776933930023.123,0.284,50.332,0.027353,0.366156,0.000000,1.967152,0.101729,-0.002028,0.000000,0.000000,0.000000,0.220478
557,go2_001,58360000000,1776933988390364266,1776933988398209252,1292210586990,1776933930030.364,7.845,49.803,0.027034,0.365443,0.000000,1.981546,0.092000,-0.001893,0.000000,0.000000,0.000000,0.384997
558,go2_001,58400000000,1776933988433414502,1776933988448190040,1292260569032,1776933930033.414,14.776,49.981,0.026610,0.365217,0.000000,1.990220,0.083054,-0.001777,0.000000,0.000000,0.000000,0.137836
559,go2_001,58455000000,1776933988495462240,1776933988498035711,1292310413386,1776933930040.462,2.573,49.846,0.031002,0.360664,0.000000,1.980978,0.058407,-0.009278,0.000000,0.000000,0.000000,-0.171464
560,go2_001,58495000000,1776933988540255450,1776933988548114281,1292360491976,1776933930045.255,7.859,50.079,0.029282,0.369234,0.000000,1.985139,0.072704,-0.011822,0.000000,0.000000,0.000000,0.172674
561,go2_001,58535000000,1776933988562021872,1776933988598181246,1292410558944,1776933930027.022,36.159,50.067,0.031379,0.370237,0.000000,1.998344,0.065908,-0.016796,0.000000,0.000000,0.000000,0.282280
562,go2_001,58610000000,1776933988645375573,1776933988648121427,1292460499192,1776933930035.376,2.746,49.940,0.031055,0.369755,0.000000,2.054612,0.052796,-0.014273,0.000000,0.000000,0.000000,0.859735
563,go2_001,58650000000,1776933988686323801,1776933988698192142,1292510570004,1776933930036.324,11.868,50.071,0.027991,0.372619,0.000000,2.099899,0.056190,-0.009591,0.000000,0.000000,0.000000,1.114565
564,go2_001,58685000000,1776933988729697734,1776933988748088613,1292560466149,1776933930044.698,18.391,49.896,0.033713,0.372840,0.000000,2.139078,0.045791,-0.022276,0.000000,0.000000,0.000000,1.055438
565,go2_001,58745000000,1776933988783447658,1776933988798544786,1292610922590,1776933930038.448,15.097,50.456,0.038311,0.374404,0.000000,2.188468,0.036514,-0.031761,0.000000,0.000000,0.000000,0.671420
566,go2_001,58785000000,1776933988835842502,1776933988848054264,1292660432278,1776933930050.843,12.212,49.509,0.037573,0.375046,0.000000,2.203799,0.033778,-0.028994,0.000000,0.000000,0.000000,0.489850
567,go2_001,58840000000,1776933988889926288,1776933988898084165,1292710462299,1776933930049.927,8.158,50.030,0.037093,0.375245,0.000000,2.229058,0.028540,-0.025859,0.000000,0.000000,0.000000,0.420026
568,go2_001,58880000000,1776933988931193434,1776933988948295407,1292760673090,1776933930051.193,17.102,50.211,0.032739,0.382185,0.000000,2.255943,0.044210,-0.023711,0.000000,0.000000,0.000000,0.481703
569,go2_001,58940000000,1776933988994807948,1776933988998508286,1292810886252,1776933930054.808,3.700,50.213,0.025125,0.388697,0.000000,2.268266,0.058871,-0.014710,0.000000,0.000000,0.000000,0.186979
570,go2_001,58980000000,1776933989046189560,1776933989048058984,1292860436584,1776933930066.189,1.869,49.551,0.019567,0.395682,0.000000,2.277485,0.073766,-0.012390,0.000000,0.000000,0.000000,0.283328
571,go2_001,59015000000,1776933989080338015,1776933989098891181,1292911269017,1776933930065.338,18.553,50.832,0.016315,0.400893,0.000000,2.294571,0.081640,-0.012768,0.000000,0.000000,0.000000,0.429182
572,go2_001,59065000000,1776933989142008114,1776933989148427778,1292960808256,1776933930077.008,6.420,49.537,0.016305,0.399915,0.000000,2.326388,0.070042,-0.011165,0.000000,0.000000,0.000000,0.550045
573,go2_001,59115000000,1776933989194104652,1776933989198846317,1293011224153,1776933930079.105,4.742,50.419,0.016292,0.399149,0.000000,2.353651,0.060035,-0.009784,0.000000,0.000000,0.000000,0.760115
574,go2_001,59155000000,1776933989236230671,1776933989248102135,1293060479737,1776933930081.231,11.871,49.256,0.012996,0.402103,0.000000,2.389626,0.064301,-0.007940,0.000000,0.000000,0.000000,0.821960
575,go2_001,59190000000,1776933989277915801,1776933989298354214,1293110732012,1776933930087.916,20.438,50.252,0.008808,0.409766,0.000000,2.420687,0.079108,-0.012133,0.000000,0.000000,0.000000,0.883340
576,go2_001,59270000000,1776933989341288208,1776933989349311597,1293161689902,1776933930071.288,8.023,50.957,-0.003996,0.418593,0.000000,2.478846,0.098567,-0.004000,0.000000,0.000000,0.000000,0.598343
577,go2_001,59310000000,1776933989382514164,1776933989398210922,1293210588858,1776933930072.514,15.697,48.899,-0.004349,0.418198,0.000000,2.488961,0.089400,-0.003609,0.000000,0.000000,0.000000,0.553740
578,go2_001,59365000000,1776933989446195708,1776933989448094492,1293260472429,1776933930081.196,1.899,49.884,-0.004485,0.417396,0.000000,2.519929,0.077001,-0.003082,0.000000,0.000000,0.000000,0.545843
579,go2_001,59405000000,1776933989487426075,1776933989498242453,1293310619956,1776933930082.426,10.816,50.148,-0.007068,0.419274,0.000000,2.528198,0.077277,-0.002812,0.000000,0.000000,0.000000,0.220753
580,go2_001,59440000000,1776933989529703459,1776933989548117207,1293360494975,1776933930089.703,18.414,49.875,-0.004908,0.417976,0.000000,2.534626,0.065227,-0.004385,0.000000,0.000000,0.000000,0.177349
581,go2_001,59480000000,1776933989573170963,1776933989598088050,1293410465821,1776933930093.171,24.917,49.971,-0.011174,0.424329,0.000000,2.541018,0.079909,-0.006402,0.000000,0.000000,0.000000,0.199271
582,go2_001,59540000000,1776933989636510870,1776933989648963053,1293461340775,1776933930096.511,12.452,50.875,-0.014043,0.427256,0.000000,2.575785,0.077756,-0.007584,0.000000,0.000000,0.000000,0.578501
583,go2_001,59580000000,1776933989679546324,1776933989698105048,1293510482776,1776933930099.546,18.559,49.142,-0.014211,0.426968,0.000000,2.606712,0.070113,-0.006905,0.000000,0.000000,0.000000,0.751357
584,go2_001,59650000000,1776933989745191248,1776933989748115023,1293560492801,1776933930095.191,2.924,50.010,-0.025587,0.434614,0.000000,2.665604,0.090023,-0.005910,0.000000,0.000000,0.000000,0.932285
585,go2_001,59670000000,1776933989765068474,1776933989798109178,1293610486862,1776933930095.068,33.041,49.994,-0.028947,0.437349,0.000000,2.689936,0.096227,-0.007011,0.000000,0.000000,0.000000,1.068989
586,go2_001,59730000000,1776933989827244531,1776933989850412102,1293662789845,1776933930097.244,23.168,52.303,-0.043639,0.442714,0.000000,2.763835,0.119129,0.000143,0.000000,0.000000,0.000000,0.930727
587,go2_001,59785000000,1776933989889749914,1776933989898186321,1293710564369,1776933930104.750,8.436,47.774,-0.048740,0.443325,0.000000,2.791167,0.115429,0.002666,0.000000,0.000000,0.000000,0.576458
588,go2_001,59825000000,1776933989932507251,1776933989948859319,1293761237016,1776933930107.507,16.352,50.673,-0.048977,0.442629,0.000000,2.800428,0.104885,0.002542,0.000000,0.000000,0.000000,0.378449
589,go2_001,59885000000,1776933989984621550,1776933989998117790,1293810495739,1776933930099.622,13.496,49.258,-0.053163,0.443682,0.000000,2.813853,0.101220,0.002556,0.000000,0.000000,0.000000,0.116182
590,go2_001,59925000000,1776933990027696362,1776933990048080270,1293860458077,1776933930102.697,20.384,49.962,-0.059031,0.444974,0.000000,2.810093,0.105936,0.004675,0.000000,0.000000,0.000000,-0.026777
591,go2_001,59980000000,1776933990092912004,1776933990098053702,1293910431960,1776933930112.912,5.142,49.973,-0.074284,0.448211,0.000000,2.805195,0.128374,0.010681,0.000000,0.000000,0.000000,0.015157
592,go2_001,60020000000,1776933990135432454,1776933990148173771,1293960551491,1776933930115.432,12.741,50.120,-0.078305,0.451051,0.000000,2.824774,0.128328,0.006686,0.000000,0.000000,0.000000,0.454082
593,go2_001,60060000000,1776933990176417382,1776933990198159627,1294010537606,1776933930116.417,21.742,49.986,-0.078290,0.450588,0.000000,2.857550,0.116640,0.006224,0.000000,0.000000,0.000000,0.769533
594,go2_001,60115000000,1776933990240589262,1776933990248422805,1294060800549,1776933930125.589,7.834,50.263,-0.077762,0.449717,0.000000,2.906381,0.100756,0.005573,0.000000,0.000000,0.000000,0.699360
595,go2_001,60170000000,1776933990284226413,1776933990298099398,1294110477220,1776933930114.226,13.873,49.677,-0.083332,0.449903,0.000000,2.963013,0.100839,0.007343,0.000000,0.000000,0.000000,1.223991
596,go2_001,60230000000,1776933990345680525,1776933990348882838,1294161260800,1776933930115.680,3.202,50.783,-0.085888,0.456624,0.000000,3.028952,0.097209,-0.008553,0.000000,0.000000,0.000000,0.989485
597,go2_001,60265000000,1776933990387356368,1776933990398168051,1294210545744,1776933930122.356,10.812,49.285,-0.084633,0.456862,0.000000,3.056804,0.086591,-0.010630,0.000000,0.000000,0.000000,0.631528
598,go2_001,60300000000,1776933990440282624,1776933990448123673,1294260501189,1776933930140.283,7.841,49.956,-0.084348,0.456224,0.000000,3.064207,0.078236,-0.009737,0.000000,0.000000,0.000000,0.420787
599,go2_001,60355000000,1776933990493056621,1776933990498162904,1294310540925,1776933930138.057,5.106,50.039,-0.084152,0.455472,0.000000,3.084364,0.066994,-0.008543,0.000000,0.000000,0.000000,0.371676
600,go2_001,60395000000,1776933990546016411,1776933990548142587,1294360520278,1776933930151.016,2.126,49.980,-0.091187,0.456235,0.000000,3.079880,0.076945,-0.007257,0.000000,0.000000,0.000000,-0.107439
601,go2_001,60435000000,1776933990578474389,1776933990598274794,1294410652389,1776933930143.474,19.800,50.132,-0.100540,0.455440,0.000000,3.065523,0.090986,-0.001711,0.000000,0.000000,0.000000,-0.273713
602,go2_001,60515000000,1776933990642120312,1776933990648297416,1294460675705,1776933930127.120,6.177,50.023,-0.110877,0.453726,0.000000,3.085995,0.096644,0.004952,0.000000,0.000000,0.000000,0.458904
603,go2_001,60550000000,1776933990686975250,1776933990698241049,1294510619462,1776933930136.975,11.266,49.944,-0.118524,0.453131,0.000000,3.100997,0.106712,0.007871,0.000000,0.000000,0.000000,0.658292
604,go2_001,60585000000,1776933990735215868,1776933990748189818,1294560567697,1776933930150.216,12.974,49.949,-0.117944,0.452788,0.000000,3.141559,0.096756,0.007289,0.000000,0.000000,0.000000,0.773559
605,go2_001,60635000000,1776933990795240280,1776933990798642565,1294611020545,1776933930160.240,3.402,50.453,-0.117001,0.452281,0.000000,-3.087723,0.083509,0.006506,0.000000,0.000000,0.000000,1.062894
606,go2_001,60675000000,1776933990838230930,1776933990848129227,1294660507190,1776933930163.231,9.898,49.487,-0.122076,0.454012,0.000000,-3.022626,0.087656,0.001435,0.000000,0.000000,0.000000,1.277710
607,go2_001,60715000000,1776933990880124401,1776933990898274605,1294710652690,1776933930165.124,18.150,50.145,-0.131845,0.453001,0.000000,-2.989451,0.102615,0.003298,0.000000,0.000000,0.000000,0.876339
608,go2_001,60790000000,1776933990944447965,1776933990948569238,1294760947068,1776933930154.448,4.121,50.295,-0.143465,0.445602,0.000000,-2.957597,0.111642,0.017066,0.000000,0.000000,0.000000,0.409749
609,go2_001,60830000000,1776933990984918149,1776933990998064176,1294810441846,1776933930154.918,13.146,49.495,-0.143257,0.444988,0.000000,-2.952392,0.101318,0.015776,0.000000,0.000000,0.000000,0.230211
610,go2_001,60870000000,1776933991028240396,1776933991048107327,1294860484976,1776933930158.240,19.867,50.043,-0.143052,0.444489,0.000000,-2.942689,0.091737,0.014572,0.000000,0.000000,0.000000,0.248076
611,go2_001,60910000000,1776933991080756304,1776933991098400792,1294910778874,1776933930170.756,17.644,50.293,-0.152727,0.442409,0.000000,-2.941020,0.106606,0.015563,0.000000,0.000000,0.000000,0.007799
612,go2_001,60985000000,1776933991144361443,1776933991148188105,1294960566100,1776933930159.362,3.827,49.787,-0.164100,0.443947,0.000000,-2.932915,0.116175,0.005129,0.000000,0.000000,0.000000,0.223217
613,go2_001,61025000000,1776933991185993660,1776933991198518894,1295010896710,1776933930160.994,12.525,50.331,-0.169399,0.444582,0.000000,-2.915674,0.117725,0.000791,0.000000,0.000000,0.000000,0.379045
614,go2_001,61065000000,1776933991227585352,1776933991249835578,1295062213193,1776933930162.585,22.250,51.317,-0.169197,0.444226,0.000000,-2.887899,0.106759,0.000734,0.000000,0.000000,0.000000,0.648583
615,go2_001,61120000000,1776933991290521899,1776933991298179332,1295110556805,1776933930170.522,7.657,48.344,-0.171973,0.441117,0.000000,-2.838733,0.101475,0.005514,0.000000,0.000000,0.000000,0.927608
616,go2_001,61160000000,1776933991342572215,1776933991348124859,1295160502535,1776933930182.572,5.553,49.946,-0.173200,0.443626,0.000000,-2.787904,0.093604,-0.002503,0.000000,0.000000,0.000000,0.962990
617,go2_001,61220000000,1776933991396243389,1776933991398026957,1295210405079,1776933930176.243,1.784,49.902,-0.172903,0.449255,0.000000,-2.733229,0.077111,-0.016460,0.000000,0.000000,0.000000,0.998039
618,go2_001,61255000000,1776933991439824000,1776933991448603862,1295260982032,1776933930184.824,8.780,50.577,-0.171458,0.450994,0.000000,-2.707518,0.066066,-0.019455,0.000000,0.000000,0.000000,0.676709
619,go2_001,61295000000,1776933991482000503,1776933991498742227,1295311119937,1776933930187.000,16.742,50.138,-0.171364,0.450557,0.000000,-2.685431,0.059205,-0.017925,0.000000,0.000000,0.000000,0.454179
620,go2_001,61370000000,1776933991545078482,1776933991548429229,1295360806899,1776933930175.078,3.351,49.687,-0.170931,0.449933,0.000000,-2.663780,0.047141,-0.015150,0.000000,0.000000,0.000000,0.482340
621,go2_001,61415000000,1776933991586139102,1776933991598115412,1295410493295,1776933930171.139,11.976,49.686,-0.177610,0.447877,0.000000,-2.643099,0.057474,-0.015393,0.000000,0.000000,0.000000,0.392176
622,go2_001,61450000000,1776933991640078646,1776933991648106743,1295460484831,1776933930190.079,8.028,49.991,-0.184602,0.441150,0.000000,-2.644594,0.073250,-0.006075,0.000000,0.000000,0.000000,0.145682
623,go2_001,61490000000,1776933991681830038,1776933991698122022,1295510500377,1776933930191.830,16.292,50.015,-0.191615,0.436888,0.000000,-2.637433,0.085142,-0.003380,0.000000,0.000000,0.000000,0.220696
624,go2_001,61565000000,1776933991745216157,1776933991748137115,1295560515059,1776933930180.216,2.921,50.015,-0.194368,0.436519,0.000000,-2.604942,0.076591,-0.005806,0.000000,0.000000,0.000000,0.396194
625,go2_001,61605000000,1776933991786419953,1776933991798458154,1295610835747,1776933930181.420,12.038,50.321,-0.194158,0.436279,0.000000,-2.579753,0.068918,-0.005305,0.000000,0.000000,0.000000,0.616387
626,go2_001,61625000000,1776933991807730500,1776933991848475962,1295660854693,1776933930182.730,40.745,50.018,-0.194053,0.436164,0.000000,-2.561637,0.065305,-0.005068,0.000000,0.000000,0.000000,0.785251
627,go2_001,61700000000,1776933991892815464,1776933991898400362,1295710778974,1776933930192.815,5.585,49.924,-0.207579,0.430021,0.000000,-2.483210,0.087225,-0.007869,0.000000,0.000000,0.000000,0.964446
628,go2_001,61735000000,1776933991937317014,1776933991948111527,1295760489524,1776933930202.317,10.795,49.711,-0.213496,0.423371,0.000000,-2.455020,0.100001,-0.001647,0.000000,0.000000,0.000000,0.705647
629,go2_001,61780000000,1776933991977351374,1776933991998257543,1295810635286,1776933930197.351,20.906,50.146,-0.213904,0.423511,0.000000,-2.432947,0.090399,-0.003762,0.000000,0.000000,0.000000,0.456940
630,go2_001,61835000000,1776933992039668271,1776933992048117860,1295860496216,1776933930204.668,8.450,49.860,-0.213002,0.423242,0.000000,-2.410678,0.077515,-0.003251,0.000000,0.000000,0.000000,0.469963
631,go2_001,61875000000,1776933992081432934,1776933992098449535,1295910827245,1776933930206.433,17.017,50.332,-0.212667,0.422938,0.000000,-2.383903,0.069795,-0.002946,0.000000,0.000000,0.000000,0.489268
632,go2_001,61945000000,1776933992145473382,1776933992148104329,1295960482357,1776933930200.473,2.631,49.655,-0.220229,0.413892,0.000000,-2.377851,0.084099,0.002706,0.000000,0.000000,0.000000,0.137521
633,go2_001,61985000000,1776933992187587863,1776933992198373648,1296010752118,1776933930202.588,10.786,50.269,-0.226489,0.407911,0.000000,-2.372690,0.096540,0.003781,0.000000,0.000000,0.000000,0.145837
634,go2_001,62025000000,1776933992242269596,1776933992248131011,1296060509104,1776933930217.270,5.861,49.757,-0.230639,0.405345,0.000000,-2.353986,0.098896,0.001280,0.000000,0.000000,0.000000,0.326935
635,go2_001,62075000000,1776933992298221708,1776933992298508980,1296110887148,1776933930223.222,0.287,50.378,-0.229543,0.405670,0.000000,-2.323693,0.085273,0.001183,0.000000,0.000000,0.000000,0.640058
636,go2_001,62110000000,1776933992329082025,1776933992348182245,1296160560336,1776933930219.082,19.100,49.673,-0.229001,0.405727,0.000000,-2.293815,0.077145,0.001127,0.000000,0.000000,0.000000,0.681238
637,go2_001,62155000000,1776933992394184409,1776933992398098364,1296210476393,1776933930239.184,3.914,49.916,-0.230110,0.403072,0.000000,-2.255979,0.075153,0.002989,0.000000,0.000000,0.000000,0.845451
638,go2_001,62180000000,1776933992430694341,1776933992448127341,1296260505279,1776933930250.694,17.433,50.029,-0.236239,0.399289,0.000000,-2.234138,0.087478,-0.001242,0.000000,0.000000,0.000000,0.983733
639,go2_001,62240000000,1776933992492597058,1776933992498100440,1296310478578,1776933930252.597,5.503,49.973,-0.245514,0.387624,0.000000,-2.182824,0.109939,0.001394,0.000000,0.000000,0.000000,0.789985
640,go2_001,62275000000,1776933992535935601,1776933992548085161,1296360462875,1776933930260.936,12.150,49.985,-0.245977,0.383903,0.000000,-2.162996,0.108329,0.005280,0.000000,0.000000,0.000000,0.551527
641,go2_001,62315000000,1776933992578425844,1776933992598420358,1296410798289,1776933930263.426,19.995,50.335,-0.245548,0.383428,0.000000,-2.138266,0.098657,0.004926,0.000000,0.000000,0.000000,0.547400
642,go2_001,62390000000,1776933992643471223,1776933992648743481,1296461121540,1776933930253.471,5.272,50.323,-0.244549,0.383072,0.000000,-2.101280,0.081279,0.004267,0.000000,0.000000,0.000000,0.379081
643,go2_001,62430000000,1776933992684562480,1776933992698061733,1296510439388,1776933930254.562,13.499,49.318,-0.246470,0.377601,0.000000,-2.104039,0.086797,0.007508,0.000000,0.000000,0.000000,0.150250
644,go2_001,62485000000,1776933992748231045,1776933992748556105,1296560933791,1776933930263.231,0.325,50.494,-0.254780,0.368582,0.000000,-2.093669,0.104522,0.002272,0.000000,0.000000,0.000000,0.246189
645,go2_001,62525000000,1776933992789572637,1776933992798089527,1296610467563,1776933930264.573,8.517,49.533,-0.257928,0.364657,0.000000,-2.074485,0.106697,0.000451,0.000000,0.000000,0.000000,0.426506
646,go2_001,62565000000,1776933992831517628,1776933992848065148,1296660442896,1776933930266.518,16.548,49.976,-0.257573,0.364420,0.000000,-2.047384,0.096820,0.000439,0.000000,0.000000,0.000000,0.535107
647,go2_001,62620000000,1776933992895457617,1776933992898027590,1296710405469,1776933930275.458,2.570,49.962,-0.256836,0.364504,0.000000,-1.996839,0.083446,0.000419,0.000000,0.000000,0.000000,0.767357
648,go2_001,62655000000,1776933992947730633,1776933992948039290,1296760416927,1776933930292.731,0.309,50.012,-0.258485,0.357305,0.000000,-1.954372,0.093316,0.005027,0.000000,0.000000,0.000000,1.197785
649,go2_001,62695000000,1776933992980724277,1776933992998117623,1296810495791,1776933930285.724,17.393,50.078,-0.263092,0.349129,0.000000,-1.909530,0.107279,0.003490,0.000000,0.000000,0.000000,1.258861
650,go2_001,62770000000,1776933993043801908,1776933993048197031,1296860574841,1776933930273.802,4.395,50.079,-0.266943,0.346329,0.000000,-1.852238,0.098836,-0.004969,0.000000,0.000000,0.000000,0.761699
651,go2_001,62810000000,1776933993086445730,1776933993098574019,1296910952108,1776933930276.446,12.128,50.377,-0.266349,0.346074,0.000000,-1.837387,0.089533,-0.004569,0.000000,0.000000,0.000000,0.443709
652,go2_001,62845000000,1776933993130367610,1776933993148100057,1296960477970,1776933930285.367,17.732,49.526,-0.265700,0.346268,0.000000,-1.825832,0.080922,-0.004188,0.000000,0.000000,0.000000,0.366446
653,go2_001,62905000000,1776933993182041767,1776933993198286893,1297010664902,1776933930277.042,16.245,50.187,-0.269172,0.339030,0.000000,-1.814110,0.088351,-0.006529,0.000000,0.000000,0.000000,0.125872
654,go2_001,62940000000,1776933993233929680,1776933993248263095,1297060640966,1776933930293.930,14.333,49.976,-0.268519,0.327029,0.000000,-1.822663,0.107580,0.004995,0.000000,0.000000,0.000000,-0.085976
655,go2_001,62980000000,1776933993276995712,1776933993298870545,1297111248251,1776933930296.996,21.875,50.607,-0.268929,0.317570,0.000000,-1.837246,0.119405,0.010496,0.000000,0.000000,0.000000,-0.225975
656,go2_001,63055000000,1776933993341535640,1776933993348107780,1297160485639,1776933930286.536,6.572,49.237,-0.268046,0.316320,0.000000,-1.806791,0.101796,0.010521,0.000000,0.000000,0.000000,0.485695
657,go2_001,63095000000,1776933993383127292,1776933993398196656,1297210574527,1776933930288.127,15.069,50.089,-0.267771,0.316321,0.000000,-1.777891,0.092192,0.009713,0.000000,0.000000,0.000000,0.860776
658,go2_001,63135000000,1776933993436493697,1776933993448516185,1297260894052,1776933930301.494,12.022,50.320,-0.269924,0.312049,0.000000,-1.730845,0.094969,0.006031,0.000000,0.000000,0.000000,1.055452
659,go2_001,63175000000,1776933993478358451,1776933993498165304,1297310543435,1776933930303.358,19.807,49.649,-0.270470,0.304192,0.000000,-1.678305,0.104514,0.008119,0.000000,0.000000,0.000000,1.182770
660,go2_001,63250000000,1776933993542114536,1776933993548653058,1297361030727,1776933930292.115,6.539,50.488,-0.273480,0.284791,0.000000,-1.622423,0.132580,0.007630,0.000000,0.000000,0.000000,0.701611
661,go2_001,63285000000,1776933993594756383,1776933993598341864,1297410719598,1776933930309.756,3.585,49.689,-0.271069,0.285183,0.000000,-1.618256,0.120333,0.011032,0.000000,0.000000,0.000000,0.413068
662,go2_001,63320000000,1776933993638647187,1776933993648242502,1297460620371,1776933930318.647,9.595,49.901,-0.270448,0.285792,0.000000,-1.603718,0.109325,0.010155,0.000000,0.000000,0.000000,0.329602
663,go2_001,63380000000,1776933993692071657,1776933993698078827,1297510457483,1776933930312.072,6.007,49.836,-0.270294,0.280968,0.000000,-1.581274,0.106301,0.009119,0.000000,0.000000,0.000000,0.300097
664,go2_001,63420000000,1776933993734453010,1776933993748118193,1297560496016,1776933930314.453,13.665,50.039,-0.264952,0.277709,0.000000,-1.585440,0.102592,0.020956,0.000000,0.000000,0.000000,-0.053423
665,go2_001,63455000000,1776933993780152587,1776933993798797388,1297611175313,1776933930325.153,18.645,50.679,-0.258354,0.278093,0.000000,-1.590375,0.091755,0.034287,0.000000,0.000000,0.000000,-0.024766
666,go2_001,63515000000,1776933993833440236,1776933993848172959,1297660551098,1776933930318.440,14.733,49.376,-0.254617,0.278957,0.000000,-1.577259,0.076633,0.038012,0.000000,0.000000,0.000000,0.336572
667,go2_001,63555000000,1776933993885324421,1776933993898370199,1297710747882,1776933930330.324,13.046,50.197,-0.252120,0.276564,0.000000,-1.553158,0.074456,0.040777,0.000000,0.000000,0.000000,0.529013
668,go2_001,63610000000,1776933993941252806,1776933993948108673,1297760486399,1776933930331.253,6.856,49.738,-0.252028,0.277192,0.000000,-1.501238,0.063426,0.035923,0.000000,0.000000,0.000000,0.975231
669,go2_001,63665000000,1776933993993573198,1776933993998097264,1297810474989,1776933930328.573,4.524,49.989,-0.251895,0.272279,0.000000,-1.432122,0.066537,0.031576,0.000000,0.000000,0.000000,1.370710
670,go2_001,63725000000,1776933994045396434,1776933994048325818,1297860703526,1776933930320.396,2.929,50.229,-0.252371,0.263481,0.000000,-1.380952,0.078392,0.025518,0.000000,0.000000,0.000000,0.724802
671,go2_001,63760000000,1776933994097745471,1776933994098104307,1297910482075,1776933930337.745,0.359,49.778,-0.248775,0.251736,0.000000,-1.364419,0.100457,0.030125,0.000000,0.000000,0.000000,0.490259
672,go2_001,63795000000,1776933994139021479,1776933994148115550,1297960493386,1776933930344.021,9.094,50.011,-0.246192,0.250533,0.000000,-1.350628,0.095874,0.032706,0.000000,0.000000,0.000000,0.272852
673,go2_001,63850000000,1776933994185606884,1776933994198104127,1298010482115,1776933930335.607,12.497,49.989,-0.245759,0.251326,0.000000,-1.338196,0.082592,0.028786,0.000000,0.000000,0.000000,0.241879
674,go2_001,63870000000,1776933994205851896,1776933994248386703,1298060765040,1776933930335.852,42.535,50.283,-0.245583,0.251432,0.000000,-1.339108,0.078494,0.027591,0.000000,0.000000,0.000000,0.183639
675,go2_001,63920000000,1776933994269872511,1776933994298099883,1298110477582,1776933930349.872,28.227,49.713,-0.247145,0.250706,0.000000,-1.331492,0.070372,0.019905,0.000000,0.000000,0.000000,-0.001697
676,go2_001,63975000000,1776933994334755823,1776933994348182398,1298160560130,1776933930359.756,13.427,50.083,-0.247586,0.245317,0.000000,-1.333846,0.074106,0.014018,0.000000,0.000000,0.000000,0.015661
677,go2_001,64030000000,1776933994386655487,1776933994398097326,1298210475091,1776933930356.655,11.442,49.915,-0.246770,0.238128,0.000000,-1.318294,0.080840,0.010846,0.000000,0.000000,0.000000,0.296278
678,go2_001,64050000000,1776933994418704035,1776933994448534215,1298260912222,1776933930368.704,29.830,50.437,-0.246664,0.238150,0.000000,-1.306902,0.076860,0.010349,0.000000,0.000000,0.000000,0.466453
679,go2_001,64125000000,1776933994491262516,1776933994498873801,1298311252117,1776933930366.262,7.611,50.340,-0.246356,0.238605,0.000000,-1.240238,0.062437,0.008534,0.000000,0.000000,0.000000,0.835624
680,go2_001,64160000000,1776933994532510906,1776933994548172329,1298360550236,1776933930372.511,15.661,49.299,-0.246014,0.236068,0.000000,-1.203449,0.062748,0.006538,0.000000,0.000000,0.000000,1.157496
681,go2_001,64215000000,1776933994596341456,1776933994598123505,1298410501256,1776933930381.342,1.782,49.951,-0.254049,0.239627,0.000000,-1.147588,0.041376,-0.011296,0.000000,0.000000,0.000000,1.026656
682,go2_001,64255000000,1776933994638014598,1776933994648255833,1298460634291,1776933930383.015,10.241,50.132,-0.257098,0.236401,0.000000,-1.114870,0.041778,-0.020274,0.000000,0.000000,0.000000,0.704805
683,go2_001,64310000000,1776933994681047110,1776933994698123955,1298510501829,1776933930371.047,17.077,49.868,-0.255195,0.234084,0.000000,-1.097397,0.041215,-0.016637,0.000000,0.000000,0.000000,0.299288
684,go2_001,64365000000,1776933994745585304,1776933994748059202,1298560436796,1776933930380.585,2.474,49.935,-0.254885,0.234260,0.000000,-1.080430,0.034361,-0.014901,0.000000,0.000000,0.000000,0.450937
685,go2_001,64400000000,1776933994797572574,1776933994797979198,1298610356886,1776933930397.573,0.407,49.920,-0.253777,0.231898,0.000000,-1.059969,0.036871,-0.013961,0.000000,0.000000,0.000000,0.465452
686,go2_001,64440000000,1776933994829579449,1776933994848131323,1298660509174,1776933930389.580,18.552,50.152,-0.250620,0.227086,0.000000,-1.054290,0.045931,-0.010824,0.000000,0.000000,0.000000,0.177464
687,go2_001,64495000000,1776933994881225707,1776933994898071068,1298710449009,1776933930386.226,16.845,49.940,-0.244930,0.216414,0.000000,-1.048153,0.067464,-0.008490,0.000000,0.000000,0.000000,0.175881
688,go2_001,64555000000,1776933994943304549,1776933994948074035,1298760452227,1776933930388.305,4.769,50.003,-0.246613,0.216769,0.000000,-1.021534,0.055128,-0.011535,0.000000,0.000000,0.000000,0.510773
689,go2_001,64595000000,1776933994994471333,1776933994998079846,1298810457561,1776933930399.471,3.609,50.006,-0.246405,0.216840,0.000000,-0.984402,0.049338,-0.010724,0.000000,0.000000,0.000000,0.695008
690,go2_001,64635000000,1776933995035863235,1776933995048108000,1298860485698,1776933930400.863,12.245,50.028,-0.245110,0.215484,0.000000,-0.949427,0.048341,-0.009272,0.000000,0.000000,0.000000,0.877117
691,go2_001,64695000000,1776933995097743299,1776933995098101212,1298910478842,1776933930402.743,0.358,49.993,-0.239137,0.204920,0.000000,-0.886527,0.069174,-0.009381,0.000000,0.000000,0.000000,0.837911
692,go2_001,64735000000,1776933995139032016,1776933995148038658,1298960416218,1776933930404.032,9.007,49.937,-0.232349,0.197313,0.000000,-0.861939,0.086262,-0.005204,0.000000,0.000000,0.000000,0.609264
693,go2_001,64795000000,1776933995180576513,1776933995198051965,1299010430039,1776933930385.576,17.475,50.013,-0.232549,0.196585,0.000000,-0.839697,0.075491,-0.007591,0.000000,0.000000,0.000000,0.372163
694,go2_001,64835000000,1776933995222118062,1776933995248041388,1299060419793,1776933930387.118,25.923,49.989,-0.232273,0.196867,0.000000,-0.829048,0.068012,-0.007043,0.000000,0.000000,0.000000,0.481064
695,go2_001,64895000000,1776933995294266804,1776933995298017871,1299110395872,1776933930399.267,3.751,49.976,-0.229251,0.191083,0.000000,-0.785901,0.073409,-0.010021,0.000000,0.000000,0.000000,0.591813
696,go2_001,64935000000,1776933995335939067,1776933995348095805,1299160473568,1776933930400.939,12.157,50.078,-0.224128,0.191153,0.000000,-0.772394,0.073798,-0.000489,0.000000,0.000000,0.000000,0.364351
697,go2_001,64995000000,1776933995398096986,1776933995398280080,1299210657643,1776933930403.097,0.183,50.184,-0.216903,0.192959,0.000000,-0.750809,0.070233,0.013973,0.000000,0.000000,0.000000,0.440137
698,go2_001,65035000000,1776933995439697555,1776933995448139665,1299260517863,1776933930404.698,8.442,49.860,-0.215513,0.194241,0.000000,-0.731317,0.063461,0.016502,0.000000,0.000000,0.000000,0.429821
699,go2_001,65095000000,1776933995481417252,1776933995498082004,1299310459412,1776933930386.417,16.665,49.942,-0.215449,0.194709,0.000000,-0.706021,0.053842,0.014475,0.000000,0.000000,0.000000,0.410792
700,go2_001,65135000000,1776933995522755549,1776933995548098164,1299360475604,1776933930387.756,25.343,50.016,-0.212028,0.189943,0.000000,-0.682008,0.062440,0.010856,0.000000,0.000000,0.000000,0.856694
701,go2_001,65195000000,1776933995594929344,1776933995598101070,1299410478848,1776933930399.929,3.172,50.003,-0.205124,0.182492,0.000000,-0.616133,0.077675,0.007068,0.000000,0.000000,0.000000,0.897550
702,go2_001,65235000000,1776933995635971708,1776933995648103506,1299460481079,1776933930400.972,12.132,50.002,-0.196116,0.176668,0.000000,-0.589050,0.095349,0.010043,0.000000,0.000000,0.000000,0.669640
703,go2_001,65295000000,1776933995697900425,1776933995698120462,1299510498109,1776933930402.900,0.220,50.017,-0.190994,0.178554,0.000000,-0.558736,0.089608,0.017616,0.000000,0.000000,0.000000,0.429993
704,go2_001,65335000000,1776933995739240361,1776933995748094941,1299560472963,1776933930404.240,8.855,49.974,-0.188637,0.177995,0.000000,-0.542005,0.086956,0.017591,0.000000,0.000000,0.000000,0.380072
705,go2_001,65395000000,1776933995780899027,1776933995798158298,1299610536493,1776933930385.899,17.259,50.063,-0.183440,0.175268,0.000000,-0.532223,0.089457,0.016464,0.000000,0.000000,0.000000,0.156114
706,go2_001,65455000000,1776933995843252317,1776933995848058475,1299660436143,1776933930388.252,4.806,49.900,-0.175707,0.185286,0.000000,-0.525857,0.078294,0.042188,0.000000,0.000000,0.000000,0.169402
707,go2_001,65495000000,1776933995894545106,1776933995898075313,1299710453150,1776933930399.545,3.530,50.017,-0.174612,0.186195,0.000000,-0.510666,0.072241,0.041440,0.000000,0.000000,0.000000,0.402336
708,go2_001,65535000000,1776933995935595164,1776933995948035339,1299760412777,1776933930400.595,12.440,49.960,-0.170918,0.185629,0.000000,-0.494410,0.073743,0.041418,0.000000,0.000000,0.000000,0.451376
709,go2_001,65595000000,1776933995997926934,1776933995998119516,1299810497210,1776933930402.927,0.193,50.084,-0.171228,0.186114,0.000000,-0.449770,0.062897,0.036318,0.000000,0.000000,0.000000,0.764757
710,go2_001,65635000000,1776933996040135374,1776933996048077982,1299860455819,1776933930405.135,7.943,49.958,-0.171427,0.186480,0.000000,-0.385356,0.056394,0.033244,0.000000,0.000000,0.000000,1.246319
711,go2_001,65695000000,1776933996081542381,1776933996098100642,1299910479092,1776933930386.542,16.558,50.023,-0.167991,0.183545,0.000000,-0.337556,0.058509,0.026011,0.000000,0.000000,0.000000,1.146883
712,go2_001,65735000000,1776933996123155576,1776933996148165554,1299960543543,1776933930388.156,25.010,50.065,-0.156812,0.179253,0.000000,-0.303472,0.080906,0.026572,0.000000,0.000000,0.000000,0.864934
713,go2_001,65795000000,1776933996195775322,1776933996198239839,1300010618354,1776933930400.775,2.465,50.074,-0.147755,0.180652,0.000000,-0.262425,0.087337,0.033460,0.000000,0.000000,0.000000,0.478372
714,go2_001,65830000000,1776933996227516900,1776933996248077183,1300060454806,1776933930397.517,20.560,49.837,-0.148300,0.180785,0.000000,-0.250385,0.079610,0.029713,0.000000,0.000000,0.000000,0.365213
715,go2_001,65880000000,1776933996288948552,1776933996298061005,1300110438959,1776933930408.948,9.112,49.984,-0.149307,0.181460,0.000000,-0.243241,0.068370,0.025930,0.000000,0.000000,0.000000,0.175334
716,go2_001,65920000000,1776933996330320924,1776933996348089851,1300160467563,1776933930410.321,17.769,50.029,-0.148029,0.180038,0.000000,-0.239800,0.065781,0.020959,0.000000,0.000000,0.000000,0.016974
717,go2_001,65985000000,1776933996392110335,1776933996398046757,1300210424685,1776933930407.110,5.936,49.957,-0.155203,0.177141,0.000000,-0.238393,0.043732,0.005362,0.000000,0.000000,0.000000,0.030438
718,go2_001,66025000000,1776933996433292398,1776933996448065965,1300260443362,1776933930408.292,14.774,50.019,-0.149512,0.174789,0.000000,-0.231483,0.053199,0.003489,0.000000,0.000000,0.000000,0.165051
719,go2_001,66085000000,1776933996484912089,1776933996498093916,1300310472124,1776933930399.912,13.182,50.028,-0.149612,0.175082,0.000000,-0.195131,0.044895,0.002780,0.000000,0.000000,0.000000,0.744612
720,go2_001,66145000000,1776933996546622621,1776933996548071504,1300360449112,1776933930401.623,1.449,49.978,-0.146184,0.176456,0.000000,-0.138299,0.044971,0.006877,0.000000,0.000000,0.000000,0.895442
721,go2_001,66185000000,1776933996588025102,1776933996598041599,1300410419076,1776933930403.025,10.016,49.970,-0.148898,0.172455,0.000000,-0.087461,0.036449,-0.005005,0.000000,0.000000,0.000000,1.242765
722,go2_001,66225000000,1776933996629320971,1776933996648178424,1300460556362,1776933930404.321,18.857,50.137,-0.151039,0.167622,0.000000,-0.037850,0.029954,-0.017453,0.000000,0.000000,0.000000,1.191387
723,go2_001,66285000000,1776933996690944495,1776933996698066377,1300510444116,1776933930405.945,7.122,49.888,-0.150216,0.165274,0.000000,0.002151,0.027202,-0.021337,0.000000,0.000000,0.000000,0.407238
724,go2_001,66325000000,1776933996732435981,1776933996748109607,1300560487553,1776933930407.436,15.674,50.043,-0.150104,0.165501,0.000000,0.008416,0.023702,-0.019787,0.000000,0.000000,0.000000,0.199720
725,go2_001,66385000000,1776933996783911649,1776933996798075204,1300610452920,1776933930398.912,14.164,49.966,-0.149974,0.165770,0.000000,0.022958,0.019003,-0.017672,0.000000,0.000000,0.000000,0.279809
726,go2_001,66445000000,1776933996845713936,1776933996847986133,1300660363737,1776933930400.714,2.272,49.911,-0.138425,0.165131,0.000000,0.028234,0.041200,-0.015136,0.000000,0.000000,0.000000,0.049022
727,go2_001,66485000000,1776933996886817830,1776933996898074682,1300710452884,1776933930401.818,11.257,50.089,-0.129826,0.166932,0.000000,0.020933,0.056442,-0.008834,0.000000,0.000000,0.000000,-0.103139
728,go2_001,66525000000,1776933996927990976,1776933996948104217,1300760482062,1776933930402.991,20.113,50.030,-0.130520,0.169554,0.000000,0.026678,0.048971,-0.002824,0.000000,0.000000,0.000000,0.135123
729,go2_001,66585000000,1776933996989718847,1776933996998081018,1300810459488,1776933930404.719,8.362,49.977,-0.130679,0.169792,0.000000,0.066558,0.041359,-0.002660,0.000000,0.000000,0.000000,0.617900
730,go2_001,66625000000,1776933997031014555,1776933997048145224,1300860522979,1776933930406.014,17.131,50.064,-0.130772,0.169953,0.000000,0.102403,0.036802,-0.002558,0.000000,0.000000,0.000000,0.871290
731,go2_001,66685000000,1776933997092947412,1776933997098206762,1300910585204,1776933930407.948,5.259,50.062,-0.125424,0.169938,0.000000,0.174672,0.043410,-0.003330,0.000000,0.000000,0.000000,1.109442
732,go2_001,66745000000,1776933997144273060,1776933997148062090,1300960439564,1776933930399.273,3.789,49.855,-0.111567,0.172890,0.000000,0.214710,0.068726,0.001489,0.000000,0.000000,0.000000,0.730830
733,go2_001,66785000000,1776933997185279911,1776933997198054253,1301010431922,1776933930400.280,12.774,49.992,-0.110593,0.172331,0.000000,0.229869,0.064607,-0.001051,0.000000,0.000000,0.000000,0.405710
734,go2_001,66845000000,1776933997247167263,1776933997247992715,1301060370216,1776933930402.167,0.825,49.938,-0.110909,0.172814,0.000000,0.249794,0.055194,-0.001070,0.000000,0.000000,0.000000,0.358504
735,go2_001,66885000000,1776933997288497215,1776933997298057506,1301110435074,1776933930403.497,9.560,50.065,-0.105957,0.174906,0.000000,0.269149,0.062212,0.001642,0.000000,0.000000,0.000000,0.487065
736,go2_001,66925000000,1776933997329469067,1776933997348062381,1301160440106,1776933930404.469,18.593,50.005,-0.107430,0.177594,0.000000,0.270085,0.053701,0.007500,0.000000,0.000000,0.000000,0.032253
737,go2_001,66985000000,1776933997391447913,1776933997398079646,1301210457618,1776933930406.448,6.632,50.017,-0.102361,0.178850,0.000000,0.255425,0.058806,0.006480,0.000000,0.000000,0.000000,-0.217902
738,go2_001,67045000000,1776933997444524819,1776933997448189863,1301260567660,1776933930399.525,3.665,50.110,-0.098961,0.178705,0.000000,0.242226,0.058556,0.003475,0.000000,0.000000,0.000000,-0.194313
739,go2_001,67085000000,1776933997485514215,1776933997498542603,1301310920670,1776933930400.514,13.028,50.353,-0.099132,0.178737,0.000000,0.242110,0.052657,0.003102,0.000000,0.000000,0.000000,-0.027443
740,go2_001,67145000000,1776933997547744771,1776933997547945177,1301360322706,1776933930402.745,0.200,49.403,-0.099350,0.178760,0.000000,0.272378,0.044694,0.002598,0.000000,0.000000,0.000000,0.565156
741,go2_001,67185000000,1776933997589288495,1776933997598214928,1301410592785,1776933930404.289,8.926,50.270,-0.096383,0.179465,0.000000,0.298288,0.046960,0.002066,0.000000,0.000000,0.000000,0.700532
742,go2_001,67225000000,1776933997630299704,1776933997648114396,1301460492055,1776933930405.300,17.815,49.899,-0.093026,0.180605,0.000000,0.314746,0.050886,0.002251,0.000000,0.000000,0.000000,0.365145
743,go2_001,67285000000,1776933997692395080,1776933997698028161,1301510405769,1776933930407.395,5.633,49.914,-0.081754,0.187876,0.000000,0.313917,0.072210,0.010533,0.000000,0.000000,0.000000,-0.126604
744,go2_001,67325000000,1776933997733935565,1776933997748165228,1301560542904,1776933930408.936,14.230,50.137,-0.081966,0.187857,0.000000,0.299770,0.065229,0.009592,0.000000,0.000000,0.000000,-0.326425
745,go2_001,67385000000,1776933997785066994,1776933997798129475,1301610507805,1776933930400.067,13.062,49.964,-0.082198,0.187737,0.000000,0.279656,0.055796,0.008318,0.000000,0.000000,0.000000,-0.371141
746,go2_001,67445000000,1776933997846691551,1776933997847966976,1301660344698,1776933930401.692,1.275,49.838,-0.084707,0.187041,0.000000,0.233606,0.041536,0.007941,0.000000,0.000000,0.000000,-0.789263
747,go2_001,67480000000,1776933997887727661,1776933997898048662,1301710426179,1776933930407.728,10.321,50.082,-0.090895,0.183642,0.000000,0.213396,0.021548,0.004327,0.000000,0.000000,0.000000,-0.656178
748,go2_001,67525000000,1776933997929053188,1776933997948031802,1301760409376,1776933930404.053,18.979,49.983,-0.092111,0.182008,0.000000,0.199539,0.014645,0.001324,0.000000,0.000000,0.000000,-0.260425
749,go2_001,67585000000,1776933997991041669,1776933997998041487,1301810418924,1776933930406.042,7.000,50.010,-0.092119,0.181918,0.000000,0.214611,0.011263,0.001028,0.000000,0.000000,0.000000,0.295822
750,go2_001,67625000000,1776933998032334700,1776933998048032252,1301860409655,1776933930407.335,15.698,49.991,-0.092123,0.181879,0.000000,0.227120,0.009256,0.000851,0.000000,0.000000,0.000000,0.247184
751,go2_001,67685000000,1776933998093979546,1776933998098021893,1301910399423,1776933930408.979,4.042,49.990,-0.084199,0.182755,0.000000,0.254703,0.024788,-0.002946,0.000000,0.000000,0.000000,0.433065
752,go2_001,67745000000,1776933998145674034,1776933998148038139,1301960415663,1776933930400.674,2.364,50.016,-0.070110,0.187248,0.000000,0.271438,0.054457,-0.002212,0.000000,0.000000,0.000000,0.203634
753,go2_001,67765000000,1776933998166303122,1776933998198297879,1302010676210,1776933930401.303,31.995,50.260,-0.071023,0.188299,0.000000,0.270795,0.050533,0.000992,0.000000,0.000000,0.000000,0.099748
754,go2_001,67795000000,1776933998218843884,1776933998248104796,1302060482405,1776933930423.844,29.261,49.807,-0.071545,0.188052,0.000000,0.265674,0.045528,0.000847,0.000000,0.000000,0.000000,-0.114150
755,go2_001,67865000000,1776933998291006289,1776933998298140927,1302110519077,1776933930426.006,7.135,50.036,-0.071964,0.187746,0.000000,0.257602,0.036831,0.000580,0.000000,0.000000,0.000000,-0.107779
756,go2_001,67925000000,1776933998342715046,1776933998348039045,1302160416706,1776933930417.715,5.324,49.898,-0.060247,0.190441,0.000000,0.231755,0.058828,-0.001803,0.000000,0.000000,0.000000,-0.540035
757,go2_001,67965000000,1776933998383899713,1776933998398038276,1302210415847,1776933930418.900,14.139,49.999,-0.051917,0.194741,0.000000,0.209440,0.075340,0.002350,0.000000,0.000000,0.000000,-0.528953
758,go2_001,68025000000,1776933998445645262,1776933998448031108,1302260408493,1776933930420.645,2.386,49.993,-0.047847,0.195888,0.000000,0.196025,0.074727,0.002736,0.000000,0.000000,0.000000,-0.160865
759,go2_001,68065000000,1776933998486760316,1776933998498041978,1302310419494,1776933930421.760,11.282,50.011,-0.047819,0.195562,0.000000,0.198234,0.067769,0.002445,0.000000,0.000000,0.000000,0.018024
760,go2_001,68105000000,1776933998527861712,1776933998548106260,1302360484463,1776933930422.862,20.245,50.064,-0.047799,0.195283,0.000000,0.205523,0.061339,0.002176,0.000000,0.000000,0.000000,0.196256
761,go2_001,68165000000,1776933998589785348,1776933998598059829,1302410437803,1776933930424.785,8.274,49.954,-0.043180,0.195309,0.000000,0.237345,0.063521,-0.000749,0.000000,0.000000,0.000000,0.526772
762,go2_001,68225000000,1776933998641360536,1776933998648166511,1302460543984,1776933930416.360,6.806,50.107,-0.026687,0.198084,0.000000,0.258442,0.093983,-0.005172,0.000000,0.000000,0.000000,0.359724
763,go2_001,68265000000,1776933998682442449,1776933998698142957,1302510521100,1776933930417.443,15.701,49.976,-0.022473,0.203307,0.000000,0.261129,0.098769,0.004518,0.000000,0.000000,0.000000,0.011814
764,go2_001,68325000000,1776933998744454964,1776933998748092796,1302560470342,1776933930419.455,3.638,49.950,-0.022532,0.203010,0.000000,0.246616,0.085540,0.003888,0.000000,0.000000,0.000000,-0.243096
765,go2_001,68365000000,1776933998785648173,1776933998798128375,1302610505845,1776933930420.648,12.480,50.036,-0.022554,0.202797,0.000000,0.236794,0.077574,0.003509,0.000000,0.000000,0.000000,-0.228705
766,go2_001,68425000000,1776933998847622696,1776933998848005408,1302660382867,1776933930422.623,0.383,49.877,-0.020784,0.202934,0.000000,0.198373,0.070942,0.002966,0.000000,0.000000,0.000000,-0.754264
767,go2_001,68465000000,1776933998888715550,1776933998898098287,1302710475905,1776933930423.716,9.383,50.093,-0.012118,0.205621,0.000000,0.171468,0.086237,0.003479,0.000000,0.000000,0.000000,-0.631626
768,go2_001,68505000000,1776933998929917922,1776933998948136563,1302760514035,1776933930424.918,18.219,50.038,-0.001417,0.205187,0.000000,0.156006,0.102976,-0.004157,0.000000,0.000000,0.000000,-0.347795
769,go2_001,68565000000,1776933998981466528,1776933998998093017,1302810471134,1776933930416.467,16.626,49.956,-0.001427,0.204448,0.000000,0.159899,0.089120,-0.003760,0.000000,0.000000,0.000000,0.118822
770,go2_001,68625000000,1776933999043378817,1776933999048116378,1302860493957,1776933930418.379,4.738,50.023,-0.001447,0.203925,0.000000,0.188027,0.076871,-0.003403,0.000000,0.000000,0.000000,0.467498
771,go2_001,68665000000,1776933999084537671,1776933999098085690,1302910463443,1776933930419.538,13.548,49.969,-0.000747,0.203831,0.000000,0.210082,0.070948,-0.003442,0.000000,0.000000,0.000000,0.585243
772,go2_001,68725000000,1776933999146251215,1776933999148006231,1302960384081,1776933930421.251,1.755,49.921,0.000968,0.202273,0.000000,0.237777,0.064899,-0.007317,0.000000,0.000000,0.000000,0.374052
773,go2_001,68765000000,1776933999187349142,1776933999198106783,1303010484421,1776933930422.349,10.758,50.101,-0.000964,0.205750,0.000000,0.237375,0.056336,0.002799,0.000000,0.000000,0.000000,-0.027383
774,go2_001,68805000000,1776933999228539297,1776933999248075192,1303060452663,1776933930423.539,19.536,49.968,-0.000979,0.205671,0.000000,0.227570,0.050625,0.002525,0.000000,0.000000,0.000000,-0.172887
775,go2_001,68865000000,1776933999290702766,1776933999298073511,1303110451115,1776933930425.703,7.371,49.998,-0.000987,0.205543,0.000000,0.218235,0.042916,0.002155,0.000000,0.000000,0.000000,-0.129099
776,go2_001,68925000000,1776933999341830389,1776933999348119705,1303160497152,1776933930416.831,6.289,50.046,0.004592,0.206732,0.000000,0.195472,0.050154,0.001406,0.000000,0.000000,0.000000,-0.548177
777,go2_001,68965000000,1776933999382939700,1776933999398070042,1303210447687,1776933930417.940,15.130,49.950,0.012213,0.207507,0.000000,0.168121,0.063543,-0.001339,0.000000,0.000000,0.000000,-0.627595
778,go2_001,69025000000,1776933999444994893,1776933999448038248,1303260416051,1776933930419.995,3.043,49.968,0.015570,0.207899,0.000000,0.147147,0.062104,-0.001468,0.000000,0.000000,0.000000,-0.233165
779,go2_001,69065000000,1776933999486186021,1776933999498154031,1303310531474,1776933930421.186,11.968,50.116,0.015580,0.207666,0.000000,0.153693,0.055948,-0.001394,0.000000,0.000000,0.000000,0.131585
780,go2_001,69125000000,1776933999547999432,1776933999548169661,1303360547222,1776933930423.000,0.170,50.016,0.020799,0.207947,0.000000,0.168606,0.060625,-0.003051,0.000000,0.000000,0.000000,0.267306
781,go2_001,69165000000,1776933999589454913,1776933999598090768,1303410468198,1776933930424.455,8.636,49.921,0.027586,0.209564,0.000000,0.193517,0.071797,-0.002541,0.000000,0.000000,0.000000,0.558101
782,go2_001,69225000000,1776933999641239675,1776933999648004794,1303460382436,1776933930416.240,6.765,49.914,0.037298,0.209218,0.000000,0.224133,0.083838,-0.008093,0.000000,0.000000,0.000000,0.431602
783,go2_001,69265000000,1776933999682289862,1776933999698129849,1303510508626,1776933930417.290,15.840,50.125,0.041099,0.210485,0.000000,0.217901,0.085622,-0.006469,0.000000,0.000000,0.000000,0.041324
784,go2_001,69325000000,1776933999744048255,1776933999748011237,1303560388890,1776933930419.048,3.963,49.881,0.041068,0.210382,0.000000,0.211122,0.073761,-0.005747,0.000000,0.000000,0.000000,-0.084189
785,go2_001,69365000000,1776933999785418531,1776933999798070845,1303610449560,1776933930420.418,12.652,50.060,0.041056,0.210308,0.000000,0.207433,0.066638,-0.005311,0.000000,0.000000,0.000000,-0.081410
786,go2_001,69425000000,1776933999847151683,1776933999848042919,1303660421106,1776933930422.152,0.891,49.972,0.054017,0.215573,0.000000,0.171060,0.090755,0.000910,0.000000,0.000000,0.000000,-0.547519
787,go2_001,69465000000,1776933999888244001,1776933999898189658,1303710568276,1776933930423.244,9.946,50.147,0.063894,0.217322,0.000000,0.145426,0.106997,0.000035,0.000000,0.000000,0.000000,-0.509291
788,go2_001,69505000000,1776933999929533747,1776933999948044387,1303760422274,1776933930424.534,18.511,49.855,0.061229,0.215608,0.000000,0.134282,0.089970,-0.001783,0.000000,0.000000,0.000000,-0.223819
789,go2_001,69565000000,1776933999991418821,1776933999998180527,1303810558968,1776933930426.419,6.762,50.136,0.061787,0.215509,0.000000,0.132919,0.078856,-0.001108,0.000000,0.000000,0.000000,0.040617
790,go2_001,69625000000,1776934000042524964,1776934000048034809,1303860412689,1776933930417.525,5.510,49.854,0.065863,0.215152,0.000000,0.158981,0.077684,-0.003225,0.000000,0.000000,0.000000,0.571167
791,go2_001,69665000000,1776934000083791829,1776934000098385759,1303910763975,1776933930418.792,14.594,50.351,0.061794,0.214938,0.000000,0.190939,0.060039,-0.001162,0.000000,0.000000,0.000000,0.786867
792,go2_001,69700000000,1776934000128155055,1776934000148334953,1303960712798,1776933930428.155,20.180,49.949,0.069590,0.215454,0.000000,0.208750,0.073923,-0.003669,0.000000,0.000000,0.000000,0.467895
793,go2_001,69755000000,1776934000194421349,1776934000198113184,1304010490898,1776933930439.421,3.692,49.778,0.085105,0.222626,0.000000,0.214272,0.104841,0.006009,0.000000,0.000000,0.000000,-0.025399
794,go2_001,69795000000,1776934000235765545,1776934000248095226,1304060473095,1776933930440.765,12.330,49.982,0.087357,0.223660,0.000000,0.204814,0.101019,0.006812,0.000000,0.000000,0.000000,-0.217972
795,go2_001,69855000000,1776934000297760322,1776934000298023819,1304110401520,1776933930442.760,0.263,49.929,0.087486,0.223599,0.000000,0.174170,0.087409,0.005990,0.000000,0.000000,0.000000,-0.410402
796,go2_001,69895000000,1776934000338696792,1776934000348126093,1304160505078,1776933930443.697,9.429,50.102,0.092169,0.223618,0.000000,0.154273,0.090716,0.003408,0.000000,0.000000,0.000000,-0.506827
797,go2_001,69960000000,1776934000390326464,1776934000398112351,1304210490209,1776933930430.326,7.786,49.986,0.086237,0.223476,0.000000,0.114639,0.062820,0.006193,0.000000,0.000000,0.000000,-0.666105
798,go2_001,70000000000,1776934000432090468,1776934000448075201,1304260453034,1776933930432.090,15.985,49.963,0.097382,0.223579,0.000000,0.103970,0.083975,0.000968,0.000000,0.000000,0.000000,-0.392825
799,go2_001,70055000000,1776934000493969070,1776934000498060912,1304310438624,1776933930438.969,4.092,49.986,0.098112,0.221836,0.000000,0.109471,0.073963,-0.002672,0.000000,0.000000,0.000000,0.172736
800,go2_001,70095000000,1776934000535581437,1776934000548081246,1304360458920,1776933930440.581,12.500,50.020,0.098183,0.221662,0.000000,0.127318,0.066764,-0.002483,0.000000,0.000000,0.000000,0.395754
801,go2_001,70155000000,1776934000597465588,1776934000598012247,1304410389700,1776933930442.466,0.547,49.931,0.101016,0.222952,0.000000,0.162404,0.064060,0.000012,0.000000,0.000000,0.000000,0.551177
802,go2_001,70195000000,1776934000638861196,1776934000648138087,1304460515557,1776933930443.861,9.277,50.126,0.095505,0.220253,0.000000,0.183577,0.042769,-0.004260,0.000000,0.000000,0.000000,0.564695
803,go2_001,70255000000,1776934000690338042,1776934000698057803,1304510435536,1776933930435.338,7.720,49.920,0.104901,0.223814,0.000000,0.194355,0.059559,0.000866,0.000000,0.000000,0.000000,0.141379
804,go2_001,70295000000,1776934000731405642,1776934000748081778,1304560460058,1776933930436.406,16.676,50.024,0.104933,0.223850,0.000000,0.186957,0.053503,0.000777,0.000000,0.000000,0.000000,-0.141720
805,go2_001,70355000000,1776934000793671880,1776934000798020533,1304610398188,1776933930438.672,4.349,49.939,0.104985,0.223863,0.000000,0.170398,0.045306,0.000658,0.000000,0.000000,0.000000,-0.247468
806,go2_001,70395000000,1776934000834820154,1776934000848047078,1304660424820,1776933930439.820,13.227,50.027,0.106610,0.223977,0.000000,0.152989,0.044479,0.000186,0.000000,0.000000,0.000000,-0.489124
807,go2_001,70455000000,1776934000896586376,1776934000897947089,1304710324540,1776933930441.586,1.361,49.900,0.117942,0.225329,0.000000,0.097518,0.065422,-0.001095,0.000000,0.000000,0.000000,-0.740701
808,go2_001,70495000000,1776934000938062845,1776934000948134547,1304760511962,1776933930443.063,10.072,50.187,0.120605,0.225981,0.000000,0.082498,0.065369,-0.000044,0.000000,0.000000,0.000000,-0.325952
809,go2_001,70535000000,1776934000979312642,1776934000998651424,1304811034440,1776933930444.312,19.339,50.517,0.120670,0.225795,0.000000,0.086686,0.058839,-0.000057,0.000000,0.000000,0.000000,0.089834
810,go2_001,70595000000,1776934001031304601,1776934001048090873,1304860468338,1776933930436.305,16.786,49.439,0.120751,0.225598,0.000000,0.100764,0.050064,-0.000074,0.000000,0.000000,0.000000,0.263886
811,go2_001,70655000000,1776934001092730059,1776934001098172609,1304910551061,1776933930437.730,5.443,50.082,0.121172,0.224981,0.000000,0.132103,0.043050,-0.001541,0.000000,0.000000,0.000000,0.623072
812,go2_001,70695000000,1776934001134009172,1776934001148058453,1304960435918,1776933930439.009,14.049,49.886,0.129918,0.224649,0.000000,0.157503,0.059971,-0.005403,0.000000,0.000000,0.000000,0.572046
813,go2_001,70755000000,1776934001196178022,1776934001197986825,1305010364161,1776933930441.178,1.809,49.928,0.137521,0.227035,0.000000,0.162733,0.069695,-0.001730,0.000000,0.000000,0.000000,-0.043538
814,go2_001,70795000000,1776934001238666859,1776934001248054698,1305060432113,1776933930443.667,9.388,50.068,0.133921,0.226919,0.000000,0.154512,0.053944,-0.000645,0.000000,0.000000,0.000000,-0.145873
815,go2_001,70835000000,1776934001279508569,1776934001298057543,1305110435385,1776933930444.509,18.549,50.003,0.133955,0.226932,0.000000,0.146953,0.048382,-0.000603,0.000000,0.000000,0.000000,-0.181584
816,go2_001,70895000000,1776934001331363092,1776934001348052608,1305160430189,1776933930436.363,16.690,49.995,0.136691,0.227101,0.000000,0.130172,0.047772,-0.001114,0.000000,0.000000,0.000000,-0.407102
817,go2_001,70955000000,1776934001392707657,1776934001398081664,1305210459124,1776933930437.708,5.374,50.029,0.152228,0.230832,0.000000,0.080307,0.079504,0.002839,0.000000,0.000000,0.000000,-0.718669
818,go2_001,70995000000,1776934001434191006,1776934001448103624,1305260481069,1776933930439.191,13.913,50.022,0.155320,0.229554,0.000000,0.069351,0.078725,-0.001169,0.000000,0.000000,0.000000,-0.215267
819,go2_001,71055000000,1776934001496022073,1776934001497989253,1305310366691,1776933930441.022,1.967,49.886,0.154591,0.229252,0.000000,0.074385,0.065687,-0.000895,0.000000,0.000000,0.000000,0.121200
820,go2_001,71095000000,1776934001537704891,1776934001548084232,1305360462396,1776933930442.705,10.379,50.095,0.154644,0.229146,0.000000,0.092595,0.059182,-0.000831,0.000000,0.000000,0.000000,0.344917
821,go2_001,71135000000,1776934001579215831,1776934001598130147,1305410507851,1776933930444.216,18.914,50.046,0.154688,0.229102,0.000000,0.117283,0.053202,-0.000773,0.000000,0.000000,0.000000,0.561011
822,go2_001,71215000000,1776934001641123221,1776934001648284903,1305460662949,1776933930426.123,7.162,50.155,0.173458,0.230814,0.000000,0.153556,0.088304,-0.002168,0.000000,0.000000,0.000000,0.386257
823,go2_001,71235000000,1776934001661967312,1776934001698034564,1305510412179,1776933930426.967,36.067,49.750,0.178463,0.233452,0.000000,0.150471,0.097603,0.002996,0.000000,0.000000,0.000000,0.298975
824,go2_001,71295000000,1776934001724120244,1776934001748056261,1305560433667,1776933930429.120,23.936,50.022,0.186575,0.235866,0.000000,0.150398,0.104051,0.005544,0.000000,0.000000,0.000000,-0.074757
825,go2_001,71355000000,1776934001795960115,1776934001798074800,1305610453685,1776933930440.960,2.115,50.019,0.186654,0.235946,0.000000,0.124016,0.089900,0.004873,0.000000,0.000000,0.000000,-0.359570
826,go2_001,71395000000,1776934001837425441,1776934001848094067,1305660471685,1776933930442.425,10.669,50.019,0.191508,0.235674,0.000000,0.106159,0.093561,0.002249,0.000000,0.000000,0.000000,-0.455832
827,go2_001,71435000000,1776934001878517675,1776934001898380398,1305710758300,1776933930443.518,19.863,50.286,0.187384,0.235687,0.000000,0.073852,0.074216,0.003605,0.000000,0.000000,0.000000,-0.728472
828,go2_001,71475000000,1776934001920081592,1776934001948125614,1305760503380,1776933930445.082,28.044,49.745,0.196301,0.235828,0.000000,0.052030,0.089239,0.001342,0.000000,0.000000,0.000000,-0.527852
829,go2_001,71545000000,1776934001994258117,1776934001998046718,1305810424626,1776933930449.258,3.789,49.921,0.201781,0.233873,0.000000,0.053818,0.086601,-0.003927,0.000000,0.000000,0.000000,0.136271
830,go2_001,71605000000,1776934002046188612,1776934002048040018,1305860417647,1776933930441.189,1.851,49.993,0.201973,0.233679,0.000000,0.075754,0.074647,-0.003488,0.000000,0.000000,0.000000,0.377078
831,go2_001,71645000000,1776934002087799710,1776934002098078987,1305910456669,1776933930442.800,10.279,50.039,0.202080,0.233637,0.000000,0.095311,0.067431,-0.003221,0.000000,0.000000,0.000000,0.402012
832,go2_001,71685000000,1776934002128832160,1776934002148039950,1305960417593,1776933930443.832,19.208,49.961,0.207890,0.233764,0.000000,0.118691,0.075361,-0.004146,0.000000,0.000000,0.000000,0.531391
833,go2_001,71730000000,1776934002170359631,1776934002198074661,1306010452694,1776933930440.360,27.715,50.035,0.212803,0.233178,0.000000,0.142836,0.078678,-0.006659,0.000000,0.000000,0.000000,0.544065
834,go2_001,71810000000,1776934002241956614,1776934002248069310,1306060447027,1776933930431.957,6.113,49.995,0.211088,0.235430,0.000000,0.135868,0.060321,-0.000446,0.000000,0.000000,0.000000,-0.174137
835,go2_001,71850000000,1776934002283110622,1776934002298113874,1306110491974,1776933930433.111,15.003,50.045,0.211133,0.235493,0.000000,0.127068,0.054149,-0.000412,0.000000,0.000000,0.000000,-0.185218
836,go2_001,71910000000,1776934002345365140,1776934002347968840,1306160346845,1776933930435.365,2.604,49.855,0.219035,0.235395,0.000000,0.111017,0.065400,-0.003027,0.000000,0.000000,0.000000,-0.313007
837,go2_001,71950000000,1776934002386706754,1776934002398082948,1306210460707,1776933930436.707,11.376,50.114,0.226386,0.237868,0.000000,0.081430,0.077942,0.001556,0.000000,0.000000,0.000000,-0.575866
838,go2_001,71990000000,1776934002427848463,1776934002448062926,1306260440827,1776933930437.849,20.214,49.980,0.234854,0.239998,0.000000,0.063910,0.092123,0.004711,0.000000,0.000000,0.000000,-0.407101
839,go2_001,72050000000,1776934002489811638,1776934002498090972,1306310469154,1776933930439.812,8.279,50.028,0.234984,0.239828,0.000000,0.066429,0.079293,0.004147,0.000000,0.000000,0.000000,0.048847
840,go2_001,72110000000,1776934002541005156,1776934002548099750,1306360477172,1776933930431.005,7.095,50.009,0.235092,0.239723,0.000000,0.075401,0.067977,0.003647,0.000000,0.000000,0.000000,0.172639
841,go2_001,72150000000,1776934002582345463,1776934002598104342,1306410482091,1776933930432.345,15.759,50.005,0.234593,0.239914,0.000000,0.088889,0.059799,0.004046,0.000000,0.000000,0.000000,0.353699
842,go2_001,72210000000,1776934002644122972,1776934002648110130,1306460487878,1776933930434.123,3.987,50.006,0.249636,0.237553,0.000000,0.131688,0.087422,-0.005897,0.000000,0.000000,0.000000,0.672906
843,go2_001,72250000000,1776934002685278896,1776934002698164459,1306510542340,1776933930435.279,12.886,50.054,0.259024,0.240787,0.000000,0.144620,0.103310,0.000161,0.000000,0.000000,0.000000,0.305602
844,go2_001,72310000000,1776934002746898623,1776934002748010146,1306560387668,1776933930436.899,1.112,49.846,0.258612,0.241891,0.000000,0.137452,0.088164,0.002260,0.000000,0.000000,0.000000,-0.123230
845,go2_001,72350000000,1776934002788013937,1776934002798052462,1306610430343,1776933930438.014,10.039,50.042,0.258667,0.242001,0.000000,0.127250,0.079728,0.002070,0.000000,0.000000,0.000000,-0.233516
846,go2_001,72390000000,1776934002829181051,1776934002848135359,1306660512778,1776933930439.181,18.954,50.083,0.263690,0.243286,0.000000,0.111800,0.085080,0.003675,0.000000,0.000000,0.000000,-0.437987
847,go2_001,72450000000,1776934002880497213,1776934002898291218,1306710669189,1776933930430.497,17.794,50.156,0.275909,0.245106,0.000000,0.059808,0.103521,0.004803,0.000000,0.000000,0.000000,-0.753768
848,go2_001,72510000000,1776934002942450910,1776934002948122787,1306760500644,1776933930432.451,5.672,49.832,0.284702,0.245247,0.000000,0.045786,0.110109,0.002906,0.000000,0.000000,0.000000,-0.212242
849,go2_001,72545000000,1776934002984024951,1776934002998051822,1306810430163,1776933930439.025,14.027,49.929,0.284308,0.245028,0.000000,0.052134,0.099854,0.002656,0.000000,0.000000,0.000000,0.144410
850,go2_001,72610000000,1776934003046028927,1776934003048064065,1306860442219,1776933930436.029,2.035,50.012,0.284936,0.244922,0.000000,0.075621,0.086039,0.002326,0.000000,0.000000,0.000000,0.370076
851,go2_001,72645000000,1776934003087274765,1776934003098034897,1306910412303,1776933930442.275,10.760,49.971,0.287933,0.246102,0.000000,0.100318,0.086608,0.004529,0.000000,0.000000,0.000000,0.525661
852,go2_001,72685000000,1776934003128401635,1776934003148041299,1306960418728,1776933930443.402,19.640,50.006,0.284204,0.243918,0.000000,0.126791,0.068070,-0.000710,0.000000,0.000000,0.000000,0.659688
853,go2_001,72745000000,1776934003190604804,1776934003198168045,1307010545692,1776933930445.605,7.563,50.127,0.299957,0.247914,0.000000,0.147228,0.097780,0.005304,0.000000,0.000000,0.000000,0.256978
854,go2_001,72805000000,1776934003241825950,1776934003248091121,1307060468638,1776933930436.826,6.265,49.923,0.300074,0.248193,0.000000,0.138818,0.084220,0.004657,0.000000,0.000000,0.000000,-0.207016
855,go2_001,72845000000,1776934003283230386,1776934003298138470,1307110517149,1776933930438.230,14.908,50.047,0.300152,0.248311,0.000000,0.124553,0.076027,0.004263,0.000000,0.000000,0.000000,-0.381833
856,go2_001,72905000000,1776934003344830980,1776934003348041394,1307160418835,1776933930439.831,3.210,49.903,0.302831,0.249137,0.000000,0.094680,0.071825,0.004945,0.000000,0.000000,0.000000,-0.570502
857,go2_001,72950000000,1776934003386218333,1776934003398108236,1307210486017,1776933930436.218,11.890,50.067,0.309843,0.249997,0.000000,0.059331,0.081408,0.004956,0.000000,0.000000,0.000000,-0.741856
858,go2_001,73005000000,1776934003448041202,1776934003448301119,1307260679069,1776933930443.041,0.260,50.193,0.319415,0.250077,0.000000,0.035253,0.093447,0.002820,0.000000,0.000000,0.000000,-0.239007
859,go2_001,73045000000,1776934003489506050,1776934003498119949,1307310497611,1776933930444.506,8.614,49.819,0.319532,0.249900,0.000000,0.043166,0.084527,0.002569,0.000000,0.000000,0.000000,0.162989
860,go2_001,73085000000,1776934003530567149,1776934003548055791,1307360433395,1776933930445.567,17.489,49.936,0.319633,0.249788,0.000000,0.057685,0.076315,0.002339,0.000000,0.000000,0.000000,0.294903
861,go2_001,73145000000,1776934003581825417,1776934003598080261,1307410457758,1776933930436.825,16.255,50.024,0.327779,0.250311,0.000000,0.074262,0.085563,0.001972,0.000000,0.000000,0.000000,0.416749
862,go2_001,73205000000,1776934003643586659,1776934003648042501,1307460419910,1776933930438.587,4.456,49.962,0.341216,0.248785,0.000000,0.115817,0.106189,-0.004974,0.000000,0.000000,0.000000,0.642105
863,go2_001,73245000000,1776934003684800904,1776934003698080577,1307510458014,1776933930439.801,13.280,50.038,0.349415,0.251213,0.000000,0.128312,0.117196,-0.000515,0.000000,0.000000,0.000000,0.292090
864,go2_001,73305000000,1776934003746502486,1776934003748031881,1307560409529,1776933930441.502,1.529,49.951,0.349554,0.251476,0.000000,0.120129,0.101201,-0.000485,0.000000,0.000000,0.000000,-0.140545
865,go2_001,73345000000,1776934003787968172,1776934003798043690,1307610421387,1776933930442.968,10.076,50.012,0.349641,0.251587,0.000000,0.111196,0.091589,-0.000467,0.000000,0.000000,0.000000,-0.203848
866,go2_001,73385000000,1776934003828899299,1776934003848044072,1307660422307,1776933930443.899,19.145,50.000,0.350015,0.251605,0.000000,0.096346,0.083483,-0.000635,0.000000,0.000000,0.000000,-0.425014
867,go2_001,73445000000,1776934003890937487,1776934003898112970,1307710491304,1776933930445.938,7.175,50.069,0.358100,0.252095,0.000000,0.045326,0.091409,-0.000920,0.000000,0.000000,0.000000,-0.774711
868,go2_001,73505000000,1776934003942473182,1776934003948039931,1307760417383,1776933930437.473,5.567,49.927,0.364316,0.251403,0.000000,0.029602,0.092774,-0.003242,0.000000,0.000000,0.000000,-0.209775
869,go2_001,73545000000,1776934003983707713,1776934003998080632,1307810458262,1776933930438.708,14.373,50.041,0.366902,0.251426,0.000000,0.030799,0.090032,-0.003005,0.000000,0.000000,0.000000,-0.006307
870,go2_001,73605000000,1776934004047014717,1776934004048283807,1307860661587,1776933930442.015,1.269,50.203,0.367032,0.251242,0.000000,0.046325,0.077182,-0.002671,0.000000,0.000000,0.000000,0.306750
871,go2_001,73625000000,1776934004077707497,1776934004098170559,1307910548817,1776933930452.708,20.463,49.887,0.367071,0.251213,0.000000,0.057867,0.073245,-0.002567,0.000000,0.000000,0.000000,0.421824
872,go2_001,73670000000,1776934004139473007,1776934004148097306,1307960475177,1776933930469.473,8.624,49.927,0.380584,0.250073,0.000000,0.091661,0.098449,-0.007894,0.000000,0.000000,0.000000,0.634880
873,go2_001,73730000000,1776934004180634950,1776934004198112524,1308010491100,1776933930450.635,17.478,50.015,0.396054,0.252627,0.000000,0.120526,0.123023,-0.003522,0.000000,0.000000,0.000000,0.383128
874,go2_001,73795000000,1776934004242715516,1776934004248169309,1308060547860,1776933930447.716,5.454,50.057,0.402349,0.254957,0.000000,0.110938,0.120029,0.000725,0.000000,0.000000,0.000000,-0.051802
875,go2_001,73835000000,1776934004294116398,1776934004298038392,1308110415981,1776933930459.116,3.922,49.869,0.402511,0.255103,0.000000,0.101373,0.108912,0.000662,0.000000,0.000000,0.000000,-0.203601
876,go2_001,73875000000,1776934004335452011,1776934004348216505,1308160594467,1776933930460.452,12.764,50.178,0.402661,0.255172,0.000000,0.082100,0.098658,0.000603,0.000000,0.000000,0.000000,-0.405598
877,go2_001,73935000000,1776934004397423916,1776934004398002302,1308210379785,1776933930462.424,0.578,49.786,0.404920,0.254728,0.000000,0.040805,0.089630,-0.000871,0.000000,0.000000,0.000000,-0.760410
878,go2_001,73975000000,1776934004438877988,1776934004448029953,1308260407477,1776933930463.878,9.152,50.028,0.413965,0.253386,0.000000,0.018312,0.103419,-0.005620,0.000000,0.000000,0.000000,-0.459637
879,go2_001,74015000000,1776934004479708249,1776934004498067650,1308310445321,1776933930464.708,18.359,50.038,0.424698,0.252067,0.000000,0.013908,0.120404,-0.009809,0.000000,0.000000,0.000000,-0.050796
880,go2_001,74095000000,1776934004542198559,1776934004548031525,1308360409698,1776933930447.198,5.833,49.964,0.424969,0.251711,0.000000,0.038139,0.098796,-0.008294,0.000000,0.000000,0.000000,0.433764
881,go2_001,74135000000,1776934004583194575,1776934004598117953,1308410496420,1776933930448.195,14.923,50.086,0.425088,0.251658,0.000000,0.058796,0.089258,-0.007622,0.000000,0.000000,0.000000,0.503316
882,go2_001,74175000000,1776934004634669951,1776934004648070313,1308460448330,1776933930459.670,13.400,49.952,0.426279,0.251573,0.000000,0.090572,0.082870,-0.007604,0.000000,0.000000,0.000000,0.661501
883,go2_001,74235000000,1776934004696557966,1776934004698029006,1308510407454,1776933930461.558,1.471,49.959,0.427252,0.251269,0.000000,0.115178,0.073426,-0.007952,0.000000,0.000000,0.000000,0.314130
884,go2_001,74275000000,1776934004737606083,1776934004748030927,1308560408983,1776933930462.606,10.425,50.002,0.426595,0.253648,0.000000,0.111731,0.064439,-0.001584,0.000000,0.000000,0.000000,-0.066995
885,go2_001,74315000000,1776934004778987250,1776934004798064340,1308610442371,1776933930463.987,19.077,50.033,0.426666,0.253745,0.000000,0.096808,0.057667,-0.001441,0.000000,0.000000,0.000000,-0.300993
886,go2_001,74395000000,1776934004840960887,1776934004848106251,1308660484450,1776933930445.961,7.145,50.042,0.430924,0.254524,0.000000,0.063566,0.056594,-0.000085,0.000000,0.000000,0.000000,-0.432475
887,go2_001,74435000000,1776934004882182013,1776934004898106257,1308710484737,1776933930447.182,15.924,50.000,0.436029,0.253654,0.000000,0.042197,0.063151,-0.003140,0.000000,0.000000,0.000000,-0.728608
888,go2_001,74475000000,1776934004923505245,1776934004948038268,1308760416212,1776933930448.505,24.533,49.932,0.444404,0.255503,0.000000,0.011038,0.077976,0.000650,0.000000,0.000000,0.000000,-0.729830
889,go2_001,74535000000,1776934004995716064,1776934004998146573,1308810524489,1776933930460.716,2.431,50.108,0.449386,0.255809,0.000000,-0.007589,0.078114,0.001278,0.000000,0.000000,0.000000,-0.064116
890,go2_001,74575000000,1776934005036803472,1776934005048052999,1308860430746,1776933930461.803,11.250,49.906,0.449476,0.255649,0.000000,0.004729,0.070281,0.001190,0.000000,0.000000,0.000000,0.263170
891,go2_001,74615000000,1776934005078020122,1776934005098244293,1308910622132,1776933930463.020,20.224,50.191,0.449556,0.255551,0.000000,0.017994,0.063082,0.001109,0.000000,0.000000,0.000000,0.318302
892,go2_001,74675000000,1776934005140037687,1776934005148076943,1308960455879,1776933930465.038,8.039,49.833,0.459193,0.254423,0.000000,0.069911,0.077515,-0.002929,0.000000,0.000000,0.000000,0.761542
893,go2_001,74735000000,1776934005181320172,1776934005198118018,1309010496637,1776933930446.320,16.798,50.041,0.472512,0.255356,0.000000,0.091303,0.098839,-0.001911,0.000000,0.000000,0.000000,0.333142
894,go2_001,74795000000,1776934005243507995,1776934005248010655,1309060388527,1776933930448.508,4.503,49.893,0.470430,0.256200,0.000000,0.077484,0.079694,0.000184,0.000000,0.000000,0.000000,-0.127275
895,go2_001,74835000000,1776934005294539939,1776934005298043382,1309110420912,1776933930459.540,3.503,50.033,0.470506,0.256272,0.000000,0.066201,0.071743,0.000184,0.000000,0.000000,0.000000,-0.205722
896,go2_001,74875000000,1776934005335789700,1776934005348121967,1309160500264,1776933930460.790,12.332,50.079,0.470576,0.256309,0.000000,0.057018,0.064436,0.000183,0.000000,0.000000,0.000000,-0.250162
897,go2_001,74935000000,1776934005398174098,1776934005398485047,1309210863277,1776933930463.174,0.311,50.363,0.480298,0.257789,0.000000,0.009701,0.079107,0.002862,0.000000,0.000000,0.000000,-0.810650
898,go2_001,74975000000,1776934005439427096,1776934005448088119,1309260465976,1776933930464.427,8.661,49.603,0.489253,0.258190,0.000000,-0.014273,0.093781,0.002939,0.000000,0.000000,0.000000,-0.551075
899,go2_001,75035000000,1776934005480820422,1776934005498166807,1309310544612,1776933930445.820,17.346,50.079,0.485657,0.256842,0.000000,-0.018960,0.071326,0.000362,0.000000,0.000000,0.000000,-0.018145
900,go2_001,75095000000,1776934005542756304,1776934005548081106,1309360458982,1776933930447.756,5.325,49.914,0.485764,0.256673,0.000000,-0.004439,0.060657,0.000335,0.000000,0.000000,0.000000,0.255214
901,go2_001,75135000000,1776934005583785243,1776934005598052503,1309410430278,1776933930448.785,14.267,49.971,0.485828,0.256619,0.000000,0.012940,0.054264,0.000318,0.000000,0.000000,0.000000,0.426747
902,go2_001,75175000000,1776934005635060476,1776934005648027793,1309460405190,1776933930460.060,12.967,49.975,0.491965,0.255821,0.000000,0.049005,0.063959,-0.002170,0.000000,0.000000,0.000000,0.690003
903,go2_001,75235000000,1776934005696964424,1776934005697954895,1309510332362,1776933930461.965,0.990,49.927,0.510266,0.255699,0.000000,0.067289,0.099347,-0.003356,0.000000,0.000000,0.000000,0.179619
904,go2_001,75275000000,1776934005738153988,1776934005748083818,1309560461497,1776933930463.154,9.930,50.129,0.510100,0.257746,0.000000,0.061821,0.089421,0.001753,0.000000,0.000000,0.000000,-0.174292
905,go2_001,75315000000,1776934005780292586,1776934005798059339,1309610436818,1776933930465.292,17.767,49.976,0.510178,0.257848,0.000000,0.052471,0.080718,0.001624,0.000000,0.000000,0.000000,-0.192220
906,go2_001,75375000000,1776934005821520276,1776934005848130866,1309660508627,1776933930446.520,26.611,50.072,0.510288,0.257916,0.000000,0.032427,0.068960,0.001448,0.000000,0.000000,0.000000,-0.423809
907,go2_001,75400000000,1776934005873192264,1776934005898171030,1309710548848,1776933930473.192,24.979,50.040,0.513426,0.257360,0.000000,0.015129,0.072518,-0.000287,0.000000,0.000000,0.000000,-0.533776
908,go2_001,75460000000,1776934005934592627,1776934005948070896,1309760448255,1776933930474.593,13.478,49.900,0.521536,0.258201,0.000000,-0.015091,0.082363,0.001514,0.000000,0.000000,0.000000,-0.430937
909,go2_001,75520000000,1776934005986675717,1776934005998043207,1309810420629,1776933930466.676,11.367,49.972,0.534536,0.254601,0.000000,-0.021337,0.101868,-0.007759,0.000000,0.000000,0.000000,0.008742
910,go2_001,75565000000,1776934006027608978,1776934006048075933,1309860453450,1776933930462.609,20.467,50.033,0.535184,0.254412,0.000000,-0.014118,0.092280,-0.007144,0.000000,0.000000,0.000000,0.166693
911,go2_001,75625000000,1776934006089535261,1776934006098094655,1309910472347,1776933930464.535,8.559,50.019,0.535372,0.254323,0.000000,0.013114,0.079216,-0.006282,0.000000,0.000000,0.000000,0.434795
912,go2_001,75665000000,1776934006130446638,1776934006148091905,1309960469617,1776933930465.447,17.645,49.997,0.538576,0.254094,0.000000,0.040016,0.078971,-0.006613,0.000000,0.000000,0.000000,0.690125
913,go2_001,75725000000,1776934006192321391,1776934006198062897,1310010440341,1776933930467.321,5.742,49.971,0.540424,0.255173,0.000000,0.066863,0.072396,-0.003394,0.000000,0.000000,0.000000,0.303058
914,go2_001,75785000000,1776934006243980946,1776934006248125875,1310060503672,1776933930458.981,4.145,50.063,0.550666,0.258931,0.000000,0.069094,0.086581,0.005169,0.000000,0.000000,0.000000,-0.014457
915,go2_001,75825000000,1776934006285220886,1776934006298045618,1310110423194,1776933930460.221,12.825,49.920,0.550760,0.259078,0.000000,0.055788,0.078120,0.004772,0.000000,0.000000,0.000000,-0.307645
916,go2_001,75885000000,1776934006346923062,1776934006348032185,1310160409583,1776933930461.923,1.109,49.987,0.550894,0.259180,0.000000,0.031204,0.066681,0.004232,0.000000,0.000000,0.000000,-0.331789
917,go2_001,75925000000,1776934006388455656,1776934006398063878,1310210441439,1776933930463.456,9.608,50.032,0.554729,0.258385,0.000000,0.011300,0.069137,0.001656,0.000000,0.000000,0.000000,-0.516935
918,go2_001,75965000000,1776934006429678770,1776934006448119191,1310260497060,1776933930464.679,18.440,50.055,0.549661,0.259399,0.000000,-0.015524,0.049020,0.004550,0.000000,0.000000,0.000000,-0.643197
919,go2_001,76025000000,1776934006491779768,1776934006498094604,1310310472420,1776933930466.780,6.315,49.975,0.545969,0.256808,0.000000,-0.034177,0.031754,-0.001915,0.000000,0.000000,0.000000,-0.149761
920,go2_001,76065000000,1776934006532511037,1776934006548099371,1310360477424,1776933930467.511,15.588,50.005,0.546010,0.256755,0.000000,-0.026513,0.027738,-0.001750,0.000000,0.000000,0.000000,0.162511
921,go2_001,76125000000,1776934006584329618,1776934006598080033,1310410457733,1776933930459.330,13.750,49.981,0.546066,0.256715,0.000000,-0.006067,0.022345,-0.001526,0.000000,0.000000,0.000000,0.338126
922,go2_001,76185000000,1776934006646017467,1776934006648177931,1310460555842,1776933930461.017,2.160,50.098,0.555003,0.256451,0.000000,0.040118,0.040124,-0.002160,0.000000,0.000000,0.000000,0.777707
923,go2_001,76225000000,1776934006687454640,1776934006698233226,1310510610796,1776933930462.455,10.779,50.055,0.563127,0.256357,0.000000,0.065022,0.056032,-0.002486,0.000000,0.000000,0.000000,0.591857
924,go2_001,76265000000,1776934006728875210,1776934006748270798,1310560649152,1776933930463.875,19.396,50.038,0.559435,0.257120,0.000000,0.072445,0.040633,-0.000513,0.000000,0.000000,0.000000,0.195502
925,go2_001,76325000000,1776934006790711436,1776934006798077303,1310610454971,1776933930465.711,7.366,49.807,0.556303,0.257758,0.000000,0.063129,0.026206,0.000957,0.000000,0.000000,0.000000,-0.176104
926,go2_001,76365000000,1776934006831774665,1776934006848047465,1310660424963,1776933930466.775,16.273,49.970,0.556336,0.257798,0.000000,0.052962,0.022751,0.000892,0.000000,0.000000,0.000000,-0.217454
927,go2_001,76425000000,1776934006893406192,1776934006898013686,1310710391179,1776933930468.406,4.607,49.966,0.566761,0.257403,0.000000,0.004221,0.043553,-0.000876,0.000000,0.000000,0.000000,-0.745189
928,go2_001,76485000000,1776934006944970910,1776934006948063120,1310760440706,1776933930459.971,3.092,50.049,0.578919,0.259280,0.000000,-0.023555,0.066606,0.003339,0.000000,0.000000,0.000000,-0.510067
929,go2_001,76525000000,1776934006986448706,1776934006998069588,1310810447035,1776933930461.449,11.621,50.006,0.577328,0.258851,0.000000,-0.030176,0.055782,0.002319,0.000000,0.000000,0.000000,-0.180724
930,go2_001,76565000000,1776934007027600436,1776934007048139538,1310860517401,1776933930462.600,20.539,50.070,0.577390,0.258767,0.000000,-0.027691,0.049990,0.002141,0.000000,0.000000,0.000000,0.046008
931,go2_001,76625000000,1776934007089606629,1776934007098250904,1310910628522,1776933930464.607,8.644,50.111,0.577472,0.258692,0.000000,-0.010153,0.042177,0.001898,0.000000,0.000000,0.000000,0.305013
932,go2_001,76665000000,1776934007130822723,1776934007148075989,1310960453603,1776933930465.823,17.253,49.825,0.582266,0.258441,0.000000,0.018874,0.049730,0.001051,0.000000,0.000000,0.000000,0.698715
933,go2_001,76725000000,1776934007192511570,1776934007198158677,1311010536453,1776933930467.511,5.647,50.083,0.598245,0.256774,0.000000,0.055417,0.081421,-0.003518,0.000000,0.000000,0.000000,0.365284
934,go2_001,76785000000,1776934007244266952,1776934007248012881,1311060390523,1776933930459.267,3.746,49.854,0.602261,0.258514,0.000000,0.052108,0.079182,0.000524,0.000000,0.000000,0.000000,-0.087085
935,go2_001,76825000000,1776934007285489726,1776934007298072579,1311110450461,1776933930460.490,12.583,50.060,0.602333,0.258623,0.000000,0.043380,0.071521,0.000489,0.000000,0.000000,0.000000,-0.195323
936,go2_001,76885000000,1776934007347485588,1776934007348005956,1311160383481,1776933930462.486,0.520,49.933,0.602433,0.258706,0.000000,0.023546,0.061170,0.000441,0.000000,0.000000,0.000000,-0.353968
937,go2_001,76925000000,1776934007388596207,1776934007398107779,1311210485604,1776933930463.596,9.512,50.102,0.609700,0.258338,0.000000,-0.003535,0.073248,-0.000775,0.000000,0.000000,0.000000,-0.667517
938,go2_001,76965000000,1776934007429853457,1776934007448070890,1311260448355,1776933930464.854,18.217,49.963,0.620521,0.259641,0.000000,-0.032360,0.093540,0.002399,0.000000,0.000000,0.000000,-0.661869
939,go2_001,77025000000,1776934007491742117,1776934007498042003,1311310420248,1776933930466.742,6.300,49.971,0.630153,0.257697,0.000000,-0.044704,0.103627,-0.002171,0.000000,0.000000,0.000000,-0.082499
940,go2_001,77065000000,1776934007532879328,1776934007548084990,1311360462986,1776933930467.879,15.206,50.043,0.630242,0.257526,0.000000,-0.032723,0.093970,-0.001990,0.000000,0.000000,0.000000,0.240691
941,go2_001,77120000000,1776934007585947261,1776934007598260264,1311410638210,1776933930465.947,12.313,50.175,0.629961,0.257436,0.000000,-0.008572,0.080927,-0.001742,0.000000,0.000000,0.000000,0.420098
942,go2_001,77180000000,1776934007647952826,1776934007648252677,1311460630810,1776933930467.953,0.300,49.992,0.633100,0.257161,0.000000,0.026952,0.076701,-0.002475,0.000000,0.000000,0.000000,0.637726
943,go2_001,77200000000,1776934007668570380,1776934007698285986,1311510664138,1776933930468.570,29.716,50.033,0.638061,0.256699,0.000000,0.043558,0.085660,-0.003672,0.000000,0.000000,0.000000,0.637581
944,go2_001,77275000000,1776934007743849729,1776934007748120867,1311560498640,1776933930468.850,4.271,49.835,0.654885,0.259684,0.000000,0.054278,0.110874,0.003196,0.000000,0.000000,0.000000,-0.012392
945,go2_001,77315000000,1776934007795162218,1776934007798198333,1311610577539,1776933930480.162,3.036,50.077,0.655059,0.259855,0.000000,0.036503,0.100755,0.002950,0.000000,0.000000,0.000000,-0.336408
946,go2_001,77355000000,1776934007836255434,1776934007848053218,1311660430693,1776933930481.255,11.798,49.855,0.655217,0.259943,0.000000,0.021104,0.091400,0.002723,0.000000,0.000000,0.000000,-0.330329
947,go2_001,77415000000,1776934007897945475,1776934007898143006,1311710520622,1776933930482.946,0.198,50.090,0.656636,0.259359,0.000000,-0.004430,0.081435,0.000880,0.000000,0.000000,0.000000,-0.556491
948,go2_001,77455000000,1776934007939466605,1776934007948033112,1311760411369,1776933930484.467,8.567,49.890,0.664916,0.260888,0.000000,-0.032035,0.094516,0.004708,0.000000,0.000000,0.000000,-0.630330
949,go2_001,77495000000,1776934007980696692,1776934007998097235,1311810474903,1776933930485.697,17.401,50.064,0.674542,0.259023,0.000000,-0.047924,0.109808,-0.000193,0.000000,0.000000,0.000000,-0.359429
950,go2_001,77555000000,1776934008022088939,1776934008048060609,1311860438108,1776933930467.089,25.972,49.963,0.674986,0.257900,0.000000,-0.042549,0.095392,-0.002191,0.000000,0.000000,0.000000,0.120622
951,go2_001,77615000000,1776934008094057606,1776934008098048998,1311910426717,1776933930479.058,3.991,49.988,0.675167,0.257761,0.000000,-0.019129,0.082080,-0.001928,0.000000,0.000000,0.000000,0.296628
952,go2_001,77655000000,1776934008135392347,1776934008148055273,1311960432690,1776933930480.392,12.663,50.006,0.683333,0.257499,0.000000,0.004860,0.094542,-0.002156,0.000000,0.000000,0.000000,0.620334
953,go2_001,77715000000,1776934008197180016,1776934008197960173,1312010337570,1776933930482.180,0.780,49.905,0.697136,0.254993,0.000000,0.048436,0.115423,-0.008258,0.000000,0.000000,0.000000,0.622704
954,go2_001,77755000000,1776934008238220202,1776934008248154113,1312060532116,1776933930483.220,9.934,50.194,0.706466,0.256560,0.000000,0.053202,0.128149,-0.004084,0.000000,0.000000,0.000000,0.118740
955,go2_001,77795000000,1776934008279667364,1776934008298053436,1312110431054,1776933930484.667,18.386,49.899,0.706618,0.256802,0.000000,0.046324,0.116387,-0.003746,0.000000,0.000000,0.000000,-0.158904
956,go2_001,77875000000,1776934008341505565,1776934008348036466,1312160413931,1776933930466.505,6.531,49.983,0.706876,0.257079,0.000000,0.028478,0.095575,-0.003144,0.000000,0.000000,0.000000,-0.264686
957,go2_001,77915000000,1776934008392727220,1776934008398040045,1312210417400,1776933930477.727,5.313,50.004,0.711282,0.256522,0.000000,-0.003450,0.097458,-0.004504,0.000000,0.000000,0.000000,-0.717397
958,go2_001,77955000000,1776934008433766584,1776934008448031969,1312260409950,1776933930478.767,14.265,49.992,0.722250,0.258520,0.000000,-0.040406,0.115849,0.001042,0.000000,0.000000,0.000000,-0.719702
959,go2_001,78015000000,1776934008496034569,1776934008498047722,1312310425929,1776933930481.034,2.013,50.016,0.730394,0.256679,0.000000,-0.049868,0.119271,-0.002875,0.000000,0.000000,0.000000,0.011091
960,go2_001,78055000000,1776934008537370361,1776934008548074347,1312360451989,1776933930482.370,10.704,50.027,0.730512,0.256487,0.000000,-0.039501,0.108135,-0.002628,0.000000,0.000000,0.000000,0.210549
961,go2_001,78095000000,1776934008578385271,1776934008598048944,1312410426423,1776933930483.385,19.664,49.975,0.730622,0.256373,0.000000,-0.024896,0.097884,-0.002400,0.000000,0.000000,0.000000,0.318615
962,go2_001,78155000000,1776934008640132042,1776934008648119959,1312460497314,1776933930485.132,7.988,50.071,0.732512,0.256460,0.000000,0.005020,0.088546,-0.001725,0.000000,0.000000,0.000000,0.581854
963,go2_001,78215000000,1776934008681587808,1776934008698093442,1312510471109,1776933930466.588,16.506,49.973,0.750087,0.253758,0.000000,0.031739,0.119350,-0.007965,0.000000,0.000000,0.000000,0.599950
964,go2_001,78255000000,1776934008722637590,1776934008748034244,1312560411705,1776933930467.637,25.397,49.941,0.760329,0.256630,0.000000,0.042335,0.133891,-0.000374,0.000000,0.000000,0.000000,0.147382
965,go2_001,78315000000,1776934008794518347,1776934008798061636,1312610439154,1776933930479.519,3.543,50.027,0.761658,0.257330,0.000000,0.031730,0.118431,0.000653,0.000000,0.000000,0.000000,-0.182175
966,go2_001,78355000000,1776934008836138794,1776934008848039636,1312660417675,1776933930481.139,11.901,49.978,0.761773,0.257446,0.000000,0.019341,0.107285,0.000621,0.000000,0.000000,0.000000,-0.267275
967,go2_001,78415000000,1776934008897908673,1776934008898180225,1312710557815,1776933930482.909,0.272,50.141,0.765273,0.257556,0.000000,-0.014072,0.100537,0.000728,0.000000,0.000000,0.000000,-0.628028
968,go2_001,78455000000,1776934008938801423,1776934008948050128,1312760427533,1776933930483.801,9.249,49.870,0.769306,0.257515,0.000000,-0.037444,0.100683,0.000768,0.000000,0.000000,0.000000,-0.691131
969,go2_001,78495000000,1776934008979959872,1776934008998415747,1312810793286,1776933930484.960,18.456,50.366,0.772953,0.257599,0.000000,-0.071285,0.099936,0.001487,0.000000,0.000000,0.000000,-0.644867
970,go2_001,78575000000,1776934009041865164,1776934009048081227,1312860458845,1776933930466.865,6.216,49.665,0.772975,0.257599,0.000000,-0.065955,0.080971,0.002303,0.000000,0.000000,0.000000,0.279934
971,go2_001,78615000000,1776934009093166226,1776934009098065767,1312910443407,1776933930478.166,4.900,49.985,0.773057,0.257491,0.000000,-0.032891,0.072815,0.002132,0.000000,0.000000,0.000000,0.689979
972,go2_001,78655000000,1776934009134358266,1776934009148047168,1312960424629,1776933930479.358,13.689,49.981,0.770645,0.259680,0.000000,0.015561,0.058843,0.007294,0.000000,0.000000,0.000000,1.161730
973,go2_001,78715000000,1776934009196160851,1776934009198030391,1313010408069,1776933930481.161,1.870,49.983,0.765555,0.257625,0.000000,0.091859,0.036988,0.000225,0.000000,0.000000,0.000000,1.138709
974,go2_001,78755000000,1776934009237394345,1776934009248082937,1313060460819,1776933930482.394,10.689,50.053,0.765722,0.254135,0.000000,0.125803,0.032782,-0.008983,0.000000,0.000000,0.000000,0.807408
975,go2_001,78795000000,1776934009278245877,1776934009298081100,1313110458735,1776933930483.246,19.835,49.998,0.765943,0.254857,0.000000,0.137203,0.028941,-0.006819,0.000000,0.000000,0.000000,0.318936
976,go2_001,78855000000,1776934009340513455,1776934009348043562,1313160421383,1776933930485.513,7.530,49.962,0.766034,0.255035,0.000000,0.135289,0.023240,-0.005993,0.000000,0.000000,0.000000,-0.016633
977,go2_001,78915000000,1776934009381580730,1776934009398081693,1313210459226,1776933930466.581,16.501,50.038,0.763224,0.253589,0.000000,0.140603,0.010650,-0.008967,0.000000,0.000000,0.000000,0.164654
978,go2_001,78955000000,1776934009432987796,1776934009448130771,1313260508369,1776933930477.988,15.143,50.049,0.759769,0.253237,0.000000,0.142734,-0.000659,-0.008740,0.000000,0.000000,0.000000,0.055459
979,go2_001,79015000000,1776934009494471105,1776934009498118604,1313310496454,1776933930479.471,3.647,49.988,0.756217,0.252474,0.000000,0.162228,-0.011831,-0.008887,0.000000,0.000000,0.000000,0.389932
980,go2_001,79055000000,1776934009536532252,1776934009548032216,1313360409773,1776933930481.532,11.500,49.914,0.756258,0.252425,0.000000,0.184831,-0.012286,-0.008144,0.000000,0.000000,0.000000,0.510591
981,go2_001,79095000000,1776934009578050840,1776934009598112301,1313410489993,1776933930483.051,20.061,50.080,0.756302,0.252369,0.000000,0.209144,-0.012672,-0.007460,0.000000,0.000000,0.000000,0.550169
982,go2_001,79155000000,1776934009639837082,1776934009648089391,1313460466731,1776933930484.837,8.252,49.977,0.753364,0.252221,0.000000,0.263959,-0.020786,-0.005794,0.000000,0.000000,0.000000,1.156881
983,go2_001,79195000000,1776934009684124322,1776934009698098398,1313510476119,1776933930489.124,13.974,50.009,0.752654,0.252412,0.000000,0.311285,-0.022195,-0.004257,0.000000,0.000000,0.000000,0.965692
984,go2_001,79240000000,1776934009732883331,1776934009748044673,1313560422206,1776933930492.884,15.161,49.946,0.752546,0.251095,0.000000,0.329577,-0.022467,-0.006732,0.000000,0.000000,0.000000,0.656193
985,go2_001,79300000000,1776934009794794053,1776934009798112268,1313610490160,1776933930494.794,3.318,50.068,0.752270,0.249228,0.000000,0.360745,-0.023195,-0.009618,0.000000,0.000000,0.000000,0.521029
986,go2_001,79365000000,1776934009846263078,1776934009847994985,1313660372653,1776933930481.263,1.732,49.883,0.751903,0.248803,0.000000,0.396754,-0.023485,-0.008500,0.000000,0.000000,0.000000,0.502658
987,go2_001,79405000000,1776934009887369281,1776934009898117288,1313710494965,1776933930482.369,10.748,50.122,0.752821,0.246744,0.000000,0.398387,-0.021961,-0.013112,0.000000,0.000000,0.000000,0.168352
988,go2_001,79445000000,1776934009928412385,1776934009948080050,1313760457485,1776933930483.413,19.668,49.963,0.751101,0.247497,0.000000,0.392036,-0.025153,-0.008505,0.000000,0.000000,0.000000,-0.086134
989,go2_001,79505000000,1776934009990379062,1776934009998039064,1313810416613,1776933930485.379,7.660,49.959,0.748419,0.255196,0.000000,0.402108,-0.025013,0.013635,0.000000,0.000000,0.000000,0.225972
990,go2_001,79545000000,1776934010031369793,1776934010048079850,1313860457514,1776933930486.370,16.710,50.041,0.746910,0.256720,0.000000,0.418268,-0.026333,0.017618,0.000000,0.000000,0.000000,0.347936
991,go2_001,79605000000,1776934010093107843,1776934010098113592,1313910491271,1776933930488.108,5.006,50.034,0.746818,0.256535,0.000000,0.449271,-0.024668,0.015593,0.000000,0.000000,0.000000,0.540090
992,go2_001,79665000000,1776934010145163139,1776934010148050480,1313960428515,1776933930480.163,2.887,49.937,0.746730,0.255511,0.000000,0.519175,-0.023781,0.011759,0.000000,0.000000,0.000000,1.151857
993,go2_001,79705000000,1776934010186415981,1776934010198074820,1314010452838,1776933930481.416,11.659,50.024,0.747378,0.255091,0.000000,0.541437,-0.021447,0.009636,0.000000,0.000000,0.000000,0.694036
994,go2_001,79765000000,1776934010248002440,1776934010248207960,1314060585626,1776933930483.002,0.206,50.133,0.743088,0.256805,0.000000,0.561334,-0.028335,0.017261,0.000000,0.000000,0.000000,0.355733
995,go2_001,79805000000,1776934010289017393,1776934010298402990,1314110780642,1776933930484.017,9.386,50.195,0.741364,0.256341,0.000000,0.579845,-0.031035,0.016975,0.000000,0.000000,0.000000,0.443876
996,go2_001,79845000000,1776934010330296159,1776934010348052565,1314160429954,1776933930485.296,17.756,49.650,0.741334,0.256149,0.000000,0.598042,-0.029347,0.015610,0.000000,0.000000,0.000000,0.447362
997,go2_001,79905000000,1776934010392046209,1776934010398025946,1314210403555,1776933930487.046,5.980,49.973,0.740354,0.255569,0.000000,0.603679,-0.029621,0.014131,0.000000,0.000000,0.000000,0.063595
998,go2_001,79945000000,1776934010432940449,1776934010448082581,1314260460125,1776933930487.940,15.142,50.057,0.738825,0.255457,0.000000,0.607330,-0.031254,0.014923,0.000000,0.000000,0.000000,0.139351
999,go2_001,80005000000,1776934010484563167,1776934010498140223,1314310518009,1776933930479.563,13.577,50.058,0.739641,0.258091,0.000000,0.630120,-0.023251,0.018232,0.000000,0.000000,0.000000,0.496203
1000,go2_001,80065000000,1776934010546283155,1776934010548037869,1314360415210,1776933930481.283,1.755,49.898,0.739879,0.258311,0.000000,0.674579,-0.020449,0.016478,0.000000,0.000000,0.000000,0.765296
1001,go2_001,80105000000,1776934010587429510,1776934010598106453,1314410484011,1776933930482.429,10.677,50.069,0.739858,0.258194,0.000000,0.710645,-0.019452,0.015116,0.000000,0.000000,0.000000,0.850009
1002,go2_001,80145000000,1776934010628735060,1776934010648071919,1314460449823,1776933930483.735,19.337,49.965,0.738034,0.258055,0.000000,0.751153,-0.022426,0.016454,0.000000,0.000000,0.000000,1.023597
1003,go2_001,80205000000,1776934010690350878,1776934010698049892,1314510427328,1776933930485.351,7.699,49.978,0.739307,0.255484,0.000000,0.812728,-0.021528,0.008225,0.000000,0.000000,0.000000,0.857985
1004,go2_001,80245000000,1776934010731396658,1776934010748079999,1314560458519,1776933930486.397,16.683,50.030,0.736754,0.256415,0.000000,0.835009,-0.023929,0.013641,0.000000,0.000000,0.000000,0.599634
1005,go2_001,80305000000,1776934010793763180,1776934010798098859,1314610477643,1776933930488.763,4.336,50.019,0.739051,0.255807,0.000000,0.858983,-0.018297,0.007907,0.000000,0.000000,0.000000,0.331758
1006,go2_001,80365000000,1776934010845204450,1776934010848027794,1314660405995,1776933930480.205,2.823,49.929,0.739107,0.255647,0.000000,0.875871,-0.016909,0.006890,0.000000,0.000000,0.000000,0.256981
1007,go2_001,80405000000,1776934010886862586,1776934010898094395,1314710471862,1776933930481.863,11.232,50.067,0.738338,0.254902,0.000000,0.876722,-0.018727,0.006448,0.000000,0.000000,0.000000,0.027901
1008,go2_001,80445000000,1776934010927648762,1776934010948012604,1314760390217,1776933930482.649,20.364,49.918,0.735768,0.246962,0.000000,0.870495,-0.036226,-0.003827,0.000000,0.000000,0.000000,-0.108149
1009,go2_001,80505000000,1776934010989155683,1776934010998040953,1314810418315,1776933930484.156,8.885,50.028,0.736447,0.233558,0.000000,0.882286,-0.055024,-0.027361,0.000000,0.000000,0.000000,0.334030
1010,go2_001,80545000000,1776934011030332509,1776934011048159598,1314860537057,1776933930485.333,17.827,50.119,0.736629,0.233497,0.000000,0.910973,-0.051019,-0.025200,0.000000,0.000000,0.000000,0.677443
1011,go2_001,80605000000,1776934011091979795,1776934011098117468,1314910495309,1776933930486.980,6.138,49.958,0.736930,0.233418,0.000000,0.963150,-0.045559,-0.022262,0.000000,0.000000,0.000000,0.810883
1012,go2_001,80645000000,1776934011133021077,1776934011148039901,1314960417746,1776933930488.021,15.019,49.922,0.736602,0.232422,0.000000,0.992403,-0.044993,-0.021001,0.000000,0.000000,0.000000,0.733210
1013,go2_001,80705000000,1776934011194656075,1776934011198079303,1315010456853,1776933930489.656,3.423,50.039,0.732262,0.229488,0.000000,1.056523,-0.052703,-0.013901,0.000000,0.000000,0.000000,0.753069
1014,go2_001,80765000000,1776934011246329171,1776934011247992231,1315060369737,1776933930481.329,1.663,49.913,0.737894,0.227118,0.000000,1.081822,-0.043698,-0.025653,0.000000,0.000000,0.000000,0.477846
1015,go2_001,80805000000,1776934011287457908,1776934011298052482,1315110429953,1776933930482.458,10.595,50.060,0.738158,0.227122,0.000000,1.101064,-0.040438,-0.023572,0.000000,0.000000,0.000000,0.484897
1016,go2_001,80845000000,1776934011328655208,1776934011348051834,1315160429364,1776933930483.655,19.397,49.999,0.738398,0.227129,0.000000,1.123837,-0.037446,-0.021664,0.000000,0.000000,0.000000,0.505304
1017,go2_001,80900000000,1776934011390431911,1776934011398132946,1315210510850,1776933930490.432,7.701,50.081,0.738392,0.225037,0.000000,1.130523,-0.038547,-0.021475,0.000000,0.000000,0.000000,0.039134
1018,go2_001,80945000000,1776934011431528140,1776934011448065450,1315260442909,1776933930486.528,16.537,49.933,0.737178,0.222337,0.000000,1.118310,-0.042818,-0.019930,0.000000,0.000000,0.000000,-0.221722
1019,go2_001,81000000000,1776934011493335405,1776934011498041179,1315310418713,1776933930493.335,4.706,49.976,0.735867,0.220274,0.000000,1.113920,-0.044526,-0.016851,0.000000,0.000000,0.000000,0.036948
1020,go2_001,81045000000,1776934011534522374,1776934011548065799,1315360443402,1776933930489.522,13.543,50.025,0.735939,0.220053,0.000000,1.133452,-0.041224,-0.015476,0.000000,0.000000,0.000000,0.336001
1021,go2_001,81105000000,1776934011586128323,1776934011598182533,1315410559991,1776933930481.128,12.054,50.117,0.735456,0.219953,0.000000,1.161744,-0.037473,-0.012386,0.000000,0.000000,0.000000,0.574803
1022,go2_001,81165000000,1776934011647736948,1776934011647892050,1315460269579,1776933930482.737,0.155,49.710,0.734713,0.219210,0.000000,1.235543,-0.035884,-0.009599,0.000000,0.000000,0.000000,1.359798
1023,go2_001,81185000000,1776934011687664655,1776934011699131809,1315511509763,1776933930502.665,11.467,51.240,0.732319,0.218606,0.000000,1.260343,-0.038426,-0.004211,0.000000,0.000000,0.000000,1.242911
1024,go2_001,81250000000,1776934011742717317,1776934011748087557,1315560465336,1776933930492.717,5.370,48.956,0.728553,0.214021,0.000000,1.304045,-0.046976,0.000171,0.000000,0.000000,0.000000,0.632296
1025,go2_001,81290000000,1776934011783982594,1776934011798147618,1315610525126,1776933930493.983,14.165,50.060,0.728750,0.213940,0.000000,1.320101,-0.043346,0.000220,0.000000,0.000000,0.000000,0.472204
1026,go2_001,81335000000,1776934011835399040,1776934011848037850,1315660415339,1776933930500.399,12.639,49.890,0.728880,0.213686,0.000000,1.339702,-0.040019,0.000272,0.000000,0.000000,0.000000,0.379688
1027,go2_001,81395000000,1776934011897345183,1776934011897962559,1315710340113,1776933930502.345,0.617,49.925,0.728907,0.212456,0.000000,1.336523,-0.038308,-0.000114,0.000000,0.000000,0.000000,-0.228499
1028,go2_001,81435000000,1776934011938833779,1776934011948046089,1315760423666,1776933930503.834,9.212,50.084,0.727156,0.210755,0.000000,1.325888,-0.040576,0.003027,0.000000,0.000000,0.000000,-0.206761
1029,go2_001,81475000000,1776934011980207698,1776934011998044688,1315810422177,1776933930505.208,17.837,49.999,0.726601,0.208532,0.000000,1.335076,-0.042923,0.002782,0.000000,0.000000,0.000000,0.258537
1030,go2_001,81535000000,1776934012021403659,1776934012048064544,1315860442529,1776933930486.404,26.661,50.020,0.726585,0.208229,0.000000,1.368957,-0.038577,0.002654,0.000000,0.000000,0.000000,0.529793
1031,go2_001,81595000000,1776934012093167461,1776934012097999816,1315910377332,1776933930498.167,4.832,49.935,0.726757,0.208233,0.000000,1.442867,-0.033931,0.002414,0.000000,0.000000,0.000000,1.023979
1032,go2_001,81635000000,1776934012134271774,1776934012148105100,1315960483535,1776933930499.272,13.833,50.105,0.725190,0.207460,0.000000,1.479331,-0.033895,0.005988,0.000000,0.000000,0.000000,0.996179
1033,go2_001,81695000000,1776934012196000531,1776934012197980396,1316010358137,1776933930501.000,1.980,49.875,0.725391,0.205475,0.000000,1.545593,-0.034297,0.004519,0.000000,0.000000,0.000000,0.994774
1034,go2_001,81735000000,1776934012237073174,1776934012248043952,1316060422011,1776933930502.073,10.971,50.064,0.726951,0.204766,0.000000,1.568034,-0.032514,0.000534,0.000000,0.000000,0.000000,0.525010
1035,go2_001,81775000000,1776934012278588830,1776934012298166945,1316110544675,1776933930503.589,19.578,50.123,0.729952,0.205205,0.000000,1.581020,-0.027885,-0.006033,0.000000,0.000000,0.000000,0.363517
1036,go2_001,81835000000,1776934012340460514,1776934012348051676,1316160429571,1776933930505.460,7.591,49.885,0.730144,0.205287,0.000000,1.596253,-0.024402,-0.005260,0.000000,0.000000,0.000000,0.287487
1037,go2_001,81895000000,1776934012391926767,1776934012398024589,1316210402411,1776933930496.927,6.098,49.973,0.732097,0.202857,0.000000,1.606670,-0.027188,-0.009380,0.000000,0.000000,0.000000,0.252121
1038,go2_001,81935000000,1776934012432748465,1776934012448046278,1316260423861,1776933930497.749,15.298,50.022,0.732158,0.198146,0.000000,1.611600,-0.036292,-0.008999,0.000000,0.000000,0.000000,0.038774
1039,go2_001,81995000000,1776934012494531349,1776934012498012192,1316310389620,1776933930499.531,3.481,49.966,0.732602,0.192191,0.000000,1.618801,-0.046187,-0.009231,0.000000,0.000000,0.000000,0.261911
1040,go2_001,82035000000,1776934012536178199,1776934012548085038,1316360462924,1776933930501.178,11.907,50.073,0.732698,0.192286,0.000000,1.641951,-0.042295,-0.008438,0.000000,0.000000,0.000000,0.559562
1041,go2_001,82095000000,1776934012598116919,1776934012598316736,1316410694127,1776933930503.117,0.200,50.232,0.732849,0.192427,0.000000,1.689523,-0.037013,-0.007363,0.000000,0.000000,0.000000,0.753057
1042,go2_001,82135000000,1776934012639180552,1776934012648074586,1316460452211,1776933930504.180,8.894,49.758,0.733077,0.191275,0.000000,1.727768,-0.036881,-0.006866,0.000000,0.000000,0.000000,1.041693
1043,go2_001,82175000000,1776934012680526603,1776934012698067835,1316510445586,1776933930505.527,17.541,49.993,0.732134,0.188907,0.000000,1.779554,-0.039442,-0.003284,0.000000,0.000000,0.000000,1.137161
1044,go2_001,82235000000,1776934012731899108,1776934012748083681,1316560461313,1776933930496.899,16.185,50.016,0.734424,0.187969,0.000000,1.806251,-0.037345,-0.007525,0.000000,0.000000,0.000000,0.572875
1045,go2_001,82295000000,1776934012793551474,1776934012798035536,1316610413172,1776933930498.552,4.484,49.952,0.736346,0.188607,0.000000,1.828973,-0.032051,-0.010484,0.000000,0.000000,0.000000,0.334768
1046,go2_001,82335000000,1776934012834668363,1776934012848096244,1316660473920,1776933930499.668,13.428,50.061,0.736447,0.188734,0.000000,1.846274,-0.029222,-0.009578,0.000000,0.000000,0.000000,0.428615
1047,go2_001,82395000000,1776934012896578953,1776934012897996712,1316710374136,1776933930501.579,1.418,49.900,0.739023,0.186312,0.000000,1.854163,-0.032657,-0.013021,0.000000,0.000000,0.000000,0.129875
1048,go2_001,82435000000,1776934012937526987,1776934012948088964,1316760466361,1776933930502.527,10.562,50.092,0.738966,0.183478,0.000000,1.851368,-0.036531,-0.010172,0.000000,0.000000,0.000000,-0.018213
1049,go2_001,82475000000,1776934012978662223,1776934012998106762,1316810485277,1776933930503.662,19.445,50.018,0.738197,0.180868,0.000000,1.859086,-0.039218,-0.006001,0.000000,0.000000,0.000000,0.204526
1050,go2_001,82535000000,1776934013040438053,1776934013048062855,1316860441171,1776933930505.438,7.625,49.956,0.738773,0.179593,0.000000,1.890022,-0.037542,-0.005508,0.000000,0.000000,0.000000,0.524559
1051,go2_001,82595000000,1776934013091884969,1776934013098069932,1316910447756,1776933930496.885,6.185,50.007,0.739528,0.179127,0.000000,1.921978,-0.034412,-0.005839,0.000000,0.000000,0.000000,0.689946
1052,go2_001,82635000000,1776934013132914625,1776934013148134191,1316960512408,1776933930497.915,15.220,50.064,0.739661,0.178111,0.000000,1.968833,-0.034000,-0.004670,0.000000,0.000000,0.000000,1.019843
1053,go2_001,82695000000,1776934013194595045,1776934013197997035,1317010374828,1776933930499.595,3.402,49.863,0.741175,0.175809,0.000000,2.024859,-0.036003,-0.005279,0.000000,0.000000,0.000000,0.782357
1054,go2_001,82735000000,1776934013236001458,1776934013248064554,1317060442485,1776933930501.001,12.063,50.068,0.742184,0.174880,0.000000,2.044320,-0.035897,-0.005913,0.000000,0.000000,0.000000,0.529221
1055,go2_001,82775000000,1776934013277765722,1776934013298108831,1317110486394,1776933930502.766,20.343,50.044,0.743300,0.176612,0.000000,2.062368,-0.030103,-0.008850,0.000000,0.000000,0.000000,0.449231
1056,go2_001,82835000000,1776934013339553499,1776934013348116718,1317160494923,1776933930504.553,8.563,50.008,0.743390,0.176824,0.000000,2.093917,-0.026051,-0.007688,0.000000,0.000000,0.000000,0.523907
1057,go2_001,82895000000,1776934013380738712,1776934013398101328,1317210478866,1776933930485.739,17.363,49.985,0.745423,0.174734,0.000000,2.106481,-0.029385,-0.008689,0.000000,0.000000,0.000000,0.204691
1058,go2_001,82935000000,1776934013432433873,1776934013448143768,1317260521523,1776933930497.434,15.710,50.042,0.747515,0.171445,0.000000,2.100599,-0.035985,-0.008803,0.000000,0.000000,0.000000,-0.001667
1059,go2_001,82995000000,1776934013494595314,1776934013498025110,1317310402680,1776933930499.595,3.430,49.881,0.747919,0.168203,0.000000,2.115865,-0.038557,-0.004702,0.000000,0.000000,0.000000,0.374460
1060,go2_001,83035000000,1776934013535686064,1776934013548078407,1317360456177,1776933930500.686,12.392,50.053,0.747609,0.167196,0.000000,2.140979,-0.037051,-0.002319,0.000000,0.000000,0.000000,0.601348
1061,go2_001,83075000000,1776934013577903297,1776934013598104714,1317410482808,1776933930502.903,20.201,50.026,0.747653,0.167330,0.000000,2.173377,-0.033701,-0.002049,0.000000,0.000000,0.000000,0.771487
1062,go2_001,83125000000,1776934013639905045,1776934013648027206,1317460404880,1776933930514.905,8.122,49.922,0.747545,0.167751,0.000000,2.207894,-0.029168,-0.001700,0.000000,0.000000,0.000000,0.827868
1063,go2_001,83185000000,1776934013691234056,1776934013698072687,1317510450246,1776933930506.234,6.839,50.045,0.749534,0.167125,0.000000,2.276975,-0.028950,-0.004178,0.000000,0.000000,0.000000,0.996314
1064,go2_001,83225000000,1776934013732589991,1776934013748083148,1317560460771,1776933930507.590,15.493,50.010,0.748575,0.166117,0.000000,2.293254,-0.027205,-0.000223,0.000000,0.000000,0.000000,0.576429
1065,go2_001,83285000000,1776934013783899946,1776934013798078645,1317610456221,1776933930498.900,14.179,49.995,0.749553,0.166251,0.000000,2.309012,-0.024626,-0.001767,0.000000,0.000000,0.000000,0.325792
1066,go2_001,83345000000,1776934013845641152,1776934013848060700,1317660438308,1776933930500.641,2.420,49.982,0.749625,0.166405,0.000000,2.338493,-0.021174,-0.001447,0.000000,0.000000,0.000000,0.460409
1067,go2_001,83385000000,1776934013886758763,1776934013898033299,1317710410786,1776933930501.759,11.275,49.973,0.749878,0.166658,0.000000,2.355037,-0.019111,-0.001906,0.000000,0.000000,0.000000,0.370183
1068,go2_001,83425000000,1776934013927995135,1776934013948104268,1317760482144,1776933930502.995,20.109,50.071,0.752512,0.163039,0.000000,2.356291,-0.027815,-0.000831,0.000000,0.000000,0.000000,0.072239
1069,go2_001,83485000000,1776934013989517815,1776934013998033582,1317810411186,1776933930504.518,8.516,49.929,0.756475,0.159533,0.000000,2.355931,-0.036304,-0.002122,0.000000,0.000000,0.000000,0.101604
1070,go2_001,83525000000,1776934014030688086,1776934014048028542,1317860406071,1776933930505.688,17.340,49.995,0.755691,0.158649,0.000000,2.370497,-0.033505,0.001016,0.000000,0.000000,0.000000,0.347570
1071,go2_001,83585000000,1776934014082271761,1776934014098040644,1317910418113,1776933930497.272,15.769,50.012,0.755713,0.158812,0.000000,2.411867,-0.028963,0.000999,0.000000,0.000000,0.000000,0.743825
1072,go2_001,83645000000,1776934014143944355,1776934014148030474,1317960408384,1776933930498.944,4.086,49.990,0.756754,0.158272,0.000000,2.470619,-0.027843,0.000472,0.000000,0.000000,0.000000,0.972463
1073,go2_001,83685000000,1776934014185022967,1776934014198455708,1318010834064,1776933930500.023,13.433,50.425,0.757126,0.155018,0.000000,2.515374,-0.031294,0.005755,0.000000,0.000000,0.000000,1.023152
1074,go2_001,83745000000,1776934014246990024,1776934014247962282,1318060339600,1776933930501.990,0.972,49.507,0.758638,0.152893,0.000000,2.546421,-0.033001,0.006791,0.000000,0.000000,0.000000,0.492140
1075,go2_001,83785000000,1776934014288221283,1776934014298074002,1318110451732,1776933930503.221,9.853,50.112,0.759771,0.156245,0.000000,2.563557,-0.026965,-0.000832,0.000000,0.000000,0.000000,0.428532
1076,go2_001,83825000000,1776934014329476857,1776934014348035813,1318160413327,1776933930504.477,18.559,49.962,0.759795,0.156385,0.000000,2.581340,-0.024376,-0.000710,0.000000,0.000000,0.000000,0.465459
1077,go2_001,83885000000,1776934014391409583,1776934014398053518,1318210431792,1776933930506.409,6.644,50.018,0.759992,0.156702,0.000000,2.607132,-0.021009,-0.001049,0.000000,0.000000,0.000000,0.289404
1078,go2_001,83945000000,1776934014442679064,1776934014448038502,1318260416457,1776933930497.679,5.359,49.985,0.763488,0.152029,0.000000,2.592375,-0.030853,0.003431,0.000000,0.000000,0.000000,-0.214611
1079,go2_001,83985000000,1776934014484120159,1776934014498054648,1318310432354,1776933930499.120,13.934,50.016,0.767516,0.151374,0.000000,2.587878,-0.036703,-0.000793,0.000000,0.000000,0.000000,-0.002208
1080,go2_001,84045000000,1776934014545694669,1776934014548138580,1318360517061,1776933930500.695,2.444,50.084,0.771424,0.152229,0.000000,2.619376,-0.038099,-0.006809,0.000000,0.000000,0.000000,0.600746
1081,go2_001,84085000000,1776934014587263349,1776934014598082478,1318410461315,1776933930502.263,10.819,49.944,0.771371,0.152358,0.000000,2.658035,-0.034593,-0.006208,0.000000,0.000000,0.000000,0.891705
1082,go2_001,84125000000,1776934014628387038,1776934014648070011,1318460447468,1776933930503.387,19.683,49.988,0.771328,0.152500,0.000000,2.693936,-0.031366,-0.005654,0.000000,0.000000,0.000000,0.839185
1083,go2_001,84185000000,1776934014690077946,1776934014698102199,1318510480622,1776933930505.078,8.024,50.032,0.773947,0.150318,0.000000,2.766079,-0.035039,-0.003225,0.000000,0.000000,0.000000,1.196851
1084,go2_001,84225000000,1776934014731312055,1776934014748041797,1318560419355,1776933930506.312,16.730,49.940,0.775831,0.149221,0.000000,2.792957,-0.037120,-0.002438,0.000000,0.000000,0.000000,0.723136
1085,go2_001,84285000000,1776934014782573635,1776934014798036412,1318610413841,1776933930497.574,15.463,49.995,0.776740,0.150852,0.000000,2.816056,-0.032568,-0.005572,0.000000,0.000000,0.000000,0.422148
1086,go2_001,84345000000,1776934014844764145,1776934014848058885,1318660436760,1776933930499.764,3.295,50.022,0.776675,0.151116,0.000000,2.840866,-0.028036,-0.004829,0.000000,0.000000,0.000000,0.426168
1087,go2_001,84385000000,1776934014885875103,1776934014898097723,1318710475499,1776933930500.875,12.223,50.039,0.777028,0.151319,0.000000,2.848672,-0.026125,-0.004883,0.000000,0.000000,0.000000,0.130872
1088,go2_001,84445000000,1776934014947691916,1776934014947979258,1318760356786,1776933930502.692,0.287,49.882,0.779596,0.149534,0.000000,2.835254,-0.029584,-0.002305,0.000000,0.000000,0.000000,-0.171833
1089,go2_001,84485000000,1776934014988820672,1776934014998073791,1318810451197,1776933930503.821,9.253,50.095,0.782600,0.149044,0.000000,2.837484,-0.033901,-0.003380,0.000000,0.000000,0.000000,0.102147
1090,go2_001,84525000000,1776934015030496766,1776934015048307439,1318860685013,1776933930505.497,17.811,50.234,0.781985,0.147267,0.000000,2.857792,-0.031023,0.001412,0.000000,0.000000,0.000000,0.475111
1091,go2_001,84585000000,1776934015092538261,1776934015098163663,1318910541377,1776933930507.538,5.625,49.856,0.781921,0.147429,0.000000,2.911138,-0.026658,0.001328,0.000000,0.000000,0.000000,0.891558
1092,go2_001,84645000000,1776934015144122738,1776934015148112608,1318960490374,1776933930499.123,3.990,49.949,0.783188,0.147085,0.000000,2.962786,-0.026156,0.001490,0.000000,0.000000,0.000000,0.918222
1093,go2_001,84685000000,1776934015185365685,1776934015198061577,1319010438957,1776933930500.365,12.696,49.949,0.784370,0.146801,0.000000,3.016774,-0.026563,0.001568,0.000000,0.000000,0.000000,1.214193
1094,go2_001,84745000000,1776934015247246925,1776934015247956144,1319060333492,1776933930502.247,0.709,49.895,0.788393,0.146262,0.000000,3.054129,-0.032212,0.000889,0.000000,0.000000,0.000000,0.582539
1095,go2_001,84785000000,1776934015288299540,1776934015298091964,1319110469863,1776933930503.300,9.792,50.136,0.788300,0.148602,0.000000,3.069030,-0.027939,-0.003897,0.000000,0.000000,0.000000,0.385505
1096,go2_001,84825000000,1776934015329675144,1776934015348110647,1319160488437,1776933930504.675,18.436,50.019,0.788230,0.148754,0.000000,3.084312,-0.025212,-0.003534,0.000000,0.000000,0.000000,0.379125
1097,go2_001,84885000000,1776934015391703203,1776934015398093997,1319210471991,1776933930506.703,6.391,49.983,0.788235,0.148974,0.000000,3.094597,-0.021750,-0.003172,0.000000,0.000000,0.000000,0.069138
1098,go2_001,84945000000,1776934015443174513,1776934015448059236,1319260436709,1776933930498.175,4.885,49.965,0.793158,0.149603,0.000000,3.082027,-0.029550,-0.005380,0.000000,0.000000,0.000000,-0.216120
1099,go2_001,84985000000,1776934015484357732,1776934015498058979,1319310436512,1776933930499.358,13.701,50.000,0.795528,0.148566,0.000000,3.080029,-0.032717,-0.003067,0.000000,0.000000,0.000000,0.021183
1100,go2_001,85045000000,1776934015546314708,1776934015548063190,1319360440781,1776933930501.315,1.748,50.004,0.795094,0.146647,0.000000,3.111183,-0.027947,0.001874,0.000000,0.000000,0.000000,0.578366
1101,go2_001,85080000000,1776934015598048804,1776934015598353491,1319410731321,1776933930518.049,0.305,50.290,0.794907,0.146742,0.000000,-3.139812,-0.025230,0.001763,0.000000,0.000000,0.000000,0.882413
1102,go2_001,85115000000,1776934015639462432,1776934015648034814,1319460412373,1776933930524.462,8.572,49.681,0.794750,0.146840,0.000000,-3.101670,-0.022762,0.001661,0.000000,0.000000,0.000000,0.890701
1103,go2_001,85150000000,1776934015680382728,1776934015698035476,1319510412976,1776933930530.383,17.653,50.001,0.796065,0.145123,0.000000,-3.045477,-0.024115,0.005569,0.000000,0.000000,0.000000,1.261028
1104,go2_001,85230000000,1776934015742654557,1776934015748131176,1319560509782,1776933930512.655,5.477,50.096,0.799908,0.145395,0.000000,-3.001109,-0.028381,0.004814,0.000000,0.000000,0.000000,0.594639
1105,go2_001,85275000000,1776934015784106996,1776934015798047368,1319610425374,1776933930509.107,13.940,49.916,0.799627,0.146705,0.000000,-2.984989,-0.024824,0.001813,0.000000,0.000000,0.000000,0.368077
1106,go2_001,85315000000,1776934015835383283,1776934015848027749,1319660405160,1776933930520.383,12.644,49.980,0.799575,0.146826,0.000000,-2.972128,-0.022358,0.001704,0.000000,0.000000,0.000000,0.345470
1107,go2_001,85375000000,1776934015897194003,1776934015897994252,1319710372234,1776933930522.194,0.800,49.967,0.799504,0.146976,0.000000,-2.953329,-0.019022,0.001555,0.000000,0.000000,0.000000,0.218455
1108,go2_001,85415000000,1776934015938981928,1776934015948077904,1319760456191,1776933930523.982,9.096,50.084,0.802858,0.147867,0.000000,-2.951320,-0.025195,0.000280,0.000000,0.000000,0.000000,0.068754
1109,go2_001,85455000000,1776934015980168641,1776934015998086797,1319810464452,1776933930525.169,17.918,50.009,0.805426,0.146661,0.000000,-2.956632,-0.028511,0.003924,0.000000,0.000000,0.000000,-0.056745
1110,go2_001,85535000000,1776934016041962041,1776934016048021176,1319860398616,1776933930506.962,6.059,49.934,0.816593,0.149050,0.000000,-2.939528,-0.048644,0.001633,0.000000,0.000000,0.000000,0.383525
1111,go2_001,85575000000,1776934016083438758,1776934016098085653,1319910463347,1776933930508.439,14.647,50.064,0.816462,0.149148,0.000000,-2.908111,-0.044244,0.001529,0.000000,0.000000,0.000000,0.733480
1112,go2_001,85635000000,1776934016145301887,1776934016148027042,1319960404602,1776933930510.302,2.725,49.941,0.810486,0.148551,0.000000,-2.876914,-0.024367,0.000682,0.000000,0.000000,0.000000,0.554096
1113,go2_001,85675000000,1776934016196700150,1776934016197996161,1320010373589,1776933930521.700,1.296,49.969,0.812793,0.147288,0.000000,-2.836185,-0.026908,0.004732,0.000000,0.000000,0.000000,0.578982
1114,go2_001,85715000000,1776934016237578827,1776934016248111000,1320060489328,1776933930522.579,10.532,50.115,0.817549,0.149350,0.000000,-2.819245,-0.036267,0.002283,0.000000,0.000000,0.000000,0.367126
1115,go2_001,85755000000,1776934016278889935,1776934016298043910,1320110421538,1776933930523.890,19.154,49.933,0.820894,0.151421,0.000000,-2.814907,-0.041759,-0.000469,0.000000,0.000000,0.000000,0.107190
1116,go2_001,85795000000,1776934016320151723,1776934016348054209,1320160431682,1776933930525.152,27.902,50.010,0.820626,0.151817,0.000000,-2.816718,-0.037766,-0.001153,0.000000,0.000000,0.000000,-0.020829
1117,go2_001,85875000000,1776934016381979032,1776934016398046845,1320210425005,1776933930506.979,16.068,49.993,0.820265,0.151449,0.000000,-2.826914,-0.030328,0.000012,0.000000,0.000000,0.000000,-0.159816
1118,go2_001,85935000000,1776934016443989666,1776934016448077962,1320260455387,1776933930508.990,4.088,50.031,0.803157,0.145009,0.000000,-2.852492,0.015978,0.003285,0.000000,0.000000,0.000000,-0.445430
1119,go2_001,85975000000,1776934016485432745,1776934016498093708,1320310471364,1776933930510.433,12.661,50.016,0.791615,0.140369,0.000000,-2.859710,0.044223,0.005346,0.000000,0.000000,0.000000,-0.205284
1120,go2_001,86010000000,1776934016526164366,1776934016548037985,1320360415404,1776933930516.164,21.874,49.944,0.777833,0.136986,0.000000,-2.858867,0.075072,0.002852,0.000000,0.000000,0.000000,-0.024084
1121,go2_001,86070000000,1776934016597909522,1776934016598179513,1320410558139,1776933930527.910,0.270,50.142,0.778026,0.137211,0.000000,-2.856105,0.066932,0.002542,0.000000,0.000000,0.000000,0.098793
1122,go2_001,86110000000,1776934016639019628,1776934016648084806,1320460462499,1776933930529.020,9.065,49.905,0.778143,0.137354,0.000000,-2.849521,0.061987,0.002354,0.000000,0.000000,0.000000,0.134721
1123,go2_001,86150000000,1776934016680077841,1776934016698058565,1320510436044,1776933930530.078,17.981,49.974,0.778255,0.137479,0.000000,-2.832329,0.057397,0.002179,0.000000,0.000000,0.000000,0.414676
1124,go2_001,86230000000,1776934016741829482,1776934016748087080,1320560464431,1776933930511.830,6.258,50.029,0.769516,0.133629,0.000000,-2.795489,0.071934,0.003717,0.000000,0.000000,0.000000,0.585586
1125,go2_001,86270000000,1776934016782804381,1776934016798084346,1320610462202,1776933930512.804,15.280,49.997,0.763193,0.127891,0.000000,-2.778407,0.085208,0.011034,0.000000,0.000000,0.000000,0.359728
1126,go2_001,86330000000,1776934016844402658,1776934016848033703,1320660411212,1776933930514.403,3.631,49.949,0.763462,0.128028,0.000000,-2.783330,0.075498,0.009741,0.000000,0.000000,0.000000,-0.149541
1127,go2_001,86370000000,1776934016886390055,1776934016898071623,1320710449103,1776933930516.390,11.682,50.038,0.763597,0.128160,0.000000,-2.799569,0.069624,0.008959,0.000000,0.000000,0.000000,-0.362224
1128,go2_001,86410000000,1776934016937636182,1776934016948105665,1320760483480,1776933930527.636,10.469,50.034,0.760041,0.127328,0.000000,-2.829043,0.072766,0.007474,0.000000,0.000000,0.000000,-0.571258
1129,go2_001,86450000000,1776934016979337935,1776934016998111929,1320810489442,1776933930529.338,18.774,50.006,0.756813,0.124402,0.000000,-2.848856,0.077329,0.011000,0.000000,0.000000,0.000000,-0.399483
1130,go2_001,86530000000,1776934017041252504,1776934017048108530,1320860486104,1776933930511.252,6.856,49.997,0.738929,0.122963,0.000000,-2.856597,0.104331,-0.000887,0.000000,0.000000,0.000000,-0.046500
1131,go2_001,86570000000,1776934017082948527,1776934017098083334,1320910460963,1776933930512.948,15.135,49.975,0.739035,0.123378,0.000000,-2.847487,0.095958,-0.000826,0.000000,0.000000,0.000000,0.189449
1132,go2_001,86630000000,1776934017145023545,1776934017148053883,1320960431470,1776933930515.024,3.030,49.971,0.739190,0.123872,0.000000,-2.826567,0.084574,-0.000742,0.000000,0.000000,0.000000,0.344198
1133,go2_001,86670000000,1776934017185849585,1776934017198204345,1321010582127,1776933930515.849,12.355,50.150,0.739887,0.123242,0.000000,-2.810721,0.076754,0.001749,0.000000,0.000000,0.000000,0.441671
1134,go2_001,86710000000,1776934017237450033,1776934017248044104,1321060421433,1776933930527.450,10.594,49.840,0.743837,0.126491,0.000000,-2.788925,0.059442,-0.001830,0.000000,0.000000,0.000000,0.498931
1135,go2_001,86750000000,1776934017278408729,1776934017298053827,1321110431372,1776933930528.409,19.645,50.010,0.748054,0.125601,0.000000,-2.770746,0.046376,0.004162,0.000000,0.000000,0.000000,0.271612
1136,go2_001,86810000000,1776934017340068199,1776934017348086620,1321160464042,1776933930530.068,8.018,50.033,0.748147,0.125718,0.000000,-2.779410,0.040694,0.003655,0.000000,0.000000,0.000000,-0.099566
1137,go2_001,86870000000,1776934017381528384,1776934017398251272,1321210629155,1776933930511.529,16.723,50.165,0.748212,0.125845,0.000000,-2.785827,0.035657,0.003205,0.000000,0.000000,0.000000,-0.116662
1138,go2_001,86930000000,1776934017443011823,1776934017448024996,1321260402415,1776933930513.012,5.013,49.774,0.740479,0.123047,0.000000,-2.816851,0.050836,0.002219,0.000000,0.000000,0.000000,-0.611486
1139,go2_001,86970000000,1776934017497242667,1776934017498091369,1321310469049,1776933930527.243,0.849,50.066,0.732147,0.117590,0.000000,-2.841126,0.070101,0.006761,0.000000,0.000000,0.000000,-0.565332
1140,go2_001,87000000000,1776934017529354700,1776934017548016187,1321360393632,1776933930529.355,18.661,49.925,0.729691,0.117255,0.000000,-2.851805,0.071502,0.005339,0.000000,0.000000,0.000000,-0.252434
1141,go2_001,87065000000,1776934017590312292,1776934017598066393,1321410445166,1776933930525.312,7.754,50.050,0.729304,0.117571,0.000000,-2.855601,0.062955,0.004701,0.000000,0.000000,0.000000,-0.073442
1142,go2_001,87105000000,1776934017631308201,1776934017648052163,1321460429820,1776933930526.308,16.744,49.986,0.729277,0.117828,0.000000,-2.852171,0.057666,0.004306,0.000000,0.000000,0.000000,0.070931
1143,go2_001,87165000000,1776934017693061936,1776934017698054309,1321510432371,1776933930528.062,4.992,50.002,0.725780,0.116839,0.000000,-2.822151,0.059463,0.003515,0.000000,0.000000,0.000000,0.561425
1144,go2_001,87225000000,1776934017744402184,1776934017748035455,1321560413087,1776933930519.402,3.633,49.981,0.711075,0.115460,0.000000,-2.795689,0.085786,-0.006044,0.000000,0.000000,0.000000,0.497163
1145,go2_001,87265000000,1776934017785789277,1776934017798107783,1321610487181,1776933930520.789,12.319,50.072,0.708349,0.111466,0.000000,-2.793527,0.088268,0.001192,0.000000,0.000000,0.000000,-0.027655
1146,go2_001,87325000000,1776934017847921212,1776934017848318666,1321660697324,1776933930522.921,0.397,50.211,0.708409,0.111712,0.000000,-2.802821,0.077319,0.001025,0.000000,0.000000,0.000000,-0.141833
1147,go2_001,87365000000,1776934017889045159,1776934017898093677,1321710471033,1776933930524.045,9.049,49.775,0.708432,0.111883,0.000000,-2.810981,0.070716,0.000924,0.000000,0.000000,0.000000,-0.189202
1148,go2_001,87405000000,1776934017930454469,1776934017948153034,1321760531254,1776933930525.455,17.699,50.059,0.706943,0.111583,0.000000,-2.826405,0.068499,0.000539,0.000000,0.000000,0.000000,-0.412730
1149,go2_001,87465000000,1776934017991944598,1776934017998068056,1321810446584,1776933930526.945,6.123,49.915,0.691300,0.104202,0.000000,-2.854539,0.100928,0.003573,0.000000,0.000000,0.000000,-0.388642
1150,go2_001,87505000000,1776934018033134052,1776934018048306362,1321860684206,1776933930528.134,15.172,50.238,0.681452,0.102636,0.000000,-2.861866,0.116247,-0.001037,0.000000,0.000000,0.000000,-0.210954
1151,go2_001,87565000000,1776934018084485694,1776934018098098729,1321910476447,1776933930519.486,13.613,49.792,0.681406,0.103283,0.000000,-2.867281,0.101759,-0.000942,0.000000,0.000000,0.000000,-0.108510
1152,go2_001,87625000000,1776934018145973074,1776934018148147060,1321960524746,1776933930520.973,2.174,50.048,0.681370,0.103802,0.000000,-2.849872,0.088921,-0.000857,0.000000,0.000000,0.000000,0.378933
1153,go2_001,87665000000,1776934018187450724,1776934018198225007,1322010602842,1776933930522.451,10.774,50.078,0.679207,0.102601,0.000000,-2.827561,0.087477,0.000632,0.000000,0.000000,0.000000,0.501037
1154,go2_001,87705000000,1776934018228815614,1776934018248124453,1322060502440,1776933930523.816,19.309,49.899,0.671078,0.100612,0.000000,-2.809748,0.100294,-0.001506,0.000000,0.000000,0.000000,0.401398
1155,go2_001,87765000000,1776934018290365703,1776934018298087346,1322110464985,1776933930525.366,7.722,49.963,0.660263,0.092747,0.000000,-2.801705,0.118066,0.007502,0.000000,0.000000,0.000000,0.015977
1156,go2_001,87805000000,1776934018331831413,1776934018348074607,1322160452338,1776933930526.831,16.243,49.987,0.660286,0.092899,0.000000,-2.811928,0.107892,0.006880,0.000000,0.000000,0.000000,-0.204874
1157,go2_001,87865000000,1776934018393482167,1776934018398062912,1322210440434,1776933930528.482,4.581,49.988,0.660277,0.093179,0.000000,-2.831171,0.094096,0.006035,0.000000,0.000000,0.000000,-0.256130
1158,go2_001,87925000000,1776934018444868475,1776934018448064263,1322260442789,1776933930519.868,3.196,50.001,0.657876,0.092403,0.000000,-2.863191,0.087974,0.005888,0.000000,0.000000,0.000000,-0.664861
1159,go2_001,87965000000,1776934018486056863,1776934018498088492,1322310466310,1776933930521.057,12.032,50.024,0.648816,0.088544,0.000000,-2.891518,0.104365,0.007238,0.000000,0.000000,0.000000,-0.650093
1160,go2_001,88005000000,1776934018527468835,1776934018548176407,1322360554178,1776933930522.469,20.708,50.088,0.644146,0.090344,0.000000,-2.907504,0.104264,-0.000374,0.000000,0.000000,0.000000,-0.396456
1161,go2_001,88065000000,1776934018589343156,1776934018598153057,1322410530856,1776933930524.343,8.810,49.977,0.644031,0.090969,0.000000,-2.902564,0.090738,-0.000370,0.000000,0.000000,0.000000,0.160878
1162,go2_001,88105000000,1776934018630955674,1776934018648163938,1322460541653,1776933930525.956,17.208,50.011,0.643974,0.091281,0.000000,-2.887964,0.082599,-0.000367,0.000000,0.000000,0.000000,0.321641
1163,go2_001,88165000000,1776934018692643183,1776934018698093845,1322510471458,1776933930527.643,5.451,49.930,0.640472,0.090687,0.000000,-2.861947,0.080401,-0.000994,0.000000,0.000000,0.000000,0.443415
1164,go2_001,88225000000,1776934018744034038,1776934018748341571,1322560719184,1776933930519.034,4.308,50.248,0.627087,0.088514,0.000000,-2.836127,0.102291,-0.005716,0.000000,0.000000,0.000000,0.445465
1165,go2_001,88265000000,1776934018785051407,1776934018798110983,1322610488724,1776933930520.052,13.060,49.769,0.622514,0.083728,0.000000,-2.832671,0.107413,0.002492,0.000000,0.000000,0.000000,0.087623
1166,go2_001,88325000000,1776934018846884678,1776934018848016145,1322660393808,1776933930521.885,1.131,49.905,0.622508,0.083848,0.000000,-2.838235,0.093351,0.002166,0.000000,0.000000,0.000000,-0.062152
1167,go2_001,88365000000,1776934018887982754,1776934018898045977,1322710423539,1776933930522.983,10.063,50.030,0.622495,0.083934,0.000000,-2.842113,0.084892,0.001969,0.000000,0.000000,0.000000,-0.069022
1168,go2_001,88405000000,1776934018929360971,1776934018948139688,1322760517538,1776933930524.361,18.779,50.094,0.614192,0.081320,0.000000,-2.858004,0.098628,0.001565,0.000000,0.000000,0.000000,-0.402184
1169,go2_001,88465000000,1776934018991225729,1776934018998561324,1322810939607,1776933930526.226,7.336,50.422,0.601602,0.077076,0.000000,-2.901504,0.117849,0.002319,0.000000,0.000000,0.000000,-0.582589
1170,go2_001,88505000000,1776934019033080354,1776934019048078971,1322860456303,1776933930528.080,14.999,49.518,0.599227,0.076304,0.000000,-2.910731,0.113293,0.003008,0.000000,0.000000,0.000000,-0.198202
1171,go2_001,88565000000,1776934019084368058,1776934019098139053,1322910517044,1776933930519.368,13.771,50.060,0.599087,0.076785,0.000000,-2.912011,0.098369,0.002617,0.000000,0.000000,0.000000,-0.028158
1172,go2_001,88625000000,1776934019146048606,1776934019148053702,1322960431169,1776933930521.049,2.005,49.915,0.598976,0.077140,0.000000,-2.897073,0.085175,0.002270,0.000000,0.000000,0.000000,0.297669
1173,go2_001,88665000000,1776934019187066808,1776934019198061720,1323010439676,1776933930522.067,10.995,50.008,0.593716,0.077030,0.000000,-2.873405,0.090024,-0.001204,0.000000,0.000000,0.000000,0.534415
1174,go2_001,88705000000,1776934019228191927,1776934019248208337,1323060586254,1776933930523.192,20.016,50.147,0.583284,0.076383,0.000000,-2.854446,0.107000,-0.006874,0.000000,0.000000,0.000000,0.432755
1175,go2_001,88765000000,1776934019289913828,1776934019298065498,1323110443138,1776933930524.914,8.152,49.857,0.575179,0.070363,0.000000,-2.854163,0.115251,0.002371,0.000000,0.000000,0.000000,-0.084091
1176,go2_001,88805000000,1776934019331027069,1776934019348175526,1323160553210,1776933930526.027,17.148,50.110,0.575153,0.070403,0.000000,-2.860136,0.104837,0.002159,0.000000,0.000000,0.000000,-0.143407
1177,go2_001,88865000000,1776934019392399301,1776934019398249380,1323210629082,1776933930527.399,5.850,50.074,0.575100,0.070499,0.000000,-2.871072,0.090738,0.001872,0.000000,0.000000,0.000000,-0.172622
1178,go2_001,88905000000,1776934019433559208,1776934019448051279,1323260429400,1776933930528.559,14.492,49.802,0.575053,0.070591,0.000000,-2.887962,0.082264,0.001699,0.000000,0.000000,0.000000,-0.415748
1179,go2_001,88965000000,1776934019485039866,1776934019498152244,1323310529922,1776933930520.040,13.112,50.101,0.562310,0.066300,0.000000,-2.928733,0.103897,0.003395,0.000000,0.000000,0.000000,-0.668345
1180,go2_001,89025000000,1776934019547358313,1776934019548005294,1323360383185,1776933930522.358,0.647,49.853,0.550009,0.066766,0.000000,-2.948544,0.117942,-0.005275,0.000000,0.000000,0.000000,-0.129833
1181,go2_001,89065000000,1776934019588774829,1776934019598053153,1323410431149,1776933930523.775,9.278,50.048,0.549912,0.067111,0.000000,-2.943147,0.107221,-0.004871,0.000000,0.000000,0.000000,0.121715
1182,go2_001,89105000000,1776934019630043087,1776934019648122543,1323460500339,1776933930525.043,18.079,50.069,0.549831,0.067361,0.000000,-2.925686,0.097348,-0.004496,0.000000,0.000000,0.000000,0.391406
1183,go2_001,89155000000,1776934019694137884,1776934019700048485,1323512426428,1776933930539.138,5.911,51.926,0.548454,0.067536,0.000000,-2.891753,0.089073,-0.005041,0.000000,0.000000,0.000000,0.774336
1184,go2_001,89210000000,1776934019748155063,1776934019748628217,1323561005941,1776933930538.155,0.473,48.580,0.556990,0.070141,0.000000,-2.873005,0.055522,-0.005061,0.000000,0.000000,0.000000,0.421118
1185,go2_001,89230000000,1776934019768457972,1776934019798609395,1323610987461,1776933930538.458,30.151,49.981,0.552931,0.068648,0.000000,-2.867499,0.063621,-0.003871,0.000000,0.000000,0.000000,0.297983
1186,go2_001,89310000000,1776934019841255300,1776934019848055220,1323660432878,1776933930531.255,6.800,49.446,0.552255,0.065882,0.000000,-2.880163,0.054416,0.002475,0.000000,0.000000,0.000000,-0.248256
1187,go2_001,89350000000,1776934019882862100,1776934019900756342,1323713134604,1776933930532.862,17.894,52.701,0.552178,0.065864,0.000000,-2.890095,0.048871,0.002269,0.000000,0.000000,0.000000,-0.323177
1188,go2_001,89410000000,1776934019945612075,1776934019948179972,1323760558392,1776933930535.612,2.568,47.424,0.544877,0.064111,0.000000,-2.912310,0.059892,0.001551,0.000000,0.000000,0.000000,-0.366949
1189,go2_001,89450000000,1776934019986946571,1776934019998057427,1323810435706,1776933930536.947,11.111,49.877,0.538233,0.062526,0.000000,-2.938641,0.071095,0.001204,0.000000,0.000000,0.000000,-0.653777
1190,go2_001,89490000000,1776934020038996325,1776934020048088439,1323860466967,1776933930548.996,9.092,50.031,0.529501,0.059693,0.000000,-2.968429,0.087226,0.002952,0.000000,0.000000,0.000000,-0.505438
1191,go2_001,89530000000,1776934020080709247,1776934020098239315,1323910617191,1776933930550.709,17.530,50.151,0.529819,0.059592,0.000000,-2.973250,0.078071,0.003772,0.000000,0.000000,0.000000,-0.124152
1192,go2_001,89610000000,1776934020142742327,1776934020148049073,1323960426537,1776933930532.742,5.307,49.810,0.522756,0.058267,0.000000,-2.958906,0.081836,0.003205,0.000000,0.000000,0.000000,0.190660
1193,go2_001,89650000000,1776934020184139810,1776934020198215144,1324010593194,1776933930534.140,14.075,50.166,0.512848,0.054741,0.000000,-2.946387,0.100097,0.006296,0.000000,0.000000,0.000000,0.369135
1194,go2_001,89710000000,1776934020246251551,1776934020248169308,1324060547084,1776933930536.252,1.918,49.954,0.501485,0.055181,0.000000,-2.911611,0.113247,-0.001635,0.000000,0.000000,0.000000,0.526298
1195,go2_001,89750000000,1776934020287243886,1776934020298189925,1324110569825,1776933930537.244,10.946,50.021,0.493420,0.051041,0.000000,-2.899957,0.124889,0.004070,0.000000,0.000000,0.000000,0.250743
1196,go2_001,89790000000,1776934020339002360,1776934020348074494,1324160452019,1776933930549.002,9.072,49.885,0.493328,0.050959,0.000000,-2.904148,0.113550,0.003725,0.000000,0.000000,0.000000,-0.065556
1197,go2_001,89830000000,1776934020380615296,1776934020398098128,1324210475671,1776933930550.615,17.483,50.024,0.493239,0.050904,0.000000,-2.909738,0.103100,0.003406,0.000000,0.000000,0.000000,-0.108171
1198,go2_001,89910000000,1776934020442511604,1776934020448096997,1324260474753,1776933930532.511,5.585,49.999,0.485053,0.048761,0.000000,-2.934134,0.105588,0.003491,0.000000,0.000000,0.000000,-0.555318
1199,go2_001,89950000000,1776934020484317139,1776934020498115622,1324310493638,1776933930534.317,13.798,50.019,0.485003,0.048709,0.000000,-2.971098,0.095406,0.003570,0.000000,0.000000,0.000000,-0.796962
1200,go2_001,90010000000,1776934020547671087,1776934020548008996,1324360386642,1776933930537.671,0.338,49.893,0.492551,0.049392,0.000000,-2.996249,0.063237,0.006319,0.000000,0.000000,0.000000,-0.280263
1201,go2_001,90030000000,1776934020578367532,1776934020598161247,1324410539486,1776933930548.368,19.794,50.152,0.492500,0.049463,0.000000,-2.997019,0.059941,0.006047,0.000000,0.000000,0.000000,-0.138681
1202,go2_001,90090000000,1776934020640413779,1776934020648300575,1324460678302,1776933930550.414,7.887,50.139,0.492371,0.049624,0.000000,-2.980743,0.050850,0.005294,0.000000,0.000000,0.000000,0.322631
1203,go2_001,90150000000,1776934020682746689,1776934020698211558,1324510589628,1776933930532.747,15.465,49.911,0.490707,0.049291,0.000000,-2.950326,0.047041,0.004803,0.000000,0.000000,0.000000,0.579441
1204,go2_001,90210000000,1776934020744394850,1776934020748095184,1324560472593,1776933930534.395,3.700,49.884,0.475069,0.049034,0.000000,-2.919675,0.077506,-0.002633,0.000000,0.000000,0.000000,0.423778
1205,go2_001,90250000000,1776934020785441495,1776934020798094857,1324610472601,1776933930535.441,12.653,50.000,0.465799,0.044529,0.000000,-2.920149,0.095030,0.003890,0.000000,0.000000,0.000000,0.024613
1206,go2_001,90310000000,1776934020847579875,1776934020847956584,1324660334184,1776933930537.580,0.377,49.862,0.464961,0.043152,0.000000,-2.895898,0.084542,0.005630,0.000000,0.000000,0.000000,-0.102191
1207,go2_001,90330000000,1776934020878488759,1776934020898100604,1324710478308,1776933930548.489,19.612,50.144,0.464022,0.042624,0.000000,-2.911802,0.082954,0.006102,0.000000,0.000000,0.000000,-0.149702
1208,go2_001,90390000000,1776934020940155374,1776934020948180803,1324760558256,1776933930550.155,8.025,50.080,0.463935,0.042579,0.000000,-2.947113,0.071147,0.005334,0.000000,0.000000,0.000000,-0.398659
1209,go2_001,90450000000,1776934020981722797,1776934020998215885,1324810593996,1776933930531.723,16.493,50.035,0.462910,0.042333,0.000000,-2.995159,0.062412,0.005112,0.000000,0.000000,0.000000,-0.724786
1210,go2_001,90510000000,1776934021043438196,1776934021048089812,1324860467419,1776933930533.438,4.652,49.874,0.447162,0.042221,0.000000,-3.006596,0.091204,-0.002658,0.000000,0.000000,0.000000,-0.309523
1211,go2_001,90550000000,1776934021084526923,1776934021098086429,1324910464421,1776933930534.527,13.560,49.997,0.447067,0.042401,0.000000,-3.007572,0.082498,-0.002478,0.000000,0.000000,0.000000,-0.031915
1212,go2_001,90610000000,1776934021146839867,1776934021148026275,1324960403966,1776933930536.840,1.186,49.940,0.440080,0.041737,0.000000,-2.986774,0.088583,-0.003274,0.000000,0.000000,0.000000,0.393446
1213,go2_001,90630000000,1776934021167421680,1776934021198113780,1325010492565,1776933930537.422,30.692,50.088,0.440040,0.041772,0.000000,-2.975500,0.084243,-0.003155,0.000000,0.000000,0.000000,0.479640
1214,go2_001,90690000000,1776934021240024273,1776934021248150328,1325060528366,1776933930550.024,8.126,50.037,0.440281,0.043640,0.000000,-2.934750,0.070064,-0.007225,0.000000,0.000000,0.000000,0.540171
1215,go2_001,90750000000,1776934021281079555,1776934021298074324,1325110451873,1776933930531.080,16.995,49.924,0.425724,0.036198,0.000000,-2.922971,0.098408,0.005013,0.000000,0.000000,0.000000,0.113879
1216,go2_001,90810000000,1776934021343006707,1776934021348029918,1325160407367,1776933930533.007,5.023,49.956,0.425171,0.034775,0.000000,-2.937800,0.086406,0.007090,0.000000,0.000000,0.000000,-0.226830
1217,go2_001,90850000000,1776934021384214406,1776934021398132644,1325210511483,1776933930534.214,13.918,50.103,0.425117,0.034716,0.000000,-2.951111,0.078056,0.006491,0.000000,0.000000,0.000000,-0.268461
1218,go2_001,90910000000,1776934021445840644,1776934021448214737,1325260592920,1776933930535.841,2.374,50.082,0.422363,0.034342,0.000000,-2.971358,0.073711,0.005314,0.000000,0.000000,0.000000,-0.410184
1219,go2_001,90950000000,1776934021487006721,1776934021498161184,1325310539718,1776933930537.007,11.154,49.946,0.419669,0.034057,0.000000,-3.004205,0.072914,0.004494,0.000000,0.000000,0.000000,-0.733502
1220,go2_001,90990000000,1776934021529973200,1776934021549062461,1325361440320,1776933930539.973,19.089,50.901,0.411811,0.032714,0.000000,-3.033672,0.085705,0.004262,0.000000,0.000000,0.000000,-0.707390
1221,go2_001,91020000000,1776934021583161719,1776934021598192788,1325410571233,1776933930563.162,15.031,49.130,0.412617,0.032247,0.000000,-3.043672,0.077493,0.005883,0.000000,0.000000,0.000000,-0.351254
1222,go2_001,91090000000,1776934021646048256,1776934021648047129,1325460424810,1776933930556.048,1.999,49.854,0.412944,0.032649,0.000000,-3.031655,0.063352,0.004928,0.000000,0.000000,0.000000,0.240747
1223,go2_001,91135000000,1776934021697397698,1776934021697974385,1325510351898,1776933930562.398,0.577,49.927,0.410897,0.032472,0.000000,-3.017308,0.061145,0.004355,0.000000,0.000000,0.000000,0.326883
1224,go2_001,91175000000,1776934021738868870,1776934021748061880,1325560439484,1776933930563.869,9.193,50.087,0.403599,0.030796,0.000000,-2.981262,0.073747,0.005391,0.000000,0.000000,0.000000,0.628162
1225,go2_001,91240000000,1776934021790510887,1776934021798054936,1325610432737,1776933930550.511,7.544,49.993,0.389654,0.029456,0.000000,-2.962094,0.096488,0.002623,0.000000,0.000000,0.000000,0.217717
1226,go2_001,91280000000,1776934021832690739,1776934021848083204,1325660460671,1776933930552.691,15.392,50.028,0.390952,0.028562,0.000000,-2.967998,0.084194,0.004852,0.000000,0.000000,0.000000,-0.070893
1227,go2_001,91340000000,1776934021894700500,1776934021898124188,1325710501953,1776933930554.700,3.424,50.041,0.390831,0.028463,0.000000,-2.978961,0.072182,0.004217,0.000000,0.000000,0.000000,-0.114858
1228,go2_001,91380000000,1776934021935901362,1776934021948065481,1325760442965,1776933930555.901,12.164,49.941,0.386295,0.027010,0.000000,-2.991945,0.077019,0.005714,0.000000,0.000000,0.000000,-0.370452
1229,go2_001,91440000000,1776934021998028557,1776934021998246781,1325810624275,1776933930558.029,0.218,50.181,0.377773,0.027462,0.000000,-3.041827,0.086695,0.001171,0.000000,0.000000,0.000000,-0.771063
1230,go2_001,91480000000,1776934022039534559,1776934022048086480,1325860464079,1776933930559.535,8.552,49.840,0.375311,0.025994,0.000000,-3.061737,0.084460,0.004231,0.000000,0.000000,0.000000,-0.456375
1231,go2_001,91540000000,1776934022090915305,1776934022098073526,1325910451263,1776933930550.915,7.158,49.987,0.379064,0.026626,0.000000,-3.065978,0.062857,0.003982,0.000000,0.000000,0.000000,-0.068490
1232,go2_001,91580000000,1776934022132320348,1776934022148069287,1325960446755,1776933930552.320,15.749,49.996,0.378978,0.026734,0.000000,-3.060426,0.056394,0.003617,0.000000,0.000000,0.000000,0.126613
1233,go2_001,91640000000,1776934022193876645,1776934022198258326,1326010636299,1776933930553.877,4.382,50.189,0.372597,0.026628,0.000000,-3.027565,0.062587,0.001755,0.000000,0.000000,0.000000,0.572432
1234,go2_001,91680000000,1776934022235015585,1776934022248140669,1326060518139,1776933930555.016,13.125,49.882,0.363273,0.027337,0.000000,-3.003990,0.079429,-0.003133,0.000000,0.000000,0.000000,0.536375
1235,go2_001,91740000000,1776934022296701098,1776934022298269086,1326110647684,1776933930556.701,1.568,50.128,0.345333,0.025053,0.000000,-2.995798,0.112646,-0.002494,0.000000,0.000000,0.000000,-0.039104
1236,go2_001,91780000000,1776934022337976039,1776934022348440122,1326160818080,1776933930557.976,10.464,50.171,0.339018,0.021373,0.000000,-3.002827,0.118740,0.004729,0.000000,0.000000,0.000000,-0.204214
1237,go2_001,91840000000,1776934022389600237,1776934022398327163,1326210705989,1776933930549.600,8.727,49.887,0.338882,0.021251,0.000000,-3.013095,0.102592,0.004111,0.000000,0.000000,0.000000,-0.183907
1238,go2_001,91880000000,1776934022430821882,1776934022448077005,1326260454887,1776933930550.822,17.255,49.750,0.338796,0.021209,0.000000,-3.020798,0.092889,0.003740,0.000000,0.000000,0.000000,-0.239128
1239,go2_001,91940000000,1776934022492415009,1776934022498068921,1326310447039,1776933930552.415,5.654,49.992,0.337942,0.020024,0.000000,-3.061378,0.081199,0.006192,0.000000,0.000000,0.000000,-0.760501
1240,go2_001,91980000000,1776934022533836441,1776934022548082271,1326360459816,1776933930553.836,14.246,50.013,0.332464,0.019888,0.000000,-3.083223,0.087149,0.004719,0.000000,0.000000,0.000000,-0.522672
1241,go2_001,92040000000,1776934022595905210,1776934022598082530,1326410460187,1776933930555.905,2.177,50.000,0.326260,0.022855,0.000000,-3.085915,0.088384,-0.004022,0.000000,0.000000,0.000000,0.126971
1242,go2_001,92080000000,1776934022637301821,1776934022648151262,1326460530199,1776933930557.302,10.849,50.069,0.326177,0.022975,0.000000,-3.068632,0.079803,-0.003738,0.000000,0.000000,0.000000,0.370339
1243,go2_001,92120000000,1776934022678450581,1776934022698140139,1326510517969,1776933930558.451,19.690,49.989,0.320232,0.022528,0.000000,-3.049584,0.086539,-0.003633,0.000000,0.000000,0.000000,0.422226
1244,go2_001,92180000000,1776934022730722841,1776934022748067649,1326560445067,1776933930550.723,17.345,49.928,0.318654,0.022576,0.000000,-3.024145,0.077424,-0.003837,0.000000,0.000000,0.000000,0.563095
1245,go2_001,92240000000,1776934022791859136,1776934022798126725,1326610504479,1776933930551.859,6.268,50.059,0.324423,0.022499,0.000000,-2.995401,0.052447,-0.002155,0.000000,0.000000,0.000000,0.428759
1246,go2_001,92280000000,1776934022833193822,1776934022848248712,1326660627134,1776933930553.194,15.055,50.122,0.324269,0.021111,0.000000,-2.990681,0.047359,0.001134,0.000000,0.000000,0.000000,0.099486
1247,go2_001,92340000000,1776934022895172856,1776934022898237778,1326710615647,1776933930555.173,3.065,49.989,0.324214,0.020994,0.000000,-3.011548,0.039640,0.000956,0.000000,0.000000,0.000000,-0.336913
1248,go2_001,92380000000,1776934022936641726,1776934022948109763,1326760487990,1776933930556.642,11.468,49.872,0.324175,0.020963,0.000000,-3.034743,0.035024,0.000849,0.000000,0.000000,0.000000,-0.459434
1249,go2_001,92420000000,1776934022977709758,1776934022998152074,1326810530908,1776933930557.710,20.442,50.042,0.319772,0.020645,0.000000,-3.067320,0.041971,0.000429,0.000000,0.000000,0.000000,-0.790482
1250,go2_001,92480000000,1776934023029964281,1776934023048101141,1326860479247,1776933930549.964,18.137,49.949,0.313478,0.020368,0.000000,-3.102405,0.049758,-0.000300,0.000000,0.000000,0.000000,-0.554277
1251,go2_001,92540000000,1776934023091785549,1776934023098095764,1326910473724,1776933930551.785,6.310,49.995,0.316551,0.021325,0.000000,-3.099902,0.034112,-0.001654,0.000000,0.000000,0.000000,0.085836
1252,go2_001,92580000000,1776934023132922512,1776934023148151715,1326960529359,1776933930552.923,15.229,50.056,0.316513,0.021369,0.000000,-3.086497,0.030003,-0.001547,0.000000,0.000000,0.000000,0.271029
1253,go2_001,92640000000,1776934023195349053,1776934023198148320,1327010526479,1776933930555.349,2.799,49.997,0.310876,0.021640,0.000000,-3.072793,0.038862,-0.003120,0.000000,0.000000,0.000000,0.272946
1254,go2_001,92680000000,1776934023236767342,1776934023248059324,1327060436672,1776933930556.767,11.292,49.911,0.304969,0.020389,0.000000,-3.041746,0.049500,-0.000940,0.000000,0.000000,0.000000,0.593401
1255,go2_001,92720000000,1776934023277890236,1776934023298155042,1327110532743,1776933930557.890,20.265,50.096,0.295389,0.022941,0.000000,-3.019862,0.067803,-0.009303,0.000000,0.000000,0.000000,0.528757
1256,go2_001,92780000000,1776934023339721704,1776934023348033177,1327160410753,1776933930559.722,8.311,49.878,0.291715,0.021578,0.000000,-3.015079,0.066454,-0.006011,0.000000,0.000000,0.000000,0.018172
1257,go2_001,92840000000,1776934023391006907,1776934023398132884,1327210511476,1776933930551.007,7.126,50.100,0.291628,0.021423,0.000000,-3.022490,0.056661,-0.005321,0.000000,0.000000,0.000000,-0.139183
1258,go2_001,92880000000,1776934023432326078,1776934023448078833,1327260456567,1776933930552.326,15.753,49.946,0.286925,0.020058,0.000000,-3.034221,0.063084,-0.002601,0.000000,0.000000,0.000000,-0.358475
1259,go2_001,92940000000,1776934023494152862,1776934023498100418,1327310478384,1776933930554.153,3.948,50.022,0.277908,0.021184,0.000000,-3.083662,0.076020,-0.006822,0.000000,0.000000,0.000000,-0.777511
1260,go2_001,92980000000,1776934023535515450,1776934023548147117,1327360525717,1776933930555.515,12.632,50.047,0.269310,0.020270,0.000000,-3.103017,0.090345,-0.005554,0.000000,0.000000,0.000000,-0.464244
1261,go2_001,93020000000,1776934023577877065,1776934023599162683,1327411540321,1776933930557.877,21.286,51.016,0.271090,0.020029,0.000000,-3.105631,0.077192,-0.003768,0.000000,0.000000,0.000000,0.036863
1262,go2_001,93065000000,1776934023632929849,1776934023648088644,1327460466081,1776933930567.930,15.159,48.926,0.271989,0.020162,0.000000,-3.099982,0.066321,-0.003309,0.000000,0.000000,0.000000,0.100038
1263,go2_001,93120000000,1776934023694780580,1776934023697987879,1327510365375,1776933930574.781,3.207,49.899,0.272067,0.020211,0.000000,-3.068233,0.056901,-0.002928,0.000000,0.000000,0.000000,0.518672
1264,go2_001,93185000000,1776934023745902272,1776934023747985986,1327560363424,1776933930560.902,2.084,49.998,0.269859,0.020110,0.000000,-3.033973,0.052613,-0.002911,0.000000,0.000000,0.000000,0.674663
1265,go2_001,93225000000,1776934023787303941,1776934023798083251,1327610461456,1776933930562.304,10.779,50.097,0.260174,0.019399,0.000000,-3.015920,0.071783,-0.002751,0.000000,0.000000,0.000000,0.421803
1266,go2_001,93265000000,1776934023828828444,1776934023848038997,1327660416345,1776933930563.828,19.211,49.956,0.254397,0.015813,0.000000,-3.008490,0.079631,0.005117,0.000000,0.000000,0.000000,0.127350
1267,go2_001,93325000000,1776934023890893740,1776934023898065164,1327710442773,1776933930565.894,7.171,50.026,0.254239,0.015564,0.000000,-3.023147,0.068417,0.004522,0.000000,0.000000,0.000000,-0.291185
1268,go2_001,93365000000,1776934023932198956,1776934023948034604,1327760412053,1776933930567.199,15.836,49.969,0.254140,0.015482,0.000000,-3.046816,0.061663,0.004162,0.000000,0.000000,0.000000,-0.416952
1269,go2_001,93425000000,1776934023993891978,1776934023998061080,1327810438872,1776933930568.892,4.169,50.026,0.252976,0.015991,0.000000,-3.082509,0.054688,0.002130,0.000000,0.000000,0.000000,-0.706578
1270,go2_001,93485000000,1776934024045323053,1776934024048009502,1327860386919,1776933930560.323,2.686,49.948,0.246192,0.017285,0.000000,-3.112101,0.063524,-0.002633,0.000000,0.000000,0.000000,-0.534673
1271,go2_001,93525000000,1776934024086739422,1776934024098075812,1327910453315,1776933930561.740,11.336,50.066,0.240878,0.018565,0.000000,-3.120744,0.069987,-0.006286,0.000000,0.000000,0.000000,-0.202027
1272,go2_001,93565000000,1776934024128193066,1776934024148089223,1327960466679,1776933930563.193,19.896,50.013,0.240786,0.018677,0.000000,-3.109263,0.063088,-0.005783,0.000000,0.000000,0.000000,0.256155
1273,go2_001,93625000000,1776934024190030396,1776934024198079947,1328010457564,1776933930565.031,8.050,49.991,0.240664,0.018748,0.000000,-3.082995,0.053761,-0.005098,0.000000,0.000000,0.000000,0.366403
1274,go2_001,93665000000,1776934024231199664,1776934024248086760,1328060464526,1776933930566.199,16.887,50.007,0.241483,0.018364,0.000000,-3.066855,0.045536,-0.003685,0.000000,0.000000,0.000000,0.525070
1275,go2_001,93725000000,1776934024293068903,1776934024298104109,1328110481795,1776933930568.069,5.035,50.017,0.249208,0.021134,0.000000,-3.026673,0.018619,-0.009123,0.000000,0.000000,0.000000,0.528492
1276,go2_001,93785000000,1776934024344676894,1776934024348082824,1328160460421,1776933930559.677,3.406,49.979,0.251887,0.019069,0.000000,-3.024350,0.008331,-0.002589,0.000000,0.000000,0.000000,-0.061731
1277,go2_001,93825000000,1776934024385469043,1776934024398055069,1328210432763,1776933930560.469,12.586,49.972,0.251863,0.019057,0.000000,-3.035652,0.006446,-0.002370,0.000000,0.000000,0.000000,-0.280728
1278,go2_001,93885000000,1776934024447351279,1776934024447964626,1328260342098,1776933930562.351,0.613,49.910,0.246920,0.017980,0.000000,-3.056560,0.016915,-0.000249,0.000000,0.000000,0.000000,-0.398991
1279,go2_001,93925000000,1776934024488601419,1776934024498072294,1328310450219,1776933930563.601,9.471,50.108,0.239353,0.017332,0.000000,-3.086501,0.033681,0.000006,0.000000,0.000000,0.000000,-0.735477
1280,go2_001,93965000000,1776934024529798124,1776934024548113576,1328360491051,1776933930564.798,18.315,50.041,0.231503,0.017553,0.000000,-3.119761,0.049627,-0.001884,0.000000,0.000000,0.000000,-0.764482
1281,go2_001,94025000000,1776934024591540097,1776934024598105616,1328410483005,1776933930566.540,6.566,49.992,0.229355,0.017619,0.000000,-3.136804,0.046813,-0.001760,0.000000,0.000000,0.000000,-0.094118
1282,go2_001,94065000000,1776934024632727914,1776934024648046438,1328460424183,1776933930567.728,15.319,49.941,0.228028,0.017962,0.000000,-3.125704,0.045039,-0.002424,0.000000,0.000000,0.000000,0.225546
1283,go2_001,94125000000,1776934024694599288,1776934024698136887,1328510514852,1776933930569.599,3.538,50.090,0.227955,0.018036,0.000000,-3.108465,0.038045,-0.002117,0.000000,0.000000,0.000000,0.299879
1284,go2_001,94185000000,1776934024746291007,1776934024748150836,1328560529174,1776933930561.291,1.860,50.014,0.216085,0.017221,0.000000,-3.071624,0.061448,-0.001200,0.000000,0.000000,0.000000,0.739668
1285,go2_001,94225000000,1776934024787556037,1776934024798067280,1328610445080,1776933930562.556,10.511,49.916,0.207454,0.017523,0.000000,-3.052259,0.077072,-0.003039,0.000000,0.000000,0.000000,0.469601
1286,go2_001,94265000000,1776934024829295876,1776934024848077210,1328660454820,1776933930564.296,18.781,50.010,0.203650,0.017026,0.000000,-3.049553,0.079064,-0.002312,0.000000,0.000000,0.000000,0.085123
1287,go2_001,94325000000,1776934024890810089,1776934024898252942,1328710630691,1776933930565.810,7.443,50.176,0.203545,0.016862,0.000000,-3.056321,0.068039,-0.002014,0.000000,0.000000,0.000000,-0.114842
1288,go2_001,94365000000,1776934024932578146,1776934024948140878,1328760519010,1776933930567.578,15.563,49.888,0.203480,0.016793,0.000000,-3.066508,0.061420,-0.001835,0.000000,0.000000,0.000000,-0.194026
1289,go2_001,94425000000,1776934024994142011,1776934024998143269,1328810522289,1776933930569.142,4.001,50.002,0.195888,0.015023,0.000000,-3.110514,0.071494,0.001770,0.000000,0.000000,0.000000,-0.814652
1290,go2_001,94485000000,1776934025045535694,1776934025048070796,1328860448385,1776933930560.536,2.535,49.928,0.181919,0.013864,0.000000,-3.139210,0.095958,0.002871,0.000000,0.000000,0.000000,-0.485920
1291,go2_001,94525000000,1776934025086628402,1776934025098209660,1328910587443,1776933930561.628,11.581,50.139,0.184061,0.015067,0.000000,3.138995,0.081337,0.000284,0.000000,0.000000,0.000000,-0.070333
1292,go2_001,94565000000,1776934025127740317,1776934025148142401,1328960520121,1776933930562.740,20.402,49.933,0.183982,0.015190,0.000000,-3.136657,0.073619,0.000274,0.000000,0.000000,0.000000,0.144309
1293,go2_001,94625000000,1776934025189598929,1776934025198098562,1329010476268,1776933930564.599,8.500,49.956,0.183878,0.015281,0.000000,-3.112735,0.063184,0.000261,0.000000,0.000000,0.000000,0.418919
1294,go2_001,94665000000,1776934025230744530,1776934025248014564,1329060392061,1776933930565.745,17.270,49.916,0.180092,0.014327,0.000000,-3.085054,0.066664,0.002379,0.000000,0.000000,0.000000,0.677151
1295,go2_001,94725000000,1776934025292641123,1776934025298054630,1329110432130,1776933930567.641,5.414,50.040,0.162778,0.015174,0.000000,-3.050852,0.099845,-0.001691,0.000000,0.000000,0.000000,0.324928
1296,go2_001,94765000000,1776934025333780067,1776934025348116562,1329160494700,1776933930568.780,14.336,50.062,0.157252,0.011536,0.000000,-3.049997,0.104489,0.006606,0.000000,0.000000,0.000000,-0.026435
1297,go2_001,94825000000,1776934025386828145,1776934025398108419,1329210486138,1776933930561.828,11.280,49.992,0.155220,0.010614,0.000000,-3.063141,0.095008,0.007176,0.000000,0.000000,0.000000,-0.269928
1298,go2_001,94865000000,1776934025427990162,1776934025448106154,1329260483587,1776933930562.990,20.116,49.998,0.155148,0.010514,0.000000,-3.082161,0.086132,0.006604,0.000000,0.000000,0.000000,-0.427529
1299,go2_001,94925000000,1776934025489709277,1776934025498373263,1329310751450,1776933930564.709,8.664,50.267,0.152271,0.010819,0.000000,-3.115025,0.080729,0.004722,0.000000,0.000000,0.000000,-0.653117
1300,go2_001,94965000000,1776934025531140410,1776934025548141489,1329360519099,1776933930566.140,17.001,49.768,0.150228,0.010876,0.000000,-3.137201,0.078322,0.004132,0.000000,0.000000,0.000000,-0.521498
1301,go2_001,95025000000,1776934025592660188,1776934025598191313,1329410569078,1776933930567.660,5.531,50.050,0.138266,0.013391,0.000000,3.131854,0.095756,-0.003119,0.000000,0.000000,0.000000,-0.116413
1302,go2_001,95065000000,1776934025633743779,1776934025648044404,1329460421860,1776933930568.744,14.301,49.853,0.138184,0.013529,0.000000,-3.137781,0.086775,-0.002866,0.000000,0.000000,0.000000,0.286860
1303,go2_001,95105000000,1776934025676325229,1776934025698789838,1329511167737,1776933930571.325,22.465,50.745,0.138107,0.013596,0.000000,-3.118765,0.078511,-0.002634,0.000000,0.000000,0.000000,0.439622
1304,go2_001,95140000000,1776934025719357747,1776934025748122968,1329560500993,1776933930579.358,28.765,49.333,0.135139,0.012707,0.000000,-3.105042,0.079440,-0.000335,0.000000,0.000000,0.000000,0.425800
1305,go2_001,95190000000,1776934025779931687,1776934025798167467,1329610545348,1776933930589.932,18.236,50.044,0.142836,0.012902,0.000000,-3.069388,0.050233,-0.000321,0.000000,0.000000,0.000000,0.660196
1306,go2_001,95275000000,1776934025842148283,1776934025848063802,1329660441538,1776933930567.148,5.916,49.896,0.141068,0.010564,0.000000,-3.046697,0.043870,0.004713,0.000000,0.000000,0.000000,0.225989
1307,go2_001,95315000000,1776934025883405889,1776934025898152102,1329710529943,1776933930568.406,14.746,50.088,0.141010,0.010474,0.000000,-3.059840,0.039126,0.004338,0.000000,0.000000,0.000000,-0.274086
1308,go2_001,95355000000,1776934025925041214,1776934025948044161,1329760421604,1776933930570.041,23.003,49.892,0.140954,0.010419,0.000000,-3.078834,0.034764,0.003991,0.000000,0.000000,0.000000,-0.408277
1309,go2_001,95415000000,1776934025996370406,1776934025997990921,1329810368300,1776933930581.370,1.621,49.947,0.137171,0.010718,0.000000,-3.116999,0.038359,0.002268,0.000000,0.000000,0.000000,-0.616618
1310,go2_001,95455000000,1776934026037705994,1776934026048027333,1329860404799,1776933930582.706,10.321,50.036,0.129560,0.009463,0.000000,3.136729,0.053527,0.004579,0.000000,0.000000,0.000000,-0.677722
1311,go2_001,95495000000,1776934026078911928,1776934026098037199,1329910414711,1776933930583.912,19.125,50.010,0.134120,0.010241,0.000000,3.119477,0.036107,0.002877,0.000000,0.000000,0.000000,-0.389698
1312,go2_001,95575000000,1776934026141052859,1776934026148102308,1329960480373,1776933930566.053,7.049,50.065,0.134877,0.010638,0.000000,3.135828,0.026248,0.001809,0.000000,0.000000,0.000000,0.204599
1313,go2_001,95615000000,1776934026182140251,1776934026198094637,1330010472335,1776933930567.140,15.954,49.992,0.134835,0.010662,0.000000,-3.140522,0.022968,0.001656,0.000000,0.000000,0.000000,0.156370
1314,go2_001,95675000000,1776934026244165722,1776934026248052673,1330060430153,1776933930569.166,3.887,49.958,0.123124,0.009773,0.000000,-3.116905,0.047526,0.003227,0.000000,0.000000,0.000000,0.421294
1315,go2_001,95715000000,1776934026295947849,1776934026298056766,1330110434365,1776933930580.948,2.109,50.004,0.115013,0.011417,0.000000,-3.085362,0.063023,-0.001710,0.000000,0.000000,0.000000,0.559395
1316,go2_001,95755000000,1776934026337049885,1776934026348082238,1330160459698,1776933930582.050,11.032,50.025,0.118752,0.011746,0.000000,-3.075858,0.047066,-0.002393,0.000000,0.000000,0.000000,0.266846
1317,go2_001,95795000000,1776934026378649193,1776934026398085416,1330210462879,1776933930583.649,19.436,50.003,0.118694,0.011674,0.000000,-3.077229,0.042137,-0.002208,0.000000,0.000000,0.000000,-0.003821
1318,go2_001,95875000000,1776934026441108823,1776934026448053669,1330260431197,1776933930566.109,6.945,49.968,0.114198,0.010513,0.000000,-3.086122,0.044987,0.000537,0.000000,0.000000,0.000000,-0.173695
1319,go2_001,95915000000,1776934026482216728,1776934026498132260,1330310509941,1776933930567.217,15.916,50.079,0.107258,0.012906,0.000000,-3.112832,0.057613,-0.006170,0.000000,0.000000,0.000000,-0.622302
1320,go2_001,95975000000,1776934026544138838,1776934026548016406,1330360393817,1776933930569.139,3.878,49.884,0.108024,0.012037,0.000000,3.128072,0.046240,-0.003115,0.000000,0.000000,0.000000,-0.511661
1321,go2_001,96015000000,1776934026595780257,1776934026598105240,1330410482987,1776933930580.780,2.325,50.089,0.113703,0.011962,0.000000,3.119363,0.026916,-0.002136,0.000000,0.000000,0.000000,-0.089095
1322,go2_001,96055000000,1776934026636938224,1776934026648074533,1330460451970,1776933930581.938,11.136,49.969,0.113671,0.012005,0.000000,3.121692,0.023645,-0.001964,0.000000,0.000000,0.000000,0.043314
1323,go2_001,96095000000,1776934026678537628,1776934026698193345,1330510570947,1776933930583.538,19.656,50.119,0.113642,0.012034,0.000000,3.133878,0.020649,-0.001805,0.000000,0.000000,0.000000,0.288114
1324,go2_001,96155000000,1776934026740300790,1776934026748074853,1330560452534,1776933930585.301,7.774,49.882,0.112166,0.011812,0.000000,-3.109886,0.020366,-0.001027,0.000000,0.000000,0.000000,0.716837
1325,go2_001,96215000000,1776934026781482324,1776934026798049444,1330610426994,1776933930566.482,16.567,49.975,0.095474,0.013874,0.000000,-3.071406,0.057903,-0.006597,0.000000,0.000000,0.000000,0.552064
1326,go2_001,96275000000,1776934026843915590,1776934026848919704,1330661297096,1776933930568.916,5.004,50.870,0.089575,0.010960,0.000000,-3.078780,0.063525,0.000773,0.000000,0.000000,0.000000,-0.125176
1327,go2_001,96315000000,1776934026895299397,1776934026898001121,1330710379082,1776933930580.300,2.702,49.081,0.089516,0.010871,0.000000,-3.093410,0.057351,0.000717,0.000000,0.000000,0.000000,-0.290377
1328,go2_001,96355000000,1776934026936416146,1776934026948041191,1330760418497,1776933930581.416,11.625,50.040,0.088881,0.011517,0.000000,-3.109773,0.053072,-0.001081,0.000000,0.000000,0.000000,-0.312577
1329,go2_001,96395000000,1776934026977657342,1776934026998145668,1330810523913,1776933930582.657,20.488,50.104,0.081899,0.011410,0.000000,-3.135056,0.065739,-0.001148,0.000000,0.000000,0.000000,-0.619610
1330,go2_001,96455000000,1776934027039606936,1776934027048064790,1330860442285,1776933930584.607,8.458,49.919,0.086724,0.008452,0.000000,3.122485,0.044266,0.006833,0.000000,0.000000,0.000000,-0.387535
1331,go2_001,96495000000,1776934027080601794,1776934027098103238,1330910480989,1776933930585.602,17.501,50.038,0.075444,0.009757,0.000000,3.113934,0.068163,0.002615,0.000000,0.000000,0.000000,-0.197996
1332,go2_001,96575000000,1776934027142382455,1776934027148034829,1330960412747,1776933930567.383,5.652,49.932,0.063486,0.012989,0.000000,3.122956,0.083160,-0.005064,0.000000,0.000000,0.000000,0.202924
1333,go2_001,96615000000,1776934027183463585,1776934027198048657,1331010426377,1776933930568.464,14.585,50.014,0.063413,0.013050,0.000000,3.138449,0.075383,-0.004651,0.000000,0.000000,0.000000,0.350517
1334,go2_001,96655000000,1776934027235153897,1776934027248042024,1331060419601,1776933930580.154,12.888,49.993,0.058606,0.012093,0.000000,-3.125956,0.080527,-0.001805,0.000000,0.000000,0.000000,0.392904
1335,go2_001,96715000000,1776934027296594277,1776934027297979553,1331110356883,1776933930581.594,1.385,49.938,0.066586,0.012906,0.000000,-3.090519,0.049249,-0.003791,0.000000,0.000000,0.000000,0.570268
1336,go2_001,96755000000,1776934027338272643,1776934027348134802,1331160512330,1776933930583.273,9.862,50.155,0.062765,0.010385,0.000000,-3.077008,0.053562,0.002632,0.000000,0.000000,0.000000,0.330181
1337,go2_001,96795000000,1776934027379150295,1776934027398072961,1331210450322,1776933930584.150,18.923,49.938,0.062721,0.010276,0.000000,-3.076595,0.048158,0.002428,0.000000,0.000000,0.000000,0.027594
1338,go2_001,96875000000,1776934027441069748,1776934027448209292,1331260587192,1776933930566.070,7.140,50.136,0.062396,0.009605,0.000000,-3.103771,0.039290,0.003450,0.000000,0.000000,0.000000,-0.317143
1339,go2_001,96915000000,1776934027482372838,1776934027498084638,1331310462598,1776933930567.373,15.712,49.875,0.055941,0.009753,0.000000,-3.119490,0.051354,0.002396,0.000000,0.000000,0.000000,-0.565473
1340,go2_001,96975000000,1776934027544531545,1776934027548051020,1331360428440,1776933930569.532,3.519,49.966,0.049628,0.009582,0.000000,3.114531,0.058527,0.002264,0.000000,0.000000,0.000000,-0.651033
1341,go2_001,97015000000,1776934027585489408,1776934027600845764,1331413223556,1776933930570.489,15.356,52.795,0.052988,0.010392,0.000000,3.107351,0.044095,0.000376,0.000000,0.000000,0.000000,-0.182454
1342,go2_001,97045000000,1776934027639158011,1776934027648129170,1331460507282,1776933930594.158,8.971,47.283,0.053340,0.010451,0.000000,3.111927,0.039599,0.000346,0.000000,0.000000,0.000000,0.052436
1343,go2_001,97100000000,1776934027690967478,1776934027698091619,1331510469293,1776933930590.968,7.124,49.962,0.053402,0.010504,0.000000,3.130751,0.033562,0.000309,0.000000,0.000000,0.000000,0.214085
1344,go2_001,97140000000,1776934027732862023,1776934027748043181,1331560420807,1776933930592.862,15.181,49.952,0.048318,0.011036,0.000000,3.141327,0.042960,-0.001094,0.000000,0.000000,0.000000,0.297343
1345,go2_001,97200000000,1776934027795094705,1776934027798082618,1331610460368,1776933930595.095,2.988,50.039,0.037031,0.012428,0.000000,-3.094394,0.064572,-0.005040,0.000000,0.000000,0.000000,0.672172
1346,go2_001,97260000000,1776934027846646798,1776934027848050240,1331660427839,1776933930586.647,1.403,49.968,0.028157,0.012620,0.000000,-3.076154,0.076856,-0.005493,0.000000,0.000000,0.000000,0.189822
1347,go2_001,97300000000,1776934027887790965,1776934027898040929,1331710418593,1776933930587.791,10.250,49.991,0.028016,0.012477,0.000000,-3.079546,0.069704,-0.005052,0.000000,0.000000,0.000000,-0.060278
1348,go2_001,97340000000,1776934027928954624,1776934027948121826,1331760499497,1776933930588.955,19.167,50.081,0.027893,0.012371,0.000000,-3.089120,0.063100,-0.004643,0.000000,0.000000,0.000000,-0.188896
1349,go2_001,97385000000,1776934027970234722,1776934027998063135,1331810440908,1776933930585.235,27.828,49.941,0.024209,0.011601,0.000000,-3.102527,0.065599,-0.002594,0.000000,0.000000,0.000000,-0.393049
1350,go2_001,97445000000,1776934028032132101,1776934028048046414,1331860423865,1776933930587.132,15.914,49.983,0.010855,0.011118,0.000000,3.126790,0.089557,-0.001588,0.000000,0.000000,0.000000,-0.846186
1351,go2_001,97505000000,1776934028093796031,1776934028098048828,1331910426449,1776933930588.796,4.253,50.002,0.004685,0.011614,0.000000,3.106870,0.091699,-0.002321,0.000000,0.000000,0.000000,-0.101517
1352,go2_001,97565000000,1776934028145553421,1776934028148028949,1331960406344,1776933930580.553,2.476,49.980,0.004547,0.011826,0.000000,3.113092,0.079203,-0.002028,0.000000,0.000000,0.000000,0.107941
1353,go2_001,97605000000,1776934028187124682,1776934028198153514,1332010531572,1776933930582.125,11.029,50.125,0.004465,0.011919,0.000000,3.122500,0.071699,-0.001851,0.000000,0.000000,0.000000,0.242907
1354,go2_001,97645000000,1776934028228238386,1776934028248090353,1332060468127,1776933930583.238,19.852,49.937,-0.001785,0.012483,0.000000,-3.139219,0.080215,-0.003002,0.000000,0.000000,0.000000,0.541685
1355,go2_001,97705000000,1776934028290051437,1776934028298107405,1332110485169,1776933930585.052,8.056,50.017,-0.018219,0.015489,0.000000,-3.088410,0.109653,-0.010302,0.000000,0.000000,0.000000,0.710752
1356,go2_001,97745000000,1776934028331707610,1776934028348132244,1332160509936,1776933930586.708,16.425,50.025,-0.027956,0.012112,0.000000,-3.082574,0.124233,-0.001458,0.000000,0.000000,0.000000,0.244034
1357,go2_001,97805000000,1776934028393373873,1776934028398062514,1332210440112,1776933930588.374,4.689,49.930,-0.027270,0.010709,0.000000,-3.091342,0.105841,0.001307,0.000000,0.000000,0.000000,-0.215818
1358,go2_001,97845000000,1776934028434404866,1776934028448070025,1332260447798,1776933930589.405,13.665,50.008,-0.027366,0.010585,0.000000,-3.109526,0.096096,0.001220,0.000000,0.000000,0.000000,-0.406537
1359,go2_001,97905000000,1776934028486247524,1776934028498083526,1332310461394,1776933930581.248,11.836,50.014,-0.027500,0.010544,0.000000,-3.140682,0.082917,0.001100,0.000000,0.000000,0.000000,-0.645591
1360,go2_001,97965000000,1776934028547863295,1776934028548126801,1332360504407,1776933930582.863,0.264,50.043,-0.041676,0.009836,0.000000,3.115837,0.106710,0.002683,0.000000,0.000000,0.000000,-0.369496
1361,go2_001,98005000000,1776934028589413797,1776934028598111370,1332410489034,1776933930584.414,8.698,49.985,-0.052982,0.012723,0.000000,3.111787,0.125304,-0.004770,0.000000,0.000000,0.000000,-0.103351
1362,go2_001,98045000000,1776934028630831597,1776934028648098928,1332460476589,1776933930585.832,17.267,49.988,-0.054245,0.013832,0.000000,3.115315,0.116808,-0.006725,0.000000,0.000000,0.000000,0.087618
1363,go2_001,98105000000,1776934028692760743,1776934028698069008,1332510446790,1776933930587.761,5.308,49.970,-0.054393,0.013977,0.000000,3.136584,0.101084,-0.005900,0.000000,0.000000,0.000000,0.366053
1364,go2_001,98145000000,1776934028733822010,1776934028748167645,1332560545827,1776933930588.822,14.346,50.099,-0.058936,0.012981,0.000000,-3.122680,0.103191,-0.002857,0.000000,0.000000,0.000000,0.448541
1365,go2_001,98205000000,1776934028785270643,1776934028798117626,1332610495514,1776933930580.271,12.847,49.950,-0.053801,0.014370,0.000000,-3.091521,0.075801,-0.006144,0.000000,0.000000,0.000000,0.561329
1366,go2_001,98265000000,1776934028847102054,1776934028848011968,1332660389572,1776933930582.102,0.910,49.894,-0.069701,0.010371,0.000000,-3.072310,0.104336,0.003745,0.000000,0.000000,0.000000,0.273779
1367,go2_001,98305000000,1776934028888315663,1776934028898073533,1332710451228,1776933930583.316,9.758,50.062,-0.069781,0.010156,0.000000,-3.077401,0.094595,0.003467,0.000000,0.000000,0.000000,-0.098488
1368,go2_001,98345000000,1776934028929538773,1776934028948045432,1332760422787,1776933930584.539,18.507,49.972,-0.069859,0.010008,0.000000,-3.095588,0.085631,0.003210,0.000000,0.000000,0.000000,-0.388859
1369,go2_001,98400000000,1776934028991364423,1776934028998088376,1332810465923,1776933930591.364,6.724,50.043,-0.074364,0.010669,0.000000,-3.125852,0.085413,0.000849,0.000000,0.000000,0.000000,-0.568953
1370,go2_001,98440000000,1776934029032637582,1776934029048072370,1332860449893,1776933930592.638,15.435,49.984,-0.069668,0.010099,0.000000,3.128120,0.065017,0.002555,0.000000,0.000000,0.000000,-0.706484
1371,go2_001,98500000000,1776934029094876927,1776934029098053489,1332910431327,1776933930594.877,3.177,49.981,-0.063317,0.012458,0.000000,3.105074,0.039193,-0.003022,0.000000,0.000000,0.000000,-0.158150
1372,go2_001,98540000000,1776934029135809517,1776934029148065447,1332960443107,1776933930595.810,12.256,50.012,-0.063399,0.012907,0.000000,3.114258,0.034789,-0.003714,0.000000,0.000000,0.000000,0.173005
1373,go2_001,98600000000,1776934029187448788,1776934029198107231,1333010484656,1776933930587.449,10.658,50.042,-0.063468,0.012967,0.000000,3.127463,0.028756,-0.003248,0.000000,0.000000,0.000000,0.208669
1374,go2_001,98640000000,1776934029228649616,1776934029248046105,1333060423635,1776933930588.650,19.396,49.939,-0.069083,0.013363,0.000000,3.140371,0.039660,-0.003977,0.000000,0.000000,0.000000,0.371244
1375,go2_001,98700000000,1776934029290650228,1776934029298108170,1333110485623,1776933930590.650,7.458,50.062,-0.077448,0.014767,0.000000,-3.097675,0.053880,-0.007309,0.000000,0.000000,0.000000,0.753906
1376,go2_001,98740000000,1776934029331820432,1776934029348098126,1333160475919,1776933930591.821,16.278,49.990,-0.086062,0.015308,0.000000,-3.073776,0.070032,-0.008422,0.000000,0.000000,0.000000,0.574983
1377,go2_001,98800000000,1776934029393475668,1776934029398077481,1333210454817,1776933930593.476,4.602,49.979,-0.085593,0.014560,0.000000,-3.073180,0.058459,-0.006083,0.000000,0.000000,0.000000,-0.072028
1378,go2_001,98840000000,1776934029434843293,1776934029448113934,1333260491455,1776933930594.844,13.271,50.036,-0.085669,0.014463,0.000000,-3.085150,0.052487,-0.005566,0.000000,0.000000,0.000000,-0.234339
1379,go2_001,98900000000,1776934029497106805,1776934029497995636,1333310373105,1776933930597.107,0.889,49.882,-0.095291,0.013877,0.000000,-3.121189,0.068653,-0.004177,0.000000,0.000000,0.000000,-0.716713
1380,go2_001,98940000000,1776934029527791610,1776934029548111888,1333360489699,1776933930587.792,20.320,50.116,-0.104297,0.012974,0.000000,3.135515,0.084657,-0.002000,0.000000,0.000000,0.000000,-0.797995
1381,go2_001,99000000000,1776934029589857120,1776934029598076513,1333410454380,1776933930589.857,8.219,49.965,-0.116547,0.013353,0.000000,3.117257,0.102970,-0.002857,0.000000,0.000000,0.000000,-0.191329
1382,go2_001,99040000000,1776934029631075902,1776934029649054862,1333461432214,1776933930591.076,17.979,50.978,-0.116648,0.013506,0.000000,3.120412,0.093397,-0.002595,0.000000,0.000000,0.000000,0.064794
1383,go2_001,99100000000,1776934029692705865,1776934029698002754,1333510380226,1776933930592.706,5.297,48.948,-0.116785,0.013648,0.000000,3.136588,0.080444,-0.002240,0.000000,0.000000,0.000000,0.261650
1384,go2_001,99140000000,1776934029734306490,1776934029748124058,1333560501611,1776933930594.307,13.818,50.121,-0.117882,0.013520,0.000000,-3.122136,0.075304,-0.001653,0.000000,0.000000,0.000000,0.576858
1385,go2_001,99200000000,1776934029796033132,1776934029798145739,1333610524602,1776933930596.033,2.113,50.022,-0.130685,0.014689,0.000000,-3.078558,0.096144,-0.005021,0.000000,0.000000,0.000000,0.598030
1386,go2_001,99240000000,1776934029840111569,1776934029848102840,1333660480932,1776933930600.112,7.991,49.957,-0.132314,0.013734,0.000000,-3.071353,0.090652,-0.002635,0.000000,0.000000,0.000000,0.150639
1387,go2_001,99285000000,1776934029893210912,1776934029898048675,1333710426626,1776933930608.211,4.838,49.946,-0.129132,0.013103,0.000000,-3.073021,0.072990,-0.001098,0.000000,0.000000,0.000000,-0.002112
1388,go2_001,99345000000,1776934029944971183,1776934029948039423,1333760417163,1776933930599.971,3.068,49.991,-0.129366,0.012950,0.000000,-3.086972,0.062718,-0.000922,0.000000,0.000000,0.000000,-0.245211
1389,go2_001,99385000000,1776934029986395201,1776934029998091239,1333810469319,1776933930601.395,11.696,50.052,-0.129499,0.012895,0.000000,-3.101079,0.056478,-0.000816,0.000000,0.000000,0.000000,-0.377071
1390,go2_001,99425000000,1776934030027813665,1776934030048025375,1333860402937,1776933930602.814,20.212,49.934,-0.138007,0.010746,0.000000,-3.129951,0.072464,0.004160,0.000000,0.000000,0.000000,-0.689149
1391,go2_001,99485000000,1776934030089571205,1776934030098051927,1333910430012,1776933930604.571,8.481,50.027,-0.154788,0.011189,0.000000,3.120997,0.103661,0.001556,0.000000,0.000000,0.000000,-0.312626
1392,go2_001,99525000000,1776934030131316078,1776934030148094731,1333960472402,1776933930606.316,16.779,50.043,-0.155071,0.012448,0.000000,3.121919,0.094325,-0.001310,0.000000,0.000000,0.000000,0.117621
1393,go2_001,99585000000,1776934030182730543,1776934030198052280,1334010429786,1776933930597.730,15.322,49.958,-0.155304,0.012615,0.000000,3.141023,0.081320,-0.001115,0.000000,0.000000,0.000000,0.335391
1394,go2_001,99645000000,1776934030244330641,1776934030248060428,1334060438070,1776933930599.331,3.730,50.008,-0.159748,0.011562,0.000000,-3.105142,0.080988,0.001698,0.000000,0.000000,0.000000,0.666861
1395,go2_001,99685000000,1776934030285738678,1776934030298070180,1334110447655,1776933930600.739,12.332,50.010,-0.156536,0.013004,0.000000,-3.078083,0.064479,-0.002159,0.000000,0.000000,0.000000,0.693159
1396,go2_001,99745000000,1776934030347996860,1776934030348240544,1334160618149,1776933930602.997,0.244,50.170,-0.166619,0.011865,0.000000,-3.057464,0.080773,0.000049,0.000000,0.000000,0.000000,0.299063
1397,go2_001,99785000000,1776934030389139750,1776934030398051261,1334210428676,1776933930604.140,8.912,49.811,-0.172215,0.009991,0.000000,-3.059219,0.086847,0.003918,0.000000,0.000000,0.000000,-0.012883
1398,go2_001,99825000000,1776934030430414998,1776934030448063284,1334260440863,1776933930605.415,17.648,50.012,-0.172321,0.009840,0.000000,-3.072428,0.078526,0.003629,0.000000,0.000000,0.000000,-0.273094
1399,go2_001,99885000000,1776934030491913104,1776934030498065688,1334310443602,1776933930606.913,6.153,50.002,-0.172468,0.009736,0.000000,-3.101096,0.067268,0.003234,0.000000,0.000000,0.000000,-0.472323
1400,go2_001,99945000000,1776934030543559631,1776934030548052803,1334360430924,1776933930598.560,4.493,49.987,-0.169567,0.010698,0.000000,-3.131080,0.048931,0.000859,0.000000,0.000000,0.000000,-0.666860
1401,go2_001,99985000000,1776934030584454371,1776934030598158849,1334410537058,1776933930599.454,13.704,50.106,-0.171775,0.010999,0.000000,3.129744,0.049503,-0.000043,0.000000,0.000000,0.000000,-0.541194
1402,go2_001,100045000000,1776934030646050501,1776934030648091450,1334460469316,1776933930601.051,2.041,49.933,-0.177404,0.012564,0.000000,3.116421,0.054837,-0.003811,0.000000,0.000000,0.000000,-0.101758
1403,go2_001,100085000000,1776934030687204676,1776934030698082879,1334510460983,1776933930602.205,10.878,49.991,-0.177467,0.012663,0.000000,3.128515,0.049096,-0.003484,0.000000,0.000000,0.000000,0.260235
1404,go2_001,100125000000,1776934030728405340,1776934030748128988,1334560508091,1776933930603.405,19.724,50.046,-0.177526,0.012719,0.000000,-3.137425,0.043824,-0.003181,0.000000,0.000000,0.000000,0.302553
1405,go2_001,100185000000,1776934030790066959,1776934030798185853,1334610564972,1776933930605.067,8.119,50.057,-0.181639,0.012875,0.000000,-3.096001,0.047088,-0.003379,0.000000,0.000000,0.000000,0.694429
1406,go2_001,100225000000,1776934030831470286,1776934030848038644,1334660416002,1776933930606.470,16.568,49.853,-0.190060,0.013520,0.000000,-3.071075,0.063345,-0.005366,0.000000,0.000000,0.000000,0.595806
1407,go2_001,100285000000,1776934030883022260,1776934030898067760,1334710445626,1776933930598.022,15.046,50.029,-0.195830,0.012078,0.000000,-3.062743,0.067592,-0.001922,0.000000,0.000000,0.000000,0.087137
1408,go2_001,100345000000,1776934030944622172,1776934030948062891,1334760440495,1776933930599.622,3.441,49.995,-0.195937,0.011935,0.000000,-3.084200,0.057693,-0.001657,0.000000,0.000000,0.000000,-0.375479
1409,go2_001,100385000000,1776934030986359118,1776934030998113398,1334810491172,1776933930601.359,11.754,50.051,-0.196001,0.011902,0.000000,-3.103596,0.051758,-0.001497,0.000000,0.000000,0.000000,-0.463211
1410,go2_001,100445000000,1776934031048081946,1776934031048241918,1334860619375,1776933930603.082,0.160,50.129,-0.203316,0.010777,0.000000,3.139057,0.062097,0.001040,0.000000,0.000000,0.000000,-0.708288
1411,go2_001,100485000000,1776934031089309352,1776934031098080387,1334910457920,1776933930604.309,8.771,49.838,-0.207637,0.010275,0.000000,3.114131,0.066455,0.002138,0.000000,0.000000,0.000000,-0.592392
1412,go2_001,100525000000,1776934031130752174,1776934031148296883,1334960674552,1776933930605.752,17.545,50.216,-0.206236,0.011665,0.000000,3.111372,0.056095,-0.001118,0.000000,0.000000,0.000000,-0.031379
1413,go2_001,100585000000,1776934031192811174,1776934031198026309,1335010404385,1776933930607.811,5.215,49.729,-0.206322,0.011808,0.000000,3.129605,0.047589,-0.000951,0.000000,0.000000,0.000000,0.295094
1414,go2_001,100645000000,1776934031243959723,1776934031248094413,1335060472744,1776933930598.960,4.135,50.068,-0.209181,0.011521,0.000000,-3.138176,0.047351,0.000009,0.000000,0.000000,0.000000,0.321794
1415,go2_001,100685000000,1776934031285241176,1776934031298046956,1335110424865,1776933930600.241,12.806,49.953,-0.215985,0.011966,0.000000,-3.110694,0.059540,-0.001416,0.000000,0.000000,0.000000,0.668280
1416,go2_001,100745000000,1776934031347074330,1776934031347989045,1335160366830,1776933930602.074,0.915,49.942,-0.229499,0.013498,0.000000,-3.072523,0.083920,-0.005614,0.000000,0.000000,0.000000,0.548859
1417,go2_001,100785000000,1776934031388383787,1776934031398200341,1335210578536,1776933930603.384,9.817,50.211,-0.228578,0.012238,0.000000,-3.069745,0.073471,-0.002310,0.000000,0.000000,0.000000,0.090647
1418,go2_001,100825000000,1776934031429521954,1776934031448066789,1335260445491,1776933930604.522,18.545,49.866,-0.228649,0.012118,0.000000,-3.077334,0.066299,-0.002098,0.000000,0.000000,0.000000,-0.160927
1419,go2_001,100885000000,1776934031491528210,1776934031498086674,1335310464255,1776933930606.528,6.558,50.020,-0.240649,0.010180,0.000000,-3.100576,0.086932,0.001816,0.000000,0.000000,0.000000,-0.481892
1420,go2_001,100945000000,1776934031543376518,1776934031548035036,1335360413124,1776933930598.376,4.659,49.948,-0.255177,0.009456,0.000000,3.138105,0.110754,0.002485,0.000000,0.000000,0.000000,-0.838514
1421,go2_001,100985000000,1776934031584181778,1776934031598042930,1335410420592,1776933930599.182,13.861,50.008,-0.262978,0.010165,0.000000,3.119709,0.120024,0.000329,0.000000,0.000000,0.000000,-0.443255
1422,go2_001,101045000000,1776934031646212657,1776934031647999405,1335460376886,1776933930601.213,1.787,49.956,-0.261186,0.010614,0.000000,3.118092,0.099242,0.000075,0.000000,0.000000,0.000000,-0.040672
1423,go2_001,101085000000,1776934031687613062,1776934031698179281,1335510557997,1776933930602.613,10.566,50.180,-0.261278,0.010761,0.000000,3.125446,0.089931,0.000091,0.000000,0.000000,0.000000,0.166491
1424,go2_001,101125000000,1776934031728689444,1776934031748032646,1335560410339,1776933930603.689,19.343,49.853,-0.261364,0.010852,0.000000,3.140571,0.081363,0.000105,0.000000,0.000000,0.000000,0.358088
1425,go2_001,101185000000,1776934031790949009,1776934031798135374,1335610513552,1776933930605.949,7.186,50.103,-0.276374,0.014511,0.000000,-3.092848,0.107024,-0.009663,0.000000,0.000000,0.000000,0.742109
1426,go2_001,101225000000,1776934031832128218,1776934031848099120,1335660476989,1776933930607.128,15.971,49.964,-0.286930,0.012749,0.000000,-3.076627,0.123653,-0.005125,0.000000,0.000000,0.000000,0.374643
1427,go2_001,101285000000,1776934031883493438,1776934031898167390,1335710545709,1776933930598.493,14.674,50.068,-0.298804,0.010469,0.000000,-3.078248,0.135959,-0.000474,0.000000,0.000000,0.000000,-0.096383
1428,go2_001,101345000000,1776934031945211763,1776934031948063627,1335760441789,1776933930600.212,2.852,49.896,-0.298973,0.010220,0.000000,-3.093526,0.117808,-0.000382,0.000000,0.000000,0.000000,-0.277388
1429,go2_001,101385000000,1776934031986321022,1776934031998060860,1335810438602,1776933930601.321,11.740,49.997,-0.299079,0.010160,0.000000,-3.113819,0.106897,-0.000326,0.000000,0.000000,0.000000,-0.507859
1430,go2_001,101420000000,1776934032041429770,1776934032049836330,1335862214830,1776933930621.430,8.407,51.775,-0.297132,0.008315,0.000000,-3.140992,0.092874,0.004687,0.000000,0.000000,0.000000,-0.747388
1431,go2_001,101470000000,1776934032082221844,1776934032098046043,1335910423768,1776933930612.222,15.824,48.210,-0.311462,0.007701,0.000000,3.115091,0.117596,0.005118,0.000000,0.000000,0.000000,-0.456773
1432,go2_001,101515000000,1776934032123367764,1776934032148091636,1335960469370,1776933930608.368,24.724,50.046,-0.317336,0.010445,0.000000,3.111769,0.119296,-0.001990,0.000000,0.000000,0.000000,-0.077887
1433,go2_001,101575000000,1776934032195555075,1776934032198106437,1336010484325,1776933930620.555,2.551,50.015,-0.321031,0.010469,0.000000,3.133346,0.111401,-0.001291,0.000000,0.000000,0.000000,0.342969
1434,go2_001,101620000000,1776934032236621331,1776934032248057579,1336060435051,1776933930616.621,11.436,49.951,-0.321706,0.010533,0.000000,-3.126535,0.101030,-0.001169,0.000000,0.000000,0.000000,0.452252
1435,go2_001,101660000000,1776934032277856983,1776934032298087449,1336110465350,1776933930617.857,20.230,50.030,-0.326315,0.009707,0.000000,-3.099914,0.103142,0.000842,0.000000,0.000000,0.000000,0.562069
1436,go2_001,101720000000,1776934032330179221,1776934032348052021,1336160429527,1776933930610.179,17.873,49.965,-0.319759,0.009015,0.000000,-3.078015,0.071956,0.002374,0.000000,0.000000,0.000000,0.398693
1437,go2_001,101780000000,1776934032391677406,1776934032398034313,1336210411956,1776933930611.677,6.357,49.982,-0.325976,0.006582,0.000000,-3.070229,0.076321,0.007310,0.000000,0.000000,0.000000,0.066461
1438,go2_001,101820000000,1776934032432999613,1776934032448076866,1336260454455,1776933930613.000,15.077,50.043,-0.326040,0.006457,0.000000,-3.082110,0.068653,0.006733,0.000000,0.000000,0.000000,-0.251644
1439,go2_001,101880000000,1776934032494686904,1776934032497992738,1336310370064,1776933930614.687,3.306,49.916,-0.326138,0.006374,0.000000,-3.105392,0.058306,0.005949,0.000000,0.000000,0.000000,-0.285500
1440,go2_001,101920000000,1776934032535927719,1776934032548036860,1336360414308,1776933930615.928,12.109,50.044,-0.334338,0.007394,0.000000,-3.127300,0.072607,0.002244,0.000000,0.000000,0.000000,-0.571222
1441,go2_001,101980000000,1776934032597878195,1776934032598101776,1336410479554,1776933930617.878,0.224,50.065,-0.332497,0.007237,0.000000,3.107251,0.056325,0.002817,0.000000,0.000000,0.000000,-0.638744
1442,go2_001,102020000000,1776934032639259177,1776934032648038378,1336460415685,1776933930619.259,8.779,49.937,-0.330321,0.009164,0.000000,3.102607,0.044595,-0.001884,0.000000,0.000000,0.000000,-0.109171
1443,go2_001,102080000000,1776934032691224217,1776934032698201676,1336510580437,1776933930611.224,6.977,50.163,-0.330391,0.009287,0.000000,3.120376,0.037158,-0.001654,0.000000,0.000000,0.000000,0.344241
1444,go2_001,102120000000,1776934032732099736,1776934032748047361,1336560424876,1776933930612.100,15.948,49.846,-0.330434,0.009325,0.000000,3.136969,0.032715,-0.001516,0.000000,0.000000,0.000000,0.361091
1445,go2_001,102180000000,1776934032793788290,1776934032798044594,1336610422367,1776933930613.788,4.256,49.997,-0.339437,0.008867,0.000000,-3.108513,0.049149,-0.000404,0.000000,0.000000,0.000000,0.691864
1446,go2_001,102220000000,1776934032835066256,1776934032848040789,1336660418273,1776933930615.066,12.975,49.996,-0.347692,0.009489,0.000000,-3.081827,0.064631,-0.002362,0.000000,0.000000,0.000000,0.630436
1447,go2_001,102280000000,1776934032896783296,1776934032897964454,1336710341870,1776933930616.783,1.181,49.924,-0.343361,0.009281,0.000000,-3.070862,0.044144,-0.001764,0.000000,0.000000,0.000000,0.050560
1448,go2_001,102320000000,1776934032938339205,1776934032948148043,1336760525731,1776933930618.339,9.809,50.184,-0.343410,0.009203,0.000000,-3.075807,0.039194,-0.001614,0.000000,0.000000,0.000000,-0.093611
1449,go2_001,102380000000,1776934032990189974,1776934032998090088,1336810467954,1776933930610.190,7.900,49.942,-0.348185,0.008174,0.000000,-3.093987,0.044827,0.000718,0.000000,0.000000,0.000000,-0.419659
1450,go2_001,102420000000,1776934033031046028,1776934033048077218,1336860454660,1776933930611.046,17.031,49.987,-0.353341,0.010612,0.000000,-3.116109,0.052726,-0.005894,0.000000,0.000000,0.000000,-0.574088
1451,go2_001,102480000000,1776934033092716147,1776934033098139549,1336910517423,1776933930612.716,5.423,50.062,-0.366151,0.007572,0.000000,3.130461,0.076336,0.001560,0.000000,0.000000,0.000000,-0.501495
1452,go2_001,102520000000,1776934033133881156,1776934033148100727,1336960478231,1776933930613.881,14.220,49.961,-0.369565,0.008495,0.000000,3.123065,0.077028,-0.000832,0.000000,0.000000,0.000000,-0.135005
1453,go2_001,102580000000,1776934033195964650,1776934033198016610,1337010394764,1776933930615.965,2.052,49.916,-0.369674,0.008658,0.000000,3.127577,0.065919,-0.000720,0.000000,0.000000,0.000000,0.112951
1454,go2_001,102620000000,1776934033237352057,1776934033248042670,1337060420012,1776933930617.352,10.691,50.026,-0.373816,0.009553,0.000000,-3.136378,0.069807,-0.002983,0.000000,0.000000,0.000000,0.453245
1455,go2_001,102660000000,1776934033278471205,1776934033298139580,1337110517482,1776933930618.471,19.668,50.097,-0.376426,0.008349,0.000000,-3.108412,0.069478,0.000311,0.000000,0.000000,0.000000,0.676947
1456,go2_001,102720000000,1776934033330148354,1776934033348425171,1337160802603,1776933930610.148,18.277,50.286,-0.392149,0.011804,0.000000,-3.079591,0.098146,-0.009276,0.000000,0.000000,0.000000,0.521548
1457,go2_001,102780000000,1776934033392061062,1776934033398141707,1337210519303,1776933930612.061,6.081,49.717,-0.398620,0.008462,0.000000,-3.081151,0.099382,-0.000730,0.000000,0.000000,0.000000,-0.157952
1458,go2_001,102820000000,1776934033433145244,1776934033448069616,1337260447140,1776933930613.145,14.924,49.928,-0.398709,0.008348,0.000000,-3.094487,0.089999,-0.000656,0.000000,0.000000,0.000000,-0.315253
1459,go2_001,102880000000,1776934033495246842,1776934033498071718,1337310449144,1776933930615.247,2.825,50.002,-0.398833,0.008289,0.000000,-3.115153,0.077312,-0.000556,0.000000,0.000000,0.000000,-0.352282
1460,go2_001,102920000000,1776934033536166315,1776934033548164427,1337360541974,1776933930616.167,11.998,50.093,-0.399326,0.007691,0.000000,-3.138813,0.070542,0.001116,0.000000,0.000000,0.000000,-0.628492
1461,go2_001,102980000000,1776934033598165240,1776934033598338667,1337410716078,1776933930618.165,0.173,50.174,-0.411461,0.007189,0.000000,3.103837,0.090238,0.001739,0.000000,0.000000,0.000000,-0.457091
1462,go2_001,103020000000,1776934033639603533,1776934033648123799,1337460501401,1776933930619.604,8.520,49.785,-0.417288,0.010015,0.000000,3.100241,0.095777,-0.005282,0.000000,0.000000,0.000000,-0.024014
1463,go2_001,103080000000,1776934033691086854,1776934033698067387,1337510444773,1776933930611.087,6.981,49.944,-0.417404,0.010278,0.000000,3.117867,0.082380,-0.004637,0.000000,0.000000,0.000000,0.332727
1464,go2_001,103120000000,1776934033732247535,1776934033748087146,1337560465020,1776933930612.248,15.840,50.020,-0.417479,0.010361,0.000000,3.135386,0.074337,-0.004247,0.000000,0.000000,0.000000,0.371875
1465,go2_001,103180000000,1776934033794228793,1776934033798089694,1337610467435,1776933930614.229,3.861,50.003,-0.418856,0.009898,0.000000,-3.113563,0.066365,-0.002612,0.000000,0.000000,0.000000,0.630120
1466,go2_001,103220000000,1776934033835388521,1776934033848070993,1337660448498,1776933930615.388,12.682,49.981,-0.422015,0.010242,0.000000,-3.088120,0.067836,-0.003503,0.000000,0.000000,0.000000,0.534972
1467,go2_001,103280000000,1776934033897457848,1776934033897976605,1337710354513,1776933930617.458,0.519,49.906,-0.427011,0.007787,0.000000,-3.086851,0.069470,0.002321,0.000000,0.000000,0.000000,-0.159090
1468,go2_001,103320000000,1776934033938931645,1776934033948074175,1337760451636,1776933930618.932,9.143,50.098,-0.424590,0.007845,0.000000,-3.103124,0.056018,0.001884,0.000000,0.000000,0.000000,-0.383415
1469,go2_001,103380000000,1776934033990673003,1776934033998168479,1337810546291,1776933930610.673,7.495,50.094,-0.424674,0.007801,0.000000,-3.122989,0.047344,0.001685,0.000000,0.000000,0.000000,-0.382442
1470,go2_001,103420000000,1776934034035376425,1776934034050717767,1337863095930,1776933930615.376,15.341,52.549,-0.429147,0.007844,0.000000,3.135650,0.053141,0.001273,0.000000,0.000000,0.000000,-0.599844
1471,go2_001,103470000000,1776934034085426146,1776934034098112702,1337910490484,1776933930615.426,12.687,47.395,-0.441168,0.006638,0.000000,3.097399,0.076445,0.004027,0.000000,0.000000,0.000000,-0.622274
1472,go2_001,103530000000,1776934034147367118,1776934034148021809,1337960399471,1776933930617.367,0.655,49.909,-0.445485,0.007592,0.000000,3.089740,0.075445,0.001691,0.000000,0.000000,0.000000,-0.028240
1473,go2_001,103550000000,1776934034178038169,1776934034198086167,1338010464582,1776933930628.038,20.048,50.064,-0.445553,0.007667,0.000000,3.097543,0.071705,0.001628,0.000000,0.000000,0.000000,0.199888
1474,go2_001,103610000000,1776934034239563810,1776934034248058513,1338060435954,1776933930629.564,8.495,49.972,-0.445733,0.007793,0.000000,3.125039,0.061341,0.001453,0.000000,0.000000,0.000000,0.394069
1475,go2_001,103650000000,1776934034280633782,1776934034298098931,1338110476446,1776933930630.634,17.465,50.040,-0.449967,0.007209,0.000000,-3.132820,0.065758,0.002928,0.000000,0.000000,0.000000,0.627627
1476,go2_001,103730000000,1776934034342549171,1776934034348079883,1338160457291,1776933930612.549,5.531,49.981,-0.467244,0.007577,0.000000,-3.087810,0.095000,0.001277,0.000000,0.000000,0.000000,0.651864
1477,go2_001,103770000000,1776934034383685492,1776934034398092740,1338210470241,1776933930613.686,14.407,50.013,-0.466092,0.007127,0.000000,-3.078656,0.082835,0.001854,0.000000,0.000000,0.000000,0.225445
1478,go2_001,103830000000,1776934034445760605,1776934034447978960,1338260356387,1776933930615.761,2.218,49.886,-0.466252,0.006900,0.000000,-3.090633,0.071070,0.001644,0.000000,0.000000,0.000000,-0.180715
1479,go2_001,103870000000,1776934034497232904,1776934034497976019,1338310353523,1776933930627.233,0.743,49.997,-0.470699,0.005884,0.000000,-3.104666,0.075411,0.003750,0.000000,0.000000,0.000000,-0.347329
1480,go2_001,103910000000,1776934034538927311,1776934034548056247,1338360433810,1776933930628.927,9.129,50.080,-0.476361,0.008023,0.000000,-3.135998,0.082154,-0.002229,0.000000,0.000000,0.000000,-0.689377
1481,go2_001,103950000000,1776934034579554050,1776934034598078040,1338410456085,1776933930629.554,18.524,50.022,-0.485105,0.006551,0.000000,3.118306,0.096325,0.001553,0.000000,0.000000,0.000000,-0.657776
1482,go2_001,104030000000,1776934034641830391,1776934034648050817,1338460428537,1776933930611.830,6.220,49.973,-0.484836,0.006666,0.000000,3.103559,0.077103,0.001771,0.000000,0.000000,0.000000,-0.135042
1483,go2_001,104070000000,1776934034683104072,1776934034698068135,1338510446310,1776933930613.104,14.964,50.017,-0.487613,0.007160,0.000000,3.104787,0.076505,0.000639,0.000000,0.000000,0.000000,0.048630
1484,go2_001,104130000000,1776934034744846091,1776934034748092992,1338560470706,1776933930614.846,3.247,50.025,-0.487749,0.007280,0.000000,3.128168,0.065417,0.000567,0.000000,0.000000,0.000000,0.419143
1485,go2_001,104170000000,1776934034785843383,1776934034798138770,1338610516356,1776933930615.843,12.295,50.046,-0.497742,0.008608,0.000000,-3.124963,0.084192,-0.002874,0.000000,0.000000,0.000000,0.694090
1486,go2_001,104210000000,1776934034827821280,1776934034848048779,1338660426183,1776933930617.821,20.227,49.910,-0.510023,0.010547,0.000000,-3.102081,0.107091,-0.007666,0.000000,0.000000,0.000000,0.517492
1487,go2_001,104250000000,1776934034878847948,1776934034898092304,1338710469928,1776933930628.848,19.244,50.044,-0.517602,0.008139,0.000000,-3.101319,0.116167,-0.001294,0.000000,0.000000,0.000000,-0.016609
1488,go2_001,104310000000,1776934034940601116,1776934034948035058,1338760412469,1776933930630.601,7.434,49.943,-0.517969,0.007687,0.000000,-3.110277,0.100787,-0.000558,0.000000,0.000000,0.000000,-0.158832
1489,go2_001,104370000000,1776934034981894222,1776934034998044793,1338810422326,1776933930611.894,16.151,50.010,-0.518127,0.007583,0.000000,-3.125614,0.086755,-0.000483,0.000000,0.000000,0.000000,-0.355915
1490,go2_001,104430000000,1776934035044016906,1776934035048083961,1338860461892,1776933930614.017,4.067,50.039,-0.521432,0.007558,0.000000,3.119823,0.082261,-0.000294,0.000000,0.000000,0.000000,-0.693891
1491,go2_001,104470000000,1776934035085161727,1776934035098244044,1338910621948,1776933930615.162,13.082,50.160,-0.531942,0.009108,0.000000,3.093710,0.100772,-0.004100,0.000000,0.000000,0.000000,-0.459499
1492,go2_001,104530000000,1776934035147029278,1776934035147980909,1338960358304,1776933930617.029,0.952,49.737,-0.539211,0.012252,0.000000,3.084395,0.104146,-0.010498,0.000000,0.000000,0.000000,-0.015461
1493,go2_001,104550000000,1776934035177918123,1776934035198077184,1339010454766,1776933930627.918,20.159,50.096,-0.539253,0.012355,0.000000,3.090963,0.099116,-0.010060,0.000000,0.000000,0.000000,0.154123
1494,go2_001,104610000000,1776934035239922437,1776934035248063479,1339060440875,1776933930629.923,8.141,49.986,-0.558027,0.013829,0.000000,3.126250,0.133182,-0.011821,0.000000,0.000000,0.000000,0.536336
1495,go2_001,104670000000,1776934035281115623,1776934035298040679,1339110418482,1776933930611.115,16.925,49.977,-0.559228,0.015129,0.000000,-3.113478,0.117588,-0.013881,0.000000,0.000000,0.000000,0.765716
1496,go2_001,104730000000,1776934035343621024,1776934035348051826,1339160429908,1776933930613.621,4.431,50.011,-0.562575,0.015003,0.000000,-3.095287,0.110098,-0.012205,0.000000,0.000000,0.000000,0.455423
1497,go2_001,104770000000,1776934035384803330,1776934035398104799,1339210482582,1776933930614.803,13.301,50.053,-0.575450,0.012168,0.000000,-3.087539,0.132150,-0.004461,0.000000,0.000000,0.000000,0.084987
1498,go2_001,104830000000,1776934035446685527,1776934035448003738,1339260381180,1776933930616.686,1.318,49.899,-0.575640,0.011836,0.000000,-3.104433,0.114235,-0.003884,0.000000,0.000000,0.000000,-0.312679
1499,go2_001,104850000000,1776934035467451537,1776934035498299104,1339310676658,1776933930617.451,30.848,50.295,-0.575698,0.011772,0.000000,-3.114273,0.108741,-0.003706,0.000000,0.000000,0.000000,-0.417377
1500,go2_001,104910000000,1776934035540454691,1776934035548059336,1339360436831,1776933930630.455,7.605,49.760,-0.578983,0.012972,0.000000,3.138811,0.101156,-0.006388,0.000000,0.000000,0.000000,-0.458016
1501,go2_001,104950000000,1776934035580503951,1776934035598126053,1339410503901,1776933930630.504,17.622,50.067,-0.573076,0.011514,0.000000,3.115514,0.076206,-0.001852,0.000000,0.000000,0.000000,-0.588109
1502,go2_001,105030000000,1776934035642495351,1776934035648048991,1339460426954,1776933930612.495,5.554,49.923,-0.570847,0.015825,0.000000,3.094213,0.056482,-0.011719,0.000000,0.000000,0.000000,-0.294446
1503,go2_001,105070000000,1776934035683725626,1776934035698080855,1339510458353,1776933930613.726,14.355,50.032,-0.570888,0.015922,0.000000,3.097674,0.050376,-0.010734,0.000000,0.000000,0.000000,0.033194
1504,go2_001,105130000000,1776934035745707567,1776934035748044869,1339560422352,1776933930615.708,2.337,49.964,-0.577922,0.016507,0.000000,3.119560,0.060263,-0.010503,0.000000,0.000000,0.000000,0.295412
1505,go2_001,105170000000,1776934035786842711,1776934035798087811,1339610465539,1776933930616.843,11.245,50.043,-0.580645,0.015666,0.000000,3.140735,0.060774,-0.007416,0.000000,0.000000,0.000000,0.511404
1506,go2_001,105210000000,1776934035838300413,1776934035848067065,1339660444956,1776933930628.300,9.767,49.979,-0.587437,0.017307,0.000000,-3.111164,0.071510,-0.010861,0.000000,0.000000,0.000000,0.646494
1507,go2_001,105250000000,1776934035879210244,1776934035898054822,1339710432284,1776933930629.210,18.845,49.988,-0.587628,0.017511,0.000000,-3.092208,0.064000,-0.010725,0.000000,0.000000,0.000000,0.405057
1508,go2_001,105290000000,1776934035922694072,1776934035950435780,1339762813859,1776933930632.694,27.742,52.381,-0.587513,0.016762,0.000000,-3.095251,0.056837,-0.008221,0.000000,0.000000,0.000000,-0.057552
1509,go2_001,105360000000,1776934035995870175,1776934035997971712,1339810349190,1776933930635.870,2.102,47.536,-0.587184,0.016576,0.000000,-3.114247,0.045421,-0.006834,0.000000,0.000000,0.000000,-0.324814
1510,go2_001,105400000000,1776934036036829936,1776934036048032024,1339860409645,1776933930636.830,11.202,50.060,-0.596392,0.017485,0.000000,-3.134682,0.063430,-0.008895,0.000000,0.000000,0.000000,-0.465096
1511,go2_001,105440000000,1776934036078344839,1776934036098018920,1339910396558,1776933930638.345,19.674,49.987,-0.604293,0.016758,0.000000,3.119712,0.076885,-0.006235,0.000000,0.000000,0.000000,-0.664614
1512,go2_001,105500000000,1776934036140385216,1776934036148018322,1339960396227,1776933930640.385,7.633,49.999,-0.610716,0.015752,0.000000,3.093154,0.080694,-0.002615,0.000000,0.000000,0.000000,-0.230323
1513,go2_001,105560000000,1776934036191831664,1776934036198058692,1340010436184,1776933930631.832,6.227,50.040,-0.610894,0.015956,0.000000,3.094779,0.069090,-0.002217,0.000000,0.000000,0.000000,0.035241
1514,go2_001,105600000000,1776934036233312515,1776934036248090871,1340060468204,1776933930633.312,14.778,50.032,-0.610998,0.016052,0.000000,3.104690,0.062108,-0.001978,0.000000,0.000000,0.000000,0.226284
1515,go2_001,105660000000,1776934036295511205,1776934036298035944,1340110414069,1776933930635.511,2.525,49.945,-0.618108,0.016374,0.000000,3.139199,0.070481,-0.002035,0.000000,0.000000,0.000000,0.672086
1516,go2_001,105700000000,1776934036336417249,1776934036348023670,1340160401257,1776933930636.417,11.606,49.988,-0.626891,0.017752,0.000000,-3.110503,0.085627,-0.005208,0.000000,0.000000,0.000000,0.759761
1517,go2_001,105740000000,1776934036378047364,1776934036398099445,1340210476907,1776933930638.048,20.052,50.076,-0.635321,0.017390,0.000000,-3.097458,0.098533,-0.003959,0.000000,0.000000,0.000000,0.320329
1518,go2_001,105800000000,1776934036439787310,1776934036448062940,1340260440441,1776933930639.787,8.276,49.963,-0.632666,0.016491,0.000000,-3.085771,0.077936,-0.002069,0.000000,0.000000,0.000000,-0.193838
1519,go2_001,105860000000,1776934036491672703,1776934036498038793,1340310416500,1776933930631.673,6.366,49.976,-0.632817,0.016335,0.000000,-3.112632,0.066584,-0.001734,0.000000,0.000000,0.000000,-0.279912
1520,go2_001,105895000000,1776934036532999117,1776934036548045278,1340360422727,1776933930637.999,15.046,50.006,-0.633892,0.016455,0.000000,-3.133499,0.063205,-0.001969,0.000000,0.000000,0.000000,-0.533783
1521,go2_001,105955000000,1776934036594800622,1776934036598016317,1340410393746,1776933930639.801,3.216,49.971,-0.648831,0.014403,0.000000,3.105107,0.091173,0.003413,0.000000,0.000000,0.000000,-0.536119
1522,go2_001,105995000000,1776934036636112013,1776934036648081996,1340460459434,1776933930641.112,11.970,50.066,-0.658474,0.016045,0.000000,3.096599,0.106714,-0.000678,0.000000,0.000000,0.000000,-0.136583
1523,go2_001,106055000000,1776934036697744366,1776934036697956215,1340510333532,1776933930642.744,0.212,49.874,-0.658916,0.016832,0.000000,3.104586,0.092565,-0.001816,0.000000,0.000000,0.000000,0.154995
1524,go2_001,106095000000,1776934036739085415,1776934036748072205,1340560449658,1776933930644.085,8.987,50.116,-0.663647,0.016644,0.000000,3.114761,0.095195,-0.000806,0.000000,0.000000,0.000000,0.225195
1525,go2_001,106135000000,1776934036780430913,1776934036798071559,1340610449273,1776933930645.431,17.641,49.999,-0.663783,0.016696,0.000000,3.132860,0.086098,-0.000687,0.000000,0.000000,0.000000,0.470382
1526,go2_001,106195000000,1776934036832147597,1776934036848060222,1340660437679,1776933930637.148,15.913,49.989,-0.679200,0.018017,0.000000,-3.106363,0.111990,-0.003868,0.000000,0.000000,0.000000,0.689536
1527,go2_001,106255000000,1776934036893789827,1776934036898023753,1340710401268,1776933930638.790,4.234,49.964,-0.689587,0.013854,0.000000,-3.088606,0.121393,0.006398,0.000000,0.000000,0.000000,0.152715
1528,go2_001,106295000000,1776934036935046508,1776934036948067959,1340760445416,1776933930640.047,13.021,50.044,-0.690263,0.013126,0.000000,-3.097472,0.111481,0.007189,0.000000,0.000000,0.000000,-0.174392
1529,go2_001,106355000000,1776934036996741559,1776934036997988301,1340810365955,1776933930641.741,1.247,49.920,-0.690452,0.012944,0.000000,-3.124739,0.096061,0.006408,0.000000,0.000000,0.000000,-0.429895
1530,go2_001,106395000000,1776934037038115541,1776934037048114484,1340860492122,1776933930643.115,9.999,50.126,-0.695356,0.013924,0.000000,3.132136,0.099261,0.003242,0.000000,0.000000,0.000000,-0.622085
1531,go2_001,106435000000,1776934037079141969,1776934037098132315,1340910510292,1776933930644.142,18.990,50.018,-0.691599,0.012600,0.000000,3.106238,0.079815,0.006650,0.000000,0.000000,0.000000,-0.696856
1532,go2_001,106495000000,1776934037141159442,1776934037148088286,1340960465704,1776933930646.159,6.929,49.956,-0.707920,0.015483,0.000000,3.089573,0.108561,-0.001043,0.000000,0.000000,0.000000,-0.098233
1533,go2_001,106555000000,1776934037192528475,1776934037198045622,1341010423055,1776933930637.529,5.517,49.957,-0.709099,0.016663,0.000000,3.107663,0.095853,-0.003052,0.000000,0.000000,0.000000,0.372382
1534,go2_001,106595000000,1776934037233515801,1776934037248052106,1341060429583,1776933930638.516,14.536,50.006,-0.709204,0.016737,0.000000,3.128705,0.086568,-0.002772,0.000000,0.000000,0.000000,0.471932
1535,go2_001,106655000000,1776934037295516680,1776934037298034464,1341110411954,1776933930640.517,2.518,49.982,-0.713189,0.016081,0.000000,-3.126513,0.084008,-0.000649,0.000000,0.000000,0.000000,0.470801
1536,go2_001,106695000000,1776934037336762686,1776934037348205395,1341160583376,1776933930641.762,11.443,50.171,-0.707737,0.015672,0.000000,-3.106105,0.061543,0.000164,0.000000,0.000000,0.000000,0.603104
1537,go2_001,106735000000,1776934037378185070,1776934037398065117,1341210443304,1776933930643.185,19.880,49.860,-0.707555,0.014717,0.000000,-3.089842,0.054858,0.002421,0.000000,0.000000,0.000000,0.421398
1538,go2_001,106795000000,1776934037440479388,1776934037448070804,1341260448219,1776933930645.479,7.591,50.006,-0.707511,0.013482,0.000000,-3.092653,0.045803,0.004758,0.000000,0.000000,0.000000,-0.183373
1539,go2_001,106855000000,1776934037481620453,1776934037498147818,1341310525163,1776933930626.620,16.527,50.077,-0.707583,0.013398,0.000000,-3.118160,0.038139,0.004236,0.000000,0.000000,0.000000,-0.357921
1540,go2_001,106895000000,1776934037532968493,1776934037548038396,1341360415985,1776933930637.969,15.070,49.891,-0.709233,0.013498,0.000000,-3.133596,0.037729,0.003546,0.000000,0.000000,0.000000,-0.520267
1541,go2_001,106955000000,1776934037594471232,1776934037598022745,1341410400539,1776933930639.471,3.552,49.984,-0.722000,0.012487,0.000000,3.102589,0.062810,0.005539,0.000000,0.000000,0.000000,-0.617452
1542,go2_001,106995000000,1776934037635650957,1776934037648037911,1341460415373,1776933930640.651,12.387,50.015,-0.717372,0.013718,0.000000,3.093979,0.044280,0.002278,0.000000,0.000000,0.000000,-0.236437
1543,go2_001,107055000000,1776934037697788955,1776934037698117092,1341510494760,1776933930642.789,0.328,50.079,-0.716914,0.013942,0.000000,3.103834,0.035607,0.001747,0.000000,0.000000,0.000000,0.153722
1544,go2_001,107095000000,1776934037738833738,1776934037748030582,1341560407953,1776933930643.834,9.197,49.913,-0.716959,0.013980,0.000000,3.114074,0.031296,0.001623,0.000000,0.000000,0.000000,0.208057
1545,go2_001,107135000000,1776934037779925535,1776934037798102251,1341610479688,1776933930644.926,18.177,50.072,-0.722456,0.014598,0.000000,3.132135,0.041541,0.000057,0.000000,0.000000,0.000000,0.450816
1546,go2_001,107210000000,1776934037842689411,1776934037848337139,1341660715020,1776933930632.689,5.648,50.235,-0.738426,0.016414,0.000000,-3.100674,0.071992,-0.004510,0.000000,0.000000,0.000000,0.651233
1547,go2_001,107245000000,1776934037885045178,1776934037898243124,1341710621190,1776933930640.045,13.198,49.906,-0.743679,0.016125,0.000000,-3.090166,0.078888,-0.003643,0.000000,0.000000,0.000000,0.456160
1548,go2_001,107305000000,1776934037947332079,1776934037947949281,1341760326753,1776933930642.332,0.617,49.706,-0.742805,0.015884,0.000000,-3.089885,0.065087,-0.003063,0.000000,0.000000,0.000000,0.057310
1549,go2_001,107350000000,1776934037988956104,1776934037998127909,1341810505606,1776933930638.956,9.172,50.179,-0.743214,0.015785,0.000000,-3.096777,0.058464,-0.002805,0.000000,0.000000,0.000000,-0.135713
1550,go2_001,107390000000,1776934038041200643,1776934038048076136,1341860453847,1776933930651.201,6.875,49.948,-0.748256,0.014962,0.000000,-3.121305,0.065351,-0.000724,0.000000,0.000000,0.000000,-0.590147
1551,go2_001,107450000000,1776934038082063965,1776934038098123493,1341910501362,1776933930632.064,16.060,50.047,-0.761008,0.014157,0.000000,3.119895,0.087259,0.001200,0.000000,0.000000,0.000000,-0.860564
1552,go2_001,107510000000,1776934038144042218,1776934038148059440,1341960437008,1776933930634.042,4.017,49.936,-0.774028,0.014889,0.000000,3.099663,0.107046,-0.000543,0.000000,0.000000,0.000000,-0.217710
1553,go2_001,107550000000,1776934038185078268,1776934038198064585,1342010442382,1776933930635.078,12.986,50.005,-0.774141,0.015063,0.000000,3.106497,0.097023,-0.000481,0.000000,0.000000,0.000000,0.131134
1554,go2_001,107610000000,1776934038246987065,1776934038247991760,1342060369201,1776933930636.987,1.005,49.927,-0.774293,0.015207,0.000000,3.128362,0.083463,-0.000398,0.000000,0.000000,0.000000,0.326480
1555,go2_001,107650000000,1776934038288191297,1776934038298064623,1342110442033,1776933930638.191,9.873,50.073,-0.775354,0.015023,0.000000,-3.134116,0.077846,0.000181,0.000000,0.000000,0.000000,0.481938
1556,go2_001,107690000000,1776934038339935911,1776934038348029255,1342160406680,1776933930649.936,8.093,49.965,-0.784843,0.016927,0.000000,-3.098595,0.094152,-0.004841,0.000000,0.000000,0.000000,0.643399
1557,go2_001,107730000000,1776934038380785853,1776934038398081677,1342210459571,1776933930650.786,17.296,50.052,-0.793894,0.016536,0.000000,-3.088056,0.107944,-0.003890,0.000000,0.000000,0.000000,0.194828
1558,go2_001,107810000000,1776934038442542156,1776934038448031486,1342260408928,1776933930632.542,5.489,49.950,-0.798520,0.015496,0.000000,-3.093454,0.098597,-0.001767,0.000000,0.000000,0.000000,-0.104758
1559,go2_001,107850000000,1776934038483826808,1776934038498038451,1342310415795,1776933930633.827,14.212,50.007,-0.798620,0.015382,0.000000,-3.102688,0.089197,-0.001604,0.000000,0.000000,0.000000,-0.198381
1560,go2_001,107910000000,1776934038545990563,1776934038548038966,1342360416682,1776933930635.990,2.048,50.001,-0.802086,0.015529,0.000000,-3.126422,0.085142,-0.002122,0.000000,0.000000,0.000000,-0.528432
1561,go2_001,107950000000,1776934038587902695,1776934038598149970,1342410527730,1776933930637.903,10.247,50.111,-0.811881,0.014874,0.000000,3.121208,0.101557,-0.000591,0.000000,0.000000,0.000000,-0.798467
1562,go2_001,107990000000,1776934038628932278,1776934038648059845,1342460437566,1776933930638.932,19.128,49.910,-0.821414,0.015187,0.000000,3.101718,0.115901,-0.001240,0.000000,0.000000,0.000000,-0.288225
1563,go2_001,108030000000,1776934038680360377,1776934038698083066,1342510460717,1776933930650.360,17.723,50.023,-0.819967,0.015731,0.000000,3.105647,0.101203,-0.001901,0.000000,0.000000,0.000000,0.073624
1564,go2_001,108110000000,1776934038741941054,1776934038748162071,1342560539821,1776933930631.941,6.221,50.079,-0.820151,0.015977,0.000000,3.124106,0.082683,-0.001567,0.000000,0.000000,0.000000,0.280902
1565,go2_001,108150000000,1776934038783155254,1776934038798055477,1342610432886,1776933930633.155,14.900,49.893,-0.820985,0.015809,0.000000,-3.140481,0.076476,-0.000865,0.000000,0.000000,0.000000,0.493567
1566,go2_001,108210000000,1776934038844893002,1776934038848017864,1342660395528,1776933930634.893,3.125,49.962,-0.837047,0.019365,0.000000,-3.098099,0.105161,-0.009810,0.000000,0.000000,0.000000,0.652499
1567,go2_001,108250000000,1776934038886342287,1776934038898044525,1342710422398,1776933930636.342,11.702,50.027,-0.848389,0.016376,0.000000,-3.087129,0.123783,-0.001952,0.000000,0.000000,0.000000,0.281060
1568,go2_001,108290000000,1776934038928521341,1776934038948089412,1342760467202,1776933930638.521,19.568,50.045,-0.848548,0.014980,0.000000,-3.090342,0.112437,0.001197,0.000000,0.000000,0.000000,-0.067233
1569,go2_001,108330000000,1776934038979845646,1776934038998071962,1342810449739,1776933930649.846,18.226,49.983,-0.848650,0.014847,0.000000,-3.108052,0.101846,0.001125,0.000000,0.000000,0.000000,-0.301950
1570,go2_001,108410000000,1776934039041668950,1776934039048087672,1342860465079,1776933930631.669,6.419,50.016,-0.852246,0.015568,0.000000,-3.140680,0.091958,-0.001146,0.000000,0.000000,0.000000,-0.576083
1571,go2_001,108450000000,1776934039083067509,1776934039098111583,1342910491407,1776933930633.068,15.044,50.024,-0.848545,0.013377,0.000000,3.115920,0.073469,0.004829,0.000000,0.000000,0.000000,-0.677220
1572,go2_001,108510000000,1776934039144748727,1776934039148054711,1342960432299,1776933930634.749,3.306,49.943,-0.864690,0.017255,0.000000,3.098692,0.102331,-0.005469,0.000000,0.000000,0.000000,-0.205299
1573,go2_001,108550000000,1776934039186041534,1776934039198090879,1343010468429,1776933930636.042,12.049,50.036,-0.864775,0.017438,0.000000,3.103065,0.092536,-0.005008,0.000000,0.000000,0.000000,0.088789
1574,go2_001,108610000000,1776934039248317675,1776934039248716895,1343061094612,1776933930638.318,0.399,50.626,-0.864896,0.017597,0.000000,3.129533,0.079297,-0.004382,0.000000,0.000000,0.000000,0.441722
1575,go2_001,108650000000,1776934039289474473,1776934039298035596,1343110413019,1776933930639.474,8.561,49.319,-0.868308,0.016760,0.000000,-3.133050,0.080003,-0.001774,0.000000,0.000000,0.000000,0.402103
1576,go2_001,108690000000,1776934039341663967,1776934039348093003,1343160470982,1776933930651.664,6.429,50.057,-0.862355,0.017285,0.000000,-3.104406,0.056579,-0.003084,0.000000,0.000000,0.000000,0.658309
1577,go2_001,108750000000,1776934039383045620,1776934039398059759,1343210437316,1776933930633.045,15.014,49.967,-0.856260,0.015646,0.000000,-3.081181,0.032344,0.001291,0.000000,0.000000,0.000000,0.495544
1578,go2_001,108810000000,1776934039444960347,1776934039448046968,1343260424526,1776933930634.960,3.087,49.987,-0.856397,0.014035,0.000000,-3.081067,0.026539,0.004793,0.000000,0.000000,0.000000,-0.087334
1579,go2_001,108850000000,1776934039486473604,1776934039498190928,1343310568567,1776933930636.474,11.717,50.144,-0.856425,0.013993,0.000000,-3.097612,0.022911,0.004428,0.000000,0.000000,0.000000,-0.344739
1580,go2_001,108910000000,1776934039548088297,1776934039548246837,1343360624179,1776933930638.088,0.159,50.056,-0.858708,0.014065,0.000000,-3.128446,0.023858,0.003561,0.000000,0.000000,0.000000,-0.555171
1581,go2_001,108950000000,1776934039589496197,1776934039598075853,1343410453368,1776933930639.496,8.580,49.829,-0.865293,0.013867,0.000000,3.124648,0.037199,0.003502,0.000000,0.000000,0.000000,-0.709955
1582,go2_001,109010000000,1776934039641970978,1776934039648102539,1343460480380,1776933930631.971,6.132,50.027,-0.866510,0.014748,0.000000,3.086665,0.032859,0.001034,0.000000,0.000000,0.000000,-0.467550
1583,go2_001,109030000000,1776934039675591624,1776934039698064137,1343510442143,1776933930645.592,22.473,49.962,-0.866532,0.014779,0.000000,3.095375,0.030790,0.000998,0.000000,0.000000,0.000000,-0.116792
1584,go2_001,109070000000,1776934039732569419,1776934039748109136,1343560486911,1776933930662.570,15.540,50.045,-0.866056,0.014849,0.000000,3.111313,0.025651,0.000888,0.000000,0.000000,0.000000,0.292358
1585,go2_001,109130000000,1776934039784178908,1776934039798067129,1343610444534,1776933930654.179,13.888,49.958,-0.870494,0.015589,0.000000,3.125815,0.032060,-0.001048,0.000000,0.000000,0.000000,0.269425
1586,go2_001,109170000000,1776934039825419883,1776934039848485175,1343660866810,1776933930655.420,23.065,50.418,-0.877340,0.013376,0.000000,-3.135407,0.045459,0.004662,0.000000,0.000000,0.000000,0.470276
1587,go2_001,109210000000,1776934039878250254,1776934039898156385,1343710534794,1776933930668.250,19.906,49.671,-0.887253,0.016812,0.000000,-3.103273,0.065947,-0.004742,0.000000,0.000000,0.000000,0.600226
1588,go2_001,109275000000,1776934039940552572,1776934039948122139,1343760499755,1776933930665.553,7.570,49.966,-0.890920,0.016211,0.000000,-3.089395,0.063792,-0.003045,0.000000,0.000000,0.000000,0.071350
1589,go2_001,109335000000,1776934039982051806,1776934039998063096,1343810440856,1776933930647.052,16.011,49.941,-0.891081,0.016083,0.000000,-3.097367,0.054353,-0.002670,0.000000,0.000000,0.000000,-0.114364
1590,go2_001,109395000000,1776934040043796223,1776934040048024030,1343860401478,1776933930648.796,4.228,49.961,-0.899489,0.015657,0.000000,-3.119600,0.067261,-0.001882,0.000000,0.000000,0.000000,-0.447538
1591,go2_001,109435000000,1776934040095495202,1776934040097965076,1343910342511,1776933930660.495,2.470,49.941,-0.907503,0.015559,0.000000,3.125275,0.080900,-0.001747,0.000000,0.000000,0.000000,-0.787566
1592,go2_001,109475000000,1776934040136999564,1776934040148039327,1343960416657,1776933930662.000,11.040,50.074,-0.916116,0.015323,0.000000,3.103368,0.094866,-0.001001,0.000000,0.000000,0.000000,-0.443061
1593,go2_001,109515000000,1776934040178096180,1776934040198051088,1344010429124,1776933930663.096,19.955,50.012,-0.919564,0.015744,0.000000,3.102082,0.094248,-0.001601,0.000000,0.000000,0.000000,-0.072003
1594,go2_001,109575000000,1776934040240091305,1776934040248001810,1344060379255,1776933930665.091,7.911,49.951,-0.919743,0.015972,0.000000,3.108066,0.081158,-0.001391,0.000000,0.000000,0.000000,0.136334
1595,go2_001,109635000000,1776934040281233804,1776934040298092372,1344110470068,1776933930646.234,16.859,50.091,-0.922837,0.016737,0.000000,3.124808,0.077292,-0.002857,0.000000,0.000000,0.000000,0.318860
1596,go2_001,109695000000,1776934040343052624,1776934040348092870,1344160470330,1776933930648.053,5.040,50.000,-0.937595,0.018072,0.000000,-3.118623,0.102852,-0.005750,0.000000,0.000000,0.000000,0.816104
1597,go2_001,109735000000,1776934040384395173,1776934040398077638,1344210455027,1776933930649.395,13.682,49.985,-0.947174,0.017649,0.000000,-3.097263,0.117364,-0.004438,0.000000,0.000000,0.000000,0.315865
1598,go2_001,109775000000,1776934040436057361,1776934040448074686,1344260452484,1776933930661.057,12.017,49.997,-0.941410,0.016701,0.000000,-3.099877,0.091307,-0.002054,0.000000,0.000000,0.000000,-0.121023
1599,go2_001,109835000000,1776934040497912156,1776934040498212633,1344310590043,1776933930662.912,0.300,50.138,-0.941567,0.016550,0.000000,-3.115343,0.078475,-0.001782,0.000000,0.000000,0.000000,-0.259907
1600,go2_001,109875000000,1776934040539292146,1776934040548057604,1344360434995,1776933930664.292,8.765,49.845,-0.941659,0.016511,0.000000,-3.129941,0.070770,-0.001619,0.000000,0.000000,0.000000,-0.382121
1601,go2_001,109915000000,1776934040580682820,1776934040598160601,1344410538441,1776933930665.683,17.478,50.103,-0.944090,0.016588,0.000000,3.126190,0.069807,-0.001685,0.000000,0.000000,0.000000,-0.655571
1602,go2_001,109990000000,1776934040642860716,1776934040648095286,1344460472936,1776933930652.861,5.235,49.935,-0.966947,0.016615,0.000000,3.096907,0.112669,-0.001831,0.000000,0.000000,0.000000,-0.390073
1603,go2_001,110030000000,1776934040683815931,1776934040698067422,1344510445107,1776933930653.816,14.251,49.972,-0.969606,0.018223,0.000000,3.091509,0.108798,-0.005175,0.000000,0.000000,0.000000,-0.070935
1604,go2_001,110090000000,1776934040745608446,1776934040747971403,1344560348915,1776933930655.608,2.363,49.904,-0.969811,0.018469,0.000000,3.110129,0.093942,-0.004538,0.000000,0.000000,0.000000,0.306007
1605,go2_001,110130000000,1776934040796975657,1776934040798079356,1344610456831,1776933930666.976,1.104,50.108,-0.969935,0.018518,0.000000,3.139190,0.084998,-0.004153,0.000000,0.000000,0.000000,0.576346
1606,go2_001,110170000000,1776934040838366476,1776934040848053270,1344660430703,1776933930668.367,9.687,49.974,-0.972791,0.018607,0.000000,-3.114011,0.083403,-0.004193,0.000000,0.000000,0.000000,0.710332
1607,go2_001,110210000000,1776934040879194369,1776934040898061079,1344710438511,1776933930669.195,18.867,50.008,-0.976107,0.018469,0.000000,-3.098522,0.083845,-0.003717,0.000000,0.000000,0.000000,0.395817
1608,go2_001,110270000000,1776934040941154105,1776934040948039870,1344760417702,1776933930671.154,6.886,49.979,-0.988022,0.015334,0.000000,-3.096257,0.100606,0.003882,0.000000,0.000000,0.000000,-0.056920
1609,go2_001,110330000000,1776934040982177623,1776934040998198817,1344810576624,1776933930652.178,16.021,50.159,-0.985388,0.015565,0.000000,-3.113763,0.079598,0.002429,0.000000,0.000000,0.000000,-0.396345
1610,go2_001,110390000000,1776934041043940288,1776934041048075908,1344860453678,1776933930653.940,4.136,49.877,-0.992070,0.016351,0.000000,-3.141025,0.085098,-0.000146,0.000000,0.000000,0.000000,-0.370808
1611,go2_001,110430000000,1776934041085030808,1776934041098090685,1344910468113,1776933930655.031,13.060,50.015,-0.986325,0.015723,0.000000,3.120354,0.061851,0.001740,0.000000,0.000000,0.000000,-0.601205
1612,go2_001,110470000000,1776934041126786989,1776934041148030319,1344960407715,1776933930656.787,21.243,49.940,-0.980829,0.015520,0.000000,3.088362,0.041256,0.002398,0.000000,0.000000,0.000000,-0.599468
1613,go2_001,110510000000,1776934041178370756,1776934041198126328,1345010503952,1776933930668.371,19.756,50.096,-0.979370,0.017629,0.000000,3.076432,0.032751,-0.002943,0.000000,0.000000,0.000000,-0.180000
1614,go2_001,110570000000,1776934041240162084,1776934041248080712,1345060458526,1776933930670.162,7.919,49.954,-0.979425,0.017725,0.000000,3.096667,0.026798,-0.002569,0.000000,0.000000,0.000000,0.342080
1615,go2_001,110630000000,1776934041281356170,1776934041298068934,1345110446913,1776933930651.356,16.713,49.988,-0.990412,0.018435,0.000000,3.121151,0.048722,-0.003507,0.000000,0.000000,0.000000,0.395058
1616,go2_001,110670000000,1776934041334107346,1776934041348124925,1345160502680,1776933930664.107,14.018,50.056,-0.998592,0.019166,0.000000,3.141530,0.064168,-0.004713,0.000000,0.000000,0.000000,0.688413
1617,go2_001,110715000000,1776934041394731206,1776934041398266482,1345210644457,1776933930679.731,3.535,50.142,-1.010279,0.019613,0.000000,-3.099032,0.085873,-0.005190,0.000000,0.000000,0.000000,0.495043
1618,go2_001,110755000000,1776934041435996127,1776934041448067578,1345260445032,1776933930680.996,12.071,49.801,-1.004940,0.019097,0.000000,-3.096740,0.063633,-0.003923,0.000000,0.000000,0.000000,0.129476
1619,go2_001,110815000000,1776934041497727017,1776934041497894821,1345310272531,1776933930682.727,0.168,49.827,-1.005151,0.018951,0.000000,-3.108165,0.054284,-0.003436,0.000000,0.000000,0.000000,-0.212351
1620,go2_001,110855000000,1776934041538986038,1776934041548040439,1345360417931,1776933930683.986,9.054,50.146,-1.005267,0.018900,0.000000,-3.130454,0.048642,-0.003140,0.000000,0.000000,0.000000,-0.656572
1621,go2_001,110895000000,1776934041580210449,1776934041598093016,1345410470736,1776933930685.210,17.883,50.053,-1.010659,0.020474,0.000000,3.096095,0.056716,-0.007191,0.000000,0.000000,0.000000,-1.311728
1622,go2_001,110955000000,1776934041621606327,1776934041648064174,1345460442594,1776933930666.606,26.458,49.971,-1.007722,0.022227,0.000000,3.015617,0.041205,-0.009986,0.000000,0.000000,0.000000,-1.192613
1623,go2_001,111015000000,1776934041693472936,1776934041698004645,1345510382113,1776933930678.473,4.532,49.940,-0.997540,0.028833,0.000000,2.988374,0.009312,-0.025393,0.000000,0.000000,0.000000,-0.382834
1624,go2_001,111055000000,1776934041734744387,1776934041748094786,1345560472502,1776933930679.745,13.350,50.090,-0.997444,0.028902,0.000000,2.978328,0.007264,-0.023325,0.000000,0.000000,0.000000,-0.276095
1625,go2_001,111115000000,1776934041796688109,1776934041798053782,1345610432095,1776933930681.688,1.366,49.959,-0.997317,0.028980,0.000000,2.963810,0.004536,-0.020509,0.000000,0.000000,0.000000,-0.245198
1626,go2_001,111155000000,1776934041837599551,1776934041848040142,1345660417645,1776933930682.599,10.441,49.986,-1.002068,0.031245,0.000000,2.959405,0.015539,-0.023728,0.000000,0.000000,0.000000,-0.131071
1627,go2_001,111195000000,1776934041878916930,1776934041898068622,1345710446490,1776933930683.917,19.152,50.028,-1.007896,0.037519,0.000000,2.953505,0.029842,-0.036234,0.000000,0.000000,0.000000,-0.163386
1628,go2_001,111255000000,1776934041941091877,1776934041948094809,1345760472572,1776933930686.092,7.003,50.026,-1.020564,0.039224,0.000000,2.931953,0.056514,-0.032330,0.000000,0.000000,0.000000,-0.435720
1629,go2_001,111315000000,1776934041992696725,1776934041998110763,1345810488319,1776933930677.697,5.414,50.016,-1.022907,0.041284,0.000000,2.901926,0.054463,-0.031702,0.000000,0.000000,0.000000,-0.533708
1630,go2_001,111355000000,1776934042033998253,1776934042048057879,1345860435325,1776933930678.998,14.060,49.947,-1.022793,0.041550,0.000000,2.867238,0.048885,-0.029045,0.000000,0.000000,0.000000,-0.812761
1631,go2_001,111415000000,1776934042096873822,1776934042098043158,1345910420923,1776933930681.874,1.169,49.985,-1.026082,0.041100,0.000000,2.794423,0.049629,-0.021541,0.000000,0.000000,0.000000,-1.172258
1632,go2_001,111455000000,1776934042138419688,1776934042148105673,1345960483892,1776933930683.420,9.686,50.063,-1.025382,0.035925,0.000000,2.758207,0.040558,-0.006062,0.000000,0.000000,0.000000,-0.887241
1633,go2_001,111495000000,1776934042179823166,1776934042198193405,1346010571840,1776933930684.823,18.370,50.088,-1.031220,0.037755,0.000000,2.731067,0.052111,-0.006351,0.000000,0.000000,0.000000,-0.686288
1634,go2_001,111575000000,1776934042243612615,1776934042248813839,1346061191578,1776933930668.613,5.201,50.620,-1.037724,0.041713,0.000000,2.704085,0.058599,-0.008682,0.000000,0.000000,0.000000,-0.380264
1635,go2_001,111615000000,1776934042295310572,1776934042298151730,1346110529624,1776933930680.311,2.841,49.338,-1.037617,0.042087,0.000000,2.693752,0.052708,-0.007853,0.000000,0.000000,0.000000,-0.259691
1636,go2_001,111655000000,1776934042336569044,1776934042348047423,1346160425379,1776933930681.569,11.478,49.896,-1.037525,0.042404,0.000000,2.683757,0.047294,-0.007089,0.000000,0.000000,0.000000,-0.203906
1637,go2_001,111695000000,1776934042378054804,1776934042398120354,1346210498130,1776933930683.055,20.066,50.073,-1.036995,0.040466,0.000000,2.684157,0.039060,-0.001345,0.000000,0.000000,0.000000,0.052206
1638,go2_001,111755000000,1776934042439724703,1776934042448090100,1346260467779,1776933930684.725,8.365,49.970,-1.028117,0.029142,0.000000,2.680926,0.002065,0.019171,0.000000,0.000000,0.000000,-0.116622
1639,go2_001,111795000000,1776934042480967975,1776934042498130154,1346310508325,1776933930685.968,17.162,50.040,-1.028639,0.027392,0.000000,2.664150,0.000211,0.022291,0.000000,0.000000,0.000000,-0.372771
1640,go2_001,111875000000,1776934042543037508,1776934042548088248,1346360466084,1776933930668.038,5.051,49.958,-1.028844,0.027430,0.000000,2.616998,-0.001926,0.019043,0.000000,0.000000,0.000000,-0.752168
1641,go2_001,111915000000,1776934042594386370,1776934042598147836,1346410525947,1776933930679.386,3.761,50.060,-1.033979,0.028102,0.000000,2.568107,0.009351,0.021500,0.000000,0.000000,0.000000,-1.110132
1642,go2_001,111955000000,1776934042635424490,1776934042648043965,1346460421616,1776933930680.425,12.619,49.896,-1.036972,0.027384,0.000000,2.504396,0.013559,0.024764,0.000000,0.000000,0.000000,-1.086985
1643,go2_001,112015000000,1776934042697225034,1776934042698222268,1346510601181,1776933930682.225,0.997,50.178,-1.044392,0.035790,0.000000,2.464792,0.035511,0.012176,0.000000,0.000000,0.000000,-0.623905
1644,go2_001,112055000000,1776934042738618150,1776934042748040170,1346560417698,1776933930683.618,9.422,49.818,-1.044371,0.036054,0.000000,2.450389,0.031633,0.011255,0.000000,0.000000,0.000000,-0.394657
1645,go2_001,112095000000,1776934042780087557,1776934042798145675,1346610524741,1776933930685.087,18.058,50.106,-1.044353,0.036278,0.000000,2.435348,0.028077,0.010403,0.000000,0.000000,0.000000,-0.424722
1646,go2_001,112175000000,1776934042842051307,1776934042848080616,1346660458170,1776933930667.051,6.029,49.935,-1.048278,0.040329,0.000000,2.418171,0.035464,0.006399,0.000000,0.000000,0.000000,-0.260403
1647,go2_001,112215000000,1776934042883082884,1776934042898185644,1346710563364,1776933930668.083,15.103,50.105,-1.053054,0.045132,0.000000,2.415952,0.048342,0.003168,0.000000,0.000000,0.000000,-0.096297
1648,go2_001,112255000000,1776934042934507996,1776934042948091438,1346760468910,1776933930679.508,13.583,49.906,-1.060882,0.050045,0.000000,2.405310,0.066798,0.004802,0.000000,0.000000,0.000000,-0.289699
1649,go2_001,112315000000,1776934042996294683,1776934042998104431,1346810482243,1776933930681.295,1.810,50.013,-1.060691,0.050448,0.000000,2.360700,0.057445,0.004287,0.000000,0.000000,0.000000,-0.635838
1650,go2_001,112355000000,1776934043037867308,1776934043048176395,1346860556109,1776933930682.867,10.309,50.072,-1.060561,0.050691,0.000000,2.330915,0.051830,0.003975,0.000000,0.000000,0.000000,-0.737324
1651,go2_001,112395000000,1776934043079054163,1776934043098109680,1346910487469,1776933930684.054,19.056,49.933,-1.061279,0.051750,0.000000,2.293260,0.049728,0.003460,0.000000,0.000000,0.000000,-0.900663
1652,go2_001,112455000000,1776934043140970381,1776934043148078889,1346960456592,1776933930685.970,7.109,49.969,-1.070918,0.060619,0.000000,2.238921,0.074883,0.003810,0.000000,0.000000,0.000000,-0.816694
1653,go2_001,112515000000,1776934043182167625,1776934043198125876,1347010504467,1776933930667.168,15.958,50.047,-1.077482,0.069634,0.000000,2.217149,0.091122,0.000192,0.000000,0.000000,0.000000,-0.560019
1654,go2_001,112555000000,1776934043226068608,1776934043249833805,1347062211688,1776933930671.069,23.765,51.708,-1.077132,0.069994,0.000000,2.198292,0.082768,0.000203,0.000000,0.000000,0.000000,-0.486771
1655,go2_001,112605000000,1776934043288342469,1776934043298074471,1347110452183,1776933930683.343,9.732,48.241,-1.076223,0.069882,0.000000,2.158581,0.071603,0.000211,0.000000,0.000000,0.000000,-0.608331
1656,go2_001,112640000000,1776934043329038194,1776934043348068844,1347160446359,1776933930689.038,19.031,49.994,-1.078690,0.073511,0.000000,2.145142,0.076820,-0.000307,0.000000,0.000000,0.000000,-0.380918
1657,go2_001,112700000000,1776934043391172777,1776934043398060498,1347210438037,1776933930691.173,6.888,49.992,-1.082898,0.082365,0.000000,2.142604,0.089754,-0.005015,0.000000,0.000000,0.000000,-0.028358
1658,go2_001,112745000000,1776934043432513404,1776934043448083498,1347260461129,1776933930687.513,15.570,50.023,-1.088183,0.089660,0.000000,2.139308,0.102893,-0.004415,0.000000,0.000000,0.000000,-0.120708
1659,go2_001,112805000000,1776934043494032111,1776934043498225408,1347310603639,1776933930689.032,4.193,50.142,-1.091511,0.093241,0.000000,2.104854,0.100576,-0.001440,0.000000,0.000000,0.000000,-0.588810
1660,go2_001,112865000000,1776934043545593740,1776934043548070074,1347360447873,1776933930680.594,2.476,49.845,-1.091066,0.093584,0.000000,2.061397,0.087111,-0.001231,0.000000,0.000000,0.000000,-0.743912
1661,go2_001,112905000000,1776934043586828555,1776934043598082025,1347410459663,1776933930681.829,11.253,50.012,-1.094741,0.098256,0.000000,2.018761,0.093480,0.000920,0.000000,0.000000,0.000000,-0.931715
1662,go2_001,112945000000,1776934043627937455,1776934043648046886,1347460424349,1776933930682.937,20.109,49.965,-1.099007,0.105075,0.000000,1.968349,0.104934,0.002004,0.000000,0.000000,0.000000,-1.192943
1663,go2_001,113005000000,1776934043689864587,1776934043698097833,1347510475382,1776933930684.865,8.233,50.051,-1.103889,0.116886,0.000000,1.917261,0.121643,-0.000153,0.000000,0.000000,0.000000,-0.813990
1664,go2_001,113045000000,1776934043731374845,1776934043748107409,1347560484818,1776933930686.375,16.733,50.010,-1.103204,0.117187,0.000000,1.897700,0.110688,-0.000117,0.000000,0.000000,0.000000,-0.513440
1665,go2_001,113105000000,1776934043793270748,1776934043798111051,1347610488867,1776933930688.271,4.840,50.004,-1.104454,0.121925,0.000000,1.873734,0.107679,-0.000190,0.000000,0.000000,0.000000,-0.428607
1666,go2_001,113145000000,1776934043834456536,1776934043848069829,1347660447241,1776933930689.457,13.613,49.959,-1.106448,0.129093,0.000000,1.869903,0.116445,-0.001693,0.000000,0.000000,0.000000,-0.073558
1667,go2_001,113205000000,1776934043886229001,1776934043898091735,1347710469389,1776933930681.229,11.863,50.022,-1.104348,0.137912,0.000000,1.867606,0.119228,-0.012567,0.000000,0.000000,0.000000,-0.056509
1668,go2_001,113265000000,1776934043947694152,1776934043948014514,1347760391816,1776933930682.694,0.320,49.923,-1.107722,0.148951,0.000000,1.856184,0.130903,-0.011901,0.000000,0.000000,0.000000,-0.344073
1669,go2_001,113305000000,1776934043989079771,1776934043998072889,1347810450611,1776933930684.080,8.993,50.058,-1.107319,0.148958,0.000000,1.828275,0.119068,-0.010910,0.000000,0.000000,0.000000,-0.640174
1670,go2_001,113345000000,1776934044030509000,1776934044048047411,1347860424767,1776933930685.509,17.538,49.975,-1.107341,0.148175,0.000000,1.789456,0.106678,-0.008326,0.000000,0.000000,0.000000,-0.916610
1671,go2_001,113405000000,1776934044092036828,1776934044098068305,1347910445879,1776933930687.037,6.031,50.021,-1.108311,0.156993,0.000000,1.726046,0.113372,-0.009758,0.000000,0.000000,0.000000,-1.072751
1672,go2_001,113445000000,1776934044133144848,1776934044148066592,1347960444078,1776933930688.145,14.922,49.998,-1.111826,0.161475,0.000000,1.678251,0.116393,-0.002245,0.000000,0.000000,0.000000,-1.142688
1673,go2_001,113505000000,1776934044194846925,1776934044198180200,1348010557946,1776933930689.847,3.333,50.114,-1.111623,0.175597,0.000000,1.634223,0.133755,-0.007971,0.000000,0.000000,0.000000,-0.647285
1674,go2_001,113565000000,1776934044246771694,1776934044248057348,1348060435116,1776933930681.772,1.286,49.877,-1.110473,0.175480,0.000000,1.616434,0.115865,-0.006961,0.000000,0.000000,0.000000,-0.310583
1675,go2_001,113605000000,1776934044287735382,1776934044298098610,1348110476111,1776933930682.735,10.363,50.041,-1.109864,0.175384,0.000000,1.604790,0.105111,-0.006352,0.000000,0.000000,0.000000,-0.299880
1676,go2_001,113645000000,1776934044329002588,1776934044348057986,1348160435472,1776933930684.002,19.055,49.959,-1.109367,0.175279,0.000000,1.596278,0.095211,-0.005791,0.000000,0.000000,0.000000,-0.208624
1677,go2_001,113705000000,1776934044391109672,1776934044398053704,1348210431377,1776933930686.110,6.944,49.996,-1.107519,0.186505,0.000000,1.607527,0.108586,-0.011384,0.000000,0.000000,0.000000,0.187192
1678,go2_001,113745000000,1776934044432361603,1776934044448050817,1348260428424,1776933930687.362,15.689,49.997,-1.109520,0.196900,0.000000,1.608452,0.124132,-0.007433,0.000000,0.000000,0.000000,-0.041468
1679,go2_001,113805000000,1776934044494406977,1776934044498052470,1348310430202,1776933930689.407,3.645,50.002,-1.110427,0.201567,0.000000,1.573443,0.118621,-0.004481,0.000000,0.000000,0.000000,-0.650100
1680,go2_001,113865000000,1776934044546250326,1776934044548248315,1348360625768,1776933930681.250,1.998,50.196,-1.109968,0.201290,0.000000,1.522880,0.102380,-0.003867,0.000000,0.000000,0.000000,-0.983365
1681,go2_001,113905000000,1776934044587756470,1776934044598098828,1348410476343,1776933930682.756,10.342,49.851,-1.109269,0.206158,0.000000,1.472637,0.104469,-0.004429,0.000000,0.000000,0.000000,-1.033689
1682,go2_001,113945000000,1776934044628853933,1776934044648073120,1348460450701,1776933930683.854,19.219,49.974,-1.115270,0.203825,0.000000,1.431652,0.089585,0.011472,0.000000,0.000000,0.000000,-0.983358
1683,go2_001,114005000000,1776934044690674647,1776934044698061891,1348510439642,1776933930685.675,7.387,49.989,-1.119774,0.203335,0.000000,1.383954,0.075760,0.022141,0.000000,0.000000,0.000000,-0.710864
1684,go2_001,114045000000,1776934044731813856,1776934044748030135,1348560407577,1776933930686.814,16.216,49.968,-1.119079,0.205239,0.000000,1.367034,0.072741,0.020072,0.000000,0.000000,0.000000,-0.474352
1685,go2_001,114100000000,1776934044794108901,1776934044798102967,1348610480566,1776933930694.109,3.994,50.073,-1.118458,0.204803,0.000000,1.338474,0.062034,0.017726,0.000000,0.000000,0.000000,-0.521314
1686,go2_001,114140000000,1776934044836034913,1776934044848122122,1348660499725,1776933930696.035,12.087,50.019,-1.117500,0.210103,0.000000,1.324374,0.068635,0.016326,0.000000,0.000000,0.000000,-0.341894
1687,go2_001,114200000000,1776934044886891425,1776934044898153962,1348710531495,1776933930686.892,11.263,50.032,-1.112132,0.216336,0.000000,1.333154,0.075208,0.005239,0.000000,0.000000,0.000000,0.142413
1688,go2_001,114240000000,1776934044928050619,1776934044948089076,1348760466918,1776933930688.051,20.038,49.935,-1.109652,0.225122,0.000000,1.332235,0.089481,0.003017,0.000000,0.000000,0.000000,-0.082498
1689,go2_001,114300000000,1776934044989699141,1776934044998095405,1348810472718,1776933930689.699,8.396,50.006,-1.108424,0.225583,0.000000,1.304817,0.078744,0.000911,0.000000,0.000000,0.000000,-0.484336
1690,go2_001,114340000000,1776934045030964819,1776934045048123375,1348860500829,1776933930690.965,17.159,50.028,-1.108774,0.224484,0.000000,1.268023,0.068602,0.001632,0.000000,0.000000,0.000000,-0.859738
1691,go2_001,114400000000,1776934045093201601,1776934045098221003,1348910598867,1776933930693.202,5.019,50.098,-1.107554,0.228799,0.000000,1.200625,0.069553,0.001986,0.000000,0.000000,0.000000,-1.127591
1692,go2_001,114440000000,1776934045134418444,1776934045148098188,1348960475880,1776933930694.418,13.680,49.877,-1.106386,0.236397,0.000000,1.160373,0.080889,0.004574,0.000000,0.000000,0.000000,-0.976663
1693,go2_001,114500000000,1776934045196322670,1776934045198049341,1349010426829,1776933930696.323,1.727,49.951,-1.099096,0.253811,0.000000,1.123650,0.113387,0.001059,0.000000,0.000000,0.000000,-0.569121
1694,go2_001,114560000000,1776934045247737175,1776934045247942736,1349060320305,1776933930687.737,0.206,49.893,-1.098435,0.253183,0.000000,1.108346,0.097783,0.000939,0.000000,0.000000,0.000000,-0.246127
1695,go2_001,114600000000,1776934045289223480,1776934045298058623,1349110436058,1776933930689.223,8.835,50.116,-1.098091,0.252816,0.000000,1.088262,0.088407,0.000867,0.000000,0.000000,0.000000,-0.498861
1696,go2_001,114640000000,1776934045333293888,1776934045348102812,1349160480620,1776933930693.294,14.809,50.044,-1.096403,0.255572,0.000000,1.069130,0.087907,0.000434,0.000000,0.000000,0.000000,-0.426771
1697,go2_001,114690000000,1776934045386071292,1776934045398319808,1349210698443,1776933930696.071,12.249,50.217,-1.090593,0.263905,0.000000,1.056878,0.101135,-0.003493,0.000000,0.000000,0.000000,-0.259989
1698,go2_001,114750000000,1776934045447765779,1776934045447942365,1349260319842,1776933930697.766,0.177,49.623,-1.086238,0.274873,0.000000,1.055250,0.114969,-0.000509,0.000000,0.000000,0.000000,-0.129317
1699,go2_001,114770000000,1776934045468433132,1776934045498112739,1349310490527,1776933930698.433,29.680,50.170,-1.084497,0.274408,0.000000,1.050295,0.110568,-0.004338,0.000000,0.000000,0.000000,-0.258068
1700,go2_001,114830000000,1776934045540700688,1776934045548048226,1349360425644,1776933930710.701,7.348,49.935,-1.084202,0.273925,0.000000,1.004751,0.095419,-0.003825,0.000000,0.000000,0.000000,-0.652643
1701,go2_001,114890000000,1776934045582385438,1776934045598107289,1349410485179,1776933930692.385,15.722,50.059,-1.082261,0.275717,0.000000,0.946077,0.088668,-0.004155,0.000000,0.000000,0.000000,-0.952907
1702,go2_001,114955000000,1776934045644262004,1776934045648100868,1349460478458,1776933930689.262,3.839,49.994,-1.076325,0.286264,0.000000,0.906883,0.103653,-0.001874,0.000000,0.000000,0.000000,-0.920838
1703,go2_001,114995000000,1776934045685779988,1776934045698034677,1349510412236,1776933930690.780,12.255,49.934,-1.073965,0.291312,0.000000,0.876645,0.107146,0.000948,0.000000,0.000000,0.000000,-0.758323
1704,go2_001,115035000000,1776934045736867637,1776934045748120031,1349560497579,1776933930701.867,11.252,50.085,-1.073847,0.291979,0.000000,0.855301,0.099019,0.002728,0.000000,0.000000,0.000000,-0.327401
1705,go2_001,115075000000,1776934045778440376,1776934045798093538,1349610470960,1776933930703.440,19.653,49.974,-1.073589,0.291492,0.000000,0.836499,0.089439,0.002517,0.000000,0.000000,0.000000,-0.470827
1706,go2_001,115135000000,1776934045840644969,1776934045848100566,1349660478308,1776933930705.645,7.456,50.007,-1.070226,0.294926,0.000000,0.798374,0.088654,0.002168,0.000000,0.000000,0.000000,-0.603302
1707,go2_001,115195000000,1776934045881819228,1776934045898046014,1349710423414,1776933930686.819,16.227,49.945,-1.063324,0.301769,0.000000,0.785908,0.098871,0.000300,0.000000,0.000000,0.000000,-0.347563
1708,go2_001,115255000000,1776934045943588538,1776934045948045457,1349760423341,1776933930688.589,4.457,49.999,-1.055025,0.305077,0.000000,0.770785,0.103321,-0.008373,0.000000,0.000000,0.000000,-0.342057
1709,go2_001,115295000000,1776934045984670949,1776934045998189580,1349810567440,1776933930689.671,13.519,50.144,-1.054971,0.304615,0.000000,0.756172,0.093388,-0.007690,0.000000,0.000000,0.000000,-0.365903
1710,go2_001,115335000000,1776934046036335761,1776934046048063563,1349860441193,1776933930701.336,11.728,49.874,-1.054937,0.304204,0.000000,0.737436,0.084255,-0.007060,0.000000,0.000000,0.000000,-0.414371
1711,go2_001,115395000000,1776934046097937963,1776934046098131668,1349910509260,1776933930702.938,0.194,50.068,-1.052122,0.307548,0.000000,0.674786,0.083182,-0.004396,0.000000,0.000000,0.000000,-0.963954
1712,go2_001,115435000000,1776934046139411987,1776934046148072115,1349960449612,1776933930704.412,8.660,49.940,-1.046091,0.315909,0.000000,0.639206,0.099252,0.000821,0.000000,0.000000,0.000000,-0.874426
1713,go2_001,115475000000,1776934046180705376,1776934046198196163,1350010573832,1776933930705.706,17.491,50.124,-1.038471,0.323588,0.000000,0.611395,0.115486,0.002551,0.000000,0.000000,0.000000,-0.691106
1714,go2_001,115555000000,1776934046242288469,1776934046248066224,1350060444077,1776933930687.289,5.778,49.870,-1.030491,0.320745,0.000000,0.580647,0.104614,-0.011605,0.000000,0.000000,0.000000,-0.506621
1715,go2_001,115595000000,1776934046283465824,1776934046298135012,1350110512820,1776933930688.466,14.669,50.069,-1.030476,0.320156,0.000000,0.559341,0.094554,-0.010649,0.000000,0.000000,0.000000,-0.545210
1716,go2_001,115655000000,1776934046345776893,1776934046348028665,1350160406323,1776933930690.777,2.252,49.894,-1.025840,0.322442,0.000000,0.537983,0.094081,-0.010389,0.000000,0.000000,0.000000,-0.261823
1717,go2_001,115695000000,1776934046396576803,1776934046398008487,1350210386083,1776933930701.577,1.432,49.980,-1.016892,0.324395,0.000000,0.521360,0.105048,-0.017442,0.000000,0.000000,0.000000,-0.253404
1718,go2_001,115735000000,1776934046438083854,1776934046448063995,1350260441667,1776933930703.084,9.980,50.056,-1.009229,0.331126,0.000000,0.511927,0.119396,-0.012712,0.000000,0.000000,0.000000,-0.275596
1719,go2_001,115775000000,1776934046479081129,1776934046498475074,1350310852478,1776933930704.081,19.394,50.411,-1.004090,0.331593,0.000000,0.498390,0.119622,-0.016579,0.000000,0.000000,0.000000,-0.385545
1720,go2_001,115835000000,1776934046540676026,1776934046548087566,1350360465173,1776933930705.676,7.412,49.612,-1.004281,0.330768,0.000000,0.454035,0.103016,-0.014550,0.000000,0.000000,0.000000,-0.790919
1721,go2_001,115895000000,1776934046582013483,1776934046598072334,1350410450331,1776933930687.013,16.059,49.985,-0.999307,0.330726,0.000000,0.413583,0.099666,-0.017538,0.000000,0.000000,0.000000,-0.985178
1722,go2_001,115955000000,1776934046643858936,1776934046648110357,1350460488142,1776933930688.859,4.251,50.038,-1.001478,0.337139,0.000000,0.348513,0.089670,0.001413,0.000000,0.000000,0.000000,-1.035712
1723,go2_001,115995000000,1776934046685141882,1776934046698189240,1350510567814,1776933930690.142,13.047,50.079,-0.996920,0.341502,0.000000,0.312856,0.095751,0.006465,0.000000,0.000000,0.000000,-0.886637
1724,go2_001,116035000000,1776934046736331414,1776934046748062182,1350560439672,1776933930701.332,11.731,49.873,-0.994950,0.342590,0.000000,0.290032,0.092091,0.007592,0.000000,0.000000,0.000000,-0.511966
1725,go2_001,116095000000,1776934046798059451,1776934046798224706,1350610602194,1776933930703.060,0.165,50.163,-0.994920,0.341666,0.000000,0.263843,0.078725,0.006767,0.000000,0.000000,0.000000,-0.357296
1726,go2_001,116135000000,1776934046839310099,1776934046848064257,1350660441867,1776933930704.310,8.754,49.840,-0.994927,0.341164,0.000000,0.252734,0.070710,0.006267,0.000000,0.000000,0.000000,-0.275625
1727,go2_001,116175000000,1776934046880532619,1776934046898044239,1350710421902,1776933930705.533,17.512,49.980,-0.987220,0.342750,0.000000,0.251172,0.081748,0.003480,0.000000,0.000000,0.000000,-0.011361
1728,go2_001,116255000000,1776934046942221771,1776934046948069187,1350760446904,1776933930687.222,5.847,50.025,-0.967805,0.348652,0.000000,0.261660,0.112179,0.002307,0.000000,0.000000,0.000000,0.077543
1729,go2_001,116295000000,1776934046983388074,1776934046998076636,1350810454559,1776933930688.388,14.689,50.007,-0.966276,0.348708,0.000000,0.250942,0.105536,0.001848,0.000000,0.000000,0.000000,-0.292967
1730,go2_001,116355000000,1776934047044985446,1776934047048125501,1350860503788,1776933930689.986,3.140,50.049,-0.966572,0.348162,0.000000,0.202577,0.090576,0.001681,0.000000,0.000000,0.000000,-0.845484
1731,go2_001,116395000000,1776934047086180297,1776934047098040514,1350910418315,1776933930691.180,11.860,49.915,-0.961434,0.347173,0.000000,0.162364,0.093236,-0.003218,0.000000,0.000000,0.000000,-0.991623
1732,go2_001,116430000000,1776934047137455057,1776934047148041604,1350960419004,1776933930707.455,10.587,50.001,-0.958427,0.351414,0.000000,0.103428,0.095298,0.005537,0.000000,0.000000,0.000000,-1.071555
1733,go2_001,116470000000,1776934047178947246,1776934047198090683,1351010468322,1776933930708.947,19.143,50.049,-0.946297,0.353025,0.000000,0.068161,0.114817,0.003428,0.000000,0.000000,0.000000,-0.799005
1734,go2_001,116530000000,1776934047241017518,1776934047248074127,1351060451697,1776933930711.018,7.057,49.983,-0.937983,0.347520,0.000000,0.036551,0.115544,-0.010826,0.000000,0.000000,0.000000,-0.421052
1735,go2_001,116590000000,1776934047282037028,1776934047298075385,1351110453091,1776933930692.037,16.038,50.001,-0.933398,0.347056,0.000000,0.021395,0.110442,-0.010303,0.000000,0.000000,0.000000,-0.395597
1736,go2_001,116630000000,1776934047324038085,1776934047348511131,1351160888917,1776933930694.038,24.473,50.436,-0.933680,0.346494,0.000000,0.013617,0.099880,-0.009442,0.000000,0.000000,0.000000,-0.206930
1737,go2_001,116680000000,1776934047397442824,1776934047398003912,1351210381820,1776933930717.443,0.561,49.493,-0.931309,0.345752,0.000000,0.016171,0.094282,-0.009688,0.000000,0.000000,0.000000,0.029319
1738,go2_001,116715000000,1776934047438549997,1776934047448071130,1351260448677,1776933930723.550,9.521,50.067,-0.918179,0.347090,0.000000,0.012431,0.117335,-0.008305,0.000000,0.000000,0.000000,-0.138058
1739,go2_001,116755000000,1776934047479776604,1776934047498146097,1351310523592,1776933930724.777,18.369,50.075,-0.912262,0.347406,0.000000,-0.002790,0.120587,-0.007412,0.000000,0.000000,0.000000,-0.430450
1740,go2_001,116820000000,1776934047531540832,1776934047548034077,1351360412102,1776933930711.541,16.493,49.888,-0.908802,0.345024,0.000000,-0.036685,0.110862,-0.010962,0.000000,0.000000,0.000000,-0.670704
1741,go2_001,116880000000,1776934047593437236,1776934047598072788,1351410450536,1776933930713.437,4.636,50.039,-0.909223,0.344415,0.000000,-0.110939,0.095301,-0.009602,0.000000,0.000000,0.000000,-1.217253
1742,go2_001,116920000000,1776934047634570314,1776934047648062832,1351460440366,1776933930714.570,13.493,49.990,-0.905202,0.345139,0.000000,-0.158215,0.095756,-0.005881,0.000000,0.000000,0.000000,-1.188800
1743,go2_001,116980000000,1776934047696586867,1776934047698030789,1351510409087,1776933930716.587,1.444,49.968,-0.899656,0.349225,0.000000,-0.207892,0.095985,0.006212,0.000000,0.000000,0.000000,-0.771496
1744,go2_001,117020000000,1776934047737902795,1776934047748068709,1351560446862,1776933930717.903,10.166,50.038,-0.893214,0.343000,0.000000,-0.230572,0.102623,-0.006529,0.000000,0.000000,0.000000,-0.515272
1745,go2_001,117080000000,1776934047789695735,1776934047798122445,1351610500616,1776933930709.696,8.427,50.054,-0.893758,0.342165,0.000000,-0.252843,0.087941,-0.005681,0.000000,0.000000,0.000000,-0.392527
1746,go2_001,117120000000,1776934047831001015,1776934047848178191,1351660555844,1776933930711.001,17.177,50.056,-0.894080,0.341727,0.000000,-0.268491,0.079123,-0.005170,0.000000,0.000000,0.000000,-0.376960
1747,go2_001,117180000000,1776934047892757403,1776934047898115267,1351710492776,1776933930712.758,5.358,49.937,-0.895218,0.342805,0.000000,-0.271234,0.064460,-0.001074,0.000000,0.000000,0.000000,0.067736
1748,go2_001,117220000000,1776934047933923019,1776934047948040240,1351760417726,1776933930713.923,14.117,49.925,-0.903554,0.348301,0.000000,-0.267719,0.036554,0.009097,0.000000,0.000000,0.000000,0.129326
1749,go2_001,117280000000,1776934047995984680,1776934047998025364,1351810402841,1776933930715.985,2.041,49.985,-0.893016,0.347916,0.000000,-0.280828,0.053296,0.012214,0.000000,0.000000,0.000000,-0.261980
1750,go2_001,117320000000,1776934048037312227,1776934048048050833,1351860428376,1776933930717.312,10.739,50.025,-0.893150,0.347742,0.000000,-0.308222,0.047306,0.011276,0.000000,0.000000,0.000000,-0.661672
1751,go2_001,117360000000,1776934048078651635,1776934048098099239,1351910477852,1776933930718.652,19.448,50.048,-0.893272,0.347566,0.000000,-0.344888,0.041813,0.010408,0.000000,0.000000,0.000000,-0.852760
1752,go2_001,117420000000,1776934048130072576,1776934048148084076,1351960461753,1776933930710.073,18.012,49.985,-0.888194,0.344089,0.000000,-0.400548,0.048056,0.005222,0.000000,0.000000,0.000000,-1.142858
1753,go2_001,117480000000,1776934048191844116,1776934048198088246,1352010465716,1776933930711.844,6.244,50.004,-0.885898,0.349493,0.000000,-0.467767,0.041755,0.018768,0.000000,0.000000,0.000000,-0.899909
1754,go2_001,117520000000,1776934048233230246,1776934048248076177,1352060453735,1776933930713.230,14.846,49.988,-0.884844,0.349353,0.000000,-0.488669,0.039278,0.018434,0.000000,0.000000,0.000000,-0.559589
1755,go2_001,117580000000,1776934048294853168,1776934048298112528,1352110490216,1776933930714.853,3.259,50.036,-0.884983,0.348955,0.000000,-0.514392,0.032284,0.016269,0.000000,0.000000,0.000000,-0.439957
1756,go2_001,117620000000,1776934048336118253,1776934048348101625,1352160479338,1776933930716.118,11.983,49.989,-0.885061,0.348736,0.000000,-0.537483,0.028110,0.014961,0.000000,0.000000,0.000000,-0.584153
1757,go2_001,117680000000,1776934048398080537,1776934048398357241,1352210735060,1776933930718.081,0.277,50.256,-0.878494,0.342838,0.000000,-0.547053,0.041460,0.007310,0.000000,0.000000,0.000000,-0.127092
1758,go2_001,117720000000,1776934048439150150,1776934048448045141,1352260423145,1776933930719.150,8.895,49.688,-0.871266,0.336027,0.000000,-0.549232,0.058673,-0.000079,0.000000,0.000000,0.000000,-0.066138
1759,go2_001,117780000000,1776934048490526442,1776934048498056765,1352310434766,1776933930710.526,7.530,50.012,-0.867775,0.333213,0.000000,-0.568903,0.059661,-0.001641,0.000000,0.000000,0.000000,-0.382420
1760,go2_001,117820000000,1776934048531651249,1776934048548100956,1352360478781,1776933930711.651,16.450,50.044,-0.868032,0.333095,0.000000,-0.593794,0.053347,-0.001516,0.000000,0.000000,0.000000,-0.568285
1761,go2_001,117880000000,1776934048593557692,1776934048598092124,1352410470846,1776933930713.558,4.534,49.991,-0.868389,0.332920,0.000000,-0.652871,0.044835,-0.001347,0.000000,0.000000,0.000000,-1.017486
1762,go2_001,117920000000,1776934048635070531,1776934048648077869,1352460457072,1776933930715.071,13.007,49.986,-0.863399,0.330551,0.000000,-0.696875,0.052938,0.000502,0.000000,0.000000,0.000000,-1.095310
1763,go2_001,117980000000,1776934048697271685,1776934048697995472,1352510374321,1776933930717.272,0.724,49.918,-0.850566,0.322200,0.000000,-0.745322,0.079939,0.000861,0.000000,0.000000,0.000000,-0.715498
1764,go2_001,118020000000,1776934048738634115,1776934048748063215,1352560441239,1776933930718.634,9.429,50.068,-0.850754,0.322488,0.000000,-0.762225,0.071866,0.002276,0.000000,0.000000,0.000000,-0.448747
1765,go2_001,118080000000,1776934048790159607,1776934048798272297,1352610651676,1776933930710.160,8.113,50.209,-0.851363,0.322158,0.000000,-0.786398,0.061210,0.001995,0.000000,0.000000,0.000000,-0.484956
1766,go2_001,118120000000,1776934048831543646,1776934048848089671,1352660467252,1776933930711.543,16.546,49.817,-0.851718,0.321978,0.000000,-0.812833,0.054823,0.001826,0.000000,0.000000,0.000000,-0.496633
1767,go2_001,118180000000,1776934048893288709,1776934048898027414,1352710405022,1776933930713.289,4.739,49.938,-0.846877,0.316499,0.000000,-0.821769,0.062922,-0.000205,0.000000,0.000000,0.000000,-0.104006
1768,go2_001,118220000000,1776934048934905031,1776934048948039635,1352760417327,1776933930714.905,13.135,50.012,-0.841660,0.309994,0.000000,-0.824759,0.075903,-0.003104,0.000000,0.000000,0.000000,-0.119517
1769,go2_001,118280000000,1776934048997080540,1776934048998135594,1352810513886,1776933930717.081,1.055,50.096,-0.838176,0.305967,0.000000,-0.856845,0.077198,-0.003358,0.000000,0.000000,0.000000,-0.595421
1770,go2_001,118320000000,1776934049038500302,1776934049048097194,1352860474816,1776933930718.500,9.597,49.962,-0.838576,0.305898,0.000000,-0.888518,0.069538,-0.003094,0.000000,0.000000,0.000000,-0.744952
1771,go2_001,118360000000,1776934049079952289,1776934049098144694,1352910522574,1776933930719.952,18.192,50.047,-0.838962,0.305824,0.000000,-0.925217,0.062499,-0.002849,0.000000,0.000000,0.000000,-0.898612
1772,go2_001,118420000000,1776934049131409067,1776934049148055111,1352960432548,1776933930711.409,16.646,49.910,-0.838698,0.304398,0.000000,-0.976670,0.056438,-0.003244,0.000000,0.000000,0.000000,-0.953382
1773,go2_001,118480000000,1776934049193295777,1776934049198118978,1353010497167,1776933930713.296,4.823,50.064,-0.829895,0.292962,0.000000,-1.032766,0.080968,-0.004274,0.000000,0.000000,0.000000,-0.781117
1774,go2_001,118520000000,1776934049234313161,1776934049248056859,1353060434923,1776933930714.313,13.744,49.938,-0.827349,0.282781,0.000000,-1.055887,0.095682,-0.013341,0.000000,0.000000,0.000000,-0.601440
1775,go2_001,118560000000,1776934049276550716,1776934049298174719,1353110552589,1776933930716.551,21.624,50.118,-0.828045,0.282738,0.000000,-1.078500,0.086539,-0.012262,0.000000,0.000000,0.000000,-0.543361
1776,go2_001,118605000000,1776934049327953554,1776934049349871339,1353162250868,1776933930722.953,21.918,51.697,-0.829316,0.283772,0.000000,-1.098496,0.074386,-0.010753,0.000000,0.000000,0.000000,-0.396970
1777,go2_001,118665000000,1776934049389415968,1776934049398064858,1353210443043,1776933930724.416,8.649,48.194,-0.827557,0.279469,0.000000,-1.111798,0.075019,-0.010468,0.000000,0.000000,0.000000,-0.217086
1778,go2_001,118705000000,1776934049430779189,1776934049448107142,1353260484731,1776933930725.779,17.328,50.042,-0.826500,0.270686,0.000000,-1.117223,0.086688,-0.018070,0.000000,0.000000,0.000000,-0.160463
1779,go2_001,118765000000,1776934049492597313,1776934049498046026,1353310425167,1776933930727.597,5.449,49.939,-0.820495,0.262494,0.000000,-1.135119,0.098109,-0.013081,0.000000,0.000000,0.000000,-0.366951
1780,go2_001,118825000000,1776934049544059381,1776934049548059744,1353360437753,1776933930719.060,4.000,50.014,-0.821166,0.262540,0.000000,-1.173653,0.084570,-0.011513,0.000000,0.000000,0.000000,-0.650882
1781,go2_001,118865000000,1776934049585362245,1776934049598093731,1353410471569,1776933930720.362,12.731,50.034,-0.821594,0.262577,0.000000,-1.204736,0.076403,-0.010563,0.000000,0.000000,0.000000,-0.734566
1782,go2_001,118925000000,1776934049647417612,1776934049647956053,1353460333458,1776933930722.418,0.538,49.862,-0.819800,0.258355,0.000000,-1.275185,0.077012,-0.008676,0.000000,0.000000,0.000000,-1.337272
1783,go2_001,118965000000,1776934049688614896,1776934049698065610,1353510443113,1776933930723.615,9.451,50.110,-0.815768,0.247816,0.000000,-1.324827,0.096294,-0.008982,0.000000,0.000000,0.000000,-1.197751
1784,go2_001,119005000000,1776934049729785389,1776934049748057206,1353560435173,1776933930724.785,18.272,49.992,-0.814174,0.242072,0.000000,-1.357302,0.101536,-0.008579,0.000000,0.000000,0.000000,-0.783517
1785,go2_001,119065000000,1776934049792184920,1776934049798053873,1353610432114,1776933930727.185,5.869,49.997,-0.815295,0.242167,0.000000,-1.377556,0.087437,-0.007497,0.000000,0.000000,0.000000,-0.305464
1786,go2_001,119125000000,1776934049843468281,1776934049848137531,1353660516914,1776933930718.468,4.669,50.084,-0.814745,0.237971,0.000000,-1.392987,0.085822,-0.006785,0.000000,0.000000,0.000000,-0.244557
1787,go2_001,119165000000,1776934049884535343,1776934049898266404,1353710644250,1776933930719.535,13.731,50.129,-0.813228,0.230412,0.000000,-1.390694,0.096039,-0.007299,0.000000,0.000000,0.000000,0.052369
1788,go2_001,119205000000,1776934049926429951,1776934049948448188,1353760825963,1776933930721.430,22.018,50.182,-0.813447,0.219622,0.000000,-1.382580,0.111474,-0.013490,0.000000,0.000000,0.000000,0.136798
1789,go2_001,119265000000,1776934049989983961,1776934049998098912,1353810477535,1776933930724.984,8.115,49.651,-0.811760,0.211480,0.000000,-1.403415,0.115935,-0.011959,0.000000,0.000000,0.000000,-0.456205
1790,go2_001,119305000000,1776934050031492443,1776934050048093301,1353860470774,1776933930726.492,16.601,49.994,-0.812211,0.211735,0.000000,-1.425245,0.105105,-0.010934,0.000000,0.000000,0.000000,-0.504157
1791,go2_001,119365000000,1776934050082871540,1776934050098090374,1353910468858,1776933930717.872,15.219,49.997,-0.812831,0.212092,0.000000,-1.465433,0.090448,-0.009544,0.000000,0.000000,0.000000,-0.794826
1792,go2_001,119425000000,1776934050145145174,1776934050148083494,1353960461954,1776933930720.145,2.938,49.993,-0.809990,0.203434,0.000000,-1.550248,0.099579,-0.004205,0.000000,0.000000,0.000000,-1.291543
1793,go2_001,119465000000,1776934050186892853,1776934050199293387,1354011671282,1776933930721.893,12.401,51.210,-0.807722,0.191537,0.000000,-1.591260,0.119007,-0.001792,0.000000,0.000000,0.000000,-1.013739
1794,go2_001,119505000000,1776934050228231301,1776934050248149443,1354060527268,1776933930723.231,19.918,48.856,-0.813426,0.185845,0.000000,-1.618619,0.119734,-0.014895,0.000000,0.000000,0.000000,-0.602553
1795,go2_001,119565000000,1776934050290018833,1776934050298055655,1354110433199,1776933930725.019,8.037,49.906,-0.816952,0.183552,0.000000,-1.637891,0.109185,-0.018908,0.000000,0.000000,0.000000,-0.282371
1796,go2_001,119605000000,1776934050331453423,1776934050348088740,1354160466512,1776933930726.454,16.635,50.033,-0.817554,0.183955,0.000000,-1.643225,0.098818,-0.017304,0.000000,0.000000,0.000000,-0.195434
1797,go2_001,119665000000,1776934050383643370,1776934050398034046,1354210412080,1776933930718.644,14.391,49.945,-0.817550,0.183562,0.000000,-1.638733,0.087033,-0.013665,0.000000,0.000000,0.000000,0.130314
1798,go2_001,119725000000,1776934050445404078,1776934050448039542,1354260416854,1776933930720.404,2.635,50.005,-0.815948,0.177604,0.000000,-1.641916,0.089819,-0.007574,0.000000,0.000000,0.000000,-0.132963
1799,go2_001,119765000000,1776934050486532650,1776934050498147323,1354310525142,1776933930721.533,11.615,50.108,-0.815844,0.168603,0.000000,-1.652619,0.102416,-0.006197,0.000000,0.000000,0.000000,-0.296757
1800,go2_001,119805000000,1776934050528031554,1776934050548086997,1354360465167,1776933930723.031,20.055,49.940,-0.816112,0.168924,0.000000,-1.670517,0.092578,-0.005604,0.000000,0.000000,0.000000,-0.461382
1801,go2_001,119865000000,1776934050589617928,1776934050598126363,1354410505209,1776933930724.618,8.508,50.039,-0.816514,0.169367,0.000000,-1.726462,0.079283,-0.004801,0.000000,0.000000,0.000000,-0.957742
1802,go2_001,119905000000,1776934050631280639,1776934050648118080,1354460495534,1776933930726.281,16.837,49.992,-0.818718,0.166105,0.000000,-1.765388,0.079925,-0.008279,0.000000,0.000000,0.000000,-0.997382
1803,go2_001,119965000000,1776934050692866448,1776934050698053877,1354510431428,1776933930727.866,5.187,49.936,-0.810275,0.168696,0.000000,-1.832321,0.061523,0.012626,0.000000,0.000000,0.000000,-1.060592
1804,go2_001,119985000000,1776934050713634859,1776934050748854480,1354561233182,1776933930728.635,35.220,50.801,-0.808306,0.168178,0.000000,-1.852031,0.059049,0.017402,0.000000,0.000000,0.000000,-0.990350
1805,go2_001,120035000000,1776934050785616356,1776934050798100495,1354610477920,1776933930750.616,12.484,49.246,-0.808242,0.163229,0.000000,-1.884629,0.062573,0.018573,0.000000,0.000000,0.000000,-0.549256
1806,go2_001,120085000000,1776934050827533888,1776934050848114283,1354660492220,1776933930742.534,20.580,50.014,-0.808845,0.163929,0.000000,-1.899851,0.053308,0.016483,0.000000,0.000000,0.000000,-0.307211
1807,go2_001,120145000000,1776934050889565209,1776934050898037633,1354710415337,1776933930744.565,8.472,49.923,-0.810538,0.158967,0.000000,-1.921595,0.057275,0.014275,0.000000,0.000000,0.000000,-0.396051
1808,go2_001,120185000000,1776934050931663449,1776934050948210035,1354760588189,1776933930746.663,16.547,50.172,-0.810253,0.153868,0.000000,-1.925061,0.062819,0.017216,0.000000,0.000000,0.000000,-0.107926
1809,go2_001,120245000000,1776934050992762744,1776934050998087645,1354810465555,1776933930747.763,5.325,49.878,-0.814442,0.146502,0.000000,-1.924863,0.072193,0.011232,0.000000,0.000000,0.000000,-0.099797
1810,go2_001,120305000000,1776934051044374314,1776934051048107934,1354860486013,1776933930739.374,3.734,50.020,-0.814782,0.146733,0.000000,-1.948777,0.061591,0.009982,0.000000,0.000000,0.000000,-0.488835
1811,go2_001,120345000000,1776934051085431915,1776934051098072831,1354910450516,1776933930740.432,12.641,49.965,-0.814997,0.146883,0.000000,-1.984954,0.055202,0.009222,0.000000,0.000000,0.000000,-0.719554
1812,go2_001,120405000000,1776934051147455995,1776934051147990592,1354960368931,1776933930742.456,0.535,49.918,-0.816781,0.144245,0.000000,-2.037740,0.054113,0.007124,0.000000,0.000000,0.000000,-0.928985
1813,go2_001,120445000000,1776934051188459999,1776934051198085165,1355010462601,1776933930743.460,9.625,50.095,-0.818524,0.134863,0.000000,-2.076466,0.070585,0.010992,0.000000,0.000000,0.000000,-0.944900
1814,go2_001,120485000000,1776934051229982334,1776934051248100909,1355060478911,1776933930744.982,18.119,50.016,-0.823529,0.124443,0.000000,-2.106313,0.090719,0.009054,0.000000,0.000000,0.000000,-0.728045
1815,go2_001,120545000000,1776934051292202553,1776934051298245163,1355110622637,1776933930747.203,6.043,50.144,-0.828088,0.121032,0.000000,-2.130491,0.089333,0.003399,0.000000,0.000000,0.000000,-0.383920
1816,go2_001,120605000000,1776934051344243201,1776934051348809676,1355161187503,1776933930739.243,4.566,50.565,-0.828584,0.121603,0.000000,-2.157315,0.076627,0.003014,0.000000,0.000000,0.000000,-0.545778
1817,go2_001,120645000000,1776934051386763840,1776934051398206260,1355210584116,1776933930741.764,11.442,49.397,-0.830740,0.116151,0.000000,-2.185709,0.082980,0.004998,0.000000,0.000000,0.000000,-0.557771
1818,go2_001,120685000000,1776934051428307125,1776934051448115739,1355260493579,1776933930743.307,19.809,49.909,-0.834603,0.120036,0.000000,-2.195626,0.071431,-0.006629,0.000000,0.000000,0.000000,-0.304879
1819,go2_001,120745000000,1776934051490021309,1776934051498221432,1355310599685,1776933930745.021,8.200,50.106,-0.841804,0.121320,0.000000,-2.209061,0.066632,-0.020614,0.000000,0.000000,0.000000,-0.327542
1820,go2_001,120785000000,1776934051531405256,1776934051548112725,1355360490542,1776933930746.405,16.707,49.891,-0.846107,0.121936,0.000000,-2.224745,0.064437,-0.027837,0.000000,0.000000,0.000000,-0.434525
1821,go2_001,120845000000,1776934051593413241,1776934051598110660,1355410488575,1776933930748.413,4.697,49.998,-0.846113,0.122430,0.000000,-2.257343,0.054654,-0.024506,0.000000,0.000000,0.000000,-0.548182
1822,go2_001,120905000000,1776934051645240344,1776934051648072163,1355460449927,1776933930740.240,2.832,49.962,-0.850321,0.119334,0.000000,-2.308929,0.058620,-0.025084,0.000000,0.000000,0.000000,-1.013081
1823,go2_001,120945000000,1776934051686515206,1776934051698151264,1355510530552,1776933930741.515,11.636,50.079,-0.854874,0.110727,0.000000,-2.359696,0.075748,-0.019415,0.000000,0.000000,0.000000,-0.930076
1824,go2_001,120985000000,1776934051728002470,1776934051748108198,1355560486285,1776933930743.002,20.106,49.957,-0.862072,0.103869,0.000000,-2.388032,0.091815,-0.020745,0.000000,0.000000,0.000000,-0.722194
1825,go2_001,121045000000,1776934051789763605,1776934051798167714,1355610546021,1776933930744.764,8.404,50.060,-0.869132,0.101244,0.000000,-2.412860,0.094432,-0.025306,0.000000,0.000000,0.000000,-0.358894
1826,go2_001,121085000000,1776934051831087739,1776934051848043874,1355660421307,1776933930746.088,16.956,49.876,-0.869204,0.101862,0.000000,-2.422702,0.085364,-0.023192,0.000000,0.000000,0.000000,-0.245051
1827,go2_001,121145000000,1776934051893653226,1776934051898471164,1355710848994,1776933930748.653,4.818,50.427,-0.869242,0.102616,0.000000,-2.439664,0.073107,-0.020323,0.000000,0.000000,0.000000,-0.274343
1828,go2_001,121180000000,1776934051936322192,1776934051948226092,1355760603568,1776933930756.322,11.904,49.755,-0.870952,0.100971,0.000000,-2.447162,0.072905,-0.018505,0.000000,0.000000,0.000000,-0.240656
1829,go2_001,121240000000,1776934051987791865,1776934051998069531,1355810446987,1776933930747.792,10.278,49.843,-0.880001,0.091541,0.000000,-2.457252,0.093232,-0.014832,0.000000,0.000000,0.000000,-0.175303
1830,go2_001,121280000000,1776934052028955226,1776934052048088373,1355860466142,1776933930748.955,19.133,50.019,-0.883473,0.087320,0.000000,-2.467711,0.097376,-0.011515,0.000000,0.000000,0.000000,-0.266939
1831,go2_001,121320000000,1776934052070621411,1776934052098258352,1355910636228,1776933930750.621,27.637,50.170,-0.883480,0.087742,0.000000,-2.495022,0.088124,-0.010490,0.000000,0.000000,0.000000,-0.596103
1832,go2_001,121375000000,1776934052124796586,1776934052148070290,1355960448021,1776933930749.797,23.274,49.812,-0.883172,0.088543,0.000000,-2.545818,0.075675,-0.009100,0.000000,0.000000,0.000000,-0.894270
1833,go2_001,121435000000,1776934052198138735,1776934052198445782,1356010823570,1776933930763.139,0.307,50.375,-0.884801,0.087275,0.000000,-2.615324,0.070059,-0.006691,0.000000,0.000000,0.000000,-1.010834
1834,go2_001,121475000000,1776934052239443874,1776934052248106296,1356060484172,1776933930764.444,8.662,49.661,-0.892007,0.080227,0.000000,-2.647543,0.086953,-0.002657,0.000000,0.000000,0.000000,-0.823500
1835,go2_001,121475000000,1776934052239443874,1776934052298145522,1356110523632,1776933930764.444,58.702,50.039,-0.892007,0.080227,0.000000,-2.647543,0.086953,-0.002657,0.000000,0.000000,0.000000,-0.823500
1836,go2_001,121475000000,1776934052239443874,1776934052348438078,1356160816173,1776933930764.444,108.994,50.293,-0.892007,0.080227,0.000000,-2.647543,0.086953,-0.002657,0.000000,0.000000,0.000000,-0.823500
1837,go2_001,121475000000,1776934052239443874,1776934052398099360,1356210476913,1776933930764.444,158.655,49.661,-0.892007,0.080227,0.000000,-2.647543,0.086953,-0.002657,0.000000,0.000000,0.000000,-0.823500
1838,go2_001,121475000000,1776934052239443874,1776934052448112003,1356260489564,1776933930764.444,208.668,50.013,-0.892007,0.080227,0.000000,-2.647543,0.086953,-0.002657,0.000000,0.000000,0.000000,-0.823500
1839,go2_001,121475000000,1776934052239443874,1776934052498087638,1356310466119,1776933930764.444,258.644,49.976,-0.892007,0.080227,0.000000,-2.647543,0.086953,-0.002657,0.000000,0.000000,0.000000,-0.823500
1840,go2_001,121475000000,1776934052239443874,1776934052548112986,1356360490489,1776933930764.444,308.669,50.025,-0.892007,0.080227,0.000000,-2.647543,0.086953,-0.002657,0.000000,0.000000,0.000000,-0.823500
1841,go2_001,121475000000,1776934052239443874,1776934052598092754,1356410470706,1776933930764.444,358.649,49.980,-0.892007,0.080227,0.000000,-2.647543,0.086953,-0.002657,0.000000,0.000000,0.000000,-0.823500
1842,go2_001,121475000000,1776934052239443874,1776934052648085581,1356460463263,1776933930764.444,408.642,49.993,-0.892007,0.080227,0.000000,-2.647543,0.086953,-0.002657,0.000000,0.000000,0.000000,-0.823500
1843,go2_001,121475000000,1776934052239443874,1776934052698095357,1356510472827,1776933930764.444,458.651,50.010,-0.892007,0.080227,0.000000,-2.647543,0.086953,-0.002657,0.000000,0.000000,0.000000,-0.823500
1844,go2_001,121475000000,1776934052239443874,1776934052748209503,1356560588696,1776933930764.444,508.766,50.114,-0.892007,0.080227,0.000000,-2.647543,0.086953,-0.002657,0.000000,0.000000,0.000000,-0.823500
1845,go2_001,121475000000,1776934052239443874,1776934052798115499,1356610493247,1776933930764.444,558.672,49.906,-0.892007,0.080227,0.000000,-2.647543,0.086953,-0.002657,0.000000,0.000000,0.000000,-0.823500
1846,go2_001,121475000000,1776934052239443874,1776934052848132566,1356660510338,1776933930764.444,608.689,50.017,-0.892007,0.080227,0.000000,-2.647543,0.086953,-0.002657,0.000000,0.000000,0.000000,-0.823500
1847,go2_001,121475000000,1776934052239443874,1776934052898166372,1356710544143,1776933930764.444,658.722,50.034,-0.892007,0.080227,0.000000,-2.647543,0.086953,-0.002657,0.000000,0.000000,0.000000,-0.823500
1848,go2_001,121475000000,1776934052239443874,1776934052948109752,1356760487203,1776933930764.444,708.666,49.943,-0.892007,0.080227,0.000000,-2.647543,0.086953,-0.002657,0.000000,0.000000,0.000000,-0.823500
1849,go2_001,121475000000,1776934052239443874,1776934052998131049,1356810509046,1776933930764.444,758.687,50.021,-0.892007,0.080227,0.000000,-2.647543,0.086953,-0.002657,0.000000,0.000000,0.000000,-0.823500
1850,go2_001,121475000000,1776934052239443874,1776934053048168532,1356860545970,1776933930764.444,808.725,50.037,-0.892007,0.080227,0.000000,-2.647543,0.086953,-0.002657,0.000000,0.000000,0.000000,-0.823500
1851,go2_001,121475000000,1776934052239443874,1776934053098112767,1356910490957,1776933930764.444,858.669,49.944,-0.892007,0.080227,0.000000,-2.647543,0.086953,-0.002657,0.000000,0.000000,0.000000,-0.823500
1852,go2_001,121475000000,1776934052239443874,1776934053148157825,1356960535881,1776933930764.444,908.714,50.045,-0.892007,0.080227,0.000000,-2.647543,0.086953,-0.002657,0.000000,0.000000,0.000000,-0.823500
1853,go2_001,121475000000,1776934052239443874,1776934053198070827,1357010448504,1776933930764.444,958.627,49.913,-0.892007,0.080227,0.000000,-2.647543,0.086953,-0.002657,0.000000,0.000000,0.000000,-0.823500
1854,go2_001,121475000000,1776934052239443874,1776934053248124682,1357060502352,1776933930764.444,1008.681,50.054,-0.892007,0.080227,0.000000,-2.647543,0.086953,-0.002657,0.000000,0.000000,0.000000,-0.823500
1855,go2_001,121475000000,1776934052239443874,1776934053298119847,1357110497456,1776933930764.444,1058.676,49.995,-0.892007,0.080227,0.000000,-2.647543,0.086953,-0.002657,0.000000,0.000000,0.000000,-0.823500
1856,go2_001,121475000000,1776934052239443874,1776934053348075620,1357160453188,1776933930764.444,1108.632,49.956,-0.892007,0.080227,0.000000,-2.647543,0.086953,-0.002657,0.000000,0.000000,0.000000,-0.823500
1857,go2_001,121475000000,1776934052239443874,1776934053398114265,1357210491896,1776933930764.444,1158.670,50.039,-0.892007,0.080227,0.000000,-2.647543,0.086953,-0.002657,0.000000,0.000000,0.000000,-0.823500
1858,go2_001,121475000000,1776934052239443874,1776934053448083921,1357260461841,1776933930764.444,1208.640,49.970,-0.892007,0.080227,0.000000,-2.647543,0.086953,-0.002657,0.000000,0.000000,0.000000,-0.823500
1859,go2_001,121475000000,1776934052239443874,1776934053498840887,1357311218626,1776933930764.444,1259.397,50.757,-0.892007,0.080227,0.000000,-2.647543,0.086953,-0.002657,0.000000,0.000000,0.000000,-0.823500
1860,go2_001,121475000000,1776934052239443874,1776934053548283507,1357360661054,1776933930764.444,1308.840,49.443,-0.892007,0.080227,0.000000,-2.647543,0.086953,-0.002657,0.000000,0.000000,0.000000,-0.823500
1861,go2_001,121475000000,1776934052239443874,1776934053598054689,1357410432135,1776933930764.444,1358.611,49.771,-0.892007,0.080227,0.000000,-2.647543,0.086953,-0.002657,0.000000,0.000000,0.000000,-0.823500
1862,go2_001,121475000000,1776934052239443874,1776934053648049111,1357460426664,1776933930764.444,1408.605,49.994,-0.892007,0.080227,0.000000,-2.647543,0.086953,-0.002657,0.000000,0.000000,0.000000,-0.823500
1863,go2_001,121475000000,1776934052239443874,1776934053698055497,1357510432980,1776933930764.444,1458.612,50.006,-0.892007,0.080227,0.000000,-2.647543,0.086953,-0.002657,0.000000,0.000000,0.000000,-0.823500
1864,go2_001,121475000000,1776934052239443874,1776934053748058120,1357560435683,1776933930764.444,1508.614,50.003,-0.892007,0.080227,0.000000,-2.647543,0.086953,-0.002657,0.000000,0.000000,0.000000,-0.823500
1865,go2_001,121475000000,1776934052239443874,1776934053798076721,1357610454147,1776933930764.444,1558.633,50.019,-0.892007,0.080227,0.000000,-2.647543,0.086953,-0.002657,0.000000,0.000000,0.000000,-0.823500
1866,go2_001,121475000000,1776934052239443874,1776934053848047838,1357660425224,1776933930764.444,1608.604,49.971,-0.892007,0.080227,0.000000,-2.647543,0.086953,-0.002657,0.000000,0.000000,0.000000,-0.823500
1867,go2_001,121475000000,1776934052239443874,1776934053898133983,1357710511607,1776933930764.444,1658.690,50.086,-0.892007,0.080227,0.000000,-2.647543,0.086953,-0.002657,0.000000,0.000000,0.000000,-0.823500
1868,go2_001,121475000000,1776934052239443874,1776934053948089078,1357760466633,1776933930764.444,1708.645,49.955,-0.892007,0.080227,0.000000,-2.647543,0.086953,-0.002657,0.000000,0.000000,0.000000,-0.823500
1869,go2_001,121475000000,1776934052239443874,1776934053998169237,1357810547272,1776933930764.444,1758.725,50.080,-0.892007,0.080227,0.000000,-2.647543,0.086953,-0.002657,0.000000,0.000000,0.000000,-0.823500
1870,go2_001,121475000000,1776934052239443874,1776934054048090296,1357860468655,1776933930764.444,1808.646,49.921,-0.892007,0.080227,0.000000,-2.647543,0.086953,-0.002657,0.000000,0.000000,0.000000,-0.823500
1871,go2_001,121475000000,1776934052239443874,1776934054098047353,1357910424776,1776933930764.444,1858.603,49.957,-0.892007,0.080227,0.000000,-2.647543,0.086953,-0.002657,0.000000,0.000000,0.000000,-0.823500
1872,go2_001,121475000000,1776934052239443874,1776934054148058754,1357960436171,1776933930764.444,1908.615,50.011,-0.892007,0.080227,0.000000,-2.647543,0.086953,-0.002657,0.000000,0.000000,0.000000,-0.823500
1873,go2_001,121475000000,1776934052239443874,1776934054198047319,1358010424761,1776933930764.444,1958.603,49.989,-0.892007,0.080227,0.000000,-2.647543,0.086953,-0.002657,0.000000,0.000000,0.000000,-0.823500
1874,go2_001,121475000000,1776934052239443874,1776934054248115303,1358060492875,1776933930764.444,2008.671,50.068,-0.892007,0.080227,0.000000,-2.647543,0.086953,-0.002657,0.000000,0.000000,0.000000,-0.823500
1875,go2_001,121475000000,1776934052239443874,1776934054298098559,1358110476329,1776933930764.444,2058.655,49.983,-0.892007,0.080227,0.000000,-2.647543,0.086953,-0.002657,0.000000,0.000000,0.000000,-0.823500
1876,go2_001,121475000000,1776934052239443874,1776934054348087712,1358160465475,1776933930764.444,2108.644,49.989,-0.892007,0.080227,0.000000,-2.647543,0.086953,-0.002657,0.000000,0.000000,0.000000,-0.823500
1877,go2_001,121475000000,1776934052239443874,1776934054398154104,1358210531747,1776933930764.444,2158.710,50.066,-0.892007,0.080227,0.000000,-2.647543,0.086953,-0.002657,0.000000,0.000000,0.000000,-0.823500
1878,go2_001,121475000000,1776934052239443874,1776934054448047472,1358260425091,1776933930764.444,2208.604,49.893,-0.892007,0.080227,0.000000,-2.647543,0.086953,-0.002657,0.000000,0.000000,0.000000,-0.823500
1879,go2_001,121475000000,1776934052239443874,1776934054498189830,1358310567258,1776933930764.444,2258.746,50.142,-0.892007,0.080227,0.000000,-2.647543,0.086953,-0.002657,0.000000,0.000000,0.000000,-0.823500
1880,go2_001,121475000000,1776934052239443874,1776934054548157100,1358360534886,1776933930764.444,2308.713,49.967,-0.892007,0.080227,0.000000,-2.647543,0.086953,-0.002657,0.000000,0.000000,0.000000,-0.823500
1881,go2_001,121475000000,1776934052239443874,1776934054598119707,1358410497474,1776933930764.444,2358.676,49.963,-0.892007,0.080227,0.000000,-2.647543,0.086953,-0.002657,0.000000,0.000000,0.000000,-0.823500
1882,go2_001,121475000000,1776934052239443874,1776934054648093153,1358460470921,1776933930764.444,2408.649,49.973,-0.892007,0.080227,0.000000,-2.647543,0.086953,-0.002657,0.000000,0.000000,0.000000,-0.823500
1883,go2_001,121475000000,1776934052239443874,1776934054698075280,1358510452905,1776933930764.444,2458.631,49.982,-0.892007,0.080227,0.000000,-2.647543,0.086953,-0.002657,0.000000,0.000000,0.000000,-0.823500
1884,go2_001,121475000000,1776934052239443874,1776934054748075356,1358560452811,1776933930764.444,2508.631,50.000,-0.892007,0.080227,0.000000,-2.647543,0.086953,-0.002657,0.000000,0.000000,0.000000,-0.823500
1885,go2_001,121475000000,1776934052239443874,1776934054798078878,1358610456298,1776933930764.444,2558.635,50.004,-0.892007,0.080227,0.000000,-2.647543,0.086953,-0.002657,0.000000,0.000000,0.000000,-0.823500
1886,go2_001,121475000000,1776934052239443874,1776934054848039312,1358660416809,1776933930764.444,2608.595,49.960,-0.892007,0.080227,0.000000,-2.647543,0.086953,-0.002657,0.000000,0.000000,0.000000,-0.823500
1887,go2_001,121475000000,1776934052239443874,1776934054898059246,1358710436660,1776933930764.444,2658.615,50.020,-0.892007,0.080227,0.000000,-2.647543,0.086953,-0.002657,0.000000,0.000000,0.000000,-0.823500
1888,go2_001,121475000000,1776934052239443874,1776934054948132257,1358760510005,1776933930764.444,2708.688,50.073,-0.892007,0.080227,0.000000,-2.647543,0.086953,-0.002657,0.000000,0.000000,0.000000,-0.823500
1889,go2_001,121475000000,1776934052239443874,1776934054998076883,1358810454197,1776933930764.444,2758.633,49.945,-0.892007,0.080227,0.000000,-2.647543,0.086953,-0.002657,0.000000,0.000000,0.000000,-0.823500
1890,go2_001,121475000000,1776934052239443874,1776934055048089572,1358860467120,1776933930764.444,2808.646,50.013,-0.892007,0.080227,0.000000,-2.647543,0.086953,-0.002657,0.000000,0.000000,0.000000,-0.823500
1891,go2_001,121475000000,1776934052239443874,1776934055098085162,1358910462768,1776933930764.444,2858.641,49.996,-0.892007,0.080227,0.000000,-2.647543,0.086953,-0.002657,0.000000,0.000000,0.000000,-0.823500
1892,go2_001,121475000000,1776934052239443874,1776934055148107712,1358960485672,1776933930764.444,2908.664,50.023,-0.892007,0.080227,0.000000,-2.647543,0.086953,-0.002657,0.000000,0.000000,0.000000,-0.823500
1893,go2_001,121475000000,1776934052239443874,1776934055198089285,1359010466863,1776933930764.444,2958.645,49.982,-0.892007,0.080227,0.000000,-2.647543,0.086953,-0.002657,0.000000,0.000000,0.000000,-0.823500
1894,go2_001,121475000000,1776934052239443874,1776934055248101351,1359060478994,1776933930764.444,3008.657,50.012,-0.892007,0.080227,0.000000,-2.647543,0.086953,-0.002657,0.000000,0.000000,0.000000,-0.823500
1895,go2_001,121475000000,1776934052239443874,1776934055298898643,1359111276278,1776933930764.444,3059.455,50.797,-0.892007,0.080227,0.000000,-2.647543,0.086953,-0.002657,0.000000,0.000000,0.000000,-0.823500
1896,go2_001,121475000000,1776934052239443874,1776934055348115436,1359160493054,1776933930764.444,3108.672,49.217,-0.892007,0.080227,0.000000,-2.647543,0.086953,-0.002657,0.000000,0.000000,0.000000,-0.823500
1897,go2_001,121475000000,1776934052239443874,1776934055398111996,1359210489561,1776933930764.444,3158.668,49.997,-0.892007,0.080227,0.000000,-2.647543,0.086953,-0.002657,0.000000,0.000000,0.000000,-0.823500
1898,go2_001,121475000000,1776934052239443874,1776934055448093101,1359260470926,1776933930764.444,3208.649,49.981,-0.892007,0.080227,0.000000,-2.647543,0.086953,-0.002657,0.000000,0.000000,0.000000,-0.823500
1899,go2_001,121475000000,1776934052239443874,1776934055498135471,1359310513390,1776933930764.444,3258.692,50.042,-0.892007,0.080227,0.000000,-2.647543,0.086953,-0.002657,0.000000,0.000000,0.000000,-0.823500
1900,go2_001,121475000000,1776934052239443874,1776934055548038186,1359360415662,1776933930764.444,3308.594,49.903,-0.892007,0.080227,0.000000,-2.647543,0.086953,-0.002657,0.000000,0.000000,0.000000,-0.823500
1901,go2_001,121475000000,1776934052239443874,1776934055598121759,1359410499924,1776933930764.444,3358.678,50.084,-0.892007,0.080227,0.000000,-2.647543,0.086953,-0.002657,0.000000,0.000000,0.000000,-0.823500
1902,go2_001,121475000000,1776934052239443874,1776934055648112542,1359460490150,1776933930764.444,3408.669,49.991,-0.892007,0.080227,0.000000,-2.647543,0.086953,-0.002657,0.000000,0.000000,0.000000,-0.823500
1903,go2_001,121475000000,1776934052239443874,1776934055698104787,1359510482430,1776933930764.444,3458.661,49.992,-0.892007,0.080227,0.000000,-2.647543,0.086953,-0.002657,0.000000,0.000000,0.000000,-0.823500
1904,go2_001,121475000000,1776934052239443874,1776934055748098831,1359560476800,1776933930764.444,3508.655,49.994,-0.892007,0.080227,0.000000,-2.647543,0.086953,-0.002657,0.000000,0.000000,0.000000,-0.823500
1905,go2_001,121475000000,1776934052239443874,1776934055798124554,1359610502055,1776933930764.444,3558.681,50.026,-0.892007,0.080227,0.000000,-2.647543,0.086953,-0.002657,0.000000,0.000000,0.000000,-0.823500
1906,go2_001,121475000000,1776934052239443874,1776934055848098284,1359660475898,1776933930764.444,3608.654,49.974,-0.892007,0.080227,0.000000,-2.647543,0.086953,-0.002657,0.000000,0.000000,0.000000,-0.823500
1907,go2_001,121475000000,1776934052239443874,1776934055898072193,1359710449705,1776933930764.444,3658.628,49.974,-0.892007,0.080227,0.000000,-2.647543,0.086953,-0.002657,0.000000,0.000000,0.000000,-0.823500
1908,go2_001,121475000000,1776934052239443874,1776934055948154443,1359760532594,1776933930764.444,3708.711,50.082,-0.892007,0.080227,0.000000,-2.647543,0.086953,-0.002657,0.000000,0.000000,0.000000,-0.823500
1909,go2_001,121475000000,1776934052239443874,1776934055998098532,1359810476272,1776933930764.444,3758.655,49.944,-0.892007,0.080227,0.000000,-2.647543,0.086953,-0.002657,0.000000,0.000000,0.000000,-0.823500
1910,go2_001,121475000000,1776934052239443874,1776934056048045848,1359860423289,1776933930764.444,3808.602,49.947,-0.892007,0.080227,0.000000,-2.647543,0.086953,-0.002657,0.000000,0.000000,0.000000,-0.823500
1911,go2_001,121475000000,1776934052239443874,1776934056098042768,1359910420100,1776933930764.444,3858.599,49.997,-0.892007,0.080227,0.000000,-2.647543,0.086953,-0.002657,0.000000,0.000000,0.000000,-0.823500
1912,go2_001,121475000000,1776934052239443874,1776934056148086556,1359960464004,1776933930764.444,3908.643,50.044,-0.892007,0.080227,0.000000,-2.647543,0.086953,-0.002657,0.000000,0.000000,0.000000,-0.823500
1913,go2_001,121475000000,1776934052239443874,1776934056198086566,1360010464073,1776933930764.444,3958.643,50.000,-0.892007,0.080227,0.000000,-2.647543,0.086953,-0.002657,0.000000,0.000000,0.000000,-0.823500
1914,go2_001,121475000000,1776934052239443874,1776934056248069585,1360060446970,1776933930764.444,4008.626,49.983,-0.892007,0.080227,0.000000,-2.647543,0.086953,-0.002657,0.000000,0.000000,0.000000,-0.823500
1915,go2_001,121475000000,1776934052239443874,1776934056298077749,1360110455276,1776933930764.444,4058.634,50.008,-0.892007,0.080227,0.000000,-2.647543,0.086953,-0.002657,0.000000,0.000000,0.000000,-0.823500
1916,go2_001,121475000000,1776934052239443874,1776934056348056548,1360160434655,1776933930764.444,4108.613,49.979,-0.892007,0.080227,0.000000,-2.647543,0.086953,-0.002657,0.000000,0.000000,0.000000,-0.823500
1917,go2_001,121475000000,1776934052239443874,1776934056398091475,1360210469069,1776933930764.444,4158.648,50.035,-0.892007,0.080227,0.000000,-2.647543,0.086953,-0.002657,0.000000,0.000000,0.000000,-0.823500
1918,go2_001,121475000000,1776934052239443874,1776934056448123487,1360260501643,1776933930764.444,4208.680,50.032,-0.892007,0.080227,0.000000,-2.647543,0.086953,-0.002657,0.000000,0.000000,0.000000,-0.823500
1919,go2_001,121475000000,1776934052239443874,1776934056498123210,1360310500958,1776933930764.444,4258.679,50.000,-0.892007,0.080227,0.000000,-2.647543,0.086953,-0.002657,0.000000,0.000000,0.000000,-0.823500
1920,go2_001,121475000000,1776934052239443874,1776934056548104370,1360360482112,1776933930764.444,4308.660,49.981,-0.892007,0.080227,0.000000,-2.647543,0.086953,-0.002657,0.000000,0.000000,0.000000,-0.823500
1921,go2_001,121475000000,1776934052239443874,1776934056598932845,1360411310434,1776933930764.444,4359.489,50.828,-0.892007,0.080227,0.000000,-2.647543,0.086953,-0.002657,0.000000,0.000000,0.000000,-0.823500
1922,go2_001,121475000000,1776934052239443874,1776934056648056844,1360460434287,1776933930764.444,4408.613,49.124,-0.892007,0.080227,0.000000,-2.647543,0.086953,-0.002657,0.000000,0.000000,0.000000,-0.823500
1923,go2_001,121475000000,1776934052239443874,1776934056698047057,1360510424572,1776933930764.444,4458.603,49.990,-0.892007,0.080227,0.000000,-2.647543,0.086953,-0.002657,0.000000,0.000000,0.000000,-0.823500
1924,go2_001,121475000000,1776934052239443874,1776934056748066553,1360560444006,1776933930764.444,4508.623,50.019,-0.892007,0.080227,0.000000,-2.647543,0.086953,-0.002657,0.000000,0.000000,0.000000,-0.823500
1925,go2_001,121475000000,1776934052239443874,1776934056798040373,1360610417924,1776933930764.444,4558.596,49.974,-0.892007,0.080227,0.000000,-2.647543,0.086953,-0.002657,0.000000,0.000000,0.000000,-0.823500
1926,go2_001,121475000000,1776934052239443874,1776934056848048582,1360660425995,1776933930764.444,4608.605,50.008,-0.892007,0.080227,0.000000,-2.647543,0.086953,-0.002657,0.000000,0.000000,0.000000,-0.823500
1927,go2_001,121475000000,1776934052239443874,1776934056898099449,1360710477241,1776933930764.444,4658.656,50.051,-0.892007,0.080227,0.000000,-2.647543,0.086953,-0.002657,0.000000,0.000000,0.000000,-0.823500
1928,go2_001,121475000000,1776934052239443874,1776934056948087958,1360760465553,1776933930764.444,4708.644,49.989,-0.892007,0.080227,0.000000,-2.647543,0.086953,-0.002657,0.000000,0.000000,0.000000,-0.823500
1929,go2_001,121475000000,1776934052239443874,1776934056998198134,1360810578436,1776933930764.444,4758.754,50.110,-0.892007,0.080227,0.000000,-2.647543,0.086953,-0.002657,0.000000,0.000000,0.000000,-0.823500
1930,go2_001,121475000000,1776934052239443874,1776934057048047072,1360860424614,1776933930764.444,4808.603,49.849,-0.892007,0.080227,0.000000,-2.647543,0.086953,-0.002657,0.000000,0.000000,0.000000,-0.823500
1931,go2_001,121475000000,1776934052239443874,1776934057098146611,1360910524901,1776933930764.444,4858.703,50.100,-0.892007,0.080227,0.000000,-2.647543,0.086953,-0.002657,0.000000,0.000000,0.000000,-0.823500
1932,go2_001,121475000000,1776934052239443874,1776934057148100123,1360960477719,1776933930764.444,4908.656,49.954,-0.892007,0.080227,0.000000,-2.647543,0.086953,-0.002657,0.000000,0.000000,0.000000,-0.823500
1933,go2_001,121475000000,1776934052239443874,1776934057198160201,1361010537915,1776933930764.444,4958.716,50.060,-0.892007,0.080227,0.000000,-2.647543,0.086953,-0.002657,0.000000,0.000000,0.000000,-0.823500
1934,go2_001,121475000000,1776934052239443874,1776934057248048579,1361060426152,1776933930764.444,5008.605,49.888,-0.892007,0.080227,0.000000,-2.647543,0.086953,-0.002657,0.000000,0.000000,0.000000,-0.823500
1935,go2_001,121475000000,1776934052239443874,1776934057298116356,1361110494454,1776933930764.444,5058.672,50.068,-0.892007,0.080227,0.000000,-2.647543,0.086953,-0.002657,0.000000,0.000000,0.000000,-0.823500
1936,go2_001,121475000000,1776934052239443874,1776934057348186830,1361160564572,1776933930764.444,5108.743,50.070,-0.892007,0.080227,0.000000,-2.647543,0.086953,-0.002657,0.000000,0.000000,0.000000,-0.823500
1937,go2_001,121475000000,1776934052239443874,1776934057400876329,1361213254185,1776933930764.444,5161.432,52.689,-0.892007,0.080227,0.000000,-2.647543,0.086953,-0.002657,0.000000,0.000000,0.000000,-0.823500
1938,go2_001,121475000000,1776934052239443874,1776934057448148325,1361260526142,1776933930764.444,5208.704,47.272,-0.892007,0.080227,0.000000,-2.647543,0.086953,-0.002657,0.000000,0.000000,0.000000,-0.823500
1939,go2_001,121475000000,1776934052239443874,1776934057498134013,1361310511898,1776933930764.444,5258.690,49.986,-0.892007,0.080227,0.000000,-2.647543,0.086953,-0.002657,0.000000,0.000000,0.000000,-0.823500
1940,go2_001,121475000000,1776934052239443874,1776934057548890391,1361361268486,1776933930764.444,5309.447,50.756,-0.892007,0.080227,0.000000,-2.647543,0.086953,-0.002657,0.000000,0.000000,0.000000,-0.823500
1941,go2_001,121475000000,1776934052239443874,1776934057598577489,1361410955939,1776933930764.444,5359.134,49.687,-0.892007,0.080227,0.000000,-2.647543,0.086953,-0.002657,0.000000,0.000000,0.000000,-0.823500
1942,go2_001,121475000000,1776934052239443874,1776934057648091163,1361460468733,1776933930764.444,5408.647,49.514,-0.892007,0.080227,0.000000,-2.647543,0.086953,-0.002657,0.000000,0.000000,0.000000,-0.823500
1943,go2_001,121475000000,1776934052239443874,1776934057698187975,1361510565790,1776933930764.444,5458.744,50.097,-0.892007,0.080227,0.000000,-2.647543,0.086953,-0.002657,0.000000,0.000000,0.000000,-0.823500
1944,go2_001,121475000000,1776934052239443874,1776934057748224339,1361560601929,1776933930764.444,5508.780,50.036,-0.892007,0.080227,0.000000,-2.647543,0.086953,-0.002657,0.000000,0.000000,0.000000,-0.823500
1945,go2_001,121475000000,1776934052239443874,1776934057798185207,1361610562992,1776933930764.444,5558.741,49.961,-0.892007,0.080227,0.000000,-2.647543,0.086953,-0.002657,0.000000,0.000000,0.000000,-0.823500
1946,go2_001,121475000000,1776934052239443874,1776934057848196911,1361660574821,1776933930764.444,5608.753,50.012,-0.892007,0.080227,0.000000,-2.647543,0.086953,-0.002657,0.000000,0.000000,0.000000,-0.823500
1947,go2_001,121475000000,1776934052239443874,1776934057898721115,1361711098971,1776933930764.444,5659.277,50.524,-0.892007,0.080227,0.000000,-2.647543,0.086953,-0.002657,0.000000,0.000000,0.000000,-0.823500
1948,go2_001,121475000000,1776934052239443874,1776934057948165787,1361760543656,1776933930764.444,5708.722,49.445,-0.892007,0.080227,0.000000,-2.647543,0.086953,-0.002657,0.000000,0.000000,0.000000,-0.823500
1949,go2_001,121475000000,1776934052239443874,1776934057998108453,1361810486065,1776933930764.444,5758.665,49.943,-0.892007,0.080227,0.000000,-2.647543,0.086953,-0.002657,0.000000,0.000000,0.000000,-0.823500
1950,go2_001,121475000000,1776934052239443874,1776934058048178388,1361860556331,1776933930764.444,5808.735,50.070,-0.892007,0.080227,0.000000,-2.647543,0.086953,-0.002657,0.000000,0.000000,0.000000,-0.823500
1951,go2_001,121475000000,1776934052239443874,1776934058098147251,1361910525477,1776933930764.444,5858.703,49.969,-0.892007,0.080227,0.000000,-2.647543,0.086953,-0.002657,0.000000,0.000000,0.000000,-0.823500
1952,go2_001,121475000000,1776934052239443874,1776934058148148357,1361960526094,1776933930764.444,5908.704,50.001,-0.892007,0.080227,0.000000,-2.647543,0.086953,-0.002657,0.000000,0.000000,0.000000,-0.823500
1953,go2_001,121475000000,1776934052239443874,1776934058198180130,1362010557984,1776933930764.444,5958.736,50.032,-0.892007,0.080227,0.000000,-2.647543,0.086953,-0.002657,0.000000,0.000000,0.000000,-0.823500
1954,go2_001,121475000000,1776934052239443874,1776934058248809681,1362061187390,1776933930764.444,6009.366,50.630,-0.892007,0.080227,0.000000,-2.647543,0.086953,-0.002657,0.000000,0.000000,0.000000,-0.823500
1955,go2_001,121475000000,1776934052239443874,1776934058298658333,1362111036236,1776933930764.444,6059.214,49.849,-0.892007,0.080227,0.000000,-2.647543,0.086953,-0.002657,0.000000,0.000000,0.000000,-0.823500
1956,go2_001,121475000000,1776934052239443874,1776934058348145059,1362160522936,1776933930764.444,6108.701,49.487,-0.892007,0.080227,0.000000,-2.647543,0.086953,-0.002657,0.000000,0.000000,0.000000,-0.823500
1957,go2_001,121475000000,1776934052239443874,1776934058398168012,1362210545826,1776933930764.444,6158.724,50.023,-0.892007,0.080227,0.000000,-2.647543,0.086953,-0.002657,0.000000,0.000000,0.000000,-0.823500
1958,go2_001,121475000000,1776934052239443874,1776934058448971019,1362261349195,1776933930764.444,6209.527,50.803,-0.892007,0.080227,0.000000,-2.647543,0.086953,-0.002657,0.000000,0.000000,0.000000,-0.823500
1959,go2_001,121475000000,1776934052239443874,1776934058500217743,1362312595434,1776933930764.444,6260.774,51.247,-0.892007,0.080227,0.000000,-2.647543,0.086953,-0.002657,0.000000,0.000000,0.000000,-0.823500
1960,go2_001,121475000000,1776934052239443874,1776934058548129838,1362360507676,1776933930764.444,6308.686,47.912,-0.892007,0.080227,0.000000,-2.647543,0.086953,-0.002657,0.000000,0.000000,0.000000,-0.823500
1961,go2_001,121475000000,1776934052239443874,1776934058598218278,1362410596311,1776933930764.444,6358.774,50.088,-0.892007,0.080227,0.000000,-2.647543,0.086953,-0.002657,0.000000,0.000000,0.000000,-0.823500
1962,go2_001,121475000000,1776934052239443874,1776934058648223301,1362460601319,1776933930764.444,6408.779,50.005,-0.892007,0.080227,0.000000,-2.647543,0.086953,-0.002657,0.000000,0.000000,0.000000,-0.823500
1963,go2_001,121475000000,1776934052239443874,1776934058698914178,1362511292246,1776933930764.444,6459.470,50.691,-0.892007,0.080227,0.000000,-2.647543,0.086953,-0.002657,0.000000,0.000000,0.000000,-0.823500
1964,go2_001,121475000000,1776934052239443874,1776934058748409995,1362561078092,1776933930764.444,6508.966,49.496,-0.892007,0.080227,0.000000,-2.647543,0.086953,-0.002657,0.000000,0.000000,0.000000,-0.823500
1965,go2_001,121475000000,1776934052239443874,1776934058798155784,1362610533877,1776933930764.444,6558.712,49.746,-0.892007,0.080227,0.000000,-2.647543,0.086953,-0.002657,0.000000,0.000000,0.000000,-0.823500
1966,go2_001,121475000000,1776934052239443874,1776934058848137559,1362660515401,1776933930764.444,6608.694,49.982,-0.892007,0.080227,0.000000,-2.647543,0.086953,-0.002657,0.000000,0.000000,0.000000,-0.823500
1967,go2_001,121475000000,1776934052239443874,1776934058900085142,1362712462888,1776933930764.444,6660.641,51.948,-0.892007,0.080227,0.000000,-2.647543,0.086953,-0.002657,0.000000,0.000000,0.000000,-0.823500
1968,go2_001,121475000000,1776934052239443874,1776934058948129655,1362760507436,1776933930764.444,6708.686,48.045,-0.892007,0.080227,0.000000,-2.647543,0.086953,-0.002657,0.000000,0.000000,0.000000,-0.823500
1969,go2_001,121475000000,1776934052239443874,1776934059000835951,1362813213616,1776933930764.444,6761.392,52.706,-0.892007,0.080227,0.000000,-2.647543,0.086953,-0.002657,0.000000,0.000000,0.000000,-0.823500
1970,go2_001,121475000000,1776934052239443874,1776934059048086842,1362860464376,1776933930764.444,6808.643,47.251,-0.892007,0.080227,0.000000,-2.647543,0.086953,-0.002657,0.000000,0.000000,0.000000,-0.823500
1971,go2_001,121475000000,1776934052239443874,1776934059098048532,1362910425967,1776933930764.444,6858.605,49.962,-0.892007,0.080227,0.000000,-2.647543,0.086953,-0.002657,0.000000,0.000000,0.000000,-0.823500
1972,go2_001,121475000000,1776934052239443874,1776934059148142720,1362960520600,1776933930764.444,6908.699,50.094,-0.892007,0.080227,0.000000,-2.647543,0.086953,-0.002657,0.000000,0.000000,0.000000,-0.823500
1973,go2_001,121475000000,1776934052239443874,1776934059198320126,1363010697676,1776933930764.444,6958.876,50.177,-0.892007,0.080227,0.000000,-2.647543,0.086953,-0.002657,0.000000,0.000000,0.000000,-0.823500
1974,go2_001,121475000000,1776934052239443874,1776934059248116356,1363060494192,1776933930764.444,7008.672,49.796,-0.892007,0.080227,0.000000,-2.647543,0.086953,-0.002657,0.000000,0.000000,0.000000,-0.823500
1975,go2_001,121475000000,1776934052239443874,1776934059298045408,1363110422938,1776933930764.444,7058.602,49.929,-0.892007,0.080227,0.000000,-2.647543,0.086953,-0.002657,0.000000,0.000000,0.000000,-0.823500
1976,go2_001,121475000000,1776934052239443874,1776934059348112201,1363160490179,1776933930764.444,7108.668,50.067,-0.892007,0.080227,0.000000,-2.647543,0.086953,-0.002657,0.000000,0.000000,0.000000,-0.823500
1977,go2_001,121475000000,1776934052239443874,1776934059400840740,1363213218661,1776933930764.444,7161.397,52.729,-0.892007,0.080227,0.000000,-2.647543,0.086953,-0.002657,0.000000,0.000000,0.000000,-0.823500
1978,go2_001,121475000000,1776934052239443874,1776934059448093597,1363260471827,1776933930764.444,7208.650,47.253,-0.892007,0.080227,0.000000,-2.647543,0.086953,-0.002657,0.000000,0.000000,0.000000,-0.823500
1979,go2_001,121475000000,1776934052239443874,1776934059500795387,1363313173165,1776933930764.444,7261.352,52.702,-0.892007,0.080227,0.000000,-2.647543,0.086953,-0.002657,0.000000,0.000000,0.000000,-0.823500
1980,go2_001,121475000000,1776934052239443874,1776934059548106881,1363360484646,1776933930764.444,7308.663,47.311,-0.892007,0.080227,0.000000,-2.647543,0.086953,-0.002657,0.000000,0.000000,0.000000,-0.823500
