10:46:19,090 INFO  [main] portico.lrc: LRC initialized (HLA version: IEEE1516e)
10:46:19,092 INFO  [main] portico.lrc: Opening LRC Connection
10:46:19,093 INFO  [main] portico.lrc.jgroups: jgroups connection is up and running
10:46:19,317 DEBUG [main] org.jgroups.conf.ClassConfigurator: Using jg-magic-map.xml as magic number file and jg-protocol-ids.xml for protocol IDs
10:46:19,473 DEBUG [main] org.jgroups.stack.Configurator: set property UDP.diagnostics_addr to default value /224.0.75.75
10:46:19,481 DEBUG [main] org.jgroups.protocols.FRAG2: received CONFIG event: {bind_addr=/127.0.0.1}
10:46:19,488 DEBUG [main] org.jgroups.protocols.FRAG2: received CONFIG event: {flush_supported=true}
10:46:19,490 DEBUG [main] org.jgroups.protocols.UDP: sockets will use interface 127.0.0.1
10:46:19,497 WARN  [main] org.jgroups.protocols.UDP: [JGRP00014] the send buffer of socket DatagramSocket was set to 640KB, but the OS only allocated 212.99KB. This might lead to performance problems. Please set your max send buffer in the OS correctly (e.g. net.core.wmem_max on Linux)
10:46:19,497 WARN  [main] org.jgroups.protocols.UDP: [JGRP00014] the receive buffer of socket DatagramSocket was set to 8MB, but the OS only allocated 212.99KB. This might lead to performance problems. Please set your max receive buffer in the OS correctly (e.g. net.core.rmem_max on Linux)
10:46:19,498 WARN  [main] org.jgroups.protocols.UDP: [JGRP00014] the send buffer of socket MulticastSocket was set to 640KB, but the OS only allocated 212.99KB. This might lead to performance problems. Please set your max send buffer in the OS correctly (e.g. net.core.wmem_max on Linux)
10:46:19,498 WARN  [main] org.jgroups.protocols.UDP: [JGRP00014] the receive buffer of socket MulticastSocket was set to 25MB, but the OS only allocated 212.99KB. This might lead to performance problems. Please set your max receive buffer in the OS correctly (e.g. net.core.rmem_max on Linux)
10:46:19,498 DEBUG [main] org.jgroups.protocols.UDP: socket information:
, mcast_addr=228.10.10.10:20913, bind_addr=/127.0.0.1, ttl=8
sock: bound to 127.0.0.1:54504, receive buffer size=212992, send buffer size=212992
mcast_sock: bound to 127.0.0.1:20913, send buffer size=212992, receive buffer size=212992
10:46:19,510 DEBUG [main] org.jgroups.protocols.pbcast.GMS: election results: {domen-IdeaPad-48953=1}
10:46:19,510 DEBUG [main] org.jgroups.protocols.pbcast.GMS: sending JOIN(domen-IdeaPad-23188) to domen-IdeaPad-48953
10:46:19,576 DEBUG [main] org.jgroups.protocols.pbcast.NAKACK2: 
[domen-IdeaPad-23188 setDigest()]
existing digest:  []
new digest:       domen-IdeaPad-48953: [7 (7)], domen-IdeaPad-23188: [0 (0)]
resulting digest: domen-IdeaPad-48953: [7 (7)], domen-IdeaPad-23188: [0 (0)]
10:46:19,577 DEBUG [main] org.jgroups.protocols.pbcast.GMS: domen-IdeaPad-23188: installing view [domen-IdeaPad-48953|1] [domen-IdeaPad-48953, domen-IdeaPad-23188]
10:46:19,584 DEBUG [main] org.jgroups.protocols.pbcast.STABLE: [ergonomics] setting max_bytes to 8MB (2 members)
10:46:19,587 DEBUG [main] org.jgroups.protocols.pbcast.FLUSH: domen-IdeaPad-23188: installing view [domen-IdeaPad-48953|1] [domen-IdeaPad-48953, domen-IdeaPad-23188]
10:46:19,587 DEBUG [Regular] org.jgroups.protocols.pbcast.FLUSH: domen-IdeaPad-23188: received STOP_FLUSH, unblocking FLUSH.down() and sending UNBLOCK up
10:46:20,591 INFO  [main] portico.lrc.jgroups: Found co-ordinator: 651e86ba-c8d2-40d2-93e3-e498183bac7e
10:46:20,592 ERROR [main] portico.lrc.jgroups: FAILURE createFederation: already exists, name=DemoFederation
10:46:21,650 INFO  [main] portico.lrc.jgroups: SUCCESS Joined federation with name=GatewayFederate
10:46:21,697 INFO  [main] portico.lrc: SUCCESS Joined federate [GatewayFederate] to federation [DemoFederation]: handle=2
10:46:21,737 INFO  [main] portico.lrc: SUCCESS Published [736] with attributes [738, 742, 502, 745]
10:46:21,744 INFO  [main] portico.lrc: SUCCESS Register instance of class [736], object handle=2097153
10:46:21,809 INFO  [main] portico.lrc: SUCCESS Updated object [2097153], attributes [738, 742, 745] (RO)
10:46:21,812 INFO  [main] portico.lrc: SUCCESS Updated object [2097153], attributes [738, 742, 745] (RO)
10:46:21,856 INFO  [main] portico.lrc: SUCCESS Updated object [2097153], attributes [738, 742, 745] (RO)
10:46:21,901 INFO  [main] portico.lrc: SUCCESS Updated object [2097153], attributes [738, 742, 745] (RO)
10:46:21,955 INFO  [main] portico.lrc: SUCCESS Updated object [2097153], attributes [738, 742, 745] (RO)
10:46:22,000 INFO  [main] portico.lrc: SUCCESS Updated object [2097153], attributes [738, 742, 745] (RO)
10:46:22,051 INFO  [main] portico.lrc: SUCCESS Updated object [2097153], attributes [738, 742, 745] (RO)
10:46:22,101 INFO  [main] portico.lrc: SUCCESS Updated object [2097153], attributes [738, 742, 745] (RO)
10:46:22,150 INFO  [main] portico.lrc: SUCCESS Updated object [2097153], attributes [738, 742, 745] (RO)
10:46:22,200 INFO  [main] portico.lrc: SUCCESS Updated object [2097153], attributes [738, 742, 745] (RO)
10:46:22,251 INFO  [main] portico.lrc: SUCCESS Updated object [2097153], attributes [738, 742, 745] (RO)
10:46:22,301 INFO  [main] portico.lrc: SUCCESS Updated object [2097153], attributes [738, 742, 745] (RO)
10:46:22,350 INFO  [main] portico.lrc: SUCCESS Updated object [2097153], attributes [738, 742, 745] (RO)
10:46:22,401 INFO  [main] portico.lrc: SUCCESS Updated object [2097153], attributes [738, 742, 745] (RO)
10:46:22,450 INFO  [main] portico.lrc: SUCCESS Updated object [2097153], attributes [738, 742, 745] (RO)
10:46:22,501 INFO  [main] portico.lrc: SUCCESS Updated object [2097153], attributes [738, 742, 745] (RO)
10:46:22,550 INFO  [main] portico.lrc: SUCCESS Updated object [2097153], attributes [738, 742, 745] (RO)
10:46:22,604 INFO  [main] portico.lrc: SUCCESS Updated object [2097153], attributes [738, 742, 745] (RO)
10:46:22,652 INFO  [main] portico.lrc: SUCCESS Updated object [2097153], attributes [738, 742, 745] (RO)
10:46:22,702 INFO  [main] portico.lrc: SUCCESS Updated object [2097153], attributes [738, 742, 745] (RO)
10:46:22,750 INFO  [main] portico.lrc: SUCCESS Updated object [2097153], attributes [738, 742, 745] (RO)
10:46:22,803 INFO  [main] portico.lrc: SUCCESS Updated object [2097153], attributes [738, 742, 745] (RO)
10:46:22,850 INFO  [main] portico.lrc: SUCCESS Updated object [2097153], attributes [738, 742, 745] (RO)
10:46:22,901 INFO  [main] portico.lrc: SUCCESS Updated object [2097153], attributes [738, 742, 745] (RO)
10:46:22,952 INFO  [main] portico.lrc: SUCCESS Updated object [2097153], attributes [738, 742, 745] (RO)
10:46:23,001 INFO  [main] portico.lrc: SUCCESS Updated object [2097153], attributes [738, 742, 745] (RO)
10:46:23,051 INFO  [main] portico.lrc: SUCCESS Updated object [2097153], attributes [738, 742, 745] (RO)
10:46:23,101 INFO  [main] portico.lrc: SUCCESS Updated object [2097153], attributes [738, 742, 745] (RO)
10:46:23,151 INFO  [main] portico.lrc: SUCCESS Updated object [2097153], attributes [738, 742, 745] (RO)
10:46:23,201 INFO  [main] portico.lrc: SUCCESS Updated object [2097153], attributes [738, 742, 745] (RO)
10:46:23,250 INFO  [main] portico.lrc: SUCCESS Updated object [2097153], attributes [738, 742, 745] (RO)
10:46:23,300 INFO  [main] portico.lrc: SUCCESS Updated object [2097153], attributes [738, 742, 745] (RO)
10:46:23,350 INFO  [main] portico.lrc: SUCCESS Updated object [2097153], attributes [738, 742, 745] (RO)
10:46:23,400 INFO  [main] portico.lrc: SUCCESS Updated object [2097153], attributes [738, 742, 745] (RO)
10:46:23,452 INFO  [main] portico.lrc: SUCCESS Updated object [2097153], attributes [738, 742, 745] (RO)
10:46:23,500 INFO  [main] portico.lrc: SUCCESS Updated object [2097153], attributes [738, 742, 745] (RO)
10:46:23,551 INFO  [main] portico.lrc: SUCCESS Updated object [2097153], attributes [738, 742, 745] (RO)
10:46:23,600 INFO  [main] portico.lrc: SUCCESS Updated object [2097153], attributes [738, 742, 745] (RO)
10:46:23,650 INFO  [main] portico.lrc: SUCCESS Updated object [2097153], attributes [738, 742, 745] (RO)
10:46:23,700 INFO  [main] portico.lrc: SUCCESS Updated object [2097153], attributes [738, 742, 745] (RO)
10:46:23,752 INFO  [main] portico.lrc: SUCCESS Updated object [2097153], attributes [738, 742, 745] (RO)
10:46:23,801 INFO  [main] portico.lrc: SUCCESS Updated object [2097153], attributes [738, 742, 745] (RO)
10:46:23,850 INFO  [main] portico.lrc: SUCCESS Updated object [2097153], attributes [738, 742, 745] (RO)
10:46:23,900 INFO  [main] portico.lrc: SUCCESS Updated object [2097153], attributes [738, 742, 745] (RO)
10:46:23,950 INFO  [main] portico.lrc: SUCCESS Updated object [2097153], attributes [738, 742, 745] (RO)
10:46:24,001 INFO  [main] portico.lrc: SUCCESS Updated object [2097153], attributes [738, 742, 745] (RO)
10:46:24,049 INFO  [main] portico.lrc: SUCCESS Updated object [2097153], attributes [738, 742, 745] (RO)
10:46:24,100 INFO  [main] portico.lrc: SUCCESS Updated object [2097153], attributes [738, 742, 745] (RO)
10:46:24,150 INFO  [main] portico.lrc: SUCCESS Updated object [2097153], attributes [738, 742, 745] (RO)
10:46:24,201 INFO  [main] portico.lrc: SUCCESS Updated object [2097153], attributes [738, 742, 745] (RO)
10:46:24,251 INFO  [main] portico.lrc: SUCCESS Updated object [2097153], attributes [738, 742, 745] (RO)
10:46:24,302 INFO  [main] portico.lrc: SUCCESS Updated object [2097153], attributes [738, 742, 745] (RO)
10:46:24,350 INFO  [main] portico.lrc: SUCCESS Updated object [2097153], attributes [738, 742, 745] (RO)
10:46:24,400 INFO  [main] portico.lrc: SUCCESS Updated object [2097153], attributes [738, 742, 745] (RO)
10:46:24,450 INFO  [main] portico.lrc: SUCCESS Updated object [2097153], attributes [738, 742, 745] (RO)
10:46:24,501 INFO  [main] portico.lrc: SUCCESS Updated object [2097153], attributes [738, 742, 745] (RO)
10:46:24,550 INFO  [main] portico.lrc: SUCCESS Updated object [2097153], attributes [738, 742, 745] (RO)
10:46:24,602 INFO  [main] portico.lrc: SUCCESS Updated object [2097153], attributes [738, 742, 745] (RO)
10:46:24,650 INFO  [main] portico.lrc: SUCCESS Updated object [2097153], attributes [738, 742, 745] (RO)
10:46:24,699 INFO  [main] portico.lrc: SUCCESS Updated object [2097153], attributes [738, 742, 745] (RO)
10:46:24,751 INFO  [main] portico.lrc: SUCCESS Updated object [2097153], attributes [738, 742, 745] (RO)
10:46:24,800 INFO  [main] portico.lrc: SUCCESS Updated object [2097153], attributes [738, 742, 745] (RO)
10:46:24,850 INFO  [main] portico.lrc: SUCCESS Updated object [2097153], attributes [738, 742, 745] (RO)
10:46:24,902 INFO  [main] portico.lrc: SUCCESS Updated object [2097153], attributes [738, 742, 745] (RO)
10:46:24,951 INFO  [main] portico.lrc: SUCCESS Updated object [2097153], attributes [738, 742, 745] (RO)
10:46:25,001 INFO  [main] portico.lrc: SUCCESS Updated object [2097153], attributes [738, 742, 745] (RO)
10:46:25,051 INFO  [main] portico.lrc: SUCCESS Updated object [2097153], attributes [738, 742, 745] (RO)
10:46:25,101 INFO  [main] portico.lrc: SUCCESS Updated object [2097153], attributes [738, 742, 745] (RO)
10:46:25,151 INFO  [main] portico.lrc: SUCCESS Updated object [2097153], attributes [738, 742, 745] (RO)
10:46:25,200 INFO  [main] portico.lrc: SUCCESS Updated object [2097153], attributes [738, 742, 745] (RO)
10:46:25,250 INFO  [main] portico.lrc: SUCCESS Updated object [2097153], attributes [738, 742, 745] (RO)
10:46:25,300 INFO  [main] portico.lrc: SUCCESS Updated object [2097153], attributes [738, 742, 745] (RO)
10:46:25,351 INFO  [main] portico.lrc: SUCCESS Updated object [2097153], attributes [738, 742, 745] (RO)
10:46:25,401 INFO  [main] portico.lrc: SUCCESS Updated object [2097153], attributes [738, 742, 745] (RO)
10:46:25,452 INFO  [main] portico.lrc: SUCCESS Updated object [2097153], attributes [738, 742, 745] (RO)
10:46:25,501 INFO  [main] portico.lrc: SUCCESS Updated object [2097153], attributes [738, 742, 745] (RO)
10:46:25,550 INFO  [main] portico.lrc: SUCCESS Updated object [2097153], attributes [738, 742, 745] (RO)
10:46:25,601 INFO  [main] portico.lrc: SUCCESS Updated object [2097153], attributes [738, 742, 745] (RO)
10:46:25,650 INFO  [main] portico.lrc: SUCCESS Updated object [2097153], attributes [738, 742, 745] (RO)
10:46:25,701 INFO  [main] portico.lrc: SUCCESS Updated object [2097153], attributes [738, 742, 745] (RO)
10:46:25,754 INFO  [main] portico.lrc: SUCCESS Updated object [2097153], attributes [738, 742, 745] (RO)
10:46:25,800 INFO  [main] portico.lrc: SUCCESS Updated object [2097153], attributes [738, 742, 745] (RO)
10:46:25,851 INFO  [main] portico.lrc: SUCCESS Updated object [2097153], attributes [738, 742, 745] (RO)
10:46:25,901 INFO  [main] portico.lrc: SUCCESS Updated object [2097153], attributes [738, 742, 745] (RO)
10:46:25,951 INFO  [main] portico.lrc: SUCCESS Updated object [2097153], attributes [738, 742, 745] (RO)
10:46:26,000 INFO  [main] portico.lrc: SUCCESS Updated object [2097153], attributes [738, 742, 745] (RO)
10:46:26,051 INFO  [main] portico.lrc: SUCCESS Updated object [2097153], attributes [738, 742, 745] (RO)
10:46:26,100 INFO  [main] portico.lrc: SUCCESS Updated object [2097153], attributes [738, 742, 745] (RO)
10:46:26,151 INFO  [main] portico.lrc: SUCCESS Updated object [2097153], attributes [738, 742, 745] (RO)
10:46:26,200 INFO  [main] portico.lrc: SUCCESS Updated object [2097153], attributes [738, 742, 745] (RO)
10:46:26,250 INFO  [main] portico.lrc: SUCCESS Updated object [2097153], attributes [738, 742, 745] (RO)
10:46:26,301 INFO  [main] portico.lrc: SUCCESS Updated object [2097153], attributes [738, 742, 745] (RO)
10:46:26,351 INFO  [main] portico.lrc: SUCCESS Updated object [2097153], attributes [738, 742, 745] (RO)
10:46:26,401 INFO  [main] portico.lrc: SUCCESS Updated object [2097153], attributes [738, 742, 745] (RO)
10:46:26,451 INFO  [main] portico.lrc: SUCCESS Updated object [2097153], attributes [738, 742, 745] (RO)
10:46:26,500 INFO  [main] portico.lrc: SUCCESS Updated object [2097153], attributes [738, 742, 745] (RO)
10:46:26,551 INFO  [main] portico.lrc: SUCCESS Updated object [2097153], attributes [738, 742, 745] (RO)
10:46:26,602 INFO  [main] portico.lrc: SUCCESS Updated object [2097153], attributes [738, 742, 745] (RO)
10:46:26,651 INFO  [main] portico.lrc: SUCCESS Updated object [2097153], attributes [738, 742, 745] (RO)
10:46:26,701 INFO  [main] portico.lrc: SUCCESS Updated object [2097153], attributes [738, 742, 745] (RO)
10:46:26,750 INFO  [main] portico.lrc: SUCCESS Updated object [2097153], attributes [738, 742, 745] (RO)
10:46:26,800 INFO  [main] portico.lrc: SUCCESS Updated object [2097153], attributes [738, 742, 745] (RO)
10:46:26,852 INFO  [main] portico.lrc: SUCCESS Updated object [2097153], attributes [738, 742, 745] (RO)
10:46:26,900 INFO  [main] portico.lrc: SUCCESS Updated object [2097153], attributes [738, 742, 745] (RO)
10:46:26,951 INFO  [main] portico.lrc: SUCCESS Updated object [2097153], attributes [738, 742, 745] (RO)
10:46:27,000 INFO  [main] portico.lrc: SUCCESS Updated object [2097153], attributes [738, 742, 745] (RO)
10:46:27,051 INFO  [main] portico.lrc: SUCCESS Updated object [2097153], attributes [738, 742, 745] (RO)
10:46:27,102 INFO  [main] portico.lrc: SUCCESS Updated object [2097153], attributes [738, 742, 745] (RO)
10:46:27,150 INFO  [main] portico.lrc: SUCCESS Updated object [2097153], attributes [738, 742, 745] (RO)
10:46:27,200 INFO  [main] portico.lrc: SUCCESS Updated object [2097153], attributes [738, 742, 745] (RO)
10:46:27,251 INFO  [main] portico.lrc: SUCCESS Updated object [2097153], attributes [738, 742, 745] (RO)
10:46:27,300 INFO  [main] portico.lrc: SUCCESS Updated object [2097153], attributes [738, 742, 745] (RO)
10:46:27,350 INFO  [main] portico.lrc: SUCCESS Updated object [2097153], attributes [738, 742, 745] (RO)
10:46:27,401 INFO  [main] portico.lrc: SUCCESS Updated object [2097153], attributes [738, 742, 745] (RO)
10:46:27,452 INFO  [main] portico.lrc: SUCCESS Updated object [2097153], attributes [738, 742, 745] (RO)
10:46:27,500 INFO  [main] portico.lrc: SUCCESS Updated object [2097153], attributes [738, 742, 745] (RO)
10:46:27,551 INFO  [main] portico.lrc: SUCCESS Updated object [2097153], attributes [738, 742, 745] (RO)
10:46:27,601 INFO  [main] portico.lrc: SUCCESS Updated object [2097153], attributes [738, 742, 745] (RO)
10:46:27,650 INFO  [main] portico.lrc: SUCCESS Updated object [2097153], attributes [738, 742, 745] (RO)
10:46:27,700 INFO  [main] portico.lrc: SUCCESS Updated object [2097153], attributes [738, 742, 745] (RO)
10:46:27,750 INFO  [main] portico.lrc: SUCCESS Updated object [2097153], attributes [738, 742, 745] (RO)
10:46:27,803 INFO  [main] portico.lrc: SUCCESS Updated object [2097153], attributes [738, 742, 745] (RO)
10:46:27,854 INFO  [main] portico.lrc: SUCCESS Updated object [2097153], attributes [738, 742, 745] (RO)
10:46:27,901 INFO  [main] portico.lrc: SUCCESS Updated object [2097153], attributes [738, 742, 745] (RO)
10:46:27,950 INFO  [main] portico.lrc: SUCCESS Updated object [2097153], attributes [738, 742, 745] (RO)
10:46:28,001 INFO  [main] portico.lrc: SUCCESS Updated object [2097153], attributes [738, 742, 745] (RO)
10:46:28,051 INFO  [main] portico.lrc: SUCCESS Updated object [2097153], attributes [738, 742, 745] (RO)
10:46:28,102 INFO  [main] portico.lrc: SUCCESS Updated object [2097153], attributes [738, 742, 745] (RO)
10:46:28,151 INFO  [main] portico.lrc: SUCCESS Updated object [2097153], attributes [738, 742, 745] (RO)
10:46:28,202 INFO  [main] portico.lrc: SUCCESS Updated object [2097153], attributes [738, 742, 745] (RO)
10:46:28,250 INFO  [main] portico.lrc: SUCCESS Updated object [2097153], attributes [738, 742, 745] (RO)
10:46:28,300 INFO  [main] portico.lrc: SUCCESS Updated object [2097153], attributes [738, 742, 745] (RO)
10:46:28,351 INFO  [main] portico.lrc: SUCCESS Updated object [2097153], attributes [738, 742, 745] (RO)
10:46:28,401 INFO  [main] portico.lrc: SUCCESS Updated object [2097153], attributes [738, 742, 745] (RO)
10:46:28,450 INFO  [main] portico.lrc: SUCCESS Updated object [2097153], attributes [738, 742, 745] (RO)
10:46:28,499 INFO  [main] portico.lrc: SUCCESS Updated object [2097153], attributes [738, 742, 745] (RO)
10:46:28,550 INFO  [main] portico.lrc: SUCCESS Updated object [2097153], attributes [738, 742, 745] (RO)
10:46:28,600 INFO  [main] portico.lrc: SUCCESS Updated object [2097153], attributes [738, 742, 745] (RO)
10:46:28,651 INFO  [main] portico.lrc: SUCCESS Updated object [2097153], attributes [738, 742, 745] (RO)
10:46:28,700 INFO  [main] portico.lrc: SUCCESS Updated object [2097153], attributes [738, 742, 745] (RO)
10:46:28,750 INFO  [main] portico.lrc: SUCCESS Updated object [2097153], attributes [738, 742, 745] (RO)
10:46:28,800 INFO  [main] portico.lrc: SUCCESS Updated object [2097153], attributes [738, 742, 745] (RO)
10:46:28,850 INFO  [main] portico.lrc: SUCCESS Updated object [2097153], attributes [738, 742, 745] (RO)
10:46:28,900 INFO  [main] portico.lrc: SUCCESS Updated object [2097153], attributes [738, 742, 745] (RO)
10:46:28,950 INFO  [main] portico.lrc: SUCCESS Updated object [2097153], attributes [738, 742, 745] (RO)
10:46:29,001 INFO  [main] portico.lrc: SUCCESS Updated object [2097153], attributes [738, 742, 745] (RO)
10:46:29,050 INFO  [main] portico.lrc: SUCCESS Updated object [2097153], attributes [738, 742, 745] (RO)
10:46:29,101 INFO  [main] portico.lrc: SUCCESS Updated object [2097153], attributes [738, 742, 745] (RO)
10:46:29,150 INFO  [main] portico.lrc: SUCCESS Updated object [2097153], attributes [738, 742, 745] (RO)
10:46:29,201 INFO  [main] portico.lrc: SUCCESS Updated object [2097153], attributes [738, 742, 745] (RO)
10:46:29,251 INFO  [main] portico.lrc: SUCCESS Updated object [2097153], attributes [738, 742, 745] (RO)
10:46:29,302 INFO  [main] portico.lrc: SUCCESS Updated object [2097153], attributes [738, 742, 745] (RO)
10:46:29,351 INFO  [main] portico.lrc: SUCCESS Updated object [2097153], attributes [738, 742, 745] (RO)
10:46:29,402 INFO  [main] portico.lrc: SUCCESS Updated object [2097153], attributes [738, 742, 745] (RO)
10:46:29,450 INFO  [main] portico.lrc: SUCCESS Updated object [2097153], attributes [738, 742, 745] (RO)
10:46:29,501 INFO  [main] portico.lrc: SUCCESS Updated object [2097153], attributes [738, 742, 745] (RO)
10:46:29,550 INFO  [main] portico.lrc: SUCCESS Updated object [2097153], attributes [738, 742, 745] (RO)
10:46:29,600 INFO  [main] portico.lrc: SUCCESS Updated object [2097153], attributes [738, 742, 745] (RO)
10:46:29,650 INFO  [main] portico.lrc: SUCCESS Updated object [2097153], attributes [738, 742, 745] (RO)
10:46:29,701 INFO  [main] portico.lrc: SUCCESS Updated object [2097153], attributes [738, 742, 745] (RO)
10:46:29,750 INFO  [main] portico.lrc: SUCCESS Updated object [2097153], attributes [738, 742, 745] (RO)
10:46:29,801 INFO  [main] portico.lrc: SUCCESS Updated object [2097153], attributes [738, 742, 745] (RO)
10:46:29,853 INFO  [main] portico.lrc: SUCCESS Updated object [2097153], attributes [738, 742, 745] (RO)
10:46:29,900 INFO  [main] portico.lrc: SUCCESS Updated object [2097153], attributes [738, 742, 745] (RO)
10:46:29,951 INFO  [main] portico.lrc: SUCCESS Updated object [2097153], attributes [738, 742, 745] (RO)
10:46:30,001 INFO  [main] portico.lrc: SUCCESS Updated object [2097153], attributes [738, 742, 745] (RO)
10:46:30,050 INFO  [main] portico.lrc: SUCCESS Updated object [2097153], attributes [738, 742, 745] (RO)
10:46:30,100 INFO  [main] portico.lrc: SUCCESS Updated object [2097153], attributes [738, 742, 745] (RO)
10:46:30,151 INFO  [main] portico.lrc: SUCCESS Updated object [2097153], attributes [738, 742, 745] (RO)
10:46:30,202 INFO  [main] portico.lrc: SUCCESS Updated object [2097153], attributes [738, 742, 745] (RO)
10:46:30,252 INFO  [main] portico.lrc: SUCCESS Updated object [2097153], attributes [738, 742, 745] (RO)
10:46:30,301 INFO  [main] portico.lrc: SUCCESS Updated object [2097153], attributes [738, 742, 745] (RO)
10:46:30,351 INFO  [main] portico.lrc: SUCCESS Updated object [2097153], attributes [738, 742, 745] (RO)
10:46:30,400 INFO  [main] portico.lrc: SUCCESS Updated object [2097153], attributes [738, 742, 745] (RO)
10:46:30,450 INFO  [main] portico.lrc: SUCCESS Updated object [2097153], attributes [738, 742, 745] (RO)
10:46:30,500 INFO  [main] portico.lrc: SUCCESS Updated object [2097153], attributes [738, 742, 745] (RO)
10:46:30,551 INFO  [main] portico.lrc: SUCCESS Updated object [2097153], attributes [738, 742, 745] (RO)
10:46:30,600 INFO  [main] portico.lrc: SUCCESS Updated object [2097153], attributes [738, 742, 745] (RO)
10:46:30,650 INFO  [main] portico.lrc: SUCCESS Updated object [2097153], attributes [738, 742, 745] (RO)
10:46:30,702 INFO  [main] portico.lrc: SUCCESS Updated object [2097153], attributes [738, 742, 745] (RO)
10:46:30,751 INFO  [main] portico.lrc: SUCCESS Updated object [2097153], attributes [738, 742, 745] (RO)
10:46:30,802 INFO  [main] portico.lrc: SUCCESS Updated object [2097153], attributes [738, 742, 745] (RO)
10:46:30,850 INFO  [main] portico.lrc: SUCCESS Updated object [2097153], attributes [738, 742, 745] (RO)
10:46:30,901 INFO  [main] portico.lrc: SUCCESS Updated object [2097153], attributes [738, 742, 745] (RO)
10:46:30,952 INFO  [main] portico.lrc: SUCCESS Updated object [2097153], attributes [738, 742, 745] (RO)
10:46:31,000 INFO  [main] portico.lrc: SUCCESS Updated object [2097153], attributes [738, 742, 745] (RO)
10:46:31,050 INFO  [main] portico.lrc: SUCCESS Updated object [2097153], attributes [738, 742, 745] (RO)
10:46:31,101 INFO  [main] portico.lrc: SUCCESS Updated object [2097153], attributes [738, 742, 745] (RO)
10:46:31,150 INFO  [main] portico.lrc: SUCCESS Updated object [2097153], attributes [738, 742, 745] (RO)
10:46:31,200 INFO  [main] portico.lrc: SUCCESS Updated object [2097153], attributes [738, 742, 745] (RO)
10:46:31,252 INFO  [main] portico.lrc: SUCCESS Updated object [2097153], attributes [738, 742, 745] (RO)
10:46:31,300 INFO  [main] portico.lrc: SUCCESS Updated object [2097153], attributes [738, 742, 745] (RO)
10:46:31,351 INFO  [main] portico.lrc: SUCCESS Updated object [2097153], attributes [738, 742, 745] (RO)
10:46:31,401 INFO  [main] portico.lrc: SUCCESS Updated object [2097153], attributes [738, 742, 745] (RO)
10:46:31,452 INFO  [main] portico.lrc: SUCCESS Updated object [2097153], attributes [738, 742, 745] (RO)
10:46:31,502 INFO  [main] portico.lrc: SUCCESS Updated object [2097153], attributes [738, 742, 745] (RO)
10:46:31,551 INFO  [main] portico.lrc: SUCCESS Updated object [2097153], attributes [738, 742, 745] (RO)
10:46:31,600 INFO  [main] portico.lrc: SUCCESS Updated object [2097153], attributes [738, 742, 745] (RO)
10:46:31,650 INFO  [main] portico.lrc: SUCCESS Updated object [2097153], attributes [738, 742, 745] (RO)
10:46:31,699 INFO  [main] portico.lrc: SUCCESS Updated object [2097153], attributes [738, 742, 745] (RO)
10:46:31,750 INFO  [main] portico.lrc: SUCCESS Updated object [2097153], attributes [738, 742, 745] (RO)
10:46:31,800 INFO  [main] portico.lrc: SUCCESS Updated object [2097153], attributes [738, 742, 745] (RO)
10:46:31,851 INFO  [main] portico.lrc: SUCCESS Updated object [2097153], attributes [738, 742, 745] (RO)
10:46:31,901 INFO  [main] portico.lrc: SUCCESS Updated object [2097153], attributes [738, 742, 745] (RO)
10:46:31,950 INFO  [main] portico.lrc: SUCCESS Updated object [2097153], attributes [738, 742, 745] (RO)
10:46:32,001 INFO  [main] portico.lrc: SUCCESS Updated object [2097153], attributes [738, 742, 745] (RO)
10:46:32,051 INFO  [main] portico.lrc: SUCCESS Updated object [2097153], attributes [738, 742, 745] (RO)
10:46:32,101 INFO  [main] portico.lrc: SUCCESS Updated object [2097153], attributes [738, 742, 745] (RO)
10:46:32,150 INFO  [main] portico.lrc: SUCCESS Updated object [2097153], attributes [738, 742, 745] (RO)
10:46:32,201 INFO  [main] portico.lrc: SUCCESS Updated object [2097153], attributes [738, 742, 745] (RO)
10:46:32,250 INFO  [main] portico.lrc: SUCCESS Updated object [2097153], attributes [738, 742, 745] (RO)
10:46:32,303 INFO  [main] portico.lrc: SUCCESS Updated object [2097153], attributes [738, 742, 745] (RO)
10:46:32,354 INFO  [main] portico.lrc: SUCCESS Updated object [2097153], attributes [738, 742, 745] (RO)
10:46:32,400 INFO  [main] portico.lrc: SUCCESS Updated object [2097153], attributes [738, 742, 745] (RO)
10:46:32,451 INFO  [main] portico.lrc: SUCCESS Updated object [2097153], attributes [738, 742, 745] (RO)
10:46:32,500 INFO  [main] portico.lrc: SUCCESS Updated object [2097153], attributes [738, 742, 745] (RO)
10:46:32,550 INFO  [main] portico.lrc: SUCCESS Updated object [2097153], attributes [738, 742, 745] (RO)
10:46:32,604 INFO  [main] portico.lrc: SUCCESS Updated object [2097153], attributes [738, 742, 745] (RO)
10:46:32,653 INFO  [main] portico.lrc: SUCCESS Updated object [2097153], attributes [738, 742, 745] (RO)
10:46:32,700 INFO  [main] portico.lrc: SUCCESS Updated object [2097153], attributes [738, 742, 745] (RO)
10:46:32,751 INFO  [main] portico.lrc: SUCCESS Updated object [2097153], attributes [738, 742, 745] (RO)
10:46:32,800 INFO  [main] portico.lrc: SUCCESS Updated object [2097153], attributes [738, 742, 745] (RO)
10:46:32,850 INFO  [main] portico.lrc: SUCCESS Updated object [2097153], attributes [738, 742, 745] (RO)
10:46:32,900 INFO  [main] portico.lrc: SUCCESS Updated object [2097153], attributes [738, 742, 745] (RO)
10:46:32,950 INFO  [main] portico.lrc: SUCCESS Updated object [2097153], attributes [738, 742, 745] (RO)
10:46:33,002 INFO  [main] portico.lrc: SUCCESS Updated object [2097153], attributes [738, 742, 745] (RO)
10:46:33,052 INFO  [main] portico.lrc: SUCCESS Updated object [2097153], attributes [738, 742, 745] (RO)
10:46:33,102 INFO  [main] portico.lrc: SUCCESS Updated object [2097153], attributes [738, 742, 745] (RO)
10:46:33,151 INFO  [main] portico.lrc: SUCCESS Updated object [2097153], attributes [738, 742, 745] (RO)
10:46:33,201 INFO  [main] portico.lrc: SUCCESS Updated object [2097153], attributes [738, 742, 745] (RO)
10:46:33,250 INFO  [main] portico.lrc: SUCCESS Updated object [2097153], attributes [738, 742, 745] (RO)
10:46:33,301 INFO  [main] portico.lrc: SUCCESS Updated object [2097153], attributes [738, 742, 745] (RO)
10:46:33,351 INFO  [main] portico.lrc: SUCCESS Updated object [2097153], attributes [738, 742, 745] (RO)
10:46:33,401 INFO  [main] portico.lrc: SUCCESS Updated object [2097153], attributes [738, 742, 745] (RO)
10:46:33,451 INFO  [main] portico.lrc: SUCCESS Updated object [2097153], attributes [738, 742, 745] (RO)
10:46:33,502 INFO  [main] portico.lrc: SUCCESS Updated object [2097153], attributes [738, 742, 745] (RO)
10:46:33,551 INFO  [main] portico.lrc: SUCCESS Updated object [2097153], attributes [738, 742, 745] (RO)
10:46:33,600 INFO  [main] portico.lrc: SUCCESS Updated object [2097153], attributes [738, 742, 745] (RO)
10:46:33,652 INFO  [main] portico.lrc: SUCCESS Updated object [2097153], attributes [738, 742, 745] (RO)
10:46:33,700 INFO  [main] portico.lrc: SUCCESS Updated object [2097153], attributes [738, 742, 745] (RO)
10:46:33,750 INFO  [main] portico.lrc: SUCCESS Updated object [2097153], attributes [738, 742, 745] (RO)
10:46:33,803 INFO  [main] portico.lrc: SUCCESS Updated object [2097153], attributes [738, 742, 745] (RO)
10:46:33,851 INFO  [main] portico.lrc: SUCCESS Updated object [2097153], attributes [738, 742, 745] (RO)
10:46:33,901 INFO  [main] portico.lrc: SUCCESS Updated object [2097153], attributes [738, 742, 745] (RO)
10:46:33,951 INFO  [main] portico.lrc: SUCCESS Updated object [2097153], attributes [738, 742, 745] (RO)
10:46:34,000 INFO  [main] portico.lrc: SUCCESS Updated object [2097153], attributes [738, 742, 745] (RO)
10:46:34,052 INFO  [main] portico.lrc: SUCCESS Updated object [2097153], attributes [738, 742, 745] (RO)
10:46:34,100 INFO  [main] portico.lrc: SUCCESS Updated object [2097153], attributes [738, 742, 745] (RO)
10:46:34,151 INFO  [main] portico.lrc: SUCCESS Updated object [2097153], attributes [738, 742, 745] (RO)
10:46:34,200 INFO  [main] portico.lrc: SUCCESS Updated object [2097153], attributes [738, 742, 745] (RO)
10:46:34,255 INFO  [main] portico.lrc: SUCCESS Updated object [2097153], attributes [738, 742, 745] (RO)
10:46:34,300 INFO  [main] portico.lrc: SUCCESS Updated object [2097153], attributes [738, 742, 745] (RO)
10:46:34,351 INFO  [main] portico.lrc: SUCCESS Updated object [2097153], attributes [738, 742, 745] (RO)
10:46:34,400 INFO  [main] portico.lrc: SUCCESS Updated object [2097153], attributes [738, 742, 745] (RO)
10:46:34,451 INFO  [main] portico.lrc: SUCCESS Updated object [2097153], attributes [738, 742, 745] (RO)
10:46:34,502 INFO  [main] portico.lrc: SUCCESS Updated object [2097153], attributes [738, 742, 745] (RO)
10:46:34,550 INFO  [main] portico.lrc: SUCCESS Updated object [2097153], attributes [738, 742, 745] (RO)
10:46:34,600 INFO  [main] portico.lrc: SUCCESS Updated object [2097153], attributes [738, 742, 745] (RO)
10:46:34,652 INFO  [main] portico.lrc: SUCCESS Updated object [2097153], attributes [738, 742, 745] (RO)
10:46:34,702 INFO  [main] portico.lrc: SUCCESS Updated object [2097153], attributes [738, 742, 745] (RO)
10:46:34,750 INFO  [main] portico.lrc: SUCCESS Updated object [2097153], attributes [738, 742, 745] (RO)
10:46:34,800 INFO  [main] portico.lrc: SUCCESS Updated object [2097153], attributes [738, 742, 745] (RO)
10:46:34,852 INFO  [main] portico.lrc: SUCCESS Updated object [2097153], attributes [738, 742, 745] (RO)
10:46:34,900 INFO  [main] portico.lrc: SUCCESS Updated object [2097153], attributes [738, 742, 745] (RO)
10:46:34,950 INFO  [main] portico.lrc: SUCCESS Updated object [2097153], attributes [738, 742, 745] (RO)
10:46:35,000 INFO  [main] portico.lrc: SUCCESS Updated object [2097153], attributes [738, 742, 745] (RO)
10:46:35,050 INFO  [main] portico.lrc: SUCCESS Updated object [2097153], attributes [738, 742, 745] (RO)
10:46:35,099 INFO  [main] portico.lrc: SUCCESS Updated object [2097153], attributes [738, 742, 745] (RO)
10:46:35,149 INFO  [main] portico.lrc: SUCCESS Updated object [2097153], attributes [738, 742, 745] (RO)
10:46:35,199 INFO  [main] portico.lrc: SUCCESS Updated object [2097153], attributes [738, 742, 745] (RO)
10:46:35,249 INFO  [main] portico.lrc: SUCCESS Updated object [2097153], attributes [738, 742, 745] (RO)
10:46:35,299 INFO  [main] portico.lrc: SUCCESS Updated object [2097153], attributes [738, 742, 745] (RO)
10:46:35,350 INFO  [main] portico.lrc: SUCCESS Updated object [2097153], attributes [738, 742, 745] (RO)
10:46:35,399 INFO  [main] portico.lrc: SUCCESS Updated object [2097153], attributes [738, 742, 745] (RO)
10:46:35,450 INFO  [main] portico.lrc: SUCCESS Updated object [2097153], attributes [738, 742, 745] (RO)
10:46:35,500 INFO  [main] portico.lrc: SUCCESS Updated object [2097153], attributes [738, 742, 745] (RO)
10:46:35,549 INFO  [main] portico.lrc: SUCCESS Updated object [2097153], attributes [738, 742, 745] (RO)
10:46:35,599 INFO  [main] portico.lrc: SUCCESS Updated object [2097153], attributes [738, 742, 745] (RO)
10:46:35,649 INFO  [main] portico.lrc: SUCCESS Updated object [2097153], attributes [738, 742, 745] (RO)
10:46:35,699 INFO  [main] portico.lrc: SUCCESS Updated object [2097153], attributes [738, 742, 745] (RO)
10:46:35,750 INFO  [main] portico.lrc: SUCCESS Updated object [2097153], attributes [738, 742, 745] (RO)
10:46:35,800 INFO  [main] portico.lrc: SUCCESS Updated object [2097153], attributes [738, 742, 745] (RO)
10:46:35,850 INFO  [main] portico.lrc: SUCCESS Updated object [2097153], attributes [738, 742, 745] (RO)
10:46:35,899 INFO  [main] portico.lrc: SUCCESS Updated object [2097153], attributes [738, 742, 745] (RO)
10:46:35,949 INFO  [main] portico.lrc: SUCCESS Updated object [2097153], attributes [738, 742, 745] (RO)
10:46:35,999 INFO  [main] portico.lrc: SUCCESS Updated object [2097153], attributes [738, 742, 745] (RO)
10:46:36,049 INFO  [main] portico.lrc: SUCCESS Updated object [2097153], attributes [738, 742, 745] (RO)
10:46:36,099 INFO  [main] portico.lrc: SUCCESS Updated object [2097153], attributes [738, 742, 745] (RO)
10:46:36,150 INFO  [main] portico.lrc: SUCCESS Updated object [2097153], attributes [738, 742, 745] (RO)
10:46:36,204 INFO  [main] portico.lrc: SUCCESS Updated object [2097153], attributes [738, 742, 745] (RO)
10:46:36,250 INFO  [main] portico.lrc: SUCCESS Updated object [2097153], attributes [738, 742, 745] (RO)
10:46:36,299 INFO  [main] portico.lrc: SUCCESS Updated object [2097153], attributes [738, 742, 745] (RO)
10:46:36,349 INFO  [main] portico.lrc: SUCCESS Updated object [2097153], attributes [738, 742, 745] (RO)
10:46:36,399 INFO  [main] portico.lrc: SUCCESS Updated object [2097153], attributes [738, 742, 745] (RO)
10:46:36,449 INFO  [main] portico.lrc: SUCCESS Updated object [2097153], attributes [738, 742, 745] (RO)
10:46:36,500 INFO  [main] portico.lrc: SUCCESS Updated object [2097153], attributes [738, 742, 745] (RO)
10:46:36,549 INFO  [main] portico.lrc: SUCCESS Updated object [2097153], attributes [738, 742, 745] (RO)
10:46:36,599 INFO  [main] portico.lrc: SUCCESS Updated object [2097153], attributes [738, 742, 745] (RO)
10:46:36,649 INFO  [main] portico.lrc: SUCCESS Updated object [2097153], attributes [738, 742, 745] (RO)
10:46:36,699 INFO  [main] portico.lrc: SUCCESS Updated object [2097153], attributes [738, 742, 745] (RO)
10:46:36,749 INFO  [main] portico.lrc: SUCCESS Updated object [2097153], attributes [738, 742, 745] (RO)
10:46:36,799 INFO  [main] portico.lrc: SUCCESS Updated object [2097153], attributes [738, 742, 745] (RO)
10:46:36,849 INFO  [main] portico.lrc: SUCCESS Updated object [2097153], attributes [738, 742, 745] (RO)
10:46:36,899 INFO  [main] portico.lrc: SUCCESS Updated object [2097153], attributes [738, 742, 745] (RO)
10:46:36,950 INFO  [main] portico.lrc: SUCCESS Updated object [2097153], attributes [738, 742, 745] (RO)
10:46:36,999 INFO  [main] portico.lrc: SUCCESS Updated object [2097153], attributes [738, 742, 745] (RO)
10:46:37,050 INFO  [main] portico.lrc: SUCCESS Updated object [2097153], attributes [738, 742, 745] (RO)
10:46:37,100 INFO  [main] portico.lrc: SUCCESS Updated object [2097153], attributes [738, 742, 745] (RO)
10:46:37,149 INFO  [main] portico.lrc: SUCCESS Updated object [2097153], attributes [738, 742, 745] (RO)
10:46:37,199 INFO  [main] portico.lrc: SUCCESS Updated object [2097153], attributes [738, 742, 745] (RO)
10:46:37,249 INFO  [main] portico.lrc: SUCCESS Updated object [2097153], attributes [738, 742, 745] (RO)
10:46:37,299 INFO  [main] portico.lrc: SUCCESS Updated object [2097153], attributes [738, 742, 745] (RO)
10:46:37,349 INFO  [main] portico.lrc: SUCCESS Updated object [2097153], attributes [738, 742, 745] (RO)
10:46:37,399 INFO  [main] portico.lrc: SUCCESS Updated object [2097153], attributes [738, 742, 745] (RO)
10:46:37,450 INFO  [main] portico.lrc: SUCCESS Updated object [2097153], attributes [738, 742, 745] (RO)
10:46:37,500 INFO  [main] portico.lrc: SUCCESS Updated object [2097153], attributes [738, 742, 745] (RO)
10:46:37,549 INFO  [main] portico.lrc: SUCCESS Updated object [2097153], attributes [738, 742, 745] (RO)
10:46:37,599 INFO  [main] portico.lrc: SUCCESS Updated object [2097153], attributes [738, 742, 745] (RO)
10:46:37,649 INFO  [main] portico.lrc: SUCCESS Updated object [2097153], attributes [738, 742, 745] (RO)
10:46:37,699 INFO  [main] portico.lrc: SUCCESS Updated object [2097153], attributes [738, 742, 745] (RO)
10:46:37,750 INFO  [main] portico.lrc: SUCCESS Updated object [2097153], attributes [738, 742, 745] (RO)
10:46:37,800 INFO  [main] portico.lrc: SUCCESS Updated object [2097153], attributes [738, 742, 745] (RO)
10:46:37,849 INFO  [main] portico.lrc: SUCCESS Updated object [2097153], attributes [738, 742, 745] (RO)
10:46:37,899 INFO  [main] portico.lrc: SUCCESS Updated object [2097153], attributes [738, 742, 745] (RO)
10:46:37,949 INFO  [main] portico.lrc: SUCCESS Updated object [2097153], attributes [738, 742, 745] (RO)
10:46:37,999 INFO  [main] portico.lrc: SUCCESS Updated object [2097153], attributes [738, 742, 745] (RO)
10:46:38,049 INFO  [main] portico.lrc: SUCCESS Updated object [2097153], attributes [738, 742, 745] (RO)
10:46:38,099 INFO  [main] portico.lrc: SUCCESS Updated object [2097153], attributes [738, 742, 745] (RO)
10:46:38,149 INFO  [main] portico.lrc: SUCCESS Updated object [2097153], attributes [738, 742, 745] (RO)
10:46:38,202 INFO  [main] portico.lrc: SUCCESS Updated object [2097153], attributes [738, 742, 745] (RO)
10:46:38,251 INFO  [main] portico.lrc: SUCCESS Updated object [2097153], attributes [738, 742, 745] (RO)
10:46:38,299 INFO  [main] portico.lrc: SUCCESS Updated object [2097153], attributes [738, 742, 745] (RO)
10:46:38,349 INFO  [main] portico.lrc: SUCCESS Updated object [2097153], attributes [738, 742, 745] (RO)
10:46:38,399 INFO  [main] portico.lrc: SUCCESS Updated object [2097153], attributes [738, 742, 745] (RO)
10:46:38,449 INFO  [main] portico.lrc: SUCCESS Updated object [2097153], attributes [738, 742, 745] (RO)
10:46:38,499 INFO  [main] portico.lrc: SUCCESS Updated object [2097153], attributes [738, 742, 745] (RO)
10:46:38,550 INFO  [main] portico.lrc: SUCCESS Updated object [2097153], attributes [738, 742, 745] (RO)
10:46:38,599 INFO  [main] portico.lrc: SUCCESS Updated object [2097153], attributes [738, 742, 745] (RO)
10:46:38,649 INFO  [main] portico.lrc: SUCCESS Updated object [2097153], attributes [738, 742, 745] (RO)
10:46:38,699 INFO  [main] portico.lrc: SUCCESS Updated object [2097153], attributes [738, 742, 745] (RO)
10:46:38,749 INFO  [main] portico.lrc: SUCCESS Updated object [2097153], attributes [738, 742, 745] (RO)
10:46:38,799 INFO  [main] portico.lrc: SUCCESS Updated object [2097153], attributes [738, 742, 745] (RO)
10:46:38,849 INFO  [main] portico.lrc: SUCCESS Updated object [2097153], attributes [738, 742, 745] (RO)
10:46:38,899 INFO  [main] portico.lrc: SUCCESS Updated object [2097153], attributes [738, 742, 745] (RO)
10:46:38,949 INFO  [main] portico.lrc: SUCCESS Updated object [2097153], attributes [738, 742, 745] (RO)
10:46:38,999 INFO  [main] portico.lrc: SUCCESS Updated object [2097153], attributes [738, 742, 745] (RO)
10:46:39,050 INFO  [main] portico.lrc: SUCCESS Updated object [2097153], attributes [738, 742, 745] (RO)
10:46:39,099 INFO  [main] portico.lrc: SUCCESS Updated object [2097153], attributes [738, 742, 745] (RO)
10:46:39,149 INFO  [main] portico.lrc: SUCCESS Updated object [2097153], attributes [738, 742, 745] (RO)
10:46:39,199 INFO  [main] portico.lrc: SUCCESS Updated object [2097153], attributes [738, 742, 745] (RO)
10:46:39,249 INFO  [main] portico.lrc: SUCCESS Updated object [2097153], attributes [738, 742, 745] (RO)
10:46:39,299 INFO  [main] portico.lrc: SUCCESS Updated object [2097153], attributes [738, 742, 745] (RO)
10:46:39,349 INFO  [main] portico.lrc: SUCCESS Updated object [2097153], attributes [738, 742, 745] (RO)
10:46:39,399 INFO  [main] portico.lrc: SUCCESS Updated object [2097153], attributes [738, 742, 745] (RO)
10:46:39,449 INFO  [main] portico.lrc: SUCCESS Updated object [2097153], attributes [738, 742, 745] (RO)
10:46:39,499 INFO  [main] portico.lrc: SUCCESS Updated object [2097153], attributes [738, 742, 745] (RO)
10:46:39,549 INFO  [main] portico.lrc: SUCCESS Updated object [2097153], attributes [738, 742, 745] (RO)
10:46:39,599 INFO  [main] portico.lrc: SUCCESS Updated object [2097153], attributes [738, 742, 745] (RO)
10:46:39,649 INFO  [main] portico.lrc: SUCCESS Updated object [2097153], attributes [738, 742, 745] (RO)
10:46:39,700 INFO  [main] portico.lrc: SUCCESS Updated object [2097153], attributes [738, 742, 745] (RO)
10:46:39,749 INFO  [main] portico.lrc: SUCCESS Updated object [2097153], attributes [738, 742, 745] (RO)
10:46:39,799 INFO  [main] portico.lrc: SUCCESS Updated object [2097153], attributes [738, 742, 745] (RO)
10:46:39,850 INFO  [main] portico.lrc: SUCCESS Updated object [2097153], attributes [738, 742, 745] (RO)
10:46:39,900 INFO  [main] portico.lrc: SUCCESS Updated object [2097153], attributes [738, 742, 745] (RO)
10:46:39,949 INFO  [main] portico.lrc: SUCCESS Updated object [2097153], attributes [738, 742, 745] (RO)
10:46:40,000 INFO  [main] portico.lrc: SUCCESS Updated object [2097153], attributes [738, 742, 745] (RO)
10:46:40,049 INFO  [main] portico.lrc: SUCCESS Updated object [2097153], attributes [738, 742, 745] (RO)
10:46:40,102 INFO  [main] portico.lrc: SUCCESS Updated object [2097153], attributes [738, 742, 745] (RO)
10:46:40,150 INFO  [main] portico.lrc: SUCCESS Updated object [2097153], attributes [738, 742, 745] (RO)
10:46:40,200 INFO  [main] portico.lrc: SUCCESS Updated object [2097153], attributes [738, 742, 745] (RO)
10:46:40,250 INFO  [main] portico.lrc: SUCCESS Updated object [2097153], attributes [738, 742, 745] (RO)
10:46:40,299 INFO  [main] portico.lrc: SUCCESS Updated object [2097153], attributes [738, 742, 745] (RO)
10:46:40,349 INFO  [main] portico.lrc: SUCCESS Updated object [2097153], attributes [738, 742, 745] (RO)
10:46:40,399 INFO  [main] portico.lrc: SUCCESS Updated object [2097153], attributes [738, 742, 745] (RO)
10:46:40,449 INFO  [main] portico.lrc: SUCCESS Updated object [2097153], attributes [738, 742, 745] (RO)
10:46:40,499 INFO  [main] portico.lrc: SUCCESS Updated object [2097153], attributes [738, 742, 745] (RO)
10:46:40,549 INFO  [main] portico.lrc: SUCCESS Updated object [2097153], attributes [738, 742, 745] (RO)
10:46:40,600 INFO  [main] portico.lrc: SUCCESS Updated object [2097153], attributes [738, 742, 745] (RO)
10:46:40,649 INFO  [main] portico.lrc: SUCCESS Updated object [2097153], attributes [738, 742, 745] (RO)
10:46:40,699 INFO  [main] portico.lrc: SUCCESS Updated object [2097153], attributes [738, 742, 745] (RO)
10:46:40,750 INFO  [main] portico.lrc: SUCCESS Updated object [2097153], attributes [738, 742, 745] (RO)
10:46:40,799 INFO  [main] portico.lrc: SUCCESS Updated object [2097153], attributes [738, 742, 745] (RO)
10:46:40,849 INFO  [main] portico.lrc: SUCCESS Updated object [2097153], attributes [738, 742, 745] (RO)
10:46:40,899 INFO  [main] portico.lrc: SUCCESS Updated object [2097153], attributes [738, 742, 745] (RO)
10:46:40,949 INFO  [main] portico.lrc: SUCCESS Updated object [2097153], attributes [738, 742, 745] (RO)
10:46:41,000 INFO  [main] portico.lrc: SUCCESS Updated object [2097153], attributes [738, 742, 745] (RO)
10:46:41,049 INFO  [main] portico.lrc: SUCCESS Updated object [2097153], attributes [738, 742, 745] (RO)
10:46:41,100 INFO  [main] portico.lrc: SUCCESS Updated object [2097153], attributes [738, 742, 745] (RO)
10:46:41,149 INFO  [main] portico.lrc: SUCCESS Updated object [2097153], attributes [738, 742, 745] (RO)
10:46:41,199 INFO  [main] portico.lrc: SUCCESS Updated object [2097153], attributes [738, 742, 745] (RO)
10:46:41,249 INFO  [main] portico.lrc: SUCCESS Updated object [2097153], attributes [738, 742, 745] (RO)
10:46:41,299 INFO  [main] portico.lrc: SUCCESS Updated object [2097153], attributes [738, 742, 745] (RO)
10:46:41,349 INFO  [main] portico.lrc: SUCCESS Updated object [2097153], attributes [738, 742, 745] (RO)
10:46:41,399 INFO  [main] portico.lrc: SUCCESS Updated object [2097153], attributes [738, 742, 745] (RO)
10:46:41,450 INFO  [main] portico.lrc: SUCCESS Updated object [2097153], attributes [738, 742, 745] (RO)
10:46:41,499 INFO  [main] portico.lrc: SUCCESS Updated object [2097153], attributes [738, 742, 745] (RO)
10:46:41,549 INFO  [main] portico.lrc: SUCCESS Updated object [2097153], attributes [738, 742, 745] (RO)
10:46:41,599 INFO  [main] portico.lrc: SUCCESS Updated object [2097153], attributes [738, 742, 745] (RO)
10:46:41,650 INFO  [main] portico.lrc: SUCCESS Updated object [2097153], attributes [738, 742, 745] (RO)
10:46:41,699 INFO  [main] portico.lrc: SUCCESS Updated object [2097153], attributes [738, 742, 745] (RO)
10:46:41,749 INFO  [main] portico.lrc: SUCCESS Updated object [2097153], attributes [738, 742, 745] (RO)
10:46:41,799 INFO  [main] portico.lrc: SUCCESS Updated object [2097153], attributes [738, 742, 745] (RO)
10:46:41,850 INFO  [main] portico.lrc: SUCCESS Updated object [2097153], attributes [738, 742, 745] (RO)
10:46:41,904 INFO  [main] portico.lrc: SUCCESS Updated object [2097153], attributes [738, 742, 745] (RO)
10:46:41,950 INFO  [main] portico.lrc: SUCCESS Updated object [2097153], attributes [738, 742, 745] (RO)
10:46:41,999 INFO  [main] portico.lrc: SUCCESS Updated object [2097153], attributes [738, 742, 745] (RO)
10:46:42,049 INFO  [main] portico.lrc: SUCCESS Updated object [2097153], attributes [738, 742, 745] (RO)
10:46:42,099 INFO  [main] portico.lrc: SUCCESS Updated object [2097153], attributes [738, 742, 745] (RO)
10:46:42,149 INFO  [main] portico.lrc: SUCCESS Updated object [2097153], attributes [738, 742, 745] (RO)
10:46:42,199 INFO  [main] portico.lrc: SUCCESS Updated object [2097153], attributes [738, 742, 745] (RO)
10:46:42,249 INFO  [main] portico.lrc: SUCCESS Updated object [2097153], attributes [738, 742, 745] (RO)
10:46:42,299 INFO  [main] portico.lrc: SUCCESS Updated object [2097153], attributes [738, 742, 745] (RO)
10:46:42,349 INFO  [main] portico.lrc: SUCCESS Updated object [2097153], attributes [738, 742, 745] (RO)
10:46:42,399 INFO  [main] portico.lrc: SUCCESS Updated object [2097153], attributes [738, 742, 745] (RO)
10:46:42,449 INFO  [main] portico.lrc: SUCCESS Updated object [2097153], attributes [738, 742, 745] (RO)
10:46:42,499 INFO  [main] portico.lrc: SUCCESS Updated object [2097153], attributes [738, 742, 745] (RO)
10:46:42,549 INFO  [main] portico.lrc: SUCCESS Updated object [2097153], attributes [738, 742, 745] (RO)
10:46:42,599 INFO  [main] portico.lrc: SUCCESS Updated object [2097153], attributes [738, 742, 745] (RO)
10:46:42,649 INFO  [main] portico.lrc: SUCCESS Updated object [2097153], attributes [738, 742, 745] (RO)
10:46:42,700 INFO  [main] portico.lrc: SUCCESS Updated object [2097153], attributes [738, 742, 745] (RO)
10:46:42,749 INFO  [main] portico.lrc: SUCCESS Updated object [2097153], attributes [738, 742, 745] (RO)
10:46:42,799 INFO  [main] portico.lrc: SUCCESS Updated object [2097153], attributes [738, 742, 745] (RO)
10:46:42,849 INFO  [main] portico.lrc: SUCCESS Updated object [2097153], attributes [738, 742, 745] (RO)
10:46:42,899 INFO  [main] portico.lrc: SUCCESS Updated object [2097153], attributes [738, 742, 745] (RO)
10:46:42,949 INFO  [main] portico.lrc: SUCCESS Updated object [2097153], attributes [738, 742, 745] (RO)
10:46:42,999 INFO  [main] portico.lrc: SUCCESS Updated object [2097153], attributes [738, 742, 745] (RO)
10:46:43,050 INFO  [main] portico.lrc: SUCCESS Updated object [2097153], attributes [738, 742, 745] (RO)
10:46:43,099 INFO  [main] portico.lrc: SUCCESS Updated object [2097153], attributes [738, 742, 745] (RO)
10:46:43,149 INFO  [main] portico.lrc: SUCCESS Updated object [2097153], attributes [738, 742, 745] (RO)
10:46:43,200 INFO  [main] portico.lrc: SUCCESS Updated object [2097153], attributes [738, 742, 745] (RO)
10:46:43,249 INFO  [main] portico.lrc: SUCCESS Updated object [2097153], attributes [738, 742, 745] (RO)
10:46:43,299 INFO  [main] portico.lrc: SUCCESS Updated object [2097153], attributes [738, 742, 745] (RO)
10:46:43,349 INFO  [main] portico.lrc: SUCCESS Updated object [2097153], attributes [738, 742, 745] (RO)
10:46:43,400 INFO  [main] portico.lrc: SUCCESS Updated object [2097153], attributes [738, 742, 745] (RO)
10:46:43,450 INFO  [main] portico.lrc: SUCCESS Updated object [2097153], attributes [738, 742, 745] (RO)
10:46:43,499 INFO  [main] portico.lrc: SUCCESS Updated object [2097153], attributes [738, 742, 745] (RO)
10:46:43,549 INFO  [main] portico.lrc: SUCCESS Updated object [2097153], attributes [738, 742, 745] (RO)
10:46:43,599 INFO  [main] portico.lrc: SUCCESS Updated object [2097153], attributes [738, 742, 745] (RO)
10:46:43,649 INFO  [main] portico.lrc: SUCCESS Updated object [2097153], attributes [738, 742, 745] (RO)
10:46:43,699 INFO  [main] portico.lrc: SUCCESS Updated object [2097153], attributes [738, 742, 745] (RO)
10:46:43,749 INFO  [main] portico.lrc: SUCCESS Updated object [2097153], attributes [738, 742, 745] (RO)
10:46:43,799 INFO  [main] portico.lrc: SUCCESS Updated object [2097153], attributes [738, 742, 745] (RO)
10:46:43,849 INFO  [main] portico.lrc: SUCCESS Updated object [2097153], attributes [738, 742, 745] (RO)
10:46:43,899 INFO  [main] portico.lrc: SUCCESS Updated object [2097153], attributes [738, 742, 745] (RO)
10:46:43,949 INFO  [main] portico.lrc: SUCCESS Updated object [2097153], attributes [738, 742, 745] (RO)
10:46:43,999 INFO  [main] portico.lrc: SUCCESS Updated object [2097153], attributes [738, 742, 745] (RO)
10:46:44,053 INFO  [main] portico.lrc: SUCCESS Updated object [2097153], attributes [738, 742, 745] (RO)
10:46:44,100 INFO  [main] portico.lrc: SUCCESS Updated object [2097153], attributes [738, 742, 745] (RO)
10:46:44,149 INFO  [main] portico.lrc: SUCCESS Updated object [2097153], attributes [738, 742, 745] (RO)
10:46:44,200 INFO  [main] portico.lrc: SUCCESS Updated object [2097153], attributes [738, 742, 745] (RO)
10:46:44,249 INFO  [main] portico.lrc: SUCCESS Updated object [2097153], attributes [738, 742, 745] (RO)
10:46:44,299 INFO  [main] portico.lrc: SUCCESS Updated object [2097153], attributes [738, 742, 745] (RO)
10:46:44,350 INFO  [main] portico.lrc: SUCCESS Updated object [2097153], attributes [738, 742, 745] (RO)
10:46:44,399 INFO  [main] portico.lrc: SUCCESS Updated object [2097153], attributes [738, 742, 745] (RO)
10:46:44,449 INFO  [main] portico.lrc: SUCCESS Updated object [2097153], attributes [738, 742, 745] (RO)
10:46:44,499 INFO  [main] portico.lrc: SUCCESS Updated object [2097153], attributes [738, 742, 745] (RO)
10:46:44,549 INFO  [main] portico.lrc: SUCCESS Updated object [2097153], attributes [738, 742, 745] (RO)
10:46:44,599 INFO  [main] portico.lrc: SUCCESS Updated object [2097153], attributes [738, 742, 745] (RO)
10:46:44,649 INFO  [main] portico.lrc: SUCCESS Updated object [2097153], attributes [738, 742, 745] (RO)
10:46:44,699 INFO  [main] portico.lrc: SUCCESS Updated object [2097153], attributes [738, 742, 745] (RO)
10:46:44,749 INFO  [main] portico.lrc: SUCCESS Updated object [2097153], attributes [738, 742, 745] (RO)
10:46:44,799 INFO  [main] portico.lrc: SUCCESS Updated object [2097153], attributes [738, 742, 745] (RO)
10:46:44,849 INFO  [main] portico.lrc: SUCCESS Updated object [2097153], attributes [738, 742, 745] (RO)
10:46:44,899 INFO  [main] portico.lrc: SUCCESS Updated object [2097153], attributes [738, 742, 745] (RO)
10:46:44,949 INFO  [main] portico.lrc: SUCCESS Updated object [2097153], attributes [738, 742, 745] (RO)
10:46:44,999 INFO  [main] portico.lrc: SUCCESS Updated object [2097153], attributes [738, 742, 745] (RO)
10:46:45,049 INFO  [main] portico.lrc: SUCCESS Updated object [2097153], attributes [738, 742, 745] (RO)
10:46:45,100 INFO  [main] portico.lrc: SUCCESS Updated object [2097153], attributes [738, 742, 745] (RO)
10:46:45,149 INFO  [main] portico.lrc: SUCCESS Updated object [2097153], attributes [738, 742, 745] (RO)
10:46:45,199 INFO  [main] portico.lrc: SUCCESS Updated object [2097153], attributes [738, 742, 745] (RO)
10:46:45,249 INFO  [main] portico.lrc: SUCCESS Updated object [2097153], attributes [738, 742, 745] (RO)
10:46:45,299 INFO  [main] portico.lrc: SUCCESS Updated object [2097153], attributes [738, 742, 745] (RO)
10:46:45,349 INFO  [main] portico.lrc: SUCCESS Updated object [2097153], attributes [738, 742, 745] (RO)
10:46:45,400 INFO  [main] portico.lrc: SUCCESS Updated object [2097153], attributes [738, 742, 745] (RO)
10:46:45,449 INFO  [main] portico.lrc: SUCCESS Updated object [2097153], attributes [738, 742, 745] (RO)
10:46:45,499 INFO  [main] portico.lrc: SUCCESS Updated object [2097153], attributes [738, 742, 745] (RO)
10:46:45,549 INFO  [main] portico.lrc: SUCCESS Updated object [2097153], attributes [738, 742, 745] (RO)
10:46:45,599 INFO  [main] portico.lrc: SUCCESS Updated object [2097153], attributes [738, 742, 745] (RO)
10:46:45,649 INFO  [main] portico.lrc: SUCCESS Updated object [2097153], attributes [738, 742, 745] (RO)
10:46:45,699 INFO  [main] portico.lrc: SUCCESS Updated object [2097153], attributes [738, 742, 745] (RO)
10:46:45,749 INFO  [main] portico.lrc: SUCCESS Updated object [2097153], attributes [738, 742, 745] (RO)
10:46:45,799 INFO  [main] portico.lrc: SUCCESS Updated object [2097153], attributes [738, 742, 745] (RO)
10:46:45,852 INFO  [main] portico.lrc: SUCCESS Updated object [2097153], attributes [738, 742, 745] (RO)
10:46:45,900 INFO  [main] portico.lrc: SUCCESS Updated object [2097153], attributes [738, 742, 745] (RO)
10:46:45,949 INFO  [main] portico.lrc: SUCCESS Updated object [2097153], attributes [738, 742, 745] (RO)
10:46:45,999 INFO  [main] portico.lrc: SUCCESS Updated object [2097153], attributes [738, 742, 745] (RO)
10:46:46,049 INFO  [main] portico.lrc: SUCCESS Updated object [2097153], attributes [738, 742, 745] (RO)
10:46:46,100 INFO  [main] portico.lrc: SUCCESS Updated object [2097153], attributes [738, 742, 745] (RO)
10:46:46,149 INFO  [main] portico.lrc: SUCCESS Updated object [2097153], attributes [738, 742, 745] (RO)
10:46:46,199 INFO  [main] portico.lrc: SUCCESS Updated object [2097153], attributes [738, 742, 745] (RO)
10:46:46,249 INFO  [main] portico.lrc: SUCCESS Updated object [2097153], attributes [738, 742, 745] (RO)
10:46:46,299 INFO  [main] portico.lrc: SUCCESS Updated object [2097153], attributes [738, 742, 745] (RO)
10:46:46,349 INFO  [main] portico.lrc: SUCCESS Updated object [2097153], attributes [738, 742, 745] (RO)
10:46:46,399 INFO  [main] portico.lrc: SUCCESS Updated object [2097153], attributes [738, 742, 745] (RO)
10:46:46,449 INFO  [main] portico.lrc: SUCCESS Updated object [2097153], attributes [738, 742, 745] (RO)
10:46:46,499 INFO  [main] portico.lrc: SUCCESS Updated object [2097153], attributes [738, 742, 745] (RO)
10:46:46,549 INFO  [main] portico.lrc: SUCCESS Updated object [2097153], attributes [738, 742, 745] (RO)
10:46:46,599 INFO  [main] portico.lrc: SUCCESS Updated object [2097153], attributes [738, 742, 745] (RO)
10:46:46,650 INFO  [main] portico.lrc: SUCCESS Updated object [2097153], attributes [738, 742, 745] (RO)
10:46:46,699 INFO  [main] portico.lrc: SUCCESS Updated object [2097153], attributes [738, 742, 745] (RO)
10:46:46,750 INFO  [main] portico.lrc: SUCCESS Updated object [2097153], attributes [738, 742, 745] (RO)
10:46:46,799 INFO  [main] portico.lrc: SUCCESS Updated object [2097153], attributes [738, 742, 745] (RO)
10:46:46,849 INFO  [main] portico.lrc: SUCCESS Updated object [2097153], attributes [738, 742, 745] (RO)
10:46:46,899 INFO  [main] portico.lrc: SUCCESS Updated object [2097153], attributes [738, 742, 745] (RO)
10:46:46,949 INFO  [main] portico.lrc: SUCCESS Updated object [2097153], attributes [738, 742, 745] (RO)
10:46:46,999 INFO  [main] portico.lrc: SUCCESS Updated object [2097153], attributes [738, 742, 745] (RO)
10:46:47,050 INFO  [main] portico.lrc: SUCCESS Updated object [2097153], attributes [738, 742, 745] (RO)
10:46:47,099 INFO  [main] portico.lrc: SUCCESS Updated object [2097153], attributes [738, 742, 745] (RO)
10:46:47,149 INFO  [main] portico.lrc: SUCCESS Updated object [2097153], attributes [738, 742, 745] (RO)
10:46:47,199 INFO  [main] portico.lrc: SUCCESS Updated object [2097153], attributes [738, 742, 745] (RO)
10:46:47,249 INFO  [main] portico.lrc: SUCCESS Updated object [2097153], attributes [738, 742, 745] (RO)
10:46:47,299 INFO  [main] portico.lrc: SUCCESS Updated object [2097153], attributes [738, 742, 745] (RO)
10:46:47,349 INFO  [main] portico.lrc: SUCCESS Updated object [2097153], attributes [738, 742, 745] (RO)
10:46:47,399 INFO  [main] portico.lrc: SUCCESS Updated object [2097153], attributes [738, 742, 745] (RO)
10:46:47,449 INFO  [main] portico.lrc: SUCCESS Updated object [2097153], attributes [738, 742, 745] (RO)
10:46:47,499 INFO  [main] portico.lrc: SUCCESS Updated object [2097153], attributes [738, 742, 745] (RO)
10:46:47,549 INFO  [main] portico.lrc: SUCCESS Updated object [2097153], attributes [738, 742, 745] (RO)
10:46:47,600 INFO  [main] portico.lrc: SUCCESS Updated object [2097153], attributes [738, 742, 745] (RO)
10:46:47,649 INFO  [main] portico.lrc: SUCCESS Updated object [2097153], attributes [738, 742, 745] (RO)
10:46:47,701 INFO  [main] portico.lrc: SUCCESS Updated object [2097153], attributes [738, 742, 745] (RO)
10:46:47,751 INFO  [main] portico.lrc: SUCCESS Updated object [2097153], attributes [738, 742, 745] (RO)
10:46:47,800 INFO  [main] portico.lrc: SUCCESS Updated object [2097153], attributes [738, 742, 745] (RO)
10:46:47,849 INFO  [main] portico.lrc: SUCCESS Updated object [2097153], attributes [738, 742, 745] (RO)
10:46:47,899 INFO  [main] portico.lrc: SUCCESS Updated object [2097153], attributes [738, 742, 745] (RO)
10:46:47,949 INFO  [main] portico.lrc: SUCCESS Updated object [2097153], attributes [738, 742, 745] (RO)
10:46:47,999 INFO  [main] portico.lrc: SUCCESS Updated object [2097153], attributes [738, 742, 745] (RO)
10:46:48,049 INFO  [main] portico.lrc: SUCCESS Updated object [2097153], attributes [738, 742, 745] (RO)
10:46:48,100 INFO  [main] portico.lrc: SUCCESS Updated object [2097153], attributes [738, 742, 745] (RO)
10:46:48,149 INFO  [main] portico.lrc: SUCCESS Updated object [2097153], attributes [738, 742, 745] (RO)
10:46:48,199 INFO  [main] portico.lrc: SUCCESS Updated object [2097153], attributes [738, 742, 745] (RO)
10:46:48,249 INFO  [main] portico.lrc: SUCCESS Updated object [2097153], attributes [738, 742, 745] (RO)
10:46:48,299 INFO  [main] portico.lrc: SUCCESS Updated object [2097153], attributes [738, 742, 745] (RO)
10:46:48,349 INFO  [main] portico.lrc: SUCCESS Updated object [2097153], attributes [738, 742, 745] (RO)
10:46:48,399 INFO  [main] portico.lrc: SUCCESS Updated object [2097153], attributes [738, 742, 745] (RO)
10:46:48,449 INFO  [main] portico.lrc: SUCCESS Updated object [2097153], attributes [738, 742, 745] (RO)
10:46:48,499 INFO  [main] portico.lrc: SUCCESS Updated object [2097153], attributes [738, 742, 745] (RO)
10:46:48,549 INFO  [main] portico.lrc: SUCCESS Updated object [2097153], attributes [738, 742, 745] (RO)
10:46:48,599 INFO  [main] portico.lrc: SUCCESS Updated object [2097153], attributes [738, 742, 745] (RO)
10:46:48,649 INFO  [main] portico.lrc: SUCCESS Updated object [2097153], attributes [738, 742, 745] (RO)
10:46:48,699 INFO  [main] portico.lrc: SUCCESS Updated object [2097153], attributes [738, 742, 745] (RO)
10:46:48,749 INFO  [main] portico.lrc: SUCCESS Updated object [2097153], attributes [738, 742, 745] (RO)
10:46:48,799 INFO  [main] portico.lrc: SUCCESS Updated object [2097153], attributes [738, 742, 745] (RO)
10:46:48,849 INFO  [main] portico.lrc: SUCCESS Updated object [2097153], attributes [738, 742, 745] (RO)
10:46:48,899 INFO  [main] portico.lrc: SUCCESS Updated object [2097153], attributes [738, 742, 745] (RO)
10:46:48,949 INFO  [main] portico.lrc: SUCCESS Updated object [2097153], attributes [738, 742, 745] (RO)
10:46:49,000 INFO  [main] portico.lrc: SUCCESS Updated object [2097153], attributes [738, 742, 745] (RO)
10:46:49,049 INFO  [main] portico.lrc: SUCCESS Updated object [2097153], attributes [738, 742, 745] (RO)
10:46:49,099 INFO  [main] portico.lrc: SUCCESS Updated object [2097153], attributes [738, 742, 745] (RO)
10:46:49,149 INFO  [main] portico.lrc: SUCCESS Updated object [2097153], attributes [738, 742, 745] (RO)
10:46:49,199 INFO  [main] portico.lrc: SUCCESS Updated object [2097153], attributes [738, 742, 745] (RO)
10:46:49,249 INFO  [main] portico.lrc: SUCCESS Updated object [2097153], attributes [738, 742, 745] (RO)
10:46:49,300 INFO  [main] portico.lrc: SUCCESS Updated object [2097153], attributes [738, 742, 745] (RO)
10:46:49,349 INFO  [main] portico.lrc: SUCCESS Updated object [2097153], attributes [738, 742, 745] (RO)
10:46:49,399 INFO  [main] portico.lrc: SUCCESS Updated object [2097153], attributes [738, 742, 745] (RO)
10:46:49,449 INFO  [main] portico.lrc: SUCCESS Updated object [2097153], attributes [738, 742, 745] (RO)
10:46:49,499 INFO  [main] portico.lrc: SUCCESS Updated object [2097153], attributes [738, 742, 745] (RO)
10:46:49,549 INFO  [main] portico.lrc: SUCCESS Updated object [2097153], attributes [738, 742, 745] (RO)
10:46:49,600 INFO  [main] portico.lrc: SUCCESS Updated object [2097153], attributes [738, 742, 745] (RO)
10:46:49,649 INFO  [main] portico.lrc: SUCCESS Updated object [2097153], attributes [738, 742, 745] (RO)
10:46:49,701 INFO  [main] portico.lrc: SUCCESS Updated object [2097153], attributes [738, 742, 745] (RO)
10:46:49,749 INFO  [main] portico.lrc: SUCCESS Updated object [2097153], attributes [738, 742, 745] (RO)
10:46:49,799 INFO  [main] portico.lrc: SUCCESS Updated object [2097153], attributes [738, 742, 745] (RO)
10:46:49,849 INFO  [main] portico.lrc: SUCCESS Updated object [2097153], attributes [738, 742, 745] (RO)
10:46:49,900 INFO  [main] portico.lrc: SUCCESS Updated object [2097153], attributes [738, 742, 745] (RO)
10:46:49,949 INFO  [main] portico.lrc: SUCCESS Updated object [2097153], attributes [738, 742, 745] (RO)
10:46:49,999 INFO  [main] portico.lrc: SUCCESS Updated object [2097153], attributes [738, 742, 745] (RO)
10:46:50,049 INFO  [main] portico.lrc: SUCCESS Updated object [2097153], attributes [738, 742, 745] (RO)
10:46:50,099 INFO  [main] portico.lrc: SUCCESS Updated object [2097153], attributes [738, 742, 745] (RO)
10:46:50,150 INFO  [main] portico.lrc: SUCCESS Updated object [2097153], attributes [738, 742, 745] (RO)
10:46:50,200 INFO  [main] portico.lrc: SUCCESS Updated object [2097153], attributes [738, 742, 745] (RO)
10:46:50,249 INFO  [main] portico.lrc: SUCCESS Updated object [2097153], attributes [738, 742, 745] (RO)
10:46:50,299 INFO  [main] portico.lrc: SUCCESS Updated object [2097153], attributes [738, 742, 745] (RO)
10:46:50,349 INFO  [main] portico.lrc: SUCCESS Updated object [2097153], attributes [738, 742, 745] (RO)
10:46:50,399 INFO  [main] portico.lrc: SUCCESS Updated object [2097153], attributes [738, 742, 745] (RO)
10:46:50,449 INFO  [main] portico.lrc: SUCCESS Updated object [2097153], attributes [738, 742, 745] (RO)
10:46:50,499 INFO  [main] portico.lrc: SUCCESS Updated object [2097153], attributes [738, 742, 745] (RO)
10:46:50,550 INFO  [main] portico.lrc: SUCCESS Updated object [2097153], attributes [738, 742, 745] (RO)
10:46:50,599 INFO  [main] portico.lrc: SUCCESS Updated object [2097153], attributes [738, 742, 745] (RO)
10:46:50,649 INFO  [main] portico.lrc: SUCCESS Updated object [2097153], attributes [738, 742, 745] (RO)
10:46:50,699 INFO  [main] portico.lrc: SUCCESS Updated object [2097153], attributes [738, 742, 745] (RO)
10:46:50,749 INFO  [main] portico.lrc: SUCCESS Updated object [2097153], attributes [738, 742, 745] (RO)
10:46:50,799 INFO  [main] portico.lrc: SUCCESS Updated object [2097153], attributes [738, 742, 745] (RO)
10:46:50,849 INFO  [main] portico.lrc: SUCCESS Updated object [2097153], attributes [738, 742, 745] (RO)
10:46:50,899 INFO  [main] portico.lrc: SUCCESS Updated object [2097153], attributes [738, 742, 745] (RO)
10:46:50,950 INFO  [main] portico.lrc: SUCCESS Updated object [2097153], attributes [738, 742, 745] (RO)
10:46:50,999 INFO  [main] portico.lrc: SUCCESS Updated object [2097153], attributes [738, 742, 745] (RO)
10:46:51,049 INFO  [main] portico.lrc: SUCCESS Updated object [2097153], attributes [738, 742, 745] (RO)
10:46:51,100 INFO  [main] portico.lrc: SUCCESS Updated object [2097153], attributes [738, 742, 745] (RO)
10:46:51,149 INFO  [main] portico.lrc: SUCCESS Updated object [2097153], attributes [738, 742, 745] (RO)
10:46:51,199 INFO  [main] portico.lrc: SUCCESS Updated object [2097153], attributes [738, 742, 745] (RO)
10:46:51,249 INFO  [main] portico.lrc: SUCCESS Updated object [2097153], attributes [738, 742, 745] (RO)
10:46:51,299 INFO  [main] portico.lrc: SUCCESS Updated object [2097153], attributes [738, 742, 745] (RO)
10:46:51,350 INFO  [main] portico.lrc: SUCCESS Updated object [2097153], attributes [738, 742, 745] (RO)
10:46:51,399 INFO  [main] portico.lrc: SUCCESS Updated object [2097153], attributes [738, 742, 745] (RO)
10:46:51,449 INFO  [main] portico.lrc: SUCCESS Updated object [2097153], attributes [738, 742, 745] (RO)
10:46:51,499 INFO  [main] portico.lrc: SUCCESS Updated object [2097153], attributes [738, 742, 745] (RO)
10:46:51,549 INFO  [main] portico.lrc: SUCCESS Updated object [2097153], attributes [738, 742, 745] (RO)
10:46:51,599 INFO  [main] portico.lrc: SUCCESS Updated object [2097153], attributes [738, 742, 745] (RO)
10:46:51,649 INFO  [main] portico.lrc: SUCCESS Updated object [2097153], attributes [738, 742, 745] (RO)
10:46:51,701 INFO  [main] portico.lrc: SUCCESS Updated object [2097153], attributes [738, 742, 745] (RO)
10:46:51,749 INFO  [main] portico.lrc: SUCCESS Updated object [2097153], attributes [738, 742, 745] (RO)
10:46:51,800 INFO  [main] portico.lrc: SUCCESS Updated object [2097153], attributes [738, 742, 745] (RO)
10:46:51,849 INFO  [main] portico.lrc: SUCCESS Updated object [2097153], attributes [738, 742, 745] (RO)
10:46:51,899 INFO  [main] portico.lrc: SUCCESS Updated object [2097153], attributes [738, 742, 745] (RO)
10:46:51,949 INFO  [main] portico.lrc: SUCCESS Updated object [2097153], attributes [738, 742, 745] (RO)
10:46:51,999 INFO  [main] portico.lrc: SUCCESS Updated object [2097153], attributes [738, 742, 745] (RO)
10:46:52,049 INFO  [main] portico.lrc: SUCCESS Updated object [2097153], attributes [738, 742, 745] (RO)
10:46:52,099 INFO  [main] portico.lrc: SUCCESS Updated object [2097153], attributes [738, 742, 745] (RO)
10:46:52,150 INFO  [main] portico.lrc: SUCCESS Updated object [2097153], attributes [738, 742, 745] (RO)
10:46:52,199 INFO  [main] portico.lrc: SUCCESS Updated object [2097153], attributes [738, 742, 745] (RO)
10:46:52,249 INFO  [main] portico.lrc: SUCCESS Updated object [2097153], attributes [738, 742, 745] (RO)
10:46:52,299 INFO  [main] portico.lrc: SUCCESS Updated object [2097153], attributes [738, 742, 745] (RO)
10:46:52,349 INFO  [main] portico.lrc: SUCCESS Updated object [2097153], attributes [738, 742, 745] (RO)
10:46:52,399 INFO  [main] portico.lrc: SUCCESS Updated object [2097153], attributes [738, 742, 745] (RO)
10:46:52,449 INFO  [main] portico.lrc: SUCCESS Updated object [2097153], attributes [738, 742, 745] (RO)
10:46:52,499 INFO  [main] portico.lrc: SUCCESS Updated object [2097153], attributes [738, 742, 745] (RO)
10:46:52,549 INFO  [main] portico.lrc: SUCCESS Updated object [2097153], attributes [738, 742, 745] (RO)
10:46:52,600 INFO  [main] portico.lrc: SUCCESS Updated object [2097153], attributes [738, 742, 745] (RO)
10:46:52,649 INFO  [main] portico.lrc: SUCCESS Updated object [2097153], attributes [738, 742, 745] (RO)
10:46:52,699 INFO  [main] portico.lrc: SUCCESS Updated object [2097153], attributes [738, 742, 745] (RO)
10:46:52,749 INFO  [main] portico.lrc: SUCCESS Updated object [2097153], attributes [738, 742, 745] (RO)
10:46:52,799 INFO  [main] portico.lrc: SUCCESS Updated object [2097153], attributes [738, 742, 745] (RO)
10:46:52,849 INFO  [main] portico.lrc: SUCCESS Updated object [2097153], attributes [738, 742, 745] (RO)
10:46:52,899 INFO  [main] portico.lrc: SUCCESS Updated object [2097153], attributes [738, 742, 745] (RO)
10:46:52,949 INFO  [main] portico.lrc: SUCCESS Updated object [2097153], attributes [738, 742, 745] (RO)
10:46:53,000 INFO  [main] portico.lrc: SUCCESS Updated object [2097153], attributes [738, 742, 745] (RO)
10:46:53,049 INFO  [main] portico.lrc: SUCCESS Updated object [2097153], attributes [738, 742, 745] (RO)
10:46:53,099 INFO  [main] portico.lrc: SUCCESS Updated object [2097153], attributes [738, 742, 745] (RO)
10:46:53,149 INFO  [main] portico.lrc: SUCCESS Updated object [2097153], attributes [738, 742, 745] (RO)
10:46:53,199 INFO  [main] portico.lrc: SUCCESS Updated object [2097153], attributes [738, 742, 745] (RO)
10:46:53,249 INFO  [main] portico.lrc: SUCCESS Updated object [2097153], attributes [738, 742, 745] (RO)
10:46:53,299 INFO  [main] portico.lrc: SUCCESS Updated object [2097153], attributes [738, 742, 745] (RO)
10:46:53,349 INFO  [main] portico.lrc: SUCCESS Updated object [2097153], attributes [738, 742, 745] (RO)
10:46:53,399 INFO  [main] portico.lrc: SUCCESS Updated object [2097153], attributes [738, 742, 745] (RO)
10:46:53,449 INFO  [main] portico.lrc: SUCCESS Updated object [2097153], attributes [738, 742, 745] (RO)
10:46:53,499 INFO  [main] portico.lrc: SUCCESS Updated object [2097153], attributes [738, 742, 745] (RO)
10:46:53,549 INFO  [main] portico.lrc: SUCCESS Updated object [2097153], attributes [738, 742, 745] (RO)
10:46:53,602 INFO  [main] portico.lrc: SUCCESS Updated object [2097153], attributes [738, 742, 745] (RO)
10:46:53,649 INFO  [main] portico.lrc: SUCCESS Updated object [2097153], attributes [738, 742, 745] (RO)
10:46:53,699 INFO  [main] portico.lrc: SUCCESS Updated object [2097153], attributes [738, 742, 745] (RO)
10:46:53,749 INFO  [main] portico.lrc: SUCCESS Updated object [2097153], attributes [738, 742, 745] (RO)
10:46:53,799 INFO  [main] portico.lrc: SUCCESS Updated object [2097153], attributes [738, 742, 745] (RO)
10:46:53,849 INFO  [main] portico.lrc: SUCCESS Updated object [2097153], attributes [738, 742, 745] (RO)
10:46:53,899 INFO  [main] portico.lrc: SUCCESS Updated object [2097153], attributes [738, 742, 745] (RO)
10:46:53,949 INFO  [main] portico.lrc: SUCCESS Updated object [2097153], attributes [738, 742, 745] (RO)
10:46:53,999 INFO  [main] portico.lrc: SUCCESS Updated object [2097153], attributes [738, 742, 745] (RO)
10:46:54,049 INFO  [main] portico.lrc: SUCCESS Updated object [2097153], attributes [738, 742, 745] (RO)
10:46:54,099 INFO  [main] portico.lrc: SUCCESS Updated object [2097153], attributes [738, 742, 745] (RO)
10:46:54,149 INFO  [main] portico.lrc: SUCCESS Updated object [2097153], attributes [738, 742, 745] (RO)
10:46:54,200 INFO  [main] portico.lrc: SUCCESS Updated object [2097153], attributes [738, 742, 745] (RO)
10:46:54,249 INFO  [main] portico.lrc: SUCCESS Updated object [2097153], attributes [738, 742, 745] (RO)
10:46:54,299 INFO  [main] portico.lrc: SUCCESS Updated object [2097153], attributes [738, 742, 745] (RO)
10:46:54,349 INFO  [main] portico.lrc: SUCCESS Updated object [2097153], attributes [738, 742, 745] (RO)
10:46:54,399 INFO  [main] portico.lrc: SUCCESS Updated object [2097153], attributes [738, 742, 745] (RO)
10:46:54,449 INFO  [main] portico.lrc: SUCCESS Updated object [2097153], attributes [738, 742, 745] (RO)
10:46:54,499 INFO  [main] portico.lrc: SUCCESS Updated object [2097153], attributes [738, 742, 745] (RO)
10:46:54,550 INFO  [main] portico.lrc: SUCCESS Updated object [2097153], attributes [738, 742, 745] (RO)
10:46:54,599 INFO  [main] portico.lrc: SUCCESS Updated object [2097153], attributes [738, 742, 745] (RO)
10:46:54,649 INFO  [main] portico.lrc: SUCCESS Updated object [2097153], attributes [738, 742, 745] (RO)
10:46:54,700 INFO  [main] portico.lrc: SUCCESS Updated object [2097153], attributes [738, 742, 745] (RO)
10:46:54,749 INFO  [main] portico.lrc: SUCCESS Updated object [2097153], attributes [738, 742, 745] (RO)
10:46:54,799 INFO  [main] portico.lrc: SUCCESS Updated object [2097153], attributes [738, 742, 745] (RO)
10:46:54,849 INFO  [main] portico.lrc: SUCCESS Updated object [2097153], attributes [738, 742, 745] (RO)
10:46:54,900 INFO  [main] portico.lrc: SUCCESS Updated object [2097153], attributes [738, 742, 745] (RO)
10:46:54,949 INFO  [main] portico.lrc: SUCCESS Updated object [2097153], attributes [738, 742, 745] (RO)
10:46:55,000 INFO  [main] portico.lrc: SUCCESS Updated object [2097153], attributes [738, 742, 745] (RO)
10:46:55,049 INFO  [main] portico.lrc: SUCCESS Updated object [2097153], attributes [738, 742, 745] (RO)
10:46:55,099 INFO  [main] portico.lrc: SUCCESS Updated object [2097153], attributes [738, 742, 745] (RO)
10:46:55,149 INFO  [main] portico.lrc: SUCCESS Updated object [2097153], attributes [738, 742, 745] (RO)
10:46:55,199 INFO  [main] portico.lrc: SUCCESS Updated object [2097153], attributes [738, 742, 745] (RO)
10:46:55,249 INFO  [main] portico.lrc: SUCCESS Updated object [2097153], attributes [738, 742, 745] (RO)
10:46:55,299 INFO  [main] portico.lrc: SUCCESS Updated object [2097153], attributes [738, 742, 745] (RO)
10:46:55,349 INFO  [main] portico.lrc: SUCCESS Updated object [2097153], attributes [738, 742, 745] (RO)
10:46:55,399 INFO  [main] portico.lrc: SUCCESS Updated object [2097153], attributes [738, 742, 745] (RO)
10:46:55,449 INFO  [main] portico.lrc: SUCCESS Updated object [2097153], attributes [738, 742, 745] (RO)
10:46:55,499 INFO  [main] portico.lrc: SUCCESS Updated object [2097153], attributes [738, 742, 745] (RO)
10:46:55,549 INFO  [main] portico.lrc: SUCCESS Updated object [2097153], attributes [738, 742, 745] (RO)
10:46:55,602 INFO  [main] portico.lrc: SUCCESS Updated object [2097153], attributes [738, 742, 745] (RO)
10:46:55,649 INFO  [main] portico.lrc: SUCCESS Updated object [2097153], attributes [738, 742, 745] (RO)
10:46:55,699 INFO  [main] portico.lrc: SUCCESS Updated object [2097153], attributes [738, 742, 745] (RO)
10:46:55,749 INFO  [main] portico.lrc: SUCCESS Updated object [2097153], attributes [738, 742, 745] (RO)
10:46:55,799 INFO  [main] portico.lrc: SUCCESS Updated object [2097153], attributes [738, 742, 745] (RO)
10:46:55,849 INFO  [main] portico.lrc: SUCCESS Updated object [2097153], attributes [738, 742, 745] (RO)
10:46:55,899 INFO  [main] portico.lrc: SUCCESS Updated object [2097153], attributes [738, 742, 745] (RO)
10:46:55,949 INFO  [main] portico.lrc: SUCCESS Updated object [2097153], attributes [738, 742, 745] (RO)
10:46:55,999 INFO  [main] portico.lrc: SUCCESS Updated object [2097153], attributes [738, 742, 745] (RO)
10:46:56,049 INFO  [main] portico.lrc: SUCCESS Updated object [2097153], attributes [738, 742, 745] (RO)
10:46:56,099 INFO  [main] portico.lrc: SUCCESS Updated object [2097153], attributes [738, 742, 745] (RO)
10:46:56,149 INFO  [main] portico.lrc: SUCCESS Updated object [2097153], attributes [738, 742, 745] (RO)
10:46:56,199 INFO  [main] portico.lrc: SUCCESS Updated object [2097153], attributes [738, 742, 745] (RO)
10:46:56,249 INFO  [main] portico.lrc: SUCCESS Updated object [2097153], attributes [738, 742, 745] (RO)
10:46:56,299 INFO  [main] portico.lrc: SUCCESS Updated object [2097153], attributes [738, 742, 745] (RO)
10:46:56,349 INFO  [main] portico.lrc: SUCCESS Updated object [2097153], attributes [738, 742, 745] (RO)
10:46:56,399 INFO  [main] portico.lrc: SUCCESS Updated object [2097153], attributes [738, 742, 745] (RO)
10:46:56,449 INFO  [main] portico.lrc: SUCCESS Updated object [2097153], attributes [738, 742, 745] (RO)
10:46:56,499 INFO  [main] portico.lrc: SUCCESS Updated object [2097153], attributes [738, 742, 745] (RO)
10:46:56,549 INFO  [main] portico.lrc: SUCCESS Updated object [2097153], attributes [738, 742, 745] (RO)
10:46:56,599 INFO  [main] portico.lrc: SUCCESS Updated object [2097153], attributes [738, 742, 745] (RO)
10:46:56,649 INFO  [main] portico.lrc: SUCCESS Updated object [2097153], attributes [738, 742, 745] (RO)
10:46:56,699 INFO  [main] portico.lrc: SUCCESS Updated object [2097153], attributes [738, 742, 745] (RO)
10:46:56,749 INFO  [main] portico.lrc: SUCCESS Updated object [2097153], attributes [738, 742, 745] (RO)
10:46:56,799 INFO  [main] portico.lrc: SUCCESS Updated object [2097153], attributes [738, 742, 745] (RO)
10:46:56,849 INFO  [main] portico.lrc: SUCCESS Updated object [2097153], attributes [738, 742, 745] (RO)
10:46:56,899 INFO  [main] portico.lrc: SUCCESS Updated object [2097153], attributes [738, 742, 745] (RO)
10:46:56,951 INFO  [main] portico.lrc: SUCCESS Updated object [2097153], attributes [738, 742, 745] (RO)
10:46:57,000 INFO  [main] portico.lrc: SUCCESS Updated object [2097153], attributes [738, 742, 745] (RO)
10:46:57,049 INFO  [main] portico.lrc: SUCCESS Updated object [2097153], attributes [738, 742, 745] (RO)
10:46:57,099 INFO  [main] portico.lrc: SUCCESS Updated object [2097153], attributes [738, 742, 745] (RO)
10:46:57,149 INFO  [main] portico.lrc: SUCCESS Updated object [2097153], attributes [738, 742, 745] (RO)
10:46:57,199 INFO  [main] portico.lrc: SUCCESS Updated object [2097153], attributes [738, 742, 745] (RO)
10:46:57,249 INFO  [main] portico.lrc: SUCCESS Updated object [2097153], attributes [738, 742, 745] (RO)
10:46:57,299 INFO  [main] portico.lrc: SUCCESS Updated object [2097153], attributes [738, 742, 745] (RO)
10:46:57,350 INFO  [main] portico.lrc: SUCCESS Updated object [2097153], attributes [738, 742, 745] (RO)
10:46:57,400 INFO  [main] portico.lrc: SUCCESS Updated object [2097153], attributes [738, 742, 745] (RO)
10:46:57,449 INFO  [main] portico.lrc: SUCCESS Updated object [2097153], attributes [738, 742, 745] (RO)
10:46:57,502 INFO  [main] portico.lrc: SUCCESS Updated object [2097153], attributes [738, 742, 745] (RO)
10:46:57,549 INFO  [main] portico.lrc: SUCCESS Updated object [2097153], attributes [738, 742, 745] (RO)
10:46:57,599 INFO  [main] portico.lrc: SUCCESS Updated object [2097153], attributes [738, 742, 745] (RO)
10:46:57,649 INFO  [main] portico.lrc: SUCCESS Updated object [2097153], attributes [738, 742, 745] (RO)
10:46:57,699 INFO  [main] portico.lrc: SUCCESS Updated object [2097153], attributes [738, 742, 745] (RO)
10:46:57,751 INFO  [main] portico.lrc: SUCCESS Updated object [2097153], attributes [738, 742, 745] (RO)
10:46:57,799 INFO  [main] portico.lrc: SUCCESS Updated object [2097153], attributes [738, 742, 745] (RO)
10:46:57,850 INFO  [main] portico.lrc: SUCCESS Updated object [2097153], attributes [738, 742, 745] (RO)
10:46:57,899 INFO  [main] portico.lrc: SUCCESS Updated object [2097153], attributes [738, 742, 745] (RO)
10:46:57,949 INFO  [main] portico.lrc: SUCCESS Updated object [2097153], attributes [738, 742, 745] (RO)
10:46:57,999 INFO  [main] portico.lrc: SUCCESS Updated object [2097153], attributes [738, 742, 745] (RO)
10:46:58,049 INFO  [main] portico.lrc: SUCCESS Updated object [2097153], attributes [738, 742, 745] (RO)
10:46:58,100 INFO  [main] portico.lrc: SUCCESS Updated object [2097153], attributes [738, 742, 745] (RO)
10:46:58,149 INFO  [main] portico.lrc: SUCCESS Updated object [2097153], attributes [738, 742, 745] (RO)
10:46:58,200 INFO  [main] portico.lrc: SUCCESS Updated object [2097153], attributes [738, 742, 745] (RO)
10:46:58,250 INFO  [main] portico.lrc: SUCCESS Updated object [2097153], attributes [738, 742, 745] (RO)
10:46:58,299 INFO  [main] portico.lrc: SUCCESS Updated object [2097153], attributes [738, 742, 745] (RO)
10:46:58,349 INFO  [main] portico.lrc: SUCCESS Updated object [2097153], attributes [738, 742, 745] (RO)
10:46:58,399 INFO  [main] portico.lrc: SUCCESS Updated object [2097153], attributes [738, 742, 745] (RO)
10:46:58,449 INFO  [main] portico.lrc: SUCCESS Updated object [2097153], attributes [738, 742, 745] (RO)
10:46:58,499 INFO  [main] portico.lrc: SUCCESS Updated object [2097153], attributes [738, 742, 745] (RO)
10:46:58,550 INFO  [main] portico.lrc: SUCCESS Updated object [2097153], attributes [738, 742, 745] (RO)
10:46:58,600 INFO  [main] portico.lrc: SUCCESS Updated object [2097153], attributes [738, 742, 745] (RO)
10:46:58,650 INFO  [main] portico.lrc: SUCCESS Updated object [2097153], attributes [738, 742, 745] (RO)
10:46:58,699 INFO  [main] portico.lrc: SUCCESS Updated object [2097153], attributes [738, 742, 745] (RO)
10:46:58,750 INFO  [main] portico.lrc: SUCCESS Updated object [2097153], attributes [738, 742, 745] (RO)
10:46:58,799 INFO  [main] portico.lrc: SUCCESS Updated object [2097153], attributes [738, 742, 745] (RO)
10:46:58,849 INFO  [main] portico.lrc: SUCCESS Updated object [2097153], attributes [738, 742, 745] (RO)
10:46:58,899 INFO  [main] portico.lrc: SUCCESS Updated object [2097153], attributes [738, 742, 745] (RO)
10:46:58,949 INFO  [main] portico.lrc: SUCCESS Updated object [2097153], attributes [738, 742, 745] (RO)
10:46:59,000 INFO  [main] portico.lrc: SUCCESS Updated object [2097153], attributes [738, 742, 745] (RO)
10:46:59,049 INFO  [main] portico.lrc: SUCCESS Updated object [2097153], attributes [738, 742, 745] (RO)
10:46:59,100 INFO  [main] portico.lrc: SUCCESS Updated object [2097153], attributes [738, 742, 745] (RO)
10:46:59,149 INFO  [main] portico.lrc: SUCCESS Updated object [2097153], attributes [738, 742, 745] (RO)
10:46:59,199 INFO  [main] portico.lrc: SUCCESS Updated object [2097153], attributes [738, 742, 745] (RO)
10:46:59,249 INFO  [main] portico.lrc: SUCCESS Updated object [2097153], attributes [738, 742, 745] (RO)
10:46:59,300 INFO  [main] portico.lrc: SUCCESS Updated object [2097153], attributes [738, 742, 745] (RO)
10:46:59,349 INFO  [main] portico.lrc: SUCCESS Updated object [2097153], attributes [738, 742, 745] (RO)
10:46:59,400 INFO  [main] portico.lrc: SUCCESS Updated object [2097153], attributes [738, 742, 745] (RO)
10:46:59,450 INFO  [main] portico.lrc: SUCCESS Updated object [2097153], attributes [738, 742, 745] (RO)
10:46:59,499 INFO  [main] portico.lrc: SUCCESS Updated object [2097153], attributes [738, 742, 745] (RO)
10:46:59,549 INFO  [main] portico.lrc: SUCCESS Updated object [2097153], attributes [738, 742, 745] (RO)
10:46:59,599 INFO  [main] portico.lrc: SUCCESS Updated object [2097153], attributes [738, 742, 745] (RO)
10:46:59,649 INFO  [main] portico.lrc: SUCCESS Updated object [2097153], attributes [738, 742, 745] (RO)
10:46:59,704 INFO  [main] portico.lrc: SUCCESS Updated object [2097153], attributes [738, 742, 745] (RO)
10:46:59,750 INFO  [main] portico.lrc: SUCCESS Updated object [2097153], attributes [738, 742, 745] (RO)
10:46:59,801 INFO  [main] portico.lrc: SUCCESS Updated object [2097153], attributes [738, 742, 745] (RO)
10:46:59,849 INFO  [main] portico.lrc: SUCCESS Updated object [2097153], attributes [738, 742, 745] (RO)
10:46:59,903 INFO  [main] portico.lrc: SUCCESS Updated object [2097153], attributes [738, 742, 745] (RO)
10:46:59,949 INFO  [main] portico.lrc: SUCCESS Updated object [2097153], attributes [738, 742, 745] (RO)
10:46:59,999 INFO  [main] portico.lrc: SUCCESS Updated object [2097153], attributes [738, 742, 745] (RO)
10:47:00,049 INFO  [main] portico.lrc: SUCCESS Updated object [2097153], attributes [738, 742, 745] (RO)
10:47:00,100 INFO  [main] portico.lrc: SUCCESS Updated object [2097153], attributes [738, 742, 745] (RO)
10:47:00,149 INFO  [main] portico.lrc: SUCCESS Updated object [2097153], attributes [738, 742, 745] (RO)
10:47:00,200 INFO  [main] portico.lrc: SUCCESS Updated object [2097153], attributes [738, 742, 745] (RO)
10:47:00,249 INFO  [main] portico.lrc: SUCCESS Updated object [2097153], attributes [738, 742, 745] (RO)
10:47:00,299 INFO  [main] portico.lrc: SUCCESS Updated object [2097153], attributes [738, 742, 745] (RO)
10:47:00,349 INFO  [main] portico.lrc: SUCCESS Updated object [2097153], attributes [738, 742, 745] (RO)
10:47:00,399 INFO  [main] portico.lrc: SUCCESS Updated object [2097153], attributes [738, 742, 745] (RO)
10:47:00,449 INFO  [main] portico.lrc: SUCCESS Updated object [2097153], attributes [738, 742, 745] (RO)
10:47:00,499 INFO  [main] portico.lrc: SUCCESS Updated object [2097153], attributes [738, 742, 745] (RO)
10:47:00,550 INFO  [main] portico.lrc: SUCCESS Updated object [2097153], attributes [738, 742, 745] (RO)
10:47:00,601 INFO  [main] portico.lrc: SUCCESS Updated object [2097153], attributes [738, 742, 745] (RO)
10:47:00,649 INFO  [main] portico.lrc: SUCCESS Updated object [2097153], attributes [738, 742, 745] (RO)
10:47:00,700 INFO  [main] portico.lrc: SUCCESS Updated object [2097153], attributes [738, 742, 745] (RO)
10:47:00,749 INFO  [main] portico.lrc: SUCCESS Updated object [2097153], attributes [738, 742, 745] (RO)
10:47:00,799 INFO  [main] portico.lrc: SUCCESS Updated object [2097153], attributes [738, 742, 745] (RO)
10:47:00,849 INFO  [main] portico.lrc: SUCCESS Updated object [2097153], attributes [738, 742, 745] (RO)
10:47:00,899 INFO  [main] portico.lrc: SUCCESS Updated object [2097153], attributes [738, 742, 745] (RO)
10:47:00,949 INFO  [main] portico.lrc: SUCCESS Updated object [2097153], attributes [738, 742, 745] (RO)
10:47:01,000 INFO  [main] portico.lrc: SUCCESS Updated object [2097153], attributes [738, 742, 745] (RO)
10:47:01,049 INFO  [main] portico.lrc: SUCCESS Updated object [2097153], attributes [738, 742, 745] (RO)
10:47:01,099 INFO  [main] portico.lrc: SUCCESS Updated object [2097153], attributes [738, 742, 745] (RO)
10:47:01,149 INFO  [main] portico.lrc: SUCCESS Updated object [2097153], attributes [738, 742, 745] (RO)
10:47:01,200 INFO  [main] portico.lrc: SUCCESS Updated object [2097153], attributes [738, 742, 745] (RO)
10:47:01,249 INFO  [main] portico.lrc: SUCCESS Updated object [2097153], attributes [738, 742, 745] (RO)
10:47:01,299 INFO  [main] portico.lrc: SUCCESS Updated object [2097153], attributes [738, 742, 745] (RO)
10:47:01,349 INFO  [main] portico.lrc: SUCCESS Updated object [2097153], attributes [738, 742, 745] (RO)
10:47:01,399 INFO  [main] portico.lrc: SUCCESS Updated object [2097153], attributes [738, 742, 745] (RO)
10:47:01,450 INFO  [main] portico.lrc: SUCCESS Updated object [2097153], attributes [738, 742, 745] (RO)
10:47:01,500 INFO  [main] portico.lrc: SUCCESS Updated object [2097153], attributes [738, 742, 745] (RO)
10:47:01,555 INFO  [main] portico.lrc: SUCCESS Updated object [2097153], attributes [738, 742, 745] (RO)
10:47:01,601 INFO  [main] portico.lrc: SUCCESS Updated object [2097153], attributes [738, 742, 745] (RO)
10:47:01,649 INFO  [main] portico.lrc: SUCCESS Updated object [2097153], attributes [738, 742, 745] (RO)
10:47:01,699 INFO  [main] portico.lrc: SUCCESS Updated object [2097153], attributes [738, 742, 745] (RO)
10:47:01,749 INFO  [main] portico.lrc: SUCCESS Updated object [2097153], attributes [738, 742, 745] (RO)
10:47:01,800 INFO  [main] portico.lrc: SUCCESS Updated object [2097153], attributes [738, 742, 745] (RO)
10:47:01,849 INFO  [main] portico.lrc: SUCCESS Updated object [2097153], attributes [738, 742, 745] (RO)
10:47:01,900 INFO  [main] portico.lrc: SUCCESS Updated object [2097153], attributes [738, 742, 745] (RO)
10:47:01,949 INFO  [main] portico.lrc: SUCCESS Updated object [2097153], attributes [738, 742, 745] (RO)
10:47:01,999 INFO  [main] portico.lrc: SUCCESS Updated object [2097153], attributes [738, 742, 745] (RO)
10:47:02,050 INFO  [main] portico.lrc: SUCCESS Updated object [2097153], attributes [738, 742, 745] (RO)
10:47:02,099 INFO  [main] portico.lrc: SUCCESS Updated object [2097153], attributes [738, 742, 745] (RO)
10:47:02,149 INFO  [main] portico.lrc: SUCCESS Updated object [2097153], attributes [738, 742, 745] (RO)
10:47:02,200 INFO  [main] portico.lrc: SUCCESS Updated object [2097153], attributes [738, 742, 745] (RO)
10:47:02,249 INFO  [main] portico.lrc: SUCCESS Updated object [2097153], attributes [738, 742, 745] (RO)
10:47:02,300 INFO  [main] portico.lrc: SUCCESS Updated object [2097153], attributes [738, 742, 745] (RO)
10:47:02,349 INFO  [main] portico.lrc: SUCCESS Updated object [2097153], attributes [738, 742, 745] (RO)
10:47:02,399 INFO  [main] portico.lrc: SUCCESS Updated object [2097153], attributes [738, 742, 745] (RO)
10:47:02,449 INFO  [main] portico.lrc: SUCCESS Updated object [2097153], attributes [738, 742, 745] (RO)
10:47:02,499 INFO  [main] portico.lrc: SUCCESS Updated object [2097153], attributes [738, 742, 745] (RO)
10:47:02,549 INFO  [main] portico.lrc: SUCCESS Updated object [2097153], attributes [738, 742, 745] (RO)
10:47:02,599 INFO  [main] portico.lrc: SUCCESS Updated object [2097153], attributes [738, 742, 745] (RO)
10:47:02,650 INFO  [main] portico.lrc: SUCCESS Updated object [2097153], attributes [738, 742, 745] (RO)
10:47:02,700 INFO  [main] portico.lrc: SUCCESS Updated object [2097153], attributes [738, 742, 745] (RO)
10:47:02,749 INFO  [main] portico.lrc: SUCCESS Updated object [2097153], attributes [738, 742, 745] (RO)
10:47:02,799 INFO  [main] portico.lrc: SUCCESS Updated object [2097153], attributes [738, 742, 745] (RO)
10:47:02,850 INFO  [main] portico.lrc: SUCCESS Updated object [2097153], attributes [738, 742, 745] (RO)
10:47:02,900 INFO  [main] portico.lrc: SUCCESS Updated object [2097153], attributes [738, 742, 745] (RO)
10:47:02,949 INFO  [main] portico.lrc: SUCCESS Updated object [2097153], attributes [738, 742, 745] (RO)
10:47:03,001 INFO  [main] portico.lrc: SUCCESS Updated object [2097153], attributes [738, 742, 745] (RO)
10:47:03,049 INFO  [main] portico.lrc: SUCCESS Updated object [2097153], attributes [738, 742, 745] (RO)
10:47:03,099 INFO  [main] portico.lrc: SUCCESS Updated object [2097153], attributes [738, 742, 745] (RO)
10:47:03,150 INFO  [main] portico.lrc: SUCCESS Updated object [2097153], attributes [738, 742, 745] (RO)
10:47:03,199 INFO  [main] portico.lrc: SUCCESS Updated object [2097153], attributes [738, 742, 745] (RO)
10:47:03,249 INFO  [main] portico.lrc: SUCCESS Updated object [2097153], attributes [738, 742, 745] (RO)
10:47:03,300 INFO  [main] portico.lrc: SUCCESS Updated object [2097153], attributes [738, 742, 745] (RO)
10:47:03,349 INFO  [main] portico.lrc: SUCCESS Updated object [2097153], attributes [738, 742, 745] (RO)
10:47:03,399 INFO  [main] portico.lrc: SUCCESS Updated object [2097153], attributes [738, 742, 745] (RO)
10:47:03,449 INFO  [main] portico.lrc: SUCCESS Updated object [2097153], attributes [738, 742, 745] (RO)
10:47:03,500 INFO  [main] portico.lrc: SUCCESS Updated object [2097153], attributes [738, 742, 745] (RO)
10:47:03,550 INFO  [main] portico.lrc: SUCCESS Updated object [2097153], attributes [738, 742, 745] (RO)
10:47:03,604 INFO  [main] portico.lrc: SUCCESS Updated object [2097153], attributes [738, 742, 745] (RO)
10:47:03,650 INFO  [main] portico.lrc: SUCCESS Updated object [2097153], attributes [738, 742, 745] (RO)
10:47:03,699 INFO  [main] portico.lrc: SUCCESS Updated object [2097153], attributes [738, 742, 745] (RO)
10:47:03,749 INFO  [main] portico.lrc: SUCCESS Updated object [2097153], attributes [738, 742, 745] (RO)
10:47:03,800 INFO  [main] portico.lrc: SUCCESS Updated object [2097153], attributes [738, 742, 745] (RO)
10:47:03,850 INFO  [main] portico.lrc: SUCCESS Updated object [2097153], attributes [738, 742, 745] (RO)
10:47:03,900 INFO  [main] portico.lrc: SUCCESS Updated object [2097153], attributes [738, 742, 745] (RO)
10:47:03,949 INFO  [main] portico.lrc: SUCCESS Updated object [2097153], attributes [738, 742, 745] (RO)
10:47:03,999 INFO  [main] portico.lrc: SUCCESS Updated object [2097153], attributes [738, 742, 745] (RO)
10:47:04,050 INFO  [main] portico.lrc: SUCCESS Updated object [2097153], attributes [738, 742, 745] (RO)
10:47:04,099 INFO  [main] portico.lrc: SUCCESS Updated object [2097153], attributes [738, 742, 745] (RO)
10:47:04,150 INFO  [main] portico.lrc: SUCCESS Updated object [2097153], attributes [738, 742, 745] (RO)
10:47:04,199 INFO  [main] portico.lrc: SUCCESS Updated object [2097153], attributes [738, 742, 745] (RO)
10:47:04,250 INFO  [main] portico.lrc: SUCCESS Updated object [2097153], attributes [738, 742, 745] (RO)
10:47:04,300 INFO  [main] portico.lrc: SUCCESS Updated object [2097153], attributes [738, 742, 745] (RO)
10:47:04,349 INFO  [main] portico.lrc: SUCCESS Updated object [2097153], attributes [738, 742, 745] (RO)
10:47:04,399 INFO  [main] portico.lrc: SUCCESS Updated object [2097153], attributes [738, 742, 745] (RO)
10:47:04,449 INFO  [main] portico.lrc: SUCCESS Updated object [2097153], attributes [738, 742, 745] (RO)
10:47:04,499 INFO  [main] portico.lrc: SUCCESS Updated object [2097153], attributes [738, 742, 745] (RO)
10:47:04,549 INFO  [main] portico.lrc: SUCCESS Updated object [2097153], attributes [738, 742, 745] (RO)
10:47:04,599 INFO  [main] portico.lrc: SUCCESS Updated object [2097153], attributes [738, 742, 745] (RO)
10:47:04,649 INFO  [main] portico.lrc: SUCCESS Updated object [2097153], attributes [738, 742, 745] (RO)
10:47:04,699 INFO  [main] portico.lrc: SUCCESS Updated object [2097153], attributes [738, 742, 745] (RO)
10:47:04,750 INFO  [main] portico.lrc: SUCCESS Updated object [2097153], attributes [738, 742, 745] (RO)
10:47:04,799 INFO  [main] portico.lrc: SUCCESS Updated object [2097153], attributes [738, 742, 745] (RO)
10:47:04,849 INFO  [main] portico.lrc: SUCCESS Updated object [2097153], attributes [738, 742, 745] (RO)
10:47:04,900 INFO  [main] portico.lrc: SUCCESS Updated object [2097153], attributes [738, 742, 745] (RO)
10:47:04,950 INFO  [main] portico.lrc: SUCCESS Updated object [2097153], attributes [738, 742, 745] (RO)
10:47:05,002 INFO  [main] portico.lrc: SUCCESS Updated object [2097153], attributes [738, 742, 745] (RO)
10:47:05,050 INFO  [main] portico.lrc: SUCCESS Updated object [2097153], attributes [738, 742, 745] (RO)
10:47:05,100 INFO  [main] portico.lrc: SUCCESS Updated object [2097153], attributes [738, 742, 745] (RO)
10:47:05,149 INFO  [main] portico.lrc: SUCCESS Updated object [2097153], attributes [738, 742, 745] (RO)
10:47:05,199 INFO  [main] portico.lrc: SUCCESS Updated object [2097153], attributes [738, 742, 745] (RO)
10:47:05,249 INFO  [main] portico.lrc: SUCCESS Updated object [2097153], attributes [738, 742, 745] (RO)
10:47:05,299 INFO  [main] portico.lrc: SUCCESS Updated object [2097153], attributes [738, 742, 745] (RO)
10:47:05,349 INFO  [main] portico.lrc: SUCCESS Updated object [2097153], attributes [738, 742, 745] (RO)
10:47:05,399 INFO  [main] portico.lrc: SUCCESS Updated object [2097153], attributes [738, 742, 745] (RO)
10:47:05,449 INFO  [main] portico.lrc: SUCCESS Updated object [2097153], attributes [738, 742, 745] (RO)
10:47:05,500 INFO  [main] portico.lrc: SUCCESS Updated object [2097153], attributes [738, 742, 745] (RO)
10:47:05,550 INFO  [main] portico.lrc: SUCCESS Updated object [2097153], attributes [738, 742, 745] (RO)
10:47:05,600 INFO  [main] portico.lrc: SUCCESS Updated object [2097153], attributes [738, 742, 745] (RO)
10:47:05,649 INFO  [main] portico.lrc: SUCCESS Updated object [2097153], attributes [738, 742, 745] (RO)
10:47:05,703 INFO  [main] portico.lrc: SUCCESS Updated object [2097153], attributes [738, 742, 745] (RO)
10:47:05,750 INFO  [main] portico.lrc: SUCCESS Updated object [2097153], attributes [738, 742, 745] (RO)
10:47:05,800 INFO  [main] portico.lrc: SUCCESS Updated object [2097153], attributes [738, 742, 745] (RO)
10:47:05,849 INFO  [main] portico.lrc: SUCCESS Updated object [2097153], attributes [738, 742, 745] (RO)
10:47:05,899 INFO  [main] portico.lrc: SUCCESS Updated object [2097153], attributes [738, 742, 745] (RO)
10:47:05,949 INFO  [main] portico.lrc: SUCCESS Updated object [2097153], attributes [738, 742, 745] (RO)
10:47:05,999 INFO  [main] portico.lrc: SUCCESS Updated object [2097153], attributes [738, 742, 745] (RO)
10:47:06,049 INFO  [main] portico.lrc: SUCCESS Updated object [2097153], attributes [738, 742, 745] (RO)
10:47:06,099 INFO  [main] portico.lrc: SUCCESS Updated object [2097153], attributes [738, 742, 745] (RO)
10:47:06,150 INFO  [main] portico.lrc: SUCCESS Updated object [2097153], attributes [738, 742, 745] (RO)
10:47:06,200 INFO  [main] portico.lrc: SUCCESS Updated object [2097153], attributes [738, 742, 745] (RO)
10:47:06,250 INFO  [main] portico.lrc: SUCCESS Updated object [2097153], attributes [738, 742, 745] (RO)
10:47:06,299 INFO  [main] portico.lrc: SUCCESS Updated object [2097153], attributes [738, 742, 745] (RO)
10:47:06,349 INFO  [main] portico.lrc: SUCCESS Updated object [2097153], attributes [738, 742, 745] (RO)
10:47:06,399 INFO  [main] portico.lrc: SUCCESS Updated object [2097153], attributes [738, 742, 745] (RO)
10:47:06,449 INFO  [main] portico.lrc: SUCCESS Updated object [2097153], attributes [738, 742, 745] (RO)
10:47:06,499 INFO  [main] portico.lrc: SUCCESS Updated object [2097153], attributes [738, 742, 745] (RO)
10:47:06,549 INFO  [main] portico.lrc: SUCCESS Updated object [2097153], attributes [738, 742, 745] (RO)
10:47:06,600 INFO  [main] portico.lrc: SUCCESS Updated object [2097153], attributes [738, 742, 745] (RO)
10:47:06,649 INFO  [main] portico.lrc: SUCCESS Updated object [2097153], attributes [738, 742, 745] (RO)
10:47:06,700 INFO  [main] portico.lrc: SUCCESS Updated object [2097153], attributes [738, 742, 745] (RO)
10:47:06,750 INFO  [main] portico.lrc: SUCCESS Updated object [2097153], attributes [738, 742, 745] (RO)
10:47:06,799 INFO  [main] portico.lrc: SUCCESS Updated object [2097153], attributes [738, 742, 745] (RO)
10:47:06,850 INFO  [main] portico.lrc: SUCCESS Updated object [2097153], attributes [738, 742, 745] (RO)
10:47:06,899 INFO  [main] portico.lrc: SUCCESS Updated object [2097153], attributes [738, 742, 745] (RO)
10:47:06,949 INFO  [main] portico.lrc: SUCCESS Updated object [2097153], attributes [738, 742, 745] (RO)
10:47:07,000 INFO  [main] portico.lrc: SUCCESS Updated object [2097153], attributes [738, 742, 745] (RO)
10:47:07,049 INFO  [main] portico.lrc: SUCCESS Updated object [2097153], attributes [738, 742, 745] (RO)
10:47:07,100 INFO  [main] portico.lrc: SUCCESS Updated object [2097153], attributes [738, 742, 745] (RO)
10:47:07,149 INFO  [main] portico.lrc: SUCCESS Updated object [2097153], attributes [738, 742, 745] (RO)
10:47:07,199 INFO  [main] portico.lrc: SUCCESS Updated object [2097153], attributes [738, 742, 745] (RO)
10:47:07,249 INFO  [main] portico.lrc: SUCCESS Updated object [2097153], attributes [738, 742, 745] (RO)
10:47:07,299 INFO  [main] portico.lrc: SUCCESS Updated object [2097153], attributes [738, 742, 745] (RO)
10:47:07,349 INFO  [main] portico.lrc: SUCCESS Updated object [2097153], attributes [738, 742, 745] (RO)
10:47:07,399 INFO  [main] portico.lrc: SUCCESS Updated object [2097153], attributes [738, 742, 745] (RO)
10:47:07,449 INFO  [main] portico.lrc: SUCCESS Updated object [2097153], attributes [738, 742, 745] (RO)
10:47:07,499 INFO  [main] portico.lrc: SUCCESS Updated object [2097153], attributes [738, 742, 745] (RO)
10:47:07,549 INFO  [main] portico.lrc: SUCCESS Updated object [2097153], attributes [738, 742, 745] (RO)
10:47:07,604 INFO  [main] portico.lrc: SUCCESS Updated object [2097153], attributes [738, 742, 745] (RO)
10:47:07,650 INFO  [main] portico.lrc: SUCCESS Updated object [2097153], attributes [738, 742, 745] (RO)
10:47:07,699 INFO  [main] portico.lrc: SUCCESS Updated object [2097153], attributes [738, 742, 745] (RO)
10:47:07,749 INFO  [main] portico.lrc: SUCCESS Updated object [2097153], attributes [738, 742, 745] (RO)
10:47:07,800 INFO  [main] portico.lrc: SUCCESS Updated object [2097153], attributes [738, 742, 745] (RO)
10:47:07,849 INFO  [main] portico.lrc: SUCCESS Updated object [2097153], attributes [738, 742, 745] (RO)
10:47:07,899 INFO  [main] portico.lrc: SUCCESS Updated object [2097153], attributes [738, 742, 745] (RO)
10:47:07,950 INFO  [main] portico.lrc: SUCCESS Updated object [2097153], attributes [738, 742, 745] (RO)
10:47:07,999 INFO  [main] portico.lrc: SUCCESS Updated object [2097153], attributes [738, 742, 745] (RO)
10:47:08,049 INFO  [main] portico.lrc: SUCCESS Updated object [2097153], attributes [738, 742, 745] (RO)
10:47:08,099 INFO  [main] portico.lrc: SUCCESS Updated object [2097153], attributes [738, 742, 745] (RO)
10:47:08,149 INFO  [main] portico.lrc: SUCCESS Updated object [2097153], attributes [738, 742, 745] (RO)
10:47:08,199 INFO  [main] portico.lrc: SUCCESS Updated object [2097153], attributes [738, 742, 745] (RO)
10:47:08,250 INFO  [main] portico.lrc: SUCCESS Updated object [2097153], attributes [738, 742, 745] (RO)
10:47:08,299 INFO  [main] portico.lrc: SUCCESS Updated object [2097153], attributes [738, 742, 745] (RO)
10:47:08,350 INFO  [main] portico.lrc: SUCCESS Updated object [2097153], attributes [738, 742, 745] (RO)
10:47:08,399 INFO  [main] portico.lrc: SUCCESS Updated object [2097153], attributes [738, 742, 745] (RO)
10:47:08,449 INFO  [main] portico.lrc: SUCCESS Updated object [2097153], attributes [738, 742, 745] (RO)
10:47:08,499 INFO  [main] portico.lrc: SUCCESS Updated object [2097153], attributes [738, 742, 745] (RO)
10:47:08,549 INFO  [main] portico.lrc: SUCCESS Updated object [2097153], attributes [738, 742, 745] (RO)
10:47:08,599 INFO  [main] portico.lrc: SUCCESS Updated object [2097153], attributes [738, 742, 745] (RO)
10:47:08,649 INFO  [main] portico.lrc: SUCCESS Updated object [2097153], attributes [738, 742, 745] (RO)
10:47:08,699 INFO  [main] portico.lrc: SUCCESS Updated object [2097153], attributes [738, 742, 745] (RO)
10:47:08,750 INFO  [main] portico.lrc: SUCCESS Updated object [2097153], attributes [738, 742, 745] (RO)
10:47:08,799 INFO  [main] portico.lrc: SUCCESS Updated object [2097153], attributes [738, 742, 745] (RO)
10:47:08,849 INFO  [main] portico.lrc: SUCCESS Updated object [2097153], attributes [738, 742, 745] (RO)
10:47:08,899 INFO  [main] portico.lrc: SUCCESS Updated object [2097153], attributes [738, 742, 745] (RO)
10:47:08,949 INFO  [main] portico.lrc: SUCCESS Updated object [2097153], attributes [738, 742, 745] (RO)
10:47:08,999 INFO  [main] portico.lrc: SUCCESS Updated object [2097153], attributes [738, 742, 745] (RO)
10:47:09,049 INFO  [main] portico.lrc: SUCCESS Updated object [2097153], attributes [738, 742, 745] (RO)
10:47:09,099 INFO  [main] portico.lrc: SUCCESS Updated object [2097153], attributes [738, 742, 745] (RO)
10:47:09,149 INFO  [main] portico.lrc: SUCCESS Updated object [2097153], attributes [738, 742, 745] (RO)
10:47:09,199 INFO  [main] portico.lrc: SUCCESS Updated object [2097153], attributes [738, 742, 745] (RO)
10:47:09,249 INFO  [main] portico.lrc: SUCCESS Updated object [2097153], attributes [738, 742, 745] (RO)
10:47:09,301 INFO  [main] portico.lrc: SUCCESS Updated object [2097153], attributes [738, 742, 745] (RO)
10:47:09,349 INFO  [main] portico.lrc: SUCCESS Updated object [2097153], attributes [738, 742, 745] (RO)
10:47:09,399 INFO  [main] portico.lrc: SUCCESS Updated object [2097153], attributes [738, 742, 745] (RO)
10:47:09,449 INFO  [main] portico.lrc: SUCCESS Updated object [2097153], attributes [738, 742, 745] (RO)
10:47:09,499 INFO  [main] portico.lrc: SUCCESS Updated object [2097153], attributes [738, 742, 745] (RO)
10:47:09,549 INFO  [main] portico.lrc: SUCCESS Updated object [2097153], attributes [738, 742, 745] (RO)
10:47:09,599 INFO  [main] portico.lrc: SUCCESS Updated object [2097153], attributes [738, 742, 745] (RO)
10:47:09,650 INFO  [main] portico.lrc: SUCCESS Updated object [2097153], attributes [738, 742, 745] (RO)
10:47:09,699 INFO  [main] portico.lrc: SUCCESS Updated object [2097153], attributes [738, 742, 745] (RO)
10:47:09,749 INFO  [main] portico.lrc: SUCCESS Updated object [2097153], attributes [738, 742, 745] (RO)
10:47:09,800 INFO  [main] portico.lrc: SUCCESS Updated object [2097153], attributes [738, 742, 745] (RO)
10:47:09,851 INFO  [main] portico.lrc: SUCCESS Updated object [2097153], attributes [738, 742, 745] (RO)
10:47:09,899 INFO  [main] portico.lrc: SUCCESS Updated object [2097153], attributes [738, 742, 745] (RO)
10:47:09,949 INFO  [main] portico.lrc: SUCCESS Updated object [2097153], attributes [738, 742, 745] (RO)
10:47:09,999 INFO  [main] portico.lrc: SUCCESS Updated object [2097153], attributes [738, 742, 745] (RO)
10:47:10,049 INFO  [main] portico.lrc: SUCCESS Updated object [2097153], attributes [738, 742, 745] (RO)
10:47:10,099 INFO  [main] portico.lrc: SUCCESS Updated object [2097153], attributes [738, 742, 745] (RO)
10:47:10,149 INFO  [main] portico.lrc: SUCCESS Updated object [2097153], attributes [738, 742, 745] (RO)
10:47:10,199 INFO  [main] portico.lrc: SUCCESS Updated object [2097153], attributes [738, 742, 745] (RO)
10:47:10,249 INFO  [main] portico.lrc: SUCCESS Updated object [2097153], attributes [738, 742, 745] (RO)
10:47:10,299 INFO  [main] portico.lrc: SUCCESS Updated object [2097153], attributes [738, 742, 745] (RO)
10:47:10,349 INFO  [main] portico.lrc: SUCCESS Updated object [2097153], attributes [738, 742, 745] (RO)
10:47:10,399 INFO  [main] portico.lrc: SUCCESS Updated object [2097153], attributes [738, 742, 745] (RO)
10:47:10,449 INFO  [main] portico.lrc: SUCCESS Updated object [2097153], attributes [738, 742, 745] (RO)
10:47:10,499 INFO  [main] portico.lrc: SUCCESS Updated object [2097153], attributes [738, 742, 745] (RO)
10:47:10,550 INFO  [main] portico.lrc: SUCCESS Updated object [2097153], attributes [738, 742, 745] (RO)
10:47:10,600 INFO  [main] portico.lrc: SUCCESS Updated object [2097153], attributes [738, 742, 745] (RO)
10:47:10,649 INFO  [main] portico.lrc: SUCCESS Updated object [2097153], attributes [738, 742, 745] (RO)
10:47:10,699 INFO  [main] portico.lrc: SUCCESS Updated object [2097153], attributes [738, 742, 745] (RO)
10:47:10,749 INFO  [main] portico.lrc: SUCCESS Updated object [2097153], attributes [738, 742, 745] (RO)
10:47:10,799 INFO  [main] portico.lrc: SUCCESS Updated object [2097153], attributes [738, 742, 745] (RO)
10:47:10,849 INFO  [main] portico.lrc: SUCCESS Updated object [2097153], attributes [738, 742, 745] (RO)
10:47:10,899 INFO  [main] portico.lrc: SUCCESS Updated object [2097153], attributes [738, 742, 745] (RO)
10:47:10,949 INFO  [main] portico.lrc: SUCCESS Updated object [2097153], attributes [738, 742, 745] (RO)
10:47:10,999 INFO  [main] portico.lrc: SUCCESS Updated object [2097153], attributes [738, 742, 745] (RO)
10:47:11,049 INFO  [main] portico.lrc: SUCCESS Updated object [2097153], attributes [738, 742, 745] (RO)
10:47:11,099 INFO  [main] portico.lrc: SUCCESS Updated object [2097153], attributes [738, 742, 745] (RO)
10:47:11,149 INFO  [main] portico.lrc: SUCCESS Updated object [2097153], attributes [738, 742, 745] (RO)
10:47:11,199 INFO  [main] portico.lrc: SUCCESS Updated object [2097153], attributes [738, 742, 745] (RO)
10:47:11,249 INFO  [main] portico.lrc: SUCCESS Updated object [2097153], attributes [738, 742, 745] (RO)
10:47:11,299 INFO  [main] portico.lrc: SUCCESS Updated object [2097153], attributes [738, 742, 745] (RO)
10:47:11,349 INFO  [main] portico.lrc: SUCCESS Updated object [2097153], attributes [738, 742, 745] (RO)
10:47:11,400 INFO  [main] portico.lrc: SUCCESS Updated object [2097153], attributes [738, 742, 745] (RO)
10:47:11,449 INFO  [main] portico.lrc: SUCCESS Updated object [2097153], attributes [738, 742, 745] (RO)
10:47:11,499 INFO  [main] portico.lrc: SUCCESS Updated object [2097153], attributes [738, 742, 745] (RO)
10:47:11,549 INFO  [main] portico.lrc: SUCCESS Updated object [2097153], attributes [738, 742, 745] (RO)
10:47:11,599 INFO  [main] portico.lrc: SUCCESS Updated object [2097153], attributes [738, 742, 745] (RO)
10:47:11,649 INFO  [main] portico.lrc: SUCCESS Updated object [2097153], attributes [738, 742, 745] (RO)
10:47:11,699 INFO  [main] portico.lrc: SUCCESS Updated object [2097153], attributes [738, 742, 745] (RO)
10:47:11,749 INFO  [main] portico.lrc: SUCCESS Updated object [2097153], attributes [738, 742, 745] (RO)
10:47:11,799 INFO  [main] portico.lrc: SUCCESS Updated object [2097153], attributes [738, 742, 745] (RO)
10:47:11,849 INFO  [main] portico.lrc: SUCCESS Updated object [2097153], attributes [738, 742, 745] (RO)
10:47:11,899 INFO  [main] portico.lrc: SUCCESS Updated object [2097153], attributes [738, 742, 745] (RO)
10:47:11,949 INFO  [main] portico.lrc: SUCCESS Updated object [2097153], attributes [738, 742, 745] (RO)
10:47:11,999 INFO  [main] portico.lrc: SUCCESS Updated object [2097153], attributes [738, 742, 745] (RO)
10:47:12,053 INFO  [main] portico.lrc: SUCCESS Updated object [2097153], attributes [738, 742, 745] (RO)
10:47:12,099 INFO  [main] portico.lrc: SUCCESS Updated object [2097153], attributes [738, 742, 745] (RO)
10:47:12,149 INFO  [main] portico.lrc: SUCCESS Updated object [2097153], attributes [738, 742, 745] (RO)
10:47:12,200 INFO  [main] portico.lrc: SUCCESS Updated object [2097153], attributes [738, 742, 745] (RO)
10:47:12,249 INFO  [main] portico.lrc: SUCCESS Updated object [2097153], attributes [738, 742, 745] (RO)
10:47:12,299 INFO  [main] portico.lrc: SUCCESS Updated object [2097153], attributes [738, 742, 745] (RO)
10:47:12,349 INFO  [main] portico.lrc: SUCCESS Updated object [2097153], attributes [738, 742, 745] (RO)
10:47:12,399 INFO  [main] portico.lrc: SUCCESS Updated object [2097153], attributes [738, 742, 745] (RO)
10:47:12,449 INFO  [main] portico.lrc: SUCCESS Updated object [2097153], attributes [738, 742, 745] (RO)
10:47:12,499 INFO  [main] portico.lrc: SUCCESS Updated object [2097153], attributes [738, 742, 745] (RO)
10:47:12,549 INFO  [main] portico.lrc: SUCCESS Updated object [2097153], attributes [738, 742, 745] (RO)
10:47:12,599 INFO  [main] portico.lrc: SUCCESS Updated object [2097153], attributes [738, 742, 745] (RO)
10:47:12,649 INFO  [main] portico.lrc: SUCCESS Updated object [2097153], attributes [738, 742, 745] (RO)
10:47:12,699 INFO  [main] portico.lrc: SUCCESS Updated object [2097153], attributes [738, 742, 745] (RO)
10:47:12,749 INFO  [main] portico.lrc: SUCCESS Updated object [2097153], attributes [738, 742, 745] (RO)
10:47:12,799 INFO  [main] portico.lrc: SUCCESS Updated object [2097153], attributes [738, 742, 745] (RO)
10:47:12,849 INFO  [main] portico.lrc: SUCCESS Updated object [2097153], attributes [738, 742, 745] (RO)
10:47:12,899 INFO  [main] portico.lrc: SUCCESS Updated object [2097153], attributes [738, 742, 745] (RO)
10:47:12,950 INFO  [main] portico.lrc: SUCCESS Updated object [2097153], attributes [738, 742, 745] (RO)
10:47:12,999 INFO  [main] portico.lrc: SUCCESS Updated object [2097153], attributes [738, 742, 745] (RO)
10:47:13,049 INFO  [main] portico.lrc: SUCCESS Updated object [2097153], attributes [738, 742, 745] (RO)
10:47:13,099 INFO  [main] portico.lrc: SUCCESS Updated object [2097153], attributes [738, 742, 745] (RO)
10:47:13,150 INFO  [main] portico.lrc: SUCCESS Updated object [2097153], attributes [738, 742, 745] (RO)
10:47:13,199 INFO  [main] portico.lrc: SUCCESS Updated object [2097153], attributes [738, 742, 745] (RO)
10:47:13,249 INFO  [main] portico.lrc: SUCCESS Updated object [2097153], attributes [738, 742, 745] (RO)
10:47:13,300 INFO  [main] portico.lrc: SUCCESS Updated object [2097153], attributes [738, 742, 745] (RO)
10:47:13,350 INFO  [main] portico.lrc: SUCCESS Updated object [2097153], attributes [738, 742, 745] (RO)
10:47:13,399 INFO  [main] portico.lrc: SUCCESS Updated object [2097153], attributes [738, 742, 745] (RO)
10:47:13,449 INFO  [main] portico.lrc: SUCCESS Updated object [2097153], attributes [738, 742, 745] (RO)
10:47:13,499 INFO  [main] portico.lrc: SUCCESS Updated object [2097153], attributes [738, 742, 745] (RO)
10:47:13,549 INFO  [main] portico.lrc: SUCCESS Updated object [2097153], attributes [738, 742, 745] (RO)
10:47:13,599 INFO  [main] portico.lrc: SUCCESS Updated object [2097153], attributes [738, 742, 745] (RO)
10:47:13,649 INFO  [main] portico.lrc: SUCCESS Updated object [2097153], attributes [738, 742, 745] (RO)
10:47:13,699 INFO  [main] portico.lrc: SUCCESS Updated object [2097153], attributes [738, 742, 745] (RO)
10:47:13,749 INFO  [main] portico.lrc: SUCCESS Updated object [2097153], attributes [738, 742, 745] (RO)
10:47:13,799 INFO  [main] portico.lrc: SUCCESS Updated object [2097153], attributes [738, 742, 745] (RO)
10:47:13,849 INFO  [main] portico.lrc: SUCCESS Updated object [2097153], attributes [738, 742, 745] (RO)
10:47:13,899 INFO  [main] portico.lrc: SUCCESS Updated object [2097153], attributes [738, 742, 745] (RO)
10:47:13,949 INFO  [main] portico.lrc: SUCCESS Updated object [2097153], attributes [738, 742, 745] (RO)
10:47:13,999 INFO  [main] portico.lrc: SUCCESS Updated object [2097153], attributes [738, 742, 745] (RO)
10:47:14,053 INFO  [main] portico.lrc: SUCCESS Updated object [2097153], attributes [738, 742, 745] (RO)
10:47:14,100 INFO  [main] portico.lrc: SUCCESS Updated object [2097153], attributes [738, 742, 745] (RO)
10:47:14,149 INFO  [main] portico.lrc: SUCCESS Updated object [2097153], attributes [738, 742, 745] (RO)
10:47:14,199 INFO  [main] portico.lrc: SUCCESS Updated object [2097153], attributes [738, 742, 745] (RO)
10:47:14,249 INFO  [main] portico.lrc: SUCCESS Updated object [2097153], attributes [738, 742, 745] (RO)
10:47:14,299 INFO  [main] portico.lrc: SUCCESS Updated object [2097153], attributes [738, 742, 745] (RO)
10:47:14,349 INFO  [main] portico.lrc: SUCCESS Updated object [2097153], attributes [738, 742, 745] (RO)
10:47:14,399 INFO  [main] portico.lrc: SUCCESS Updated object [2097153], attributes [738, 742, 745] (RO)
10:47:14,449 INFO  [main] portico.lrc: SUCCESS Updated object [2097153], attributes [738, 742, 745] (RO)
10:47:14,499 INFO  [main] portico.lrc: SUCCESS Updated object [2097153], attributes [738, 742, 745] (RO)
10:47:14,549 INFO  [main] portico.lrc: SUCCESS Updated object [2097153], attributes [738, 742, 745] (RO)
10:47:14,599 INFO  [main] portico.lrc: SUCCESS Updated object [2097153], attributes [738, 742, 745] (RO)
10:47:14,649 INFO  [main] portico.lrc: SUCCESS Updated object [2097153], attributes [738, 742, 745] (RO)
10:47:14,699 INFO  [main] portico.lrc: SUCCESS Updated object [2097153], attributes [738, 742, 745] (RO)
10:47:14,750 INFO  [main] portico.lrc: SUCCESS Updated object [2097153], attributes [738, 742, 745] (RO)
10:47:14,799 INFO  [main] portico.lrc: SUCCESS Updated object [2097153], attributes [738, 742, 745] (RO)
10:47:14,849 INFO  [main] portico.lrc: SUCCESS Updated object [2097153], attributes [738, 742, 745] (RO)
10:47:14,899 INFO  [main] portico.lrc: SUCCESS Updated object [2097153], attributes [738, 742, 745] (RO)
10:47:14,949 INFO  [main] portico.lrc: SUCCESS Updated object [2097153], attributes [738, 742, 745] (RO)
10:47:14,999 INFO  [main] portico.lrc: SUCCESS Updated object [2097153], attributes [738, 742, 745] (RO)
10:47:15,049 INFO  [main] portico.lrc: SUCCESS Updated object [2097153], attributes [738, 742, 745] (RO)
10:47:15,099 INFO  [main] portico.lrc: SUCCESS Updated object [2097153], attributes [738, 742, 745] (RO)
10:47:15,149 INFO  [main] portico.lrc: SUCCESS Updated object [2097153], attributes [738, 742, 745] (RO)
10:47:15,199 INFO  [main] portico.lrc: SUCCESS Updated object [2097153], attributes [738, 742, 745] (RO)
10:47:15,249 INFO  [main] portico.lrc: SUCCESS Updated object [2097153], attributes [738, 742, 745] (RO)
10:47:15,299 INFO  [main] portico.lrc: SUCCESS Updated object [2097153], attributes [738, 742, 745] (RO)
10:47:15,349 INFO  [main] portico.lrc: SUCCESS Updated object [2097153], attributes [738, 742, 745] (RO)
10:47:15,399 INFO  [main] portico.lrc: SUCCESS Updated object [2097153], attributes [738, 742, 745] (RO)
10:47:15,449 INFO  [main] portico.lrc: SUCCESS Updated object [2097153], attributes [738, 742, 745] (RO)
10:47:15,499 INFO  [main] portico.lrc: SUCCESS Updated object [2097153], attributes [738, 742, 745] (RO)
10:47:15,549 INFO  [main] portico.lrc: SUCCESS Updated object [2097153], attributes [738, 742, 745] (RO)
10:47:15,599 INFO  [main] portico.lrc: SUCCESS Updated object [2097153], attributes [738, 742, 745] (RO)
10:47:15,649 INFO  [main] portico.lrc: SUCCESS Updated object [2097153], attributes [738, 742, 745] (RO)
10:47:15,699 INFO  [main] portico.lrc: SUCCESS Updated object [2097153], attributes [738, 742, 745] (RO)
10:47:15,749 INFO  [main] portico.lrc: SUCCESS Updated object [2097153], attributes [738, 742, 745] (RO)
10:47:15,799 INFO  [main] portico.lrc: SUCCESS Updated object [2097153], attributes [738, 742, 745] (RO)
10:47:15,849 INFO  [main] portico.lrc: SUCCESS Updated object [2097153], attributes [738, 742, 745] (RO)
10:47:15,899 INFO  [main] portico.lrc: SUCCESS Updated object [2097153], attributes [738, 742, 745] (RO)
10:47:15,952 INFO  [main] portico.lrc: SUCCESS Updated object [2097153], attributes [738, 742, 745] (RO)
10:47:15,999 INFO  [main] portico.lrc: SUCCESS Updated object [2097153], attributes [738, 742, 745] (RO)
10:47:16,049 INFO  [main] portico.lrc: SUCCESS Updated object [2097153], attributes [738, 742, 745] (RO)
10:47:16,099 INFO  [main] portico.lrc: SUCCESS Updated object [2097153], attributes [738, 742, 745] (RO)
10:47:16,149 INFO  [main] portico.lrc: SUCCESS Updated object [2097153], attributes [738, 742, 745] (RO)
10:47:16,199 INFO  [main] portico.lrc: SUCCESS Updated object [2097153], attributes [738, 742, 745] (RO)
10:47:16,249 INFO  [main] portico.lrc: SUCCESS Updated object [2097153], attributes [738, 742, 745] (RO)
10:47:16,299 INFO  [main] portico.lrc: SUCCESS Updated object [2097153], attributes [738, 742, 745] (RO)
10:47:16,349 INFO  [main] portico.lrc: SUCCESS Updated object [2097153], attributes [738, 742, 745] (RO)
10:47:16,399 INFO  [main] portico.lrc: SUCCESS Updated object [2097153], attributes [738, 742, 745] (RO)
10:47:16,449 INFO  [main] portico.lrc: SUCCESS Updated object [2097153], attributes [738, 742, 745] (RO)
10:47:16,500 INFO  [main] portico.lrc: SUCCESS Updated object [2097153], attributes [738, 742, 745] (RO)
10:47:16,549 INFO  [main] portico.lrc: SUCCESS Updated object [2097153], attributes [738, 742, 745] (RO)
10:47:16,599 INFO  [main] portico.lrc: SUCCESS Updated object [2097153], attributes [738, 742, 745] (RO)
10:47:16,649 INFO  [main] portico.lrc: SUCCESS Updated object [2097153], attributes [738, 742, 745] (RO)
10:47:16,699 INFO  [main] portico.lrc: SUCCESS Updated object [2097153], attributes [738, 742, 745] (RO)
10:47:16,749 INFO  [main] portico.lrc: SUCCESS Updated object [2097153], attributes [738, 742, 745] (RO)
10:47:16,799 INFO  [main] portico.lrc: SUCCESS Updated object [2097153], attributes [738, 742, 745] (RO)
10:47:16,849 INFO  [main] portico.lrc: SUCCESS Updated object [2097153], attributes [738, 742, 745] (RO)
10:47:16,899 INFO  [main] portico.lrc: SUCCESS Updated object [2097153], attributes [738, 742, 745] (RO)
10:47:16,949 INFO  [main] portico.lrc: SUCCESS Updated object [2097153], attributes [738, 742, 745] (RO)
10:47:16,999 INFO  [main] portico.lrc: SUCCESS Updated object [2097153], attributes [738, 742, 745] (RO)
10:47:17,049 INFO  [main] portico.lrc: SUCCESS Updated object [2097153], attributes [738, 742, 745] (RO)
10:47:17,099 INFO  [main] portico.lrc: SUCCESS Updated object [2097153], attributes [738, 742, 745] (RO)
10:47:17,149 INFO  [main] portico.lrc: SUCCESS Updated object [2097153], attributes [738, 742, 745] (RO)
10:47:17,199 INFO  [main] portico.lrc: SUCCESS Updated object [2097153], attributes [738, 742, 745] (RO)
10:47:17,249 INFO  [main] portico.lrc: SUCCESS Updated object [2097153], attributes [738, 742, 745] (RO)
10:47:17,299 INFO  [main] portico.lrc: SUCCESS Updated object [2097153], attributes [738, 742, 745] (RO)
10:47:17,349 INFO  [main] portico.lrc: SUCCESS Updated object [2097153], attributes [738, 742, 745] (RO)
10:47:17,400 INFO  [main] portico.lrc: SUCCESS Updated object [2097153], attributes [738, 742, 745] (RO)
10:47:17,449 INFO  [main] portico.lrc: SUCCESS Updated object [2097153], attributes [738, 742, 745] (RO)
10:47:17,499 INFO  [main] portico.lrc: SUCCESS Updated object [2097153], attributes [738, 742, 745] (RO)
10:47:17,549 INFO  [main] portico.lrc: SUCCESS Updated object [2097153], attributes [738, 742, 745] (RO)
10:47:17,599 INFO  [main] portico.lrc: SUCCESS Updated object [2097153], attributes [738, 742, 745] (RO)
10:47:17,649 INFO  [main] portico.lrc: SUCCESS Updated object [2097153], attributes [738, 742, 745] (RO)
10:47:17,699 INFO  [main] portico.lrc: SUCCESS Updated object [2097153], attributes [738, 742, 745] (RO)
10:47:17,749 INFO  [main] portico.lrc: SUCCESS Updated object [2097153], attributes [738, 742, 745] (RO)
10:47:17,799 INFO  [main] portico.lrc: SUCCESS Updated object [2097153], attributes [738, 742, 745] (RO)
10:47:17,854 INFO  [main] portico.lrc: SUCCESS Updated object [2097153], attributes [738, 742, 745] (RO)
10:47:17,900 INFO  [main] portico.lrc: SUCCESS Updated object [2097153], attributes [738, 742, 745] (RO)
10:47:17,949 INFO  [main] portico.lrc: SUCCESS Updated object [2097153], attributes [738, 742, 745] (RO)
10:47:17,999 INFO  [main] portico.lrc: SUCCESS Updated object [2097153], attributes [738, 742, 745] (RO)
10:47:18,049 INFO  [main] portico.lrc: SUCCESS Updated object [2097153], attributes [738, 742, 745] (RO)
10:47:18,100 INFO  [main] portico.lrc: SUCCESS Updated object [2097153], attributes [738, 742, 745] (RO)
10:47:18,149 INFO  [main] portico.lrc: SUCCESS Updated object [2097153], attributes [738, 742, 745] (RO)
10:47:18,199 INFO  [main] portico.lrc: SUCCESS Updated object [2097153], attributes [738, 742, 745] (RO)
10:47:18,249 INFO  [main] portico.lrc: SUCCESS Updated object [2097153], attributes [738, 742, 745] (RO)
10:47:18,299 INFO  [main] portico.lrc: SUCCESS Updated object [2097153], attributes [738, 742, 745] (RO)
10:47:18,349 INFO  [main] portico.lrc: SUCCESS Updated object [2097153], attributes [738, 742, 745] (RO)
10:47:18,399 INFO  [main] portico.lrc: SUCCESS Updated object [2097153], attributes [738, 742, 745] (RO)
10:47:18,449 INFO  [main] portico.lrc: SUCCESS Updated object [2097153], attributes [738, 742, 745] (RO)
10:47:18,499 INFO  [main] portico.lrc: SUCCESS Updated object [2097153], attributes [738, 742, 745] (RO)
10:47:18,549 INFO  [main] portico.lrc: SUCCESS Updated object [2097153], attributes [738, 742, 745] (RO)
10:47:18,599 INFO  [main] portico.lrc: SUCCESS Updated object [2097153], attributes [738, 742, 745] (RO)
10:47:18,649 INFO  [main] portico.lrc: SUCCESS Updated object [2097153], attributes [738, 742, 745] (RO)
10:47:18,699 INFO  [main] portico.lrc: SUCCESS Updated object [2097153], attributes [738, 742, 745] (RO)
10:47:18,749 INFO  [main] portico.lrc: SUCCESS Updated object [2097153], attributes [738, 742, 745] (RO)
10:47:18,799 INFO  [main] portico.lrc: SUCCESS Updated object [2097153], attributes [738, 742, 745] (RO)
10:47:18,849 INFO  [main] portico.lrc: SUCCESS Updated object [2097153], attributes [738, 742, 745] (RO)
10:47:18,899 INFO  [main] portico.lrc: SUCCESS Updated object [2097153], attributes [738, 742, 745] (RO)
10:47:18,949 INFO  [main] portico.lrc: SUCCESS Updated object [2097153], attributes [738, 742, 745] (RO)
10:47:18,999 INFO  [main] portico.lrc: SUCCESS Updated object [2097153], attributes [738, 742, 745] (RO)
10:47:19,049 INFO  [main] portico.lrc: SUCCESS Updated object [2097153], attributes [738, 742, 745] (RO)
10:47:19,099 INFO  [main] portico.lrc: SUCCESS Updated object [2097153], attributes [738, 742, 745] (RO)
10:47:19,149 INFO  [main] portico.lrc: SUCCESS Updated object [2097153], attributes [738, 742, 745] (RO)
10:47:19,199 INFO  [main] portico.lrc: SUCCESS Updated object [2097153], attributes [738, 742, 745] (RO)
10:47:19,250 INFO  [main] portico.lrc: SUCCESS Updated object [2097153], attributes [738, 742, 745] (RO)
10:47:19,299 INFO  [main] portico.lrc: SUCCESS Updated object [2097153], attributes [738, 742, 745] (RO)
10:47:19,350 INFO  [main] portico.lrc: SUCCESS Updated object [2097153], attributes [738, 742, 745] (RO)
10:47:19,399 INFO  [main] portico.lrc: SUCCESS Updated object [2097153], attributes [738, 742, 745] (RO)
10:47:19,449 INFO  [main] portico.lrc: SUCCESS Updated object [2097153], attributes [738, 742, 745] (RO)
10:47:19,499 INFO  [main] portico.lrc: SUCCESS Updated object [2097153], attributes [738, 742, 745] (RO)
10:47:19,549 INFO  [main] portico.lrc: SUCCESS Updated object [2097153], attributes [738, 742, 745] (RO)
10:47:19,599 INFO  [main] portico.lrc: SUCCESS Updated object [2097153], attributes [738, 742, 745] (RO)
10:47:19,649 INFO  [main] portico.lrc: SUCCESS Updated object [2097153], attributes [738, 742, 745] (RO)
10:47:19,704 INFO  [main] portico.lrc: SUCCESS Updated object [2097153], attributes [738, 742, 745] (RO)
10:47:19,749 INFO  [main] portico.lrc: SUCCESS Updated object [2097153], attributes [738, 742, 745] (RO)
10:47:19,799 INFO  [main] portico.lrc: SUCCESS Updated object [2097153], attributes [738, 742, 745] (RO)
10:47:19,851 INFO  [main] portico.lrc: SUCCESS Updated object [2097153], attributes [738, 742, 745] (RO)
10:47:19,900 INFO  [main] portico.lrc: SUCCESS Updated object [2097153], attributes [738, 742, 745] (RO)
10:47:19,949 INFO  [main] portico.lrc: SUCCESS Updated object [2097153], attributes [738, 742, 745] (RO)
10:47:19,999 INFO  [main] portico.lrc: SUCCESS Updated object [2097153], attributes [738, 742, 745] (RO)
10:47:20,049 INFO  [main] portico.lrc: SUCCESS Updated object [2097153], attributes [738, 742, 745] (RO)
10:47:20,099 INFO  [main] portico.lrc: SUCCESS Updated object [2097153], attributes [738, 742, 745] (RO)
10:47:20,149 INFO  [main] portico.lrc: SUCCESS Updated object [2097153], attributes [738, 742, 745] (RO)
10:47:20,200 INFO  [main] portico.lrc: SUCCESS Updated object [2097153], attributes [738, 742, 745] (RO)
10:47:20,249 INFO  [main] portico.lrc: SUCCESS Updated object [2097153], attributes [738, 742, 745] (RO)
10:47:20,299 INFO  [main] portico.lrc: SUCCESS Updated object [2097153], attributes [738, 742, 745] (RO)
10:47:20,349 INFO  [main] portico.lrc: SUCCESS Updated object [2097153], attributes [738, 742, 745] (RO)
10:47:20,399 INFO  [main] portico.lrc: SUCCESS Updated object [2097153], attributes [738, 742, 745] (RO)
10:47:20,449 INFO  [main] portico.lrc: SUCCESS Updated object [2097153], attributes [738, 742, 745] (RO)
10:47:20,500 INFO  [main] portico.lrc: SUCCESS Updated object [2097153], attributes [738, 742, 745] (RO)
10:47:20,549 INFO  [main] portico.lrc: SUCCESS Updated object [2097153], attributes [738, 742, 745] (RO)
10:47:20,599 INFO  [main] portico.lrc: SUCCESS Updated object [2097153], attributes [738, 742, 745] (RO)
10:47:20,649 INFO  [main] portico.lrc: SUCCESS Updated object [2097153], attributes [738, 742, 745] (RO)
10:47:20,699 INFO  [main] portico.lrc: SUCCESS Updated object [2097153], attributes [738, 742, 745] (RO)
10:47:20,749 INFO  [main] portico.lrc: SUCCESS Updated object [2097153], attributes [738, 742, 745] (RO)
10:47:20,799 INFO  [main] portico.lrc: SUCCESS Updated object [2097153], attributes [738, 742, 745] (RO)
10:47:20,849 INFO  [main] portico.lrc: SUCCESS Updated object [2097153], attributes [738, 742, 745] (RO)
10:47:20,899 INFO  [main] portico.lrc: SUCCESS Updated object [2097153], attributes [738, 742, 745] (RO)
10:47:20,949 INFO  [main] portico.lrc: SUCCESS Updated object [2097153], attributes [738, 742, 745] (RO)
10:47:21,000 INFO  [main] portico.lrc: SUCCESS Updated object [2097153], attributes [738, 742, 745] (RO)
10:47:21,049 INFO  [main] portico.lrc: SUCCESS Updated object [2097153], attributes [738, 742, 745] (RO)
10:47:21,099 INFO  [main] portico.lrc: SUCCESS Updated object [2097153], attributes [738, 742, 745] (RO)
10:47:21,149 INFO  [main] portico.lrc: SUCCESS Updated object [2097153], attributes [738, 742, 745] (RO)
10:47:21,201 INFO  [main] portico.lrc: SUCCESS Updated object [2097153], attributes [738, 742, 745] (RO)
10:47:21,249 INFO  [main] portico.lrc: SUCCESS Updated object [2097153], attributes [738, 742, 745] (RO)
10:47:21,299 INFO  [main] portico.lrc: SUCCESS Updated object [2097153], attributes [738, 742, 745] (RO)
10:47:21,352 INFO  [main] portico.lrc: SUCCESS Updated object [2097153], attributes [738, 742, 745] (RO)
10:47:21,399 INFO  [main] portico.lrc: SUCCESS Updated object [2097153], attributes [738, 742, 745] (RO)
10:47:21,450 INFO  [main] portico.lrc: SUCCESS Updated object [2097153], attributes [738, 742, 745] (RO)
10:47:21,499 INFO  [main] portico.lrc: SUCCESS Updated object [2097153], attributes [738, 742, 745] (RO)
10:47:21,549 INFO  [main] portico.lrc: SUCCESS Updated object [2097153], attributes [738, 742, 745] (RO)
10:47:21,599 INFO  [main] portico.lrc: SUCCESS Updated object [2097153], attributes [738, 742, 745] (RO)
10:47:21,649 INFO  [main] portico.lrc: SUCCESS Updated object [2097153], attributes [738, 742, 745] (RO)
10:47:21,699 INFO  [main] portico.lrc: SUCCESS Updated object [2097153], attributes [738, 742, 745] (RO)
10:47:21,749 INFO  [main] portico.lrc: SUCCESS Updated object [2097153], attributes [738, 742, 745] (RO)
10:47:21,799 INFO  [main] portico.lrc: SUCCESS Updated object [2097153], attributes [738, 742, 745] (RO)
10:47:21,849 INFO  [main] portico.lrc: SUCCESS Updated object [2097153], attributes [738, 742, 745] (RO)
10:47:21,900 INFO  [main] portico.lrc: SUCCESS Updated object [2097153], attributes [738, 742, 745] (RO)
10:47:21,949 INFO  [main] portico.lrc: SUCCESS Updated object [2097153], attributes [738, 742, 745] (RO)
10:47:21,999 INFO  [main] portico.lrc: SUCCESS Updated object [2097153], attributes [738, 742, 745] (RO)
10:47:22,049 INFO  [main] portico.lrc: SUCCESS Updated object [2097153], attributes [738, 742, 745] (RO)
10:47:22,099 INFO  [main] portico.lrc: SUCCESS Updated object [2097153], attributes [738, 742, 745] (RO)
10:47:22,150 INFO  [main] portico.lrc: SUCCESS Updated object [2097153], attributes [738, 742, 745] (RO)
10:47:22,202 INFO  [main] portico.lrc: SUCCESS Updated object [2097153], attributes [738, 742, 745] (RO)
10:47:22,250 INFO  [main] portico.lrc: SUCCESS Updated object [2097153], attributes [738, 742, 745] (RO)
10:47:22,299 INFO  [main] portico.lrc: SUCCESS Updated object [2097153], attributes [738, 742, 745] (RO)
10:47:22,349 INFO  [main] portico.lrc: SUCCESS Updated object [2097153], attributes [738, 742, 745] (RO)
10:47:22,399 INFO  [main] portico.lrc: SUCCESS Updated object [2097153], attributes [738, 742, 745] (RO)
10:47:22,449 INFO  [main] portico.lrc: SUCCESS Updated object [2097153], attributes [738, 742, 745] (RO)
10:47:22,499 INFO  [main] portico.lrc: SUCCESS Updated object [2097153], attributes [738, 742, 745] (RO)
10:47:22,549 INFO  [main] portico.lrc: SUCCESS Updated object [2097153], attributes [738, 742, 745] (RO)
10:47:22,599 INFO  [main] portico.lrc: SUCCESS Updated object [2097153], attributes [738, 742, 745] (RO)
10:47:22,649 INFO  [main] portico.lrc: SUCCESS Updated object [2097153], attributes [738, 742, 745] (RO)
10:47:22,699 INFO  [main] portico.lrc: SUCCESS Updated object [2097153], attributes [738, 742, 745] (RO)
10:47:22,749 INFO  [main] portico.lrc: SUCCESS Updated object [2097153], attributes [738, 742, 745] (RO)
10:47:22,799 INFO  [main] portico.lrc: SUCCESS Updated object [2097153], attributes [738, 742, 745] (RO)
10:47:22,849 INFO  [main] portico.lrc: SUCCESS Updated object [2097153], attributes [738, 742, 745] (RO)
10:47:22,899 INFO  [main] portico.lrc: SUCCESS Updated object [2097153], attributes [738, 742, 745] (RO)
10:47:22,949 INFO  [main] portico.lrc: SUCCESS Updated object [2097153], attributes [738, 742, 745] (RO)
10:47:22,999 INFO  [main] portico.lrc: SUCCESS Updated object [2097153], attributes [738, 742, 745] (RO)
10:47:23,049 INFO  [main] portico.lrc: SUCCESS Updated object [2097153], attributes [738, 742, 745] (RO)
10:47:23,100 INFO  [main] portico.lrc: SUCCESS Updated object [2097153], attributes [738, 742, 745] (RO)
10:47:23,149 INFO  [main] portico.lrc: SUCCESS Updated object [2097153], attributes [738, 742, 745] (RO)
10:47:23,199 INFO  [main] portico.lrc: SUCCESS Updated object [2097153], attributes [738, 742, 745] (RO)
10:47:23,253 INFO  [main] portico.lrc: SUCCESS Updated object [2097153], attributes [738, 742, 745] (RO)
10:47:23,299 INFO  [main] portico.lrc: SUCCESS Updated object [2097153], attributes [738, 742, 745] (RO)
10:47:23,349 INFO  [main] portico.lrc: SUCCESS Updated object [2097153], attributes [738, 742, 745] (RO)
10:47:23,399 INFO  [main] portico.lrc: SUCCESS Updated object [2097153], attributes [738, 742, 745] (RO)
10:47:23,449 INFO  [main] portico.lrc: SUCCESS Updated object [2097153], attributes [738, 742, 745] (RO)
10:47:23,499 INFO  [main] portico.lrc: SUCCESS Updated object [2097153], attributes [738, 742, 745] (RO)
10:47:23,549 INFO  [main] portico.lrc: SUCCESS Updated object [2097153], attributes [738, 742, 745] (RO)
10:47:23,599 INFO  [main] portico.lrc: SUCCESS Updated object [2097153], attributes [738, 742, 745] (RO)
10:47:23,649 INFO  [main] portico.lrc: SUCCESS Updated object [2097153], attributes [738, 742, 745] (RO)
10:47:23,699 INFO  [main] portico.lrc: SUCCESS Updated object [2097153], attributes [738, 742, 745] (RO)
10:47:23,749 INFO  [main] portico.lrc: SUCCESS Updated object [2097153], attributes [738, 742, 745] (RO)
10:47:23,799 INFO  [main] portico.lrc: SUCCESS Updated object [2097153], attributes [738, 742, 745] (RO)
10:47:23,849 INFO  [main] portico.lrc: SUCCESS Updated object [2097153], attributes [738, 742, 745] (RO)
10:47:23,899 INFO  [main] portico.lrc: SUCCESS Updated object [2097153], attributes [738, 742, 745] (RO)
10:47:23,949 INFO  [main] portico.lrc: SUCCESS Updated object [2097153], attributes [738, 742, 745] (RO)
10:47:23,999 INFO  [main] portico.lrc: SUCCESS Updated object [2097153], attributes [738, 742, 745] (RO)
10:47:24,049 INFO  [main] portico.lrc: SUCCESS Updated object [2097153], attributes [738, 742, 745] (RO)
10:47:24,099 INFO  [main] portico.lrc: SUCCESS Updated object [2097153], attributes [738, 742, 745] (RO)
10:47:24,149 INFO  [main] portico.lrc: SUCCESS Updated object [2097153], attributes [738, 742, 745] (RO)
10:47:24,199 INFO  [main] portico.lrc: SUCCESS Updated object [2097153], attributes [738, 742, 745] (RO)
10:47:24,249 INFO  [main] portico.lrc: SUCCESS Updated object [2097153], attributes [738, 742, 745] (RO)
10:47:24,299 INFO  [main] portico.lrc: SUCCESS Updated object [2097153], attributes [738, 742, 745] (RO)
10:47:24,349 INFO  [main] portico.lrc: SUCCESS Updated object [2097153], attributes [738, 742, 745] (RO)
10:47:24,399 INFO  [main] portico.lrc: SUCCESS Updated object [2097153], attributes [738, 742, 745] (RO)
10:47:24,449 INFO  [main] portico.lrc: SUCCESS Updated object [2097153], attributes [738, 742, 745] (RO)
10:47:24,499 INFO  [main] portico.lrc: SUCCESS Updated object [2097153], attributes [738, 742, 745] (RO)
10:47:24,549 INFO  [main] portico.lrc: SUCCESS Updated object [2097153], attributes [738, 742, 745] (RO)
10:47:24,599 INFO  [main] portico.lrc: SUCCESS Updated object [2097153], attributes [738, 742, 745] (RO)
10:47:24,649 INFO  [main] portico.lrc: SUCCESS Updated object [2097153], attributes [738, 742, 745] (RO)
10:47:24,699 INFO  [main] portico.lrc: SUCCESS Updated object [2097153], attributes [738, 742, 745] (RO)
10:47:24,749 INFO  [main] portico.lrc: SUCCESS Updated object [2097153], attributes [738, 742, 745] (RO)
10:47:24,799 INFO  [main] portico.lrc: SUCCESS Updated object [2097153], attributes [738, 742, 745] (RO)
10:47:24,849 INFO  [main] portico.lrc: SUCCESS Updated object [2097153], attributes [738, 742, 745] (RO)
10:47:24,899 INFO  [main] portico.lrc: SUCCESS Updated object [2097153], attributes [738, 742, 745] (RO)
10:47:24,949 INFO  [main] portico.lrc: SUCCESS Updated object [2097153], attributes [738, 742, 745] (RO)
10:47:24,999 INFO  [main] portico.lrc: SUCCESS Updated object [2097153], attributes [738, 742, 745] (RO)
10:47:25,049 INFO  [main] portico.lrc: SUCCESS Updated object [2097153], attributes [738, 742, 745] (RO)
10:47:25,100 INFO  [main] portico.lrc: SUCCESS Updated object [2097153], attributes [738, 742, 745] (RO)
10:47:25,149 INFO  [main] portico.lrc: SUCCESS Updated object [2097153], attributes [738, 742, 745] (RO)
10:47:25,199 INFO  [main] portico.lrc: SUCCESS Updated object [2097153], attributes [738, 742, 745] (RO)
10:47:25,249 INFO  [main] portico.lrc: SUCCESS Updated object [2097153], attributes [738, 742, 745] (RO)
10:47:25,299 INFO  [main] portico.lrc: SUCCESS Updated object [2097153], attributes [738, 742, 745] (RO)
10:47:25,350 INFO  [main] portico.lrc: SUCCESS Updated object [2097153], attributes [738, 742, 745] (RO)
10:47:25,402 INFO  [main] portico.lrc: SUCCESS Updated object [2097153], attributes [738, 742, 745] (RO)
10:47:25,449 INFO  [main] portico.lrc: SUCCESS Updated object [2097153], attributes [738, 742, 745] (RO)
10:47:25,500 INFO  [main] portico.lrc: SUCCESS Updated object [2097153], attributes [738, 742, 745] (RO)
10:47:25,549 INFO  [main] portico.lrc: SUCCESS Updated object [2097153], attributes [738, 742, 745] (RO)
10:47:25,599 INFO  [main] portico.lrc: SUCCESS Updated object [2097153], attributes [738, 742, 745] (RO)
10:47:25,649 INFO  [main] portico.lrc: SUCCESS Updated object [2097153], attributes [738, 742, 745] (RO)
10:47:25,699 INFO  [main] portico.lrc: SUCCESS Updated object [2097153], attributes [738, 742, 745] (RO)
10:47:25,749 INFO  [main] portico.lrc: SUCCESS Updated object [2097153], attributes [738, 742, 745] (RO)
10:47:25,799 INFO  [main] portico.lrc: SUCCESS Updated object [2097153], attributes [738, 742, 745] (RO)
10:47:25,849 INFO  [main] portico.lrc: SUCCESS Updated object [2097153], attributes [738, 742, 745] (RO)
10:47:25,899 INFO  [main] portico.lrc: SUCCESS Updated object [2097153], attributes [738, 742, 745] (RO)
10:47:25,949 INFO  [main] portico.lrc: SUCCESS Updated object [2097153], attributes [738, 742, 745] (RO)
10:47:25,999 INFO  [main] portico.lrc: SUCCESS Updated object [2097153], attributes [738, 742, 745] (RO)
10:47:26,049 INFO  [main] portico.lrc: SUCCESS Updated object [2097153], attributes [738, 742, 745] (RO)
10:47:26,099 INFO  [main] portico.lrc: SUCCESS Updated object [2097153], attributes [738, 742, 745] (RO)
10:47:26,149 INFO  [main] portico.lrc: SUCCESS Updated object [2097153], attributes [738, 742, 745] (RO)
10:47:26,200 INFO  [main] portico.lrc: SUCCESS Updated object [2097153], attributes [738, 742, 745] (RO)
10:47:26,249 INFO  [main] portico.lrc: SUCCESS Updated object [2097153], attributes [738, 742, 745] (RO)
10:47:26,299 INFO  [main] portico.lrc: SUCCESS Updated object [2097153], attributes [738, 742, 745] (RO)
10:47:26,349 INFO  [main] portico.lrc: SUCCESS Updated object [2097153], attributes [738, 742, 745] (RO)
10:47:26,399 INFO  [main] portico.lrc: SUCCESS Updated object [2097153], attributes [738, 742, 745] (RO)
10:47:26,449 INFO  [main] portico.lrc: SUCCESS Updated object [2097153], attributes [738, 742, 745] (RO)
10:47:26,499 INFO  [main] portico.lrc: SUCCESS Updated object [2097153], attributes [738, 742, 745] (RO)
10:47:26,549 INFO  [main] portico.lrc: SUCCESS Updated object [2097153], attributes [738, 742, 745] (RO)
10:47:26,599 INFO  [main] portico.lrc: SUCCESS Updated object [2097153], attributes [738, 742, 745] (RO)
10:47:26,649 INFO  [main] portico.lrc: SUCCESS Updated object [2097153], attributes [738, 742, 745] (RO)
10:47:26,700 INFO  [main] portico.lrc: SUCCESS Updated object [2097153], attributes [738, 742, 745] (RO)
10:47:26,749 INFO  [main] portico.lrc: SUCCESS Updated object [2097153], attributes [738, 742, 745] (RO)
10:47:26,799 INFO  [main] portico.lrc: SUCCESS Updated object [2097153], attributes [738, 742, 745] (RO)
10:47:26,849 INFO  [main] portico.lrc: SUCCESS Updated object [2097153], attributes [738, 742, 745] (RO)
10:47:26,899 INFO  [main] portico.lrc: SUCCESS Updated object [2097153], attributes [738, 742, 745] (RO)
10:47:26,949 INFO  [main] portico.lrc: SUCCESS Updated object [2097153], attributes [738, 742, 745] (RO)
10:47:26,999 INFO  [main] portico.lrc: SUCCESS Updated object [2097153], attributes [738, 742, 745] (RO)
10:47:27,049 INFO  [main] portico.lrc: SUCCESS Updated object [2097153], attributes [738, 742, 745] (RO)
10:47:27,099 INFO  [main] portico.lrc: SUCCESS Updated object [2097153], attributes [738, 742, 745] (RO)
10:47:27,149 INFO  [main] portico.lrc: SUCCESS Updated object [2097153], attributes [738, 742, 745] (RO)
10:47:27,199 INFO  [main] portico.lrc: SUCCESS Updated object [2097153], attributes [738, 742, 745] (RO)
10:47:27,249 INFO  [main] portico.lrc: SUCCESS Updated object [2097153], attributes [738, 742, 745] (RO)
10:47:27,299 INFO  [main] portico.lrc: SUCCESS Updated object [2097153], attributes [738, 742, 745] (RO)
10:47:27,353 INFO  [main] portico.lrc: SUCCESS Updated object [2097153], attributes [738, 742, 745] (RO)
10:47:27,399 INFO  [main] portico.lrc: SUCCESS Updated object [2097153], attributes [738, 742, 745] (RO)
10:47:27,449 INFO  [main] portico.lrc: SUCCESS Updated object [2097153], attributes [738, 742, 745] (RO)
10:47:27,499 INFO  [main] portico.lrc: SUCCESS Updated object [2097153], attributes [738, 742, 745] (RO)
10:47:27,549 INFO  [main] portico.lrc: SUCCESS Updated object [2097153], attributes [738, 742, 745] (RO)
10:47:27,599 INFO  [main] portico.lrc: SUCCESS Updated object [2097153], attributes [738, 742, 745] (RO)
10:47:27,649 INFO  [main] portico.lrc: SUCCESS Updated object [2097153], attributes [738, 742, 745] (RO)
10:47:27,699 INFO  [main] portico.lrc: SUCCESS Updated object [2097153], attributes [738, 742, 745] (RO)
10:47:27,749 INFO  [main] portico.lrc: SUCCESS Updated object [2097153], attributes [738, 742, 745] (RO)
10:47:27,799 INFO  [main] portico.lrc: SUCCESS Updated object [2097153], attributes [738, 742, 745] (RO)
10:47:27,849 INFO  [main] portico.lrc: SUCCESS Updated object [2097153], attributes [738, 742, 745] (RO)
10:47:27,900 INFO  [main] portico.lrc: SUCCESS Updated object [2097153], attributes [738, 742, 745] (RO)
10:47:27,949 INFO  [main] portico.lrc: SUCCESS Updated object [2097153], attributes [738, 742, 745] (RO)
10:47:27,999 INFO  [main] portico.lrc: SUCCESS Updated object [2097153], attributes [738, 742, 745] (RO)
10:47:28,049 INFO  [main] portico.lrc: SUCCESS Updated object [2097153], attributes [738, 742, 745] (RO)
10:47:28,101 INFO  [main] portico.lrc: SUCCESS Updated object [2097153], attributes [738, 742, 745] (RO)
10:47:28,151 INFO  [main] portico.lrc: SUCCESS Updated object [2097153], attributes [738, 742, 745] (RO)
10:47:28,199 INFO  [main] portico.lrc: SUCCESS Updated object [2097153], attributes [738, 742, 745] (RO)
10:47:28,249 INFO  [main] portico.lrc: SUCCESS Updated object [2097153], attributes [738, 742, 745] (RO)
10:47:28,300 INFO  [main] portico.lrc: SUCCESS Updated object [2097153], attributes [738, 742, 745] (RO)
10:47:28,349 INFO  [main] portico.lrc: SUCCESS Updated object [2097153], attributes [738, 742, 745] (RO)
10:47:28,400 INFO  [main] portico.lrc: SUCCESS Updated object [2097153], attributes [738, 742, 745] (RO)
10:47:28,449 INFO  [main] portico.lrc: SUCCESS Updated object [2097153], attributes [738, 742, 745] (RO)
10:47:28,499 INFO  [main] portico.lrc: SUCCESS Updated object [2097153], attributes [738, 742, 745] (RO)
10:47:28,549 INFO  [main] portico.lrc: SUCCESS Updated object [2097153], attributes [738, 742, 745] (RO)
10:47:28,600 INFO  [main] portico.lrc: SUCCESS Updated object [2097153], attributes [738, 742, 745] (RO)
10:47:28,649 INFO  [main] portico.lrc: SUCCESS Updated object [2097153], attributes [738, 742, 745] (RO)
10:47:28,699 INFO  [main] portico.lrc: SUCCESS Updated object [2097153], attributes [738, 742, 745] (RO)
10:47:28,750 INFO  [main] portico.lrc: SUCCESS Updated object [2097153], attributes [738, 742, 745] (RO)
10:47:28,799 INFO  [main] portico.lrc: SUCCESS Updated object [2097153], attributes [738, 742, 745] (RO)
10:47:28,849 INFO  [main] portico.lrc: SUCCESS Updated object [2097153], attributes [738, 742, 745] (RO)
10:47:28,899 INFO  [main] portico.lrc: SUCCESS Updated object [2097153], attributes [738, 742, 745] (RO)
10:47:28,949 INFO  [main] portico.lrc: SUCCESS Updated object [2097153], attributes [738, 742, 745] (RO)
10:47:29,001 INFO  [main] portico.lrc: SUCCESS Updated object [2097153], attributes [738, 742, 745] (RO)
10:47:29,049 INFO  [main] portico.lrc: SUCCESS Updated object [2097153], attributes [738, 742, 745] (RO)
10:47:29,100 INFO  [main] portico.lrc: SUCCESS Updated object [2097153], attributes [738, 742, 745] (RO)
10:47:29,149 INFO  [main] portico.lrc: SUCCESS Updated object [2097153], attributes [738, 742, 745] (RO)
10:47:29,200 INFO  [main] portico.lrc: SUCCESS Updated object [2097153], attributes [738, 742, 745] (RO)
10:47:29,249 INFO  [main] portico.lrc: SUCCESS Updated object [2097153], attributes [738, 742, 745] (RO)
10:47:29,301 INFO  [main] portico.lrc: SUCCESS Updated object [2097153], attributes [738, 742, 745] (RO)
10:47:29,351 INFO  [main] portico.lrc: SUCCESS Updated object [2097153], attributes [738, 742, 745] (RO)
10:47:29,400 INFO  [main] portico.lrc: SUCCESS Updated object [2097153], attributes [738, 742, 745] (RO)
10:47:29,449 INFO  [main] portico.lrc: SUCCESS Updated object [2097153], attributes [738, 742, 745] (RO)
10:47:29,499 INFO  [main] portico.lrc: SUCCESS Updated object [2097153], attributes [738, 742, 745] (RO)
10:47:29,549 INFO  [main] portico.lrc: SUCCESS Updated object [2097153], attributes [738, 742, 745] (RO)
10:47:29,599 INFO  [main] portico.lrc: SUCCESS Updated object [2097153], attributes [738, 742, 745] (RO)
10:47:29,649 INFO  [main] portico.lrc: SUCCESS Updated object [2097153], attributes [738, 742, 745] (RO)
10:47:29,700 INFO  [main] portico.lrc: SUCCESS Updated object [2097153], attributes [738, 742, 745] (RO)
10:47:29,749 INFO  [main] portico.lrc: SUCCESS Updated object [2097153], attributes [738, 742, 745] (RO)
10:47:29,800 INFO  [main] portico.lrc: SUCCESS Updated object [2097153], attributes [738, 742, 745] (RO)
10:47:29,850 INFO  [main] portico.lrc: SUCCESS Updated object [2097153], attributes [738, 742, 745] (RO)
10:47:29,899 INFO  [main] portico.lrc: SUCCESS Updated object [2097153], attributes [738, 742, 745] (RO)
10:47:29,950 INFO  [main] portico.lrc: SUCCESS Updated object [2097153], attributes [738, 742, 745] (RO)
10:47:30,000 INFO  [main] portico.lrc: SUCCESS Updated object [2097153], attributes [738, 742, 745] (RO)
10:47:30,049 INFO  [main] portico.lrc: SUCCESS Updated object [2097153], attributes [738, 742, 745] (RO)
10:47:30,099 INFO  [main] portico.lrc: SUCCESS Updated object [2097153], attributes [738, 742, 745] (RO)
10:47:30,149 INFO  [main] portico.lrc: SUCCESS Updated object [2097153], attributes [738, 742, 745] (RO)
10:47:30,200 INFO  [main] portico.lrc: SUCCESS Updated object [2097153], attributes [738, 742, 745] (RO)
10:47:30,250 INFO  [main] portico.lrc: SUCCESS Updated object [2097153], attributes [738, 742, 745] (RO)
10:47:30,299 INFO  [main] portico.lrc: SUCCESS Updated object [2097153], attributes [738, 742, 745] (RO)
10:47:30,349 INFO  [main] portico.lrc: SUCCESS Updated object [2097153], attributes [738, 742, 745] (RO)
10:47:30,399 INFO  [main] portico.lrc: SUCCESS Updated object [2097153], attributes [738, 742, 745] (RO)
10:47:30,450 INFO  [main] portico.lrc: SUCCESS Updated object [2097153], attributes [738, 742, 745] (RO)
10:47:30,500 INFO  [main] portico.lrc: SUCCESS Updated object [2097153], attributes [738, 742, 745] (RO)
10:47:30,550 INFO  [main] portico.lrc: SUCCESS Updated object [2097153], attributes [738, 742, 745] (RO)
10:47:30,600 INFO  [main] portico.lrc: SUCCESS Updated object [2097153], attributes [738, 742, 745] (RO)
10:47:30,650 INFO  [main] portico.lrc: SUCCESS Updated object [2097153], attributes [738, 742, 745] (RO)
10:47:30,699 INFO  [main] portico.lrc: SUCCESS Updated object [2097153], attributes [738, 742, 745] (RO)
10:47:30,753 INFO  [main] portico.lrc: SUCCESS Updated object [2097153], attributes [738, 742, 745] (RO)
10:47:30,799 INFO  [main] portico.lrc: SUCCESS Updated object [2097153], attributes [738, 742, 745] (RO)
10:47:30,852 INFO  [main] portico.lrc: SUCCESS Updated object [2097153], attributes [738, 742, 745] (RO)
10:47:30,899 INFO  [main] portico.lrc: SUCCESS Updated object [2097153], attributes [738, 742, 745] (RO)
10:47:30,949 INFO  [main] portico.lrc: SUCCESS Updated object [2097153], attributes [738, 742, 745] (RO)
10:47:31,000 INFO  [main] portico.lrc: SUCCESS Updated object [2097153], attributes [738, 742, 745] (RO)
10:47:31,049 INFO  [main] portico.lrc: SUCCESS Updated object [2097153], attributes [738, 742, 745] (RO)
10:47:31,099 INFO  [main] portico.lrc: SUCCESS Updated object [2097153], attributes [738, 742, 745] (RO)
10:47:31,149 INFO  [main] portico.lrc: SUCCESS Updated object [2097153], attributes [738, 742, 745] (RO)
10:47:31,200 INFO  [main] portico.lrc: SUCCESS Updated object [2097153], attributes [738, 742, 745] (RO)
10:47:31,249 INFO  [main] portico.lrc: SUCCESS Updated object [2097153], attributes [738, 742, 745] (RO)
10:47:31,299 INFO  [main] portico.lrc: SUCCESS Updated object [2097153], attributes [738, 742, 745] (RO)
10:47:31,351 INFO  [main] portico.lrc: SUCCESS Updated object [2097153], attributes [738, 742, 745] (RO)
10:47:31,400 INFO  [main] portico.lrc: SUCCESS Updated object [2097153], attributes [738, 742, 745] (RO)
10:47:31,450 INFO  [main] portico.lrc: SUCCESS Updated object [2097153], attributes [738, 742, 745] (RO)
10:47:31,501 INFO  [main] portico.lrc: SUCCESS Updated object [2097153], attributes [738, 742, 745] (RO)
10:47:31,549 INFO  [main] portico.lrc: SUCCESS Updated object [2097153], attributes [738, 742, 745] (RO)
10:47:31,600 INFO  [main] portico.lrc: SUCCESS Updated object [2097153], attributes [738, 742, 745] (RO)
10:47:31,650 INFO  [main] portico.lrc: SUCCESS Updated object [2097153], attributes [738, 742, 745] (RO)
10:47:31,700 INFO  [main] portico.lrc: SUCCESS Updated object [2097153], attributes [738, 742, 745] (RO)
10:47:31,751 INFO  [main] portico.lrc: SUCCESS Updated object [2097153], attributes [738, 742, 745] (RO)
10:47:31,800 INFO  [main] portico.lrc: SUCCESS Updated object [2097153], attributes [738, 742, 745] (RO)
10:47:31,849 INFO  [main] portico.lrc: SUCCESS Updated object [2097153], attributes [738, 742, 745] (RO)
10:47:31,901 INFO  [main] portico.lrc: SUCCESS Updated object [2097153], attributes [738, 742, 745] (RO)
10:47:31,950 INFO  [main] portico.lrc: SUCCESS Updated object [2097153], attributes [738, 742, 745] (RO)
10:47:31,999 INFO  [main] portico.lrc: SUCCESS Updated object [2097153], attributes [738, 742, 745] (RO)
10:47:32,049 INFO  [main] portico.lrc: SUCCESS Updated object [2097153], attributes [738, 742, 745] (RO)
10:47:32,103 INFO  [main] portico.lrc: SUCCESS Updated object [2097153], attributes [738, 742, 745] (RO)
10:47:32,149 INFO  [main] portico.lrc: SUCCESS Updated object [2097153], attributes [738, 742, 745] (RO)
10:47:32,200 INFO  [main] portico.lrc: SUCCESS Updated object [2097153], attributes [738, 742, 745] (RO)
10:47:32,252 INFO  [main] portico.lrc: SUCCESS Updated object [2097153], attributes [738, 742, 745] (RO)
10:47:32,304 INFO  [main] portico.lrc: SUCCESS Updated object [2097153], attributes [738, 742, 745] (RO)
10:47:32,350 INFO  [main] portico.lrc: SUCCESS Updated object [2097153], attributes [738, 742, 745] (RO)
10:47:32,400 INFO  [main] portico.lrc: SUCCESS Updated object [2097153], attributes [738, 742, 745] (RO)
10:47:32,450 INFO  [main] portico.lrc: SUCCESS Updated object [2097153], attributes [738, 742, 745] (RO)
10:47:32,499 INFO  [main] portico.lrc: SUCCESS Updated object [2097153], attributes [738, 742, 745] (RO)
10:47:32,549 INFO  [main] portico.lrc: SUCCESS Updated object [2097153], attributes [738, 742, 745] (RO)
10:47:32,600 INFO  [main] portico.lrc: SUCCESS Updated object [2097153], attributes [738, 742, 745] (RO)
10:47:32,649 INFO  [main] portico.lrc: SUCCESS Updated object [2097153], attributes [738, 742, 745] (RO)
10:47:32,699 INFO  [main] portico.lrc: SUCCESS Updated object [2097153], attributes [738, 742, 745] (RO)
10:47:32,749 INFO  [main] portico.lrc: SUCCESS Updated object [2097153], attributes [738, 742, 745] (RO)
10:47:32,799 INFO  [main] portico.lrc: SUCCESS Updated object [2097153], attributes [738, 742, 745] (RO)
10:47:32,849 INFO  [main] portico.lrc: SUCCESS Updated object [2097153], attributes [738, 742, 745] (RO)
10:47:32,899 INFO  [main] portico.lrc: SUCCESS Updated object [2097153], attributes [738, 742, 745] (RO)
10:47:32,949 INFO  [main] portico.lrc: SUCCESS Updated object [2097153], attributes [738, 742, 745] (RO)
10:47:32,999 INFO  [main] portico.lrc: SUCCESS Updated object [2097153], attributes [738, 742, 745] (RO)
10:47:33,049 INFO  [main] portico.lrc: SUCCESS Updated object [2097153], attributes [738, 742, 745] (RO)
10:47:33,100 INFO  [main] portico.lrc: SUCCESS Updated object [2097153], attributes [738, 742, 745] (RO)
10:47:33,150 INFO  [main] portico.lrc: SUCCESS Updated object [2097153], attributes [738, 742, 745] (RO)
10:47:33,200 INFO  [main] portico.lrc: SUCCESS Updated object [2097153], attributes [738, 742, 745] (RO)
10:47:33,250 INFO  [main] portico.lrc: SUCCESS Updated object [2097153], attributes [738, 742, 745] (RO)
10:47:33,299 INFO  [main] portico.lrc: SUCCESS Updated object [2097153], attributes [738, 742, 745] (RO)
10:47:33,349 INFO  [main] portico.lrc: SUCCESS Updated object [2097153], attributes [738, 742, 745] (RO)
10:47:33,399 INFO  [main] portico.lrc: SUCCESS Updated object [2097153], attributes [738, 742, 745] (RO)
10:47:33,449 INFO  [main] portico.lrc: SUCCESS Updated object [2097153], attributes [738, 742, 745] (RO)
10:47:33,501 INFO  [main] portico.lrc: SUCCESS Updated object [2097153], attributes [738, 742, 745] (RO)
10:47:33,549 INFO  [main] portico.lrc: SUCCESS Updated object [2097153], attributes [738, 742, 745] (RO)
10:47:33,599 INFO  [main] portico.lrc: SUCCESS Updated object [2097153], attributes [738, 742, 745] (RO)
10:47:33,649 INFO  [main] portico.lrc: SUCCESS Updated object [2097153], attributes [738, 742, 745] (RO)
10:47:33,699 INFO  [main] portico.lrc: SUCCESS Updated object [2097153], attributes [738, 742, 745] (RO)
10:47:33,749 INFO  [main] portico.lrc: SUCCESS Updated object [2097153], attributes [738, 742, 745] (RO)
10:47:33,799 INFO  [main] portico.lrc: SUCCESS Updated object [2097153], attributes [738, 742, 745] (RO)
10:47:33,849 INFO  [main] portico.lrc: SUCCESS Updated object [2097153], attributes [738, 742, 745] (RO)
10:47:33,899 INFO  [main] portico.lrc: SUCCESS Updated object [2097153], attributes [738, 742, 745] (RO)
10:47:33,950 INFO  [main] portico.lrc: SUCCESS Updated object [2097153], attributes [738, 742, 745] (RO)
10:47:34,000 INFO  [main] portico.lrc: SUCCESS Updated object [2097153], attributes [738, 742, 745] (RO)
10:47:34,049 INFO  [main] portico.lrc: SUCCESS Updated object [2097153], attributes [738, 742, 745] (RO)
10:47:34,099 INFO  [main] portico.lrc: SUCCESS Updated object [2097153], attributes [738, 742, 745] (RO)
10:47:34,149 INFO  [main] portico.lrc: SUCCESS Updated object [2097153], attributes [738, 742, 745] (RO)
10:47:34,199 INFO  [main] portico.lrc: SUCCESS Updated object [2097153], attributes [738, 742, 745] (RO)
10:47:34,249 INFO  [main] portico.lrc: SUCCESS Updated object [2097153], attributes [738, 742, 745] (RO)
10:47:34,299 INFO  [main] portico.lrc: SUCCESS Updated object [2097153], attributes [738, 742, 745] (RO)
10:47:34,349 INFO  [main] portico.lrc: SUCCESS Updated object [2097153], attributes [738, 742, 745] (RO)
10:47:34,399 INFO  [main] portico.lrc: SUCCESS Updated object [2097153], attributes [738, 742, 745] (RO)
10:47:34,449 INFO  [main] portico.lrc: SUCCESS Updated object [2097153], attributes [738, 742, 745] (RO)
10:47:34,499 INFO  [main] portico.lrc: SUCCESS Updated object [2097153], attributes [738, 742, 745] (RO)
10:47:34,549 INFO  [main] portico.lrc: SUCCESS Updated object [2097153], attributes [738, 742, 745] (RO)
10:47:34,599 INFO  [main] portico.lrc: SUCCESS Updated object [2097153], attributes [738, 742, 745] (RO)
10:47:34,649 INFO  [main] portico.lrc: SUCCESS Updated object [2097153], attributes [738, 742, 745] (RO)
10:47:34,699 INFO  [main] portico.lrc: SUCCESS Updated object [2097153], attributes [738, 742, 745] (RO)
10:47:34,749 INFO  [main] portico.lrc: SUCCESS Updated object [2097153], attributes [738, 742, 745] (RO)
10:47:34,799 INFO  [main] portico.lrc: SUCCESS Updated object [2097153], attributes [738, 742, 745] (RO)
10:47:34,849 INFO  [main] portico.lrc: SUCCESS Updated object [2097153], attributes [738, 742, 745] (RO)
10:47:34,899 INFO  [main] portico.lrc: SUCCESS Updated object [2097153], attributes [738, 742, 745] (RO)
10:47:34,949 INFO  [main] portico.lrc: SUCCESS Updated object [2097153], attributes [738, 742, 745] (RO)
10:47:34,999 INFO  [main] portico.lrc: SUCCESS Updated object [2097153], attributes [738, 742, 745] (RO)
10:47:35,049 INFO  [main] portico.lrc: SUCCESS Updated object [2097153], attributes [738, 742, 745] (RO)
10:47:35,099 INFO  [main] portico.lrc: SUCCESS Updated object [2097153], attributes [738, 742, 745] (RO)
10:47:35,149 INFO  [main] portico.lrc: SUCCESS Updated object [2097153], attributes [738, 742, 745] (RO)
10:47:35,200 INFO  [main] portico.lrc: SUCCESS Updated object [2097153], attributes [738, 742, 745] (RO)
10:47:35,249 INFO  [main] portico.lrc: SUCCESS Updated object [2097153], attributes [738, 742, 745] (RO)
10:47:35,301 INFO  [main] portico.lrc: SUCCESS Updated object [2097153], attributes [738, 742, 745] (RO)
10:47:35,349 INFO  [main] portico.lrc: SUCCESS Updated object [2097153], attributes [738, 742, 745] (RO)
10:47:35,399 INFO  [main] portico.lrc: SUCCESS Updated object [2097153], attributes [738, 742, 745] (RO)
10:47:35,449 INFO  [main] portico.lrc: SUCCESS Updated object [2097153], attributes [738, 742, 745] (RO)
10:47:35,500 INFO  [main] portico.lrc: SUCCESS Updated object [2097153], attributes [738, 742, 745] (RO)
10:47:35,549 INFO  [main] portico.lrc: SUCCESS Updated object [2097153], attributes [738, 742, 745] (RO)
10:47:35,599 INFO  [main] portico.lrc: SUCCESS Updated object [2097153], attributes [738, 742, 745] (RO)
10:47:35,649 INFO  [main] portico.lrc: SUCCESS Updated object [2097153], attributes [738, 742, 745] (RO)
10:47:35,699 INFO  [main] portico.lrc: SUCCESS Updated object [2097153], attributes [738, 742, 745] (RO)
10:47:35,749 INFO  [main] portico.lrc: SUCCESS Updated object [2097153], attributes [738, 742, 745] (RO)
10:47:35,799 INFO  [main] portico.lrc: SUCCESS Updated object [2097153], attributes [738, 742, 745] (RO)
10:47:35,849 INFO  [main] portico.lrc: SUCCESS Updated object [2097153], attributes [738, 742, 745] (RO)
10:47:35,899 INFO  [main] portico.lrc: SUCCESS Updated object [2097153], attributes [738, 742, 745] (RO)
10:47:35,949 INFO  [main] portico.lrc: SUCCESS Updated object [2097153], attributes [738, 742, 745] (RO)
10:47:35,999 INFO  [main] portico.lrc: SUCCESS Updated object [2097153], attributes [738, 742, 745] (RO)
10:47:36,049 INFO  [main] portico.lrc: SUCCESS Updated object [2097153], attributes [738, 742, 745] (RO)
10:47:36,099 INFO  [main] portico.lrc: SUCCESS Updated object [2097153], attributes [738, 742, 745] (RO)
10:47:36,149 INFO  [main] portico.lrc: SUCCESS Updated object [2097153], attributes [738, 742, 745] (RO)
10:47:36,199 INFO  [main] portico.lrc: SUCCESS Updated object [2097153], attributes [738, 742, 745] (RO)
10:47:36,249 INFO  [main] portico.lrc: SUCCESS Updated object [2097153], attributes [738, 742, 745] (RO)
10:47:36,299 INFO  [main] portico.lrc: SUCCESS Updated object [2097153], attributes [738, 742, 745] (RO)
10:47:36,349 INFO  [main] portico.lrc: SUCCESS Updated object [2097153], attributes [738, 742, 745] (RO)
10:47:36,399 INFO  [main] portico.lrc: SUCCESS Updated object [2097153], attributes [738, 742, 745] (RO)
10:47:36,449 INFO  [main] portico.lrc: SUCCESS Updated object [2097153], attributes [738, 742, 745] (RO)
10:47:36,499 INFO  [main] portico.lrc: SUCCESS Updated object [2097153], attributes [738, 742, 745] (RO)
10:47:36,549 INFO  [main] portico.lrc: SUCCESS Updated object [2097153], attributes [738, 742, 745] (RO)
10:47:36,601 INFO  [main] portico.lrc: SUCCESS Updated object [2097153], attributes [738, 742, 745] (RO)
10:47:36,649 INFO  [main] portico.lrc: SUCCESS Updated object [2097153], attributes [738, 742, 745] (RO)
10:47:36,699 INFO  [main] portico.lrc: SUCCESS Updated object [2097153], attributes [738, 742, 745] (RO)
10:47:36,749 INFO  [main] portico.lrc: SUCCESS Updated object [2097153], attributes [738, 742, 745] (RO)
10:47:36,799 INFO  [main] portico.lrc: SUCCESS Updated object [2097153], attributes [738, 742, 745] (RO)
10:47:36,849 INFO  [main] portico.lrc: SUCCESS Updated object [2097153], attributes [738, 742, 745] (RO)
10:47:36,900 INFO  [main] portico.lrc: SUCCESS Updated object [2097153], attributes [738, 742, 745] (RO)
10:47:36,949 INFO  [main] portico.lrc: SUCCESS Updated object [2097153], attributes [738, 742, 745] (RO)
10:47:37,000 INFO  [main] portico.lrc: SUCCESS Updated object [2097153], attributes [738, 742, 745] (RO)
10:47:37,049 INFO  [main] portico.lrc: SUCCESS Updated object [2097153], attributes [738, 742, 745] (RO)
10:47:37,101 INFO  [main] portico.lrc: SUCCESS Updated object [2097153], attributes [738, 742, 745] (RO)
10:47:37,149 INFO  [main] portico.lrc: SUCCESS Updated object [2097153], attributes [738, 742, 745] (RO)
10:47:37,200 INFO  [main] portico.lrc: SUCCESS Updated object [2097153], attributes [738, 742, 745] (RO)
10:47:37,249 INFO  [main] portico.lrc: SUCCESS Updated object [2097153], attributes [738, 742, 745] (RO)
10:47:37,300 INFO  [main] portico.lrc: SUCCESS Updated object [2097153], attributes [738, 742, 745] (RO)
10:47:37,350 INFO  [main] portico.lrc: SUCCESS Updated object [2097153], attributes [738, 742, 745] (RO)
10:47:37,402 INFO  [main] portico.lrc: SUCCESS Updated object [2097153], attributes [738, 742, 745] (RO)
10:47:37,450 INFO  [main] portico.lrc: SUCCESS Updated object [2097153], attributes [738, 742, 745] (RO)
10:47:37,500 INFO  [main] portico.lrc: SUCCESS Updated object [2097153], attributes [738, 742, 745] (RO)
10:47:37,551 INFO  [main] portico.lrc: SUCCESS Updated object [2097153], attributes [738, 742, 745] (RO)
10:47:37,601 INFO  [main] portico.lrc: SUCCESS Updated object [2097153], attributes [738, 742, 745] (RO)
10:47:37,649 INFO  [main] portico.lrc: SUCCESS Updated object [2097153], attributes [738, 742, 745] (RO)
10:47:37,700 INFO  [main] portico.lrc: SUCCESS Updated object [2097153], attributes [738, 742, 745] (RO)
10:47:37,752 INFO  [main] portico.lrc: SUCCESS Updated object [2097153], attributes [738, 742, 745] (RO)
10:47:37,799 INFO  [main] portico.lrc: SUCCESS Updated object [2097153], attributes [738, 742, 745] (RO)
10:47:37,849 INFO  [main] portico.lrc: SUCCESS Updated object [2097153], attributes [738, 742, 745] (RO)
10:47:37,901 INFO  [main] portico.lrc: SUCCESS Updated object [2097153], attributes [738, 742, 745] (RO)
10:47:37,950 INFO  [main] portico.lrc: SUCCESS Updated object [2097153], attributes [738, 742, 745] (RO)
10:47:37,999 INFO  [main] portico.lrc: SUCCESS Updated object [2097153], attributes [738, 742, 745] (RO)
10:47:38,049 INFO  [main] portico.lrc: SUCCESS Updated object [2097153], attributes [738, 742, 745] (RO)
10:47:38,100 INFO  [main] portico.lrc: SUCCESS Updated object [2097153], attributes [738, 742, 745] (RO)
10:47:38,150 INFO  [main] portico.lrc: SUCCESS Updated object [2097153], attributes [738, 742, 745] (RO)
10:47:38,200 INFO  [main] portico.lrc: SUCCESS Updated object [2097153], attributes [738, 742, 745] (RO)
10:47:38,253 INFO  [main] portico.lrc: SUCCESS Updated object [2097153], attributes [738, 742, 745] (RO)
10:47:38,301 INFO  [main] portico.lrc: SUCCESS Updated object [2097153], attributes [738, 742, 745] (RO)
10:47:38,351 INFO  [main] portico.lrc: SUCCESS Updated object [2097153], attributes [738, 742, 745] (RO)
10:47:38,400 INFO  [main] portico.lrc: SUCCESS Updated object [2097153], attributes [738, 742, 745] (RO)
10:47:38,451 INFO  [main] portico.lrc: SUCCESS Updated object [2097153], attributes [738, 742, 745] (RO)
10:47:38,502 INFO  [main] portico.lrc: SUCCESS Updated object [2097153], attributes [738, 742, 745] (RO)
10:47:38,550 INFO  [main] portico.lrc: SUCCESS Updated object [2097153], attributes [738, 742, 745] (RO)
10:47:38,600 INFO  [main] portico.lrc: SUCCESS Updated object [2097153], attributes [738, 742, 745] (RO)
10:47:38,650 INFO  [main] portico.lrc: SUCCESS Updated object [2097153], attributes [738, 742, 745] (RO)
10:47:38,701 INFO  [main] portico.lrc: SUCCESS Updated object [2097153], attributes [738, 742, 745] (RO)
10:47:38,750 INFO  [main] portico.lrc: SUCCESS Updated object [2097153], attributes [738, 742, 745] (RO)
10:47:38,801 INFO  [main] portico.lrc: SUCCESS Updated object [2097153], attributes [738, 742, 745] (RO)
10:47:38,850 INFO  [main] portico.lrc: SUCCESS Updated object [2097153], attributes [738, 742, 745] (RO)
10:47:38,903 INFO  [main] portico.lrc: SUCCESS Updated object [2097153], attributes [738, 742, 745] (RO)
10:47:38,949 INFO  [main] portico.lrc: SUCCESS Updated object [2097153], attributes [738, 742, 745] (RO)
10:47:39,004 INFO  [main] portico.lrc: SUCCESS Updated object [2097153], attributes [738, 742, 745] (RO)
10:47:39,049 INFO  [main] portico.lrc: SUCCESS Updated object [2097153], attributes [738, 742, 745] (RO)
10:47:39,099 INFO  [main] portico.lrc: SUCCESS Updated object [2097153], attributes [738, 742, 745] (RO)
10:47:39,150 INFO  [main] portico.lrc: SUCCESS Updated object [2097153], attributes [738, 742, 745] (RO)
10:47:39,200 INFO  [main] portico.lrc: SUCCESS Updated object [2097153], attributes [738, 742, 745] (RO)
10:47:39,249 INFO  [main] portico.lrc: SUCCESS Updated object [2097153], attributes [738, 742, 745] (RO)
10:47:39,299 INFO  [main] portico.lrc: SUCCESS Updated object [2097153], attributes [738, 742, 745] (RO)
10:47:39,350 INFO  [main] portico.lrc: SUCCESS Updated object [2097153], attributes [738, 742, 745] (RO)
10:47:39,403 INFO  [main] portico.lrc: SUCCESS Updated object [2097153], attributes [738, 742, 745] (RO)
10:47:39,450 INFO  [main] portico.lrc: SUCCESS Updated object [2097153], attributes [738, 742, 745] (RO)
10:47:39,502 INFO  [main] portico.lrc: SUCCESS Updated object [2097153], attributes [738, 742, 745] (RO)
10:47:39,549 INFO  [main] portico.lrc: SUCCESS Updated object [2097153], attributes [738, 742, 745] (RO)
